Unique ID,Date of Collection,Collector Name,Source Platform,Source Publication,Original Date,Title/Headline,URL,Search Query Used,Fraud Category,Fraud Subcategory,Narrative Type,TXT File Name,Notes
NA-13177,31-03-2026,Soubhik Sarkar,Medianama,medianama.com,29-08-2025,"FIRs Remain Low Even As Reported Cyber Crimes Rise, Parl Report Says",https://www.medianama.com/2025/08/223-firs-low-cyber-crimes-rise-parl-report/,cyber crime,General Cybercrime / Cyber Fraud Terms,General Cybercrime,VICTIM,NA-13177.txt,Keyword matched: cyber crime
NA-13178,31-03-2026,Soubhik Sarkar,Medianama,medianama.com,21-05-2025,India’s Cyber Crime Centre Rolls Out e-Zero FIR for Cyber Fraud Above Rs 10L: Why This Limit?,https://www.medianama.com/2025/05/223-e-zero-fir-cyber-fraud-rs-10-lakh/,cyber crime,General Cybercrime / Cyber Fraud Terms,General Cybercrime,VICTIM,NA-13178.txt,Keyword matched: cyber crime
NA-13179,31-03-2026,Soubhik Sarkar,Medianama,medianama.com,16-05-2025,India’s Cyber Crime Centre Mandates Social Media Platforms To Use Sahyog Portal For CSAM Reporting,https://www.medianama.com/2025/05/223-social-media-sites-sahyog-portal-report-csam/,cyber crime,General Cybercrime / Cyber Fraud Terms,General Cybercrime,THIRD-PARTY,NA-13179.txt,Keyword matched: cyber crime
NA-13180,31-03-2026,Soubhik Sarkar,Medianama,medianama.com,29-04-2024,Tamil Nadu Cyber Crime Police Issue Advisory Against Use of AI-Based Voice Cloning by Cyber Criminals: Report,https://www.medianama.com/2024/04/223-tamil-nadu-police-cybercrime-advisory-ai-voice-cloning/,cyber crime,General Cybercrime / Cyber Fraud Terms,General Cybercrime,VICTIM,NA-13180.txt,Keyword matched: cyber crime
NA-13181,31-03-2026,Soubhik Sarkar,Medianama,medianama.com,22-04-2024,Ministry of Home Affairs’ Cyber Crime Wing Launches ‘Pratibimb’ for Real-Time Tracking of Cyber Criminals: Report,https://www.medianama.com/2024/04/223-mha-i4c-pratibimb-cybercrime-tracking-software/,cyber crime,General Cybercrime / Cyber Fraud Terms,General Cybercrime,THIRD-PARTY,NA-13181.txt,Keyword matched: cyber crime
NA-13182,31-03-2026,Soubhik Sarkar,Medianama,medianama.com,27-10-2022,983 SIMs deactivated by Haryana police to curb cyber crime in Nuh region,https://www.medianama.com/2022/10/223-983-sims-deactivated-haryana-police-cyber-crime-nuh-region/,cyber crime,General Cybercrime / Cyber Fraud Terms,General Cybercrime,NEAR-MISS,NA-13182.txt,Keyword matched: cyber crime
NA-13183,31-03-2026,Soubhik Sarkar,Medianama,medianama.com,20-10-2022,Indian PM calls for global coordination to tackle cyber crime at Interpol’s 90th General Assembly,https://www.medianama.com/2022/10/223-indian-pm-modi-global-coordination-cyber-crime-interpol/,cyber crime,General Cybercrime / Cyber Fraud Terms,General Cybercrime,THIRD-PARTY,NA-13183.txt,Keyword matched: cyber crime
NA-13184,31-03-2026,Soubhik Sarkar,Medianama,medianama.com,01-09-2022,Tamil Nadu govt floats tender for cyber labs for the Cyber Crime Wing,https://www.medianama.com/2022/09/223-tamil-nadu-tender-cyber-crime-lab-2/,cyber crime,General Cybercrime / Cyber Fraud Terms,General Cybercrime,THIRD-PARTY,NA-13184.txt,Keyword matched: cyber crime
NA-13185,31-03-2026,Soubhik Sarkar,Medianama,medianama.com,30-03-2022,Exclusive: Mumbai Police looks to tackle cyber crimes by profiling social media users and keeping tabs on their “thoughts”,https://www.medianama.com/2022/03/223-exclusive-mumbai-safe-city-project-police-tender/,cyber crime,General Cybercrime / Cyber Fraud Terms,General Cybercrime,VICTIM,NA-13185.txt,Keyword matched: cyber crime
NA-13186,31-03-2026,Soubhik Sarkar,Medianama,medianama.com,29-10-2021,Telangana to come up with a cyber crime law with deliberations currently underway,https://www.medianama.com/2021/10/223-telangana-cyber-crime-law-ongoing/,cyber crime,General Cybercrime / Cyber Fraud Terms,General Cybercrime,THIRD-PARTY,NA-13186.txt,Keyword matched: cyber crime
NA-13187,31-03-2026,Soubhik Sarkar,Medianama,medianama.com,04-10-2021,Cyber Crime division of Hyderabad Police objects to activist’s tweet on ‘hateful content’,https://www.medianama.com/2021/10/223-hyderabad-police-twitter-activist-3/,cyber crime,General Cybercrime / Cyber Fraud Terms,General Cybercrime,THIRD-PARTY,NA-13187.txt,Keyword matched: cyber crime
NA-13188,31-03-2026,Soubhik Sarkar,Medianama,medianama.com,16-09-2021,Rise in cyber crime pushes IRDAI to recommend expanding insurance cover for victims,https://www.medianama.com/2021/09/223-irdai-recommendations-cyber-insurance/,cyber crime,General Cybercrime / Cyber Fraud Terms,General Cybercrime,THIRD-PARTY,NA-13188.txt,Keyword matched: cyber crime
NA-13189,31-03-2026,Soubhik Sarkar,Medianama,medianama.com,24-02-2020,"More than 60,000 cyber crime cases registered between 2016-18: Home Ministry",https://www.medianama.com/2020/02/223-cyber-crimes-india-2016-2018/,cyber crime,General Cybercrime / Cyber Fraud Terms,General Cybercrime,THIRD-PARTY,NA-13189.txt,Keyword matched: cyber crime
NA-13190,31-03-2026,Soubhik Sarkar,Medianama,medianama.com,23-10-2019,Tamil Nadu to set up cyber stations and labs to fight cyber crimes,https://www.medianama.com/2019/10/223-tamil-nadu-to-set-up-cyber-stations-and-labs-to-fight-cyber-crimes/,cyber crime,General Cybercrime / Cyber Fraud Terms,General Cybercrime,THIRD-PARTY,NA-13190.txt,Keyword matched: cyber crime
NA-13191,31-03-2026,Soubhik Sarkar,Medianama,medianama.com,17-01-2018,"Home Ministry advises states to set up cyber crime co-ordination cells, deep monitoring of the web",https://www.medianama.com/2018/01/223-home-ministry-advises-states-set-cyber-crime-co-ordination-cells-deep-monitoring-web-2/,cyber crime,General Cybercrime / Cyber Fraud Terms,General Cybercrime,THIRD-PARTY,NA-13191.txt,Keyword matched: cyber crime
NA-13192,31-03-2026,Soubhik Sarkar,Medianama,medianama.com,21-12-2017,MHA appoints an inter-ministerial body to check cyber crime and phishing,https://www.medianama.com/2017/12/223-mha-appoints-inter-ministerial-body-check-cyber-crime-phishing/,cyber crime,General Cybercrime / Cyber Fraud Terms,General Cybercrime,VICTIM,NA-13192.txt,Keyword matched: cyber crime
NA-13193,31-03-2026,Soubhik Sarkar,Medianama,medianama.com,07-04-2017,"RBI reported 16,468 instances of financial cyber crime in 2015-16",https://www.medianama.com/2017/04/223-rbi-cyber-crime-fraud/,cyber crime,General Cybercrime / Cyber Fraud Terms,General Cybercrime,THIRD-PARTY,NA-13193.txt,Keyword matched: cyber crime
NA-13194,31-03-2026,Soubhik Sarkar,Medianama,medianama.com,20-08-2015,India & United States discuss cyber crime and security in dialogue,https://www.medianama.com/2015/08/223-india-us-cybersecurity-dialogue/,cyber crime,General Cybercrime / Cyber Fraud Terms,General Cybercrime,THIRD-PARTY,NA-13194.txt,Keyword matched: cyber crime
NA-13195,31-03-2026,Soubhik Sarkar,Medianama,medianama.com,20-03-2014,Mumbai cyber crime cell sends takedown request to TwoCircles,https://www.medianama.com/2014/03/223-mumbai-cyber-crime-delete-story-twocircles/,cyber crime,General Cybercrime / Cyber Fraud Terms,General Cybercrime,THIRD-PARTY,NA-13195.txt,Keyword matched: cyber crime
NA-13196,31-03-2026,Soubhik Sarkar,Medianama,medianama.com,20-12-2012,Tamil Nadu Govt To Amend Goondas Act To Include Cyber Crimes,https://www.medianama.com/2012/12/223-tamil-nadu-govt-to-amend-goondas-act-to-include-cyber-crimes/,cyber crime,General Cybercrime / Cyber Fraud Terms,General Cybercrime,THIRD-PARTY,NA-13196.txt,Keyword matched: cyber crime
NA-13197,31-03-2026,Soubhik Sarkar,Medianama,medianama.com,10-12-2012,"1,630 Cyber Crime Arrests in India in 2011; Cyber Security Recommendations",https://www.medianama.com/2012/12/223-1630-cyber-crime-arrests-in-india-in-2011-cyber-security-recommendations/,cyber crime,General Cybercrime / Cyber Fraud Terms,General Cybercrime,THIRD-PARTY,NA-13197.txt,Keyword matched: cyber crime
NA-13198,31-03-2026,Soubhik Sarkar,Medianama,medianama.com,28-03-2012,"Cyber Crime Update: 799 Arrested in 2010, Delhi Reported Highest Number of Cyber Crimes",https://www.medianama.com/2012/03/223-cyber-crime-update-799-arrested-in-2010-delhi-reported-highest-number-of-cyber-crimes/,cyber crime,General Cybercrime / Cyber Fraud Terms,General Cybercrime,THIRD-PARTY,NA-13198.txt,Keyword matched: cyber crime
NA-13199,31-03-2026,Soubhik Sarkar,Medianama,medianama.com,01-12-2011,"PIB Digest: Cyber Crime Cases, Unsolicited Communication, BlackBerry Interception",https://www.medianama.com/2011/12/223-pib-digest-cyber-crime-cases-unsolicited-communication-blackberry-interception-3/,cyber crime,General Cybercrime / Cyber Fraud Terms,General Cybercrime,THIRD-PARTY,NA-13199.txt,Keyword matched: cyber crime
NA-13200,31-03-2026,Soubhik Sarkar,Medianama,medianama.com,04-08-2011,RBI: Identity Theft Is A Growing Cyber Crime; Digital Medium Is Challenging,https://www.medianama.com/2011/08/223-rbi-identity-theft-is-a-growing-cyber-crime-second-factor-authentication-needed-in-offline-transactions-3/,cyber crime,General Cybercrime / Cyber Fraud Terms,General Cybercrime,THIRD-PARTY,NA-13200.txt,Keyword matched: cyber crime
NA-13201,31-03-2026,Soubhik Sarkar,Medianama,medianama.com,25-03-2026,"Lowdown: Parliamentary panel recommends mandatory KYC for social media, dating, gaming apps and a new cybercrime law",https://www.medianama.com/2026/03/223-lowdown-parliamentary-panel-recommends-mandatory-kyc-social-media-dating-gaming-apps-cybercrime-law/,cyber crime,General Cybercrime / Cyber Fraud Terms,General Cybercrime,THIRD-PARTY,NA-13201.txt,Keyword matched: cyber crime
NA-13202,31-03-2026,Soubhik Sarkar,Medianama,medianama.com,28-10-2025,72 Nations Sign UN’s First Cybercrime Treaty; India Abstains Amid Privacy Concerns,https://www.medianama.com/2025/10/223-72-nations-un-first-cybercrime-treaty-india-abstains-privacy/,cyber crime,General Cybercrime / Cyber Fraud Terms,General Cybercrime,THIRD-PARTY,NA-13202.txt,Keyword matched: cyber crime
NA-13203,31-03-2026,Soubhik Sarkar,Medianama,medianama.com,24-09-2025,"Karnataka HC Dismisses X’s Petition Against the Sahyog Portal, Calls It a Tool to Tackle Cybercrime",https://www.medianama.com/2025/09/223-karnataka-hc-dismisses-x-plea-sahyog-portal/,cyber crime,General Cybercrime / Cyber Fraud Terms,General Cybercrime,THIRD-PARTY,NA-13203.txt,Keyword matched: cyber crime
NA-13204,31-03-2026,Soubhik Sarkar,Medianama,medianama.com,03-09-2025,"Guide: Parliamentary Panel’s 254th Report on Cybercrime – Ramifications, Protection, and Prevention",https://www.medianama.com/2025/09/223-guide-parliamentary-panels-254th-report-cybercrime-india/,cyber crime,General Cybercrime / Cyber Fraud Terms,General Cybercrime,THIRD-PARTY,NA-13204.txt,Keyword matched: cyber crime
NA-13205,31-03-2026,Soubhik Sarkar,Medianama,medianama.com,29-08-2025,Parliamentary Panel’s Cybercrime Report Faces Dissent Over Free Speech and Regulatory Overreach,https://www.medianama.com/2025/08/223-cybercrime-law-dissent-free-speech-federalism/,cyber crime,General Cybercrime / Cyber Fraud Terms,General Cybercrime,THIRD-PARTY,NA-13205.txt,Keyword matched: cyber crime
NA-13206,31-03-2026,Soubhik Sarkar,Medianama,medianama.com,27-08-2025,Empower CBI to Investigate Cybercrime Without State Consent: Parliamentary Committee,https://www.medianama.com/2025/08/223-parliament-panel-cbi-cybercrime-probe-state-consent-issues/,cyber crime,General Cybercrime / Cyber Fraud Terms,General Cybercrime,THIRD-PARTY,NA-13206.txt,Keyword matched: cyber crime
NA-13207,31-03-2026,Soubhik Sarkar,Medianama,medianama.com,01-08-2025,"India’s Cybercrime Cases Surge by 500% Since 2021, Government Struggles to Catch Up",https://www.medianama.com/2025/08/223-india-cybercrime-500-percent-increase-2021-2024/,cyber crime,General Cybercrime / Cyber Fraud Terms,General Cybercrime,VICTIM,NA-13207.txt,Keyword matched: cyber crime
NA-13208,31-03-2026,Soubhik Sarkar,Medianama,medianama.com,05-05-2025,Nagpur Fuel Stations Halt Digital Payments After Bank Account Freeze ‘Cybercrime Orders’,https://www.medianama.com/2025/05/223-nagpur-fuel-stations-digital-payments-bank-account-freezes-cybercrime-orders/,cyber crime,General Cybercrime / Cyber Fraud Terms,General Cybercrime,THIRD-PARTY,NA-13208.txt,Keyword matched: cyber crime
NA-13209,31-03-2026,Soubhik Sarkar,Medianama,medianama.com,28-04-2025,Indian Cybercrime Body 14C to Share Data With ED to Curb Cyberfraud,https://www.medianama.com/2025/04/223-indian-cybercrime-body-14c-share-data-ed-cyberfraud/,cyber crime,General Cybercrime / Cyber Fraud Terms,General Cybercrime,THIRD-PARTY,NA-13209.txt,Keyword matched: cyber crime
NA-13210,31-03-2026,Soubhik Sarkar,Medianama,medianama.com,08-04-2025,First Indian Digital Threat Report Reveals AI Is Reshaping Cybercrime in BFSI,https://www.medianama.com/2025/04/223-first-indian-digital-threat-report-ai-reshaping-cybercrime-bfsi/,cyber crime,General Cybercrime / Cyber Fraud Terms,General Cybercrime,VICTIM,NA-13210.txt,Keyword matched: cyber crime
NA-13211,31-03-2026,Soubhik Sarkar,Medianama,medianama.com,25-03-2025,Funding for Women-Focused Cybercrime Scheme Drops 89% Amid Rising Online Abuse,https://www.medianama.com/2025/03/223-funding-for-women-focused-cybercrime-scheme-drops-89/,cyber crime,General Cybercrime / Cyber Fraud Terms,General Cybercrime,VICTIM,NA-13211.txt,Keyword matched: cyber crime
NA-13212,31-03-2026,Soubhik Sarkar,Medianama,medianama.com,25-02-2025,"WhatsApp Complies With All GAC Orders, Bans 9 Million Accounts Amid Rising Cybercrime Concerns",https://www.medianama.com/2025/02/223-whatsapp-complies-with-all-gac-orders-bans-9-million-accounts-amid-rising-cybercrime-concerns/,cyber crime,General Cybercrime / Cyber Fraud Terms,General Cybercrime,THIRD-PARTY,NA-13212.txt,Keyword matched: cyber crime
NA-13213,31-03-2026,Soubhik Sarkar,Medianama,medianama.com,02-01-2025,"MHA Report: Most Cybercrimes on WhatsApp, 43,797 Complaints Between January-March 2024",https://www.medianama.com/2025/01/223-whatsapp-over-43000-cybercrime-complaints-january-march-2024/,cyber crime,General Cybercrime / Cyber Fraud Terms,General Cybercrime,THIRD-PARTY,NA-13213.txt,Keyword matched: cyber crime
NA-13214,31-03-2026,Soubhik Sarkar,Medianama,medianama.com,30-09-2024,"Govt Clarifies Ministry Roles on Telecom Security, Cybersecurity, and Cybercrime",https://www.medianama.com/2024/09/223-government-business-allocation-rules-telecom-security-cybercrime/,cyber crime,General Cybercrime / Cyber Fraud Terms,General Cybercrime,THIRD-PARTY,NA-13214.txt,Keyword matched: cyber crime
NA-13215,31-03-2026,Soubhik Sarkar,Medianama,medianama.com,10-09-2024,India launches Central Cybercrime Registry to strengthen fraud prevention and national cybersecurity,https://www.medianama.com/2024/09/223-india-launches-central-cybercrime-registry-to-strengthen-fraud-prevention-and-national-cybersecurity/,cyber crime,General Cybercrime / Cyber Fraud Terms,General Cybercrime,THIRD-PARTY,NA-13215.txt,Keyword matched: cyber crime
NA-13216,31-03-2026,Soubhik Sarkar,Medianama,medianama.com,20-08-2024,UN Adopts Convention on Cybercrime: What It Means for Member States,https://www.medianama.com/2024/08/223-un-ad-hoc-committee-convention-cybercrime-what-it-means/,cyber crime,General Cybercrime / Cyber Fraud Terms,General Cybercrime,VICTIM,NA-13216.txt,Keyword matched: cyber crime
NA-13217,31-03-2026,Soubhik Sarkar,Medianama,medianama.com,25-07-2024,Rajya Sabha MP C. Ve. Shanmugam Raises Alarm Over Rising Cybercrimes via Fake Websites,https://www.medianama.com/2024/07/223-rajya-sabha-mp-shanmugam-alarm-fake-websites/,cyber crime,General Cybercrime / Cyber Fraud Terms,General Cybercrime,NEAR-MISS,NA-13217.txt,Keyword matched: cyber crime
NA-13218,31-03-2026,Soubhik Sarkar,Medianama,medianama.com,24-06-2024,India calls for global anti-terrorism treaties to be applied to the cybercrimes at UN Security Council,https://www.medianama.com/2024/06/223-india-anti-terrorism-treaties-cybercrimes-un-security-council/,cyber crime,General Cybercrime / Cyber Fraud Terms,General Cybercrime,VICTIM,NA-13218.txt,Keyword matched: cyber crime
NA-13219,31-03-2026,Soubhik Sarkar,Medianama,medianama.com,18-06-2024,Telecom Department Disconnects 392 Mobile Handsets For Involvement in Cybercrime,https://www.medianama.com/2024/06/223-dot-blocks-392-mobile-handsets-for-cybercrime/,cyber crime,General Cybercrime / Cyber Fraud Terms,General Cybercrime,VICTIM,NA-13219.txt,Keyword matched: cyber crime
NA-13220,31-03-2026,Soubhik Sarkar,Medianama,medianama.com,05-03-2024,Communication Ministry launches Digital Intelligence Platform for collaborative action against cybercrime,https://www.medianama.com/2024/03/223-communication-ministry-digital-intelligence-platform-cybercrime/,cyber crime,General Cybercrime / Cyber Fraud Terms,General Cybercrime,THIRD-PARTY,NA-13220.txt,Keyword matched: cyber crime
NA-13221,31-03-2026,Soubhik Sarkar,Medianama,medianama.com,04-03-2024,India proposes using 24/7 global network to combat phishing for UN Draft Treaty On Preventing International Cybercrime,https://www.medianama.com/2024/03/223-india-global-network-phishing-un-cybercrime/,cyber crime,General Cybercrime / Cyber Fraud Terms,General Cybercrime,VICTIM,NA-13221.txt,Keyword matched: cyber crime
NA-13222,31-03-2026,Soubhik Sarkar,Medianama,medianama.com,25-01-2024,6 Concerns Raised by NGOs On the UN Draft Treaty On Preventing International Cybercrime,https://www.medianama.com/2024/01/223-ngos-concerns-un-draft-cybercrime-treaty/,cyber crime,General Cybercrime / Cyber Fraud Terms,General Cybercrime,VICTIM,NA-13222.txt,Keyword matched: cyber crime
NA-13223,31-03-2026,Soubhik Sarkar,Medianama,medianama.com,05-01-2024,Aadhaar-enabled Payment System Frauds Contributed to 11% of Financial Cybercrimes: I4C Data,https://www.medianama.com/2024/01/223-aadhaar-enabled-payment-system-aeps-financial-frauds-i4c-data/,cyber crime,General Cybercrime / Cyber Fraud Terms,General Cybercrime,VICTIM,NA-13223.txt,Keyword matched: cyber crime
NA-13224,31-03-2026,Soubhik Sarkar,Medianama,medianama.com,05-01-2024,G20 website saw 1.6 million cyberattacks per minute during the summit: Indian Cybercrime Coordination Centre CEO,https://www.medianama.com/2024/01/223-g20-website-cyberattacks-indian-cybercrime-coordination-centre/,cyber crime,General Cybercrime / Cyber Fraud Terms,General Cybercrime,VICTIM,NA-13224.txt,Keyword matched: cyber crime
NA-13225,31-03-2026,Soubhik Sarkar,Medianama,medianama.com,20-10-2023,"Central Bureau of Investigation, Microsoft, Amazon join hands for nation-wide crackdown on cybercrime",https://www.medianama.com/2023/10/223-cbi-microsoft-amazon-nationwide-call-centre-scam-operations/,cyber crime,General Cybercrime / Cyber Fraud Terms,General Cybercrime,VICTIM,NA-13225.txt,Keyword matched: cyber crime
NA-13226,31-03-2026,Soubhik Sarkar,Medianama,medianama.com,19-09-2023,14 cybercrime hotspots detected in West Bengal alone: Future Crime Research Foundation report,https://www.medianama.com/2023/09/223-14-cybercrime-hotspots-west-bengal-crfc/,cyber crime,General Cybercrime / Cyber Fraud Terms,General Cybercrime,THIRD-PARTY,NA-13226.txt,Keyword matched: cyber crime
NA-13227,31-03-2026,Soubhik Sarkar,Medianama,medianama.com,18-09-2023,International Criminal Court will now prosecute cyberwar crimes: ICC lead prosecutor,https://www.medianama.com/2023/09/223-icc-to-prosecute-cyber-crimes-lead-prosecutor/,cyber crime,General Cybercrime / Cyber Fraud Terms,General Cybercrime,THIRD-PARTY,NA-13227.txt,Keyword matched: cyber crime
NA-13228,31-03-2026,Soubhik Sarkar,Medianama,medianama.com,20-07-2023,Why curbing crypto-enabled cybercrime needs international cooperation: G20 cybersecurity summit,https://www.medianama.com/2023/07/223-crypto-cybercrime-international-cooperation-g20-cybersecurity-summit-2/,cyber crime,General Cybercrime / Cyber Fraud Terms,General Cybercrime,THIRD-PARTY,NA-13228.txt,Keyword matched: cyber crime
NA-13229,31-03-2026,Soubhik Sarkar,Medianama,medianama.com,29-05-2023,What does the wish-list of cybercrime experts and stakeholders for the Digital India Act entail? #NAMA,https://www.medianama.com/2023/05/223-digital-india-act-wish-list-cybercrime-experts-and-stakeholders/,cyber crime,General Cybercrime / Cyber Fraud Terms,General Cybercrime,NEAR-MISS,NA-13229.txt,Keyword matched: cyber crime
NA-13230,31-03-2026,Soubhik Sarkar,Medianama,medianama.com,25-05-2023,What are India’s focus areas in its proposals at the UN Cybercrime Convention? #NAMA,https://www.medianama.com/2023/05/223-indias-focus-areas-un-cybercrime-convention/,cyber crime,General Cybercrime / Cyber Fraud Terms,General Cybercrime,THIRD-PARTY,NA-13230.txt,Keyword matched: cyber crime
NA-13231,31-03-2026,Soubhik Sarkar,Medianama,medianama.com,02-03-2023,Gov Declines Info On Why India Removed A Section 66A-Like Clause from Global Cybercrime Treaty: RTI,https://www.medianama.com/2023/03/223-rti-gov-decline-info-remove-section-66a-clause-treaty/,cyber crime,General Cybercrime / Cyber Fraud Terms,General Cybercrime,THIRD-PARTY,NA-13231.txt,Keyword matched: cyber crime
NA-13232,31-03-2026,Soubhik Sarkar,Medianama,medianama.com,24-01-2023,Here’s why you should be happy about India withdrawing its cybercrime proposal at the UN,https://www.medianama.com/2023/01/223-india-withdraw-cybercrime-proposal-un/,cyber crime,General Cybercrime / Cyber Fraud Terms,General Cybercrime,THIRD-PARTY,NA-13232.txt,Keyword matched: cyber crime
NA-13233,31-03-2026,Soubhik Sarkar,Medianama,medianama.com,15-12-2022,"Hyderabad: Cybercrime police raids Congress’ poll office, seizes laptops and mobile phones",https://www.medianama.com/2022/12/223-hyderabad-cybercrime-raid-congress-office-seizes/,cyber crime,General Cybercrime / Cyber Fraud Terms,General Cybercrime,THIRD-PARTY,NA-13233.txt,Keyword matched: cyber crime
NA-13234,31-03-2026,Soubhik Sarkar,Medianama,medianama.com,09-11-2022,UPI frauds made bulk of the overall cybercrime complaints in Q2 2022: Report,https://www.medianama.com/2022/11/223-upi-fraud-cybercrime-complaints-report/,cyber crime,General Cybercrime / Cyber Fraud Terms,General Cybercrime,THIRD-PARTY,NA-13234.txt,Keyword matched: cyber crime
NA-13235,31-03-2026,Soubhik Sarkar,Medianama,medianama.com,12-07-2022,"KYC, OTP and PIN theft, the biggest trends in financial cyber-crime: Report",https://www.medianama.com/2022/07/223-dialogue-report-phishing-cybercrime-fraud-india/,cyber crime,General Cybercrime / Cyber Fraud Terms,General Cybercrime,VICTIM,NA-13235.txt,Keyword matched: cyber crime
NA-13236,31-03-2026,Soubhik Sarkar,Medianama,medianama.com,10-06-2022,‘Grossly Offensive Speech’: IT Act’s Struck Down Section 66A Reappears in India’s Cybercrime Proposal at U.N.,https://www.medianama.com/2022/06/223-india-66a-it-act-supreme-court-united-nations/,cyber crime,General Cybercrime / Cyber Fraud Terms,General Cybercrime,THIRD-PARTY,NA-13236.txt,Keyword matched: cyber crime
NA-13237,31-03-2026,Soubhik Sarkar,Medianama,medianama.com,21-02-2022,Brazil joins the Convention on Cybercrime: How will it impact other BRICS countries?,https://www.medianama.com/2022/02/223-brazil-budapest-convention-cybercrime-impact-brics/,cyber crime,General Cybercrime / Cyber Fraud Terms,General Cybercrime,THIRD-PARTY,NA-13237.txt,Keyword matched: cyber crime
NA-13238,31-03-2026,Soubhik Sarkar,Medianama,medianama.com,19-01-2022,"Europol shuts down VPNLab.net, says service aided ransomware and other cybercrime activites",https://www.medianama.com/2022/01/223-europol-shuts-down-vpnlab-net/,cyber crime,General Cybercrime / Cyber Fraud Terms,General Cybercrime,VICTIM,NA-13238.txt,Keyword matched: cyber crime
NA-13239,31-03-2026,Soubhik Sarkar,Medianama,medianama.com,17-09-2021,What NCRB’s 2020 report says about cybercrime in India,https://www.medianama.com/2021/09/223-ncrb-cybercrime-report-2020/,cyber crime,General Cybercrime / Cyber Fraud Terms,General Cybercrime,NEAR-MISS,NA-13239.txt,Keyword matched: cyber crime
NA-13240,31-03-2026,Soubhik Sarkar,Medianama,medianama.com,13-03-2020,223 cybercrime cases registered with Delhi Police between 2016-19: RTI,https://www.medianama.com/2020/03/223-cybercrime-cases-registered-delhi-police/,cyber crime,General Cybercrime / Cyber Fraud Terms,General Cybercrime,NEAR-MISS,NA-13240.txt,Keyword matched: cyber crime
NA-13241,31-03-2026,Soubhik Sarkar,Medianama,medianama.com,25-10-2019,"Cybercrime cases double in 2017, 56% cybercrime cases for fraud motive: NCRB 2017 Report",https://www.medianama.com/2019/10/223-cybercrime-ncrb-2017/,cyber crime,General Cybercrime / Cyber Fraud Terms,General Cybercrime,NEAR-MISS,NA-13241.txt,Keyword matched: cyber crime
NA-13242,31-03-2026,Soubhik Sarkar,Medianama,medianama.com,04-10-2018,Infosys Foundation and DSCI to set up Bangalore cybercrime centre,https://www.medianama.com/2018/10/223-infosys-foundation-dsci-cybercrime-centre-bangalore-4/,cyber crime,General Cybercrime / Cyber Fraud Terms,General Cybercrime,THIRD-PARTY,NA-13242.txt,Keyword matched: cyber crime
NA-13243,31-03-2026,Soubhik Sarkar,Medianama,medianama.com,31-03-2017,Law enforcement initiatives towards tackling cybercrime in India,https://www.medianama.com/2017/03/223-cybercrime-law-enforcement/,cyber crime,General Cybercrime / Cyber Fraud Terms,General Cybercrime,VICTIM,NA-13243.txt,Keyword matched: cyber crime
NA-13244,31-03-2026,Soubhik Sarkar,Medianama,medianama.com,01-12-2014,Indian Government agency received almost 100k cybercrime complaints till September 2014,https://www.medianama.com/2014/12/223-cybercrime-india-2014/,cyber crime,General Cybercrime / Cyber Fraud Terms,General Cybercrime,THIRD-PARTY,NA-13244.txt,Keyword matched: cyber crime
NA-13245,31-03-2026,Soubhik Sarkar,Medianama,medianama.com,26-03-2026,"Kerala Cyber Police serves X notice, registers FIR over AI deepfake of PM and ECI",https://www.medianama.com/2026/03/223-kerala-cyber-police-serves-x-notice-registers-fir-ai-deepfake-pm-eci/,cyber crime,General Cybercrime / Cyber Fraud Terms,General Cybercrime,THIRD-PARTY,NA-13245.txt,Keyword matched: cyber crime
NA-13246,31-03-2026,Soubhik Sarkar,Medianama,medianama.com,08-01-2026,What the US Withdrawal From Global Forums Means for Cyber and Digital Governance,https://www.medianama.com/2026/01/223-us-withdrawal-global-digital-forums/,cyber crime,General Cybercrime / Cyber Fraud Terms,General Cybercrime,THIRD-PARTY,NA-13246.txt,Keyword matched: cyber crime
NA-13247,31-03-2026,Soubhik Sarkar,Medianama,medianama.com,04-12-2025,"Home Ministry’s Samanvaya Portal’s ‘Suspect Registry’ Maps Cybercriminals, Raising Privacy and Bias-related concerns.",https://www.medianama.com/2025/12/223-samanvaya-portal-tracks-1-8m-suspects-raises-privacy-concerns/,cyber crime,General Cybercrime / Cyber Fraud Terms,General Cybercrime,THIRD-PARTY,NA-13247.txt,Keyword matched: cyber crime
NA-13248,31-03-2026,Soubhik Sarkar,Medianama,medianama.com,25-11-2025,ED Seizes Rs 8.46 Cr in Crypto-Linked Cyber Fraud Case on Bogus E-Commerce Platforms,https://www.medianama.com/2025/11/223-ed-rs-8-46-cr-crypto-cyber-fraud-ecommerce-platforms/,cyber crime,General Cybercrime / Cyber Fraud Terms,General Cybercrime,VICTIM,NA-13248.txt,Keyword matched: cyber crime
NA-13249,31-03-2026,Soubhik Sarkar,Medianama,medianama.com,15-11-2025,Punjab & Haryana HC Says Cyber Fraud Offences Damage Public Trust And Cannot Be Quashed By Settlements,https://www.medianama.com/2025/11/223-punjab-haryana-hc-cyber-fraud-cases-cannot-be-quashed/,cyber crime,General Cybercrime / Cyber Fraud Terms,General Cybercrime,VICTIM,NA-13249.txt,Keyword matched: cyber crime
NA-13250,31-03-2026,Soubhik Sarkar,Medianama,medianama.com,19-09-2025,Cybersecurity Audits Become Mandatory For Virtual Digital Asset Providers In India,https://www.medianama.com/2025/09/223-cybersecurity-audits-virtual-digital-asset-providers-india/,cyber crime,General Cybercrime / Cyber Fraud Terms,General Cybercrime,NEAR-MISS,NA-13250.txt,Keyword matched: cyber crime
NA-13251,31-03-2026,Soubhik Sarkar,Medianama,medianama.com,03-09-2025,What Does AI-Assisted Hacking Mean For Cybersecurity?,https://www.medianama.com/2025/09/223-ai-assisted-hacking-cybersecurity/,cyber crime,General Cybercrime / Cyber Fraud Terms,General Cybercrime,VICTIM,NA-13251.txt,Keyword matched: cyber crime
NA-13252,31-03-2026,Soubhik Sarkar,Medianama,medianama.com,27-03-2026,"Cloudflare’s legal chief on internet fragmentation, VPNs, and the limits of state control",https://www.medianama.com/2026/03/223-cloudflare-legal-chief-internet-fragmentation-vpn-regulation/,cybercrime,General Cybercrime / Cyber Fraud Terms,General Cybercrime,NEAR-MISS,NA-13252.txt,Keyword matched: cybercrime
NA-13253,31-03-2026,Soubhik Sarkar,Medianama,medianama.com,27-03-2026,"Online Gaming Authority of India website live, appears to be under construction, as rules still not notified",https://www.medianama.com/2026/03/223-online-gaming-authority-india-website-live-incomplete-rules-pending/,cybercrime,General Cybercrime / Cyber Fraud Terms,General Cybercrime,THIRD-PARTY,NA-13253.txt,Keyword matched: cybercrime
NA-13254,31-03-2026,Soubhik Sarkar,Medianama,medianama.com,26-03-2026,Karnataka drafted student digital policy without consulting IT Ministry and tech companies,https://www.medianama.com/2026/03/223-karnataka-digital-use-policy-students/,cybercrime,General Cybercrime / Cyber Fraud Terms,General Cybercrime,THIRD-PARTY,NA-13254.txt,Keyword matched: cybercrime
NA-13255,31-03-2026,Soubhik Sarkar,Medianama,medianama.com,11-03-2026,"YouTube Expands AI Deepfake Detection For Politicians, Government Officials, And Journalists",https://www.medianama.com/2026/03/223-youtube-expands-ai-deepfake-detection-politicians-government-officials-journalists/,cybercrime,General Cybercrime / Cyber Fraud Terms,General Cybercrime,THIRD-PARTY,NA-13255.txt,Keyword matched: cybercrime
NA-13256,31-03-2026,Soubhik Sarkar,Medianama,medianama.com,05-03-2026,"AI’s Push for the ‘Greater Good’ Is Stress-Testing Privacy Law, Future of Privacy CEO",https://www.medianama.com/2026/03/223-ai-is-stress-testing-privacy-law-future-of-privacy-ceo/,cybercrime,General Cybercrime / Cyber Fraud Terms,General Cybercrime,NEAR-MISS,NA-13256.txt,Keyword matched: cybercrime
NA-13257,31-03-2026,Soubhik Sarkar,Medianama,medianama.com,03-03-2026,Are LLMs Illegal Under GDPR? Future of Privacy Forum CEO on AI Scraping and Erasure Right,https://www.medianama.com/2026/03/223-ceo-future-of-privacy-forum-ai-scraping-erasure/,cybercrime,General Cybercrime / Cyber Fraud Terms,General Cybercrime,THIRD-PARTY,NA-13257.txt,Keyword matched: cybercrime
NA-13258,31-03-2026,Soubhik Sarkar,Medianama,medianama.com,25-02-2026,WhatsApp Appears to Be Developing SIM-Binding Feature Following Govt. Directive,https://www.medianama.com/2026/02/223-whatsapp-dot-sim-binding-under-development/,cybercrime,General Cybercrime / Cyber Fraud Terms,General Cybercrime,THIRD-PARTY,NA-13258.txt,Keyword matched: cybercrime
NA-13259,31-03-2026,Soubhik Sarkar,Medianama,medianama.com,18-02-2026,Experts at India AI Impact Summit Says No AI Model Can Reliably Detect Deepfakes Yet,https://www.medianama.com/2026/02/223-ai-enabled-cybercrime-india-deepfake-threat/,cybercrime,General Cybercrime / Cyber Fraud Terms,General Cybercrime,THIRD-PARTY,NA-13259.txt,Keyword matched: cybercrime
NA-13260,31-03-2026,Soubhik Sarkar,Medianama,medianama.com,11-02-2026,Home Affairs Ministry Submits Report To Apex Court On SOP For Tackling Digital Arrests,https://www.medianama.com/2026/02/223-home-affairs-ministry-report-apex-court-sop-digital-arrests/,cybercrime,General Cybercrime / Cyber Fraud Terms,General Cybercrime,VICTIM,NA-13260.txt,Keyword matched: cybercrime
NA-13261,31-03-2026,Soubhik Sarkar,Medianama,medianama.com,11-02-2026,"Amit Shah Says 62 Banks Have Onboarded I4C Portal, Plan To Cover All Banks By End Of 2026",https://www.medianama.com/2026/02/223-i4c-portal-banks-onboarded-amit-shah-mulehunter-ai/,cybercrime,General Cybercrime / Cyber Fraud Terms,General Cybercrime,VICTIM,NA-13261.txt,Keyword matched: cybercrime
NA-13262,31-03-2026,Soubhik Sarkar,Medianama,medianama.com,10-02-2026,"Digital Arrest Scams: SC Wants Banks To Spot & Stop Suspicious Transactions, Alert Customers",https://www.medianama.com/2026/02/223-digital-arrest-scams-sc-banks-suspicious-transactions-alert/,cybercrime,General Cybercrime / Cyber Fraud Terms,General Cybercrime,VICTIM,NA-13262.txt,Keyword matched: cybercrime
NA-13263,31-03-2026,Soubhik Sarkar,Medianama,medianama.com,09-02-2026,"X Can’t Use Safe Harbour Exemption To Refuse Sahyog Portal Onboarding, Delhi HC Observes",https://www.medianama.com/2026/02/223-x-safe-harbour-exemption-sahyog-portal-delhi-hc/,cybercrime,General Cybercrime / Cyber Fraud Terms,General Cybercrime,THIRD-PARTY,NA-13263.txt,Keyword matched: cybercrime
NA-13264,31-03-2026,Soubhik Sarkar,Medianama,medianama.com,04-02-2026,"Despite “Technological Measures”, Grok’s X Account Is Still Undressing Women On The Platform",https://www.medianama.com/2026/02/223-grok-x-account-undressing-women/,cybercrime,General Cybercrime / Cyber Fraud Terms,General Cybercrime,THIRD-PARTY,NA-13264.txt,Keyword matched: cybercrime
NA-13265,31-03-2026,Soubhik Sarkar,Medianama,medianama.com,12-01-2026,Govt Confirms Talks With Smartphone Makers After Reuters Report on Sharing Source Code Access,https://www.medianama.com/2026/01/223-indian-govt-smartphone-source-code-sharing-plan/,cybercrime,General Cybercrime / Cyber Fraud Terms,General Cybercrime,THIRD-PARTY,NA-13265.txt,Keyword matched: cybercrime
NA-13266,31-03-2026,Soubhik Sarkar,Medianama,medianama.com,08-01-2026,"Karnataka HC Asks Centre to Consider QR Codes, APIs to Prevent Bank Guarantees Fraud",https://www.medianama.com/2026/01/223-karnataka-hc-centre-qr-codes-api-bank-guarantees-fraud/,cybercrime,General Cybercrime / Cyber Fraud Terms,General Cybercrime,VICTIM,NA-13266.txt,Keyword matched: cybercrime
NA-13267,31-03-2026,Soubhik Sarkar,Medianama,medianama.com,22-12-2025,Video: Why Takedown of non consensual intimate images Aren’t Enough: RATI Foundation on Online Sexual Harm in India,https://www.medianama.com/2025/12/223-video-siddharth-pillai-non-consensual-intimate-images-isnt-enough/,cybercrime,General Cybercrime / Cyber Fraud Terms,General Cybercrime,VICTIM,NA-13267.txt,Keyword matched: cybercrime
NA-13268,31-03-2026,Soubhik Sarkar,Medianama,medianama.com,19-12-2025,"Private Member’s AI Ethics Bill Seeks to Curb Algorithmic Bias, Ignores Copyright & Data Ownership Issues",https://www.medianama.com/2025/12/223-private-members-ai-ethics-bill-algorithmic-bias-copyright-data-ownership/,cybercrime,General Cybercrime / Cyber Fraud Terms,General Cybercrime,THIRD-PARTY,NA-13268.txt,Keyword matched: cybercrime
NA-13269,31-03-2026,Soubhik Sarkar,Medianama,medianama.com,19-12-2025,"Event Report: Impact of SIM Binding on Social Media, December 12, #NAMA",https://www.medianama.com/2025/12/223-event-report-impact-of-sim-binding-on-social-media/,cybercrime,General Cybercrime / Cyber Fraud Terms,General Cybercrime,THIRD-PARTY,NA-13269.txt,Keyword matched: cybercrime
NA-13270,31-03-2026,Soubhik Sarkar,Medianama,medianama.com,18-12-2025,Why Not Bumble and Tinder? Unpacking The Vagueness and Broad Scope of DoT’s SIM Binding Mandate #NAMA,https://www.medianama.com/2025/12/223-bumble-tinder-vagueness-broad-scope-dots-sim-binding/,cybercrime,General Cybercrime / Cyber Fraud Terms,General Cybercrime,NEAR-MISS,NA-13270.txt,Keyword matched: cybercrime
NA-13271,31-03-2026,Soubhik Sarkar,Medianama,medianama.com,17-12-2025,"What Maharashtra’s AI policing rollout means for investigations, bias and fair trials",https://www.medianama.com/2025/12/223-maharashtra-mahacrimeos-ai-all-police-units-investigations-bias-and-fair-trials/,cybercrime,General Cybercrime / Cyber Fraud Terms,General Cybercrime,THIRD-PARTY,NA-13271.txt,Keyword matched: cybercrime
NA-13272,31-03-2026,Soubhik Sarkar,Medianama,medianama.com,16-12-2025,Alternatives To SIM Binding: What Telecom Operators Can Do to Prevent Digital Fraud? #NAMA,https://www.medianama.com/2025/12/223-telecom-operators-digital-fraud-sim-binding-nama/,cybercrime,General Cybercrime / Cyber Fraud Terms,General Cybercrime,THIRD-PARTY,NA-13272.txt,Keyword matched: cybercrime
NA-13273,31-03-2026,Soubhik Sarkar,Medianama,medianama.com,12-12-2025,"IndiGo Disruptions Expose Dark Patterns on Airline Apps, LocalCircles Survey Finds",https://www.medianama.com/2025/12/223-dark-patterns-airline-apps-indigo-disruptions-survey/,cybercrime,General Cybercrime / Cyber Fraud Terms,General Cybercrime,THIRD-PARTY,NA-13273.txt,Keyword matched: cybercrime
NA-13274,31-03-2026,Soubhik Sarkar,Medianama,medianama.com,05-12-2025,"Event Announcement: Impact Of SIM Binding On Social Media, December 12, #NAMA",https://www.medianama.com/2025/12/223-event-announcement-impact-of-sim-binding-on-social-media-december-12-nama/,cybercrime,General Cybercrime / Cyber Fraud Terms,General Cybercrime,THIRD-PARTY,NA-13274.txt,Keyword matched: cybercrime
NA-13275,31-03-2026,Soubhik Sarkar,Medianama,medianama.com,04-12-2025,Apps To Deactivate Mobile Numbers That The Govt Flags For Financial Fraud,https://www.medianama.com/2025/12/223-apps-deactivate-mobile-numbers-govt-flags-financial-fraud/,cybercrime,General Cybercrime / Cyber Fraud Terms,General Cybercrime,THIRD-PARTY,NA-13275.txt,Keyword matched: cybercrime
NA-13276,31-03-2026,Soubhik Sarkar,Medianama,medianama.com,03-12-2025,Goal To Reach One Billion Unique UPI Users By 2030: RBI In Financial Inclusion Report,https://www.medianama.com/2025/12/223-goal-one-billion-unique-upi-users-2030-rbi-financial-inclusion-report/,cybercrime,General Cybercrime / Cyber Fraud Terms,General Cybercrime,THIRD-PARTY,NA-13276.txt,Keyword matched: cybercrime
NA-13277,31-03-2026,Soubhik Sarkar,Medianama,medianama.com,03-12-2025,"In Digital-Arrest Fraud Case, Rajasthan HC Orders Sweeping Reforms and 15% Women as Cab Drivers",https://www.medianama.com/2025/12/223-rajasthan-hc-cybercrime-reforms-15-percent-women-cab-drivers/,cybercrime,General Cybercrime / Cyber Fraud Terms,General Cybercrime,VICTIM,NA-13277.txt,Keyword matched: cybercrime
NA-13278,31-03-2026,Soubhik Sarkar,Medianama,medianama.com,02-12-2025,VPN Services Suspended For Two Months In J&K’s Rajouri and Poonch Over ‘Suspicious Usage’,https://www.medianama.com/2025/12/223-vpn-services-suspended-two-monthsjks-rajouri-poonch/,cybercrime,General Cybercrime / Cyber Fraud Terms,General Cybercrime,NEAR-MISS,NA-13278.txt,Keyword matched: cybercrime
NA-13279,31-03-2026,Soubhik Sarkar,Medianama,medianama.com,02-12-2025,"RBI Ombudsman Sees 14% Surge in Banking Complaints in FY25, Private Banks Face More Heat",https://www.medianama.com/2025/12/223-rbi-ombudsman-14-banking-complaints-fy25-private-banks/,cybercrime,General Cybercrime / Cyber Fraud Terms,General Cybercrime,THIRD-PARTY,NA-13279.txt,Keyword matched: cybercrime
NA-13280,31-03-2026,Soubhik Sarkar,Medianama,medianama.com,02-12-2025,SMS OTP Should Be Primary Authentication Factor As SIM Binding Rules Take Effect: COAI,https://www.medianama.com/2025/12/223-sms-otp-primary-authentication-factor-sim-binding-coai/,cybercrime,General Cybercrime / Cyber Fraud Terms,General Cybercrime,THIRD-PARTY,NA-13280.txt,Keyword matched: cybercrime
NA-13281,31-03-2026,Soubhik Sarkar,Medianama,medianama.com,02-12-2025,"Supreme Court Orders Pan-India CBI Probe On Digital Arrest Scams, Orders States To Give Consent For Investigation",https://www.medianama.com/2025/12/223-supreme-court-cbi-probe-digital-arrest-scams/,cybercrime,General Cybercrime / Cyber Fraud Terms,General Cybercrime,VICTIM,NA-13281.txt,Keyword matched: cybercrime
NA-13282,31-03-2026,Soubhik Sarkar,Medianama,medianama.com,01-12-2025,Why the DoT Mandate on Sanchar Saathi App Pre-installation on Smartphones is a Privacy Concern?,https://www.medianama.com/2025/12/223-govt-sanchar-saathi-app-pre-installation-smartphones-privacy/,cybercrime,General Cybercrime / Cyber Fraud Terms,General Cybercrime,NEAR-MISS,NA-13282.txt,Keyword matched: cybercrime
NA-13283,31-03-2026,Soubhik Sarkar,Medianama,medianama.com,01-08-2025,Scindia Pushes for Stronger ‘Sanchar Saathi’ Collaboration to Fight Telecom Cyber Frauds,https://www.medianama.com/2025/08/223-scindia-sanchar-saathi-collaboration-telecom-cyber-frauds/,cyber fraud,General Cybercrime / Cyber Fraud Terms,General Cybercrime,NEAR-MISS,NA-13283.txt,Keyword matched: cyber fraud
NA-13284,31-03-2026,Soubhik Sarkar,Medianama,medianama.com,14-04-2025,Bank Association Seeks RBI Nod to Freeze Bank Accounts to Curb Cyber Fraud,https://www.medianama.com/2025/04/223-iba-rbi-cyber-fraud-measures-freeze-bank-accounts-cybercrime/,cyber fraud,General Cybercrime / Cyber Fraud Terms,General Cybercrime,NEAR-MISS,NA-13284.txt,Keyword matched: cyber fraud
NA-13285,31-03-2026,Soubhik Sarkar,Medianama,medianama.com,01-04-2025,"India’s I4C Issues 426 Takedown Notices Targeting Cyber Fraud, Deepfakes & Digital Arrests",https://www.medianama.com/2025/04/223-indias-i4c-issues-426-takedown-notices-targeting-cyber-fraud-deepfakes-digital-arrests/,cyber fraud,General Cybercrime / Cyber Fraud Terms,General Cybercrime,THIRD-PARTY,NA-13285.txt,Keyword matched: cyber fraud
NA-13286,31-03-2026,Soubhik Sarkar,Medianama,medianama.com,04-03-2025,‘Innocent Recipients Bear the Brunt’: Delhi HC Slams Blanket Bank Freezes in Cyber Fraud Cases,https://www.medianama.com/2025/03/223-cybercrime-impact-on-bank-accounts-delhi-hc-urges-mha-to-address-blanket-bank-account-freezes/,cyber fraud,General Cybercrime / Cyber Fraud Terms,General Cybercrime,VICTIM,NA-13286.txt,Keyword matched: cyber fraud
NA-13287,31-03-2026,Soubhik Sarkar,Medianama,medianama.com,15-05-2024,"Over 1,000 Skype IDs Blocked in Crackdown on Digital Arrests and other Cyber Fraud",https://www.medianama.com/2024/05/223-skype-ids-blocked-digital-arrests-cyber-fraud/,cyber fraud,General Cybercrime / Cyber Fraud Terms,General Cybercrime,VICTIM,NA-13287.txt,Keyword matched: cyber fraud
NA-13288,31-03-2026,Soubhik Sarkar,Medianama,medianama.com,31-07-2023,Parliamentary panel recommends new rules for app stores to curb cyber frauds,https://www.medianama.com/2023/07/223-parliamentary-panel-app-stores-recommendations/,cyber fraud,General Cybercrime / Cyber Fraud Terms,General Cybercrime,THIRD-PARTY,NA-13288.txt,Keyword matched: cyber fraud
NA-13289,31-03-2026,Soubhik Sarkar,Medianama,medianama.com,06-08-2022,"Parliament Watch: Centre talks about data breaches, Aadhaar linkage, blocking of social media accounts, cyber fraud and more",https://www.medianama.com/2022/08/223-parliament-watch-questions-social-media-frauds-aadhar-more-2/,cyber fraud,General Cybercrime / Cyber Fraud Terms,General Cybercrime,THIRD-PARTY,NA-13289.txt,Keyword matched: cyber fraud
NA-13290,31-03-2026,Soubhik Sarkar,Medianama,medianama.com,16-03-2022,"TLDR: Blinkit likely to merge with Zomato, Facebook charges less for BJP’s ads, Noida cops warn of ‘Kashmir Files’ cyber fraud, and more",https://www.medianama.com/2022/03/223-tldr-zomato-facebook-bjp-amazon-3/,cyber fraud,General Cybercrime / Cyber Fraud Terms,General Cybercrime,THIRD-PARTY,NA-13290.txt,Keyword matched: cyber fraud
NA-13291,31-03-2026,Soubhik Sarkar,Medianama,medianama.com,05-01-2022,"Jio warns users of a cyber fraud through which hackers get access to Aadhaar, bank details",https://www.medianama.com/2022/01/223-jio-users-cyber-fraud-aadhaar-bank-details/,cyber fraud,General Cybercrime / Cyber Fraud Terms,General Cybercrime,VICTIM,NA-13291.txt,Keyword matched: cyber fraud
NA-13292,31-03-2026,Soubhik Sarkar,Medianama,medianama.com,01-03-2013,"8,322 Cyber Frauds Cases Registered In Banks In 2012; ICICI Bank Highest",https://www.medianama.com/2013/03/223-cyber-frauds-cases-banks-rbi/,cyber fraud,General Cybercrime / Cyber Fraud Terms,General Cybercrime,THIRD-PARTY,NA-13292.txt,Keyword matched: cyber fraud
NA-13293,31-03-2026,Soubhik Sarkar,Medianama,medianama.com,19-11-2024,Meesho ramps up cybersecurity effort amid rising online fraud,https://www.medianama.com/2024/11/223-meesho-ramps-up-cybersecurity-effort-amid-rising-online-fraud/,cyber fraud,General Cybercrime / Cyber Fraud Terms,General Cybercrime,NEAR-MISS,NA-13293.txt,Keyword matched: cyber fraud
NA-13294,31-03-2026,Soubhik Sarkar,Medianama,medianama.com,23-03-2026,CoinDCX co-founders arrested over fraud allegations; firm rebukes FIR as ‘conspiracy’,https://www.medianama.com/2026/03/223-coindcx-co-founders-arrested-fraud-firm-conspiracy/,cyber fraud,General Cybercrime / Cyber Fraud Terms,General Cybercrime,VICTIM,NA-13294.txt,Keyword matched: cyber fraud
NA-13295,31-03-2026,Soubhik Sarkar,Medianama,medianama.com,07-03-2026,Explained: RBI’s Draft Amendments for Bank Policies and Customer Protection in Fraudulent Digital Transactions,https://www.medianama.com/2026/03/223-rbi-amendments-bank-policies-customer-protection-digital-transactions/,cyber fraud,General Cybercrime / Cyber Fraud Terms,General Cybercrime,VICTIM,NA-13295.txt,Keyword matched: cyber fraud
NA-13296,31-03-2026,Soubhik Sarkar,Medianama,medianama.com,08-01-2026,Cybersecurity Firm Kratikal Tech Files For Initial Public Offering With BSE,https://www.medianama.com/2026/01/223-cybersecurity-firm-kratikal-tech-initial-public-offering-bse/,cyber fraud,General Cybercrime / Cyber Fraud Terms,General Cybercrime,THIRD-PARTY,NA-13296.txt,Keyword matched: cyber fraud
NA-13297,31-03-2026,Soubhik Sarkar,Medianama,medianama.com,30-12-2025,Cards & Internet Fraud Made Up 66% Of Cases In FY25 Amid Decline in Banking Fraud: RBI Data,https://www.medianama.com/2025/12/223-cards-internet-fraud-66-in-fy25-decline-banking-rbi/,cyber fraud,General Cybercrime / Cyber Fraud Terms,General Cybercrime,THIRD-PARTY,NA-13297.txt,Keyword matched: cyber fraud
NA-13298,31-03-2026,Soubhik Sarkar,Medianama,medianama.com,29-10-2025,Video: Liminal Custody CISO Hilal Ahmad on What’s Making Crypto Exchanges Vulnerable to CyberAttacks,https://www.medianama.com/2025/10/223-video-liminal-custody-ciso-hilal-ahmad-crypto-exchange-cyberattack/,cyber fraud,General Cybercrime / Cyber Fraud Terms,General Cybercrime,VICTIM,NA-13298.txt,Keyword matched: cyber fraud
NA-13299,31-03-2026,Soubhik Sarkar,Medianama,medianama.com,24-10-2025,DoT Notifies Telecom Cybersecurity Rules: What It Means,https://www.medianama.com/2025/10/223-dot-telecom-cybersecurity-rules/,cyber fraud,General Cybercrime / Cyber Fraud Terms,General Cybercrime,THIRD-PARTY,NA-13299.txt,Keyword matched: cyber fraud
NA-13300,31-03-2026,Soubhik Sarkar,Medianama,medianama.com,08-10-2025,"UIDAI Advocates Face Authentication for high value transactions, but AePS Fraud Data Raises Red Flags",https://www.medianama.com/2025/10/223-uidai-aadhaar-face-authentication-high-value-transactions/,cyber fraud,General Cybercrime / Cyber Fraud Terms,General Cybercrime,THIRD-PARTY,NA-13300.txt,Keyword matched: cyber fraud
NA-13301,31-03-2026,Soubhik Sarkar,Medianama,medianama.com,07-10-2025,"Validated UPI Handles, SEBI Check: Can New Tech Tools Combat Rising Investment Fraud?",https://www.medianama.com/2025/10/223-sebi-upi-verification-against-investment-fraud/,cyber fraud,General Cybercrime / Cyber Fraud Terms,General Cybercrime,VICTIM,NA-13301.txt,Keyword matched: cyber fraud
NA-13302,31-03-2026,Soubhik Sarkar,Medianama,medianama.com,24-09-2025,"Reliance Jio Opposed Including Telecom Service Misuse in Cybersecurity Rules, RTI Reveals",https://www.medianama.com/2025/09/223-rti-jio-objection-telecom-cybersecurity-rules/,cyber fraud,General Cybercrime / Cyber Fraud Terms,General Cybercrime,THIRD-PARTY,NA-13302.txt,Keyword matched: cyber fraud
NA-13303,31-03-2026,Soubhik Sarkar,Medianama,medianama.com,08-08-2025,Will Mobile Number Validation Solve The Fraud Problem? #NAMA,https://www.medianama.com/2025/08/223-mobile-number-validation-fraud-problem-nama/,cyber fraud,General Cybercrime / Cyber Fraud Terms,General Cybercrime,VICTIM,NA-13303.txt,Keyword matched: cyber fraud
NA-13304,31-03-2026,Soubhik Sarkar,Medianama,medianama.com,28-07-2025,Rajya Sabha Panel Demands Clear Definition of ‘Traffic Data’ in Telecom Cybersecurity Rules 2024,https://www.medianama.com/2025/07/223-rajya-sabha-demands-clarity-on-cybersecurity-data-rules/,cyber fraud,General Cybercrime / Cyber Fraud Terms,General Cybercrime,THIRD-PARTY,NA-13304.txt,Keyword matched: cyber fraud
NA-13305,31-03-2026,Soubhik Sarkar,Medianama,medianama.com,23-07-2025,"HDFC And Airtel Payments Bank Reported Most Fraud Cases In FY 2024-25, Govt Reveals",https://www.medianama.com/2025/07/223-hdfc-airtel-payments-bank-rmost-fraud-cases-fy-2024-25/,cyber fraud,General Cybercrime / Cyber Fraud Terms,General Cybercrime,VICTIM,NA-13305.txt,Keyword matched: cyber fraud
NA-13306,31-03-2026,Soubhik Sarkar,Medianama,medianama.com,08-07-2025,16 Billion Passwords Exposed in Massive Cybersecurity Breach: CERT-In Warns Users,https://www.medianama.com/2025/07/223-cert-in-data-exposure-16b-passwords-leak/,cyber fraud,General Cybercrime / Cyber Fraud Terms,General Cybercrime,THIRD-PARTY,NA-13306.txt,Keyword matched: cyber fraud
NA-13307,31-03-2026,Soubhik Sarkar,Medianama,medianama.com,18-06-2025,Google Unveils Safety Charter for India to Counter AI-Driven Cyberattacks and Online Scams,https://www.medianama.com/2025/06/223-google-unveils-safety-charter-combat-ai-cyberattacks-india/,cyber fraud,General Cybercrime / Cyber Fraud Terms,General Cybercrime,NEAR-MISS,NA-13307.txt,Keyword matched: cyber fraud
NA-13308,31-03-2026,Soubhik Sarkar,Medianama,medianama.com,29-11-2023,"Finance Ministry meets with banks, payments companies to discuss online fraud",https://www.medianama.com/2023/11/223-finance-ministry-meeting-online-fraud-nov-2/,online fraud,General Cybercrime / Cyber Fraud Terms,General Cybercrime,THIRD-PARTY,NA-13308.txt,Keyword matched: online fraud
NA-13309,31-03-2026,Soubhik Sarkar,Medianama,medianama.com,22-03-2021,Bank of England Governor wants tech giants accountable for online frauds: Report,https://www.medianama.com/2021/03/223-boe-google-online-frauds-2/,online fraud,General Cybercrime / Cyber Fraud Terms,General Cybercrime,THIRD-PARTY,NA-13309.txt,Keyword matched: online fraud
NA-13310,31-03-2026,Soubhik Sarkar,Medianama,medianama.com,16-08-2016,RBI sets norms for customer liability in case of online frauds,https://www.medianama.com/2016/08/223-rbi-paper-customer-liability/,online fraud,General Cybercrime / Cyber Fraud Terms,General Cybercrime,VICTIM,NA-13310.txt,Keyword matched: online fraud
NA-13311,31-03-2026,Soubhik Sarkar,Medianama,medianama.com,09-06-2016,SBI blocks wallets from using net banking to load money due to online fraud,https://www.medianama.com/2016/06/223-sbi-blocking-wallets-vishing/,online fraud,General Cybercrime / Cyber Fraud Terms,General Cybercrime,VICTIM,NA-13311.txt,Keyword matched: online fraud
NA-13312,31-03-2026,Soubhik Sarkar,Medianama,medianama.com,24-05-2016,RBI looking to cap customer liability in online frauds and bank account portability,https://www.medianama.com/2016/05/223-rbi-online-fraud-bank-account-portability/,online fraud,General Cybercrime / Cyber Fraud Terms,General Cybercrime,THIRD-PARTY,NA-13312.txt,Keyword matched: online fraud
NA-13313,31-03-2026,Soubhik Sarkar,Medianama,medianama.com,16-03-2020,Online banking and ATM frauds involving more than Rs 1 lakh increased 54% in FY19,https://www.medianama.com/2020/03/223-online-banking-atm-frauds-increase-rbi/,online fraud,General Cybercrime / Cyber Fraud Terms,General Cybercrime,THIRD-PARTY,NA-13313.txt,Keyword matched: online fraud
NA-13314,31-03-2026,Soubhik Sarkar,Medianama,medianama.com,10-07-2019,"National Consumer Helpline registered 8,373 complaints of fraud in online shopping in 3 years, minister reveals",https://www.medianama.com/2019/07/223-national-consumer-helpline-registered-8373-complaints-of-fraud-in-online-shopping-in-3-years-minister-reveals/,online fraud,General Cybercrime / Cyber Fraud Terms,General Cybercrime,VICTIM,NA-13314.txt,Keyword matched: online fraud
NA-13315,31-03-2026,Soubhik Sarkar,Medianama,medianama.com,19-12-2014,Ozone Media partners with Forensiq to fight online ad fraud,https://www.medianama.com/2014/12/223-ozone-media-partners-with-forensiq-to-fight-online-ad-fraud/,online fraud,General Cybercrime / Cyber Fraud Terms,General Cybercrime,THIRD-PARTY,NA-13315.txt,Keyword matched: online fraud
NA-13316,31-03-2026,Soubhik Sarkar,Medianama,medianama.com,05-02-2026,Bipartisan Bill Introduced in the US Senate to Prohibit Scam Online Ads,https://www.medianama.com/2026/02/223-bipartisan-bill-us-senate-scam-online-ads/,online fraud,General Cybercrime / Cyber Fraud Terms,General Cybercrime,NEAR-MISS,NA-13316.txt,Keyword matched: online fraud
NA-13317,31-03-2026,Soubhik Sarkar,Medianama,medianama.com,29-12-2025,How Delhi HC’s e-KYC Mandate For Domain Name Registration Reshapes India’s Online Ecosystem,https://www.medianama.com/2025/12/223-delhi-high-court-e-kyc-verification-website-domain-name-registrations/,online fraud,General Cybercrime / Cyber Fraud Terms,General Cybercrime,THIRD-PARTY,NA-13317.txt,Keyword matched: online fraud
NA-13318,31-03-2026,Soubhik Sarkar,Medianama,medianama.com,12-12-2025,MeitY Warns VPN Providers And Online Platforms About Websites Displaying Citizens’ Personal Data,https://www.medianama.com/2025/12/223-meity-vpn-providers-online-platforms-websites-citizens-personal-data/,online fraud,General Cybercrime / Cyber Fraud Terms,General Cybercrime,THIRD-PARTY,NA-13318.txt,Keyword matched: online fraud
NA-13319,31-03-2026,Soubhik Sarkar,Medianama,medianama.com,05-12-2025,Offshore Betting Platform Usage Increased Nearly 14% After Online Gambling Ban: CUTS Survey,https://www.medianama.com/2025/12/223-offshore-betting-rise-after-proga-ban-cuts-survey/,online fraud,General Cybercrime / Cyber Fraud Terms,General Cybercrime,THIRD-PARTY,NA-13319.txt,Keyword matched: online fraud
NA-13320,31-03-2026,Soubhik Sarkar,Medianama,medianama.com,26-11-2025,"Property from Online Cricket Betting Constitutes Crime Proceeds, Seizable by ED: Delhi HC",https://www.medianama.com/2025/11/223-delhi-hc-pmla-betting-assets-ruling/,online fraud,General Cybercrime / Cyber Fraud Terms,General Cybercrime,THIRD-PARTY,NA-13320.txt,Keyword matched: online fraud
NA-13321,31-03-2026,Soubhik Sarkar,Medianama,medianama.com,10-11-2025,SEBI Reaches Out To Social Media Platforms And Search Engines To Combat Digital Financial Fraud,https://www.medianama.com/2025/11/223-sebi-advisory-social-media-verification/,online fraud,General Cybercrime / Cyber Fraud Terms,General Cybercrime,VICTIM,NA-13321.txt,Keyword matched: online fraud
NA-13322,31-03-2026,Soubhik Sarkar,Medianama,medianama.com,04-11-2025,SC Issues Notice To Centre Over Online Money Games Disguised As Esports,https://www.medianama.com/2025/11/223-sc-notice-centre-online-betting-apps/,online fraud,General Cybercrime / Cyber Fraud Terms,General Cybercrime,VICTIM,NA-13322.txt,Keyword matched: online fraud
NA-13323,31-03-2026,Soubhik Sarkar,Medianama,medianama.com,10-10-2025,"Event Report: Navigating India’s Online Gaming Law, 2025 #NAMA",https://www.medianama.com/2025/10/223-navigating-india-online-gaming-law-2025/,online fraud,General Cybercrime / Cyber Fraud Terms,General Cybercrime,THIRD-PARTY,NA-13323.txt,Keyword matched: online fraud
NA-13324,31-03-2026,Soubhik Sarkar,Medianama,medianama.com,05-09-2025,Centre Seeks Transfer Of All Online Gaming Law Cases To The Supreme Court,https://www.medianama.com/2025/09/223-centre-transfer-online-gaming-law-cases-supreme-court/,online fraud,General Cybercrime / Cyber Fraud Terms,General Cybercrime,THIRD-PARTY,NA-13324.txt,Keyword matched: online fraud
NA-13325,31-03-2026,Soubhik Sarkar,Medianama,medianama.com,29-08-2025,Hyderabad-Based RMG Firm Head Digital Works Challenges India’s Online Gaming Act in Karnataka HC,https://www.medianama.com/2025/08/223-hyderabad-rmg-firm-head-digital-works-india-online-gaming-act-karnataka-hc/,online fraud,General Cybercrime / Cyber Fraud Terms,General Cybercrime,THIRD-PARTY,NA-13325.txt,Keyword matched: online fraud
NA-13326,31-03-2026,Soubhik Sarkar,Medianama,medianama.com,21-08-2025,"Video Game Developers Praise Online Gaming Bill, But RMG Players Want ‘Balanced’ Approach",https://www.medianama.com/2025/08/223-video-game-developers-online-gaming-bill-rmg-players/,online fraud,General Cybercrime / Cyber Fraud Terms,General Cybercrime,THIRD-PARTY,NA-13326.txt,Keyword matched: online fraud
NA-13327,31-03-2026,Soubhik Sarkar,Medianama,medianama.com,20-08-2025,"Explainer: New Online Gaming Bill to Ban Operating, Advertising, Payments of RMG in India",https://www.medianama.com/2025/08/223-online-gaming-bill-operating-advertising-payments-rmg-india/,online fraud,General Cybercrime / Cyber Fraud Terms,General Cybercrime,THIRD-PARTY,NA-13327.txt,Keyword matched: online fraud
NA-13328,31-03-2026,Soubhik Sarkar,Medianama,medianama.com,13-08-2025,Meta Expands Brand Rights Protections But Will It Be Enough to Curb Online Scams?,https://www.medianama.com/2025/08/223-meta-brand-rights-protection-online-scams/,online fraud,General Cybercrime / Cyber Fraud Terms,General Cybercrime,VICTIM,NA-13328.txt,Keyword matched: online fraud
NA-13329,31-03-2026,Soubhik Sarkar,Medianama,medianama.com,01-07-2025,40% Of Online Gaming Platform’s Don’t Have A Grievance Redressal Officer: Report,https://www.medianama.com/2025/07/223-online-gaming-platforms-skip-it-rules-grievance/,online fraud,General Cybercrime / Cyber Fraud Terms,General Cybercrime,NEAR-MISS,NA-13329.txt,Keyword matched: online fraud
NA-13330,31-03-2026,Soubhik Sarkar,Medianama,medianama.com,23-06-2025,Video: How Mules are Exploiting UPI for Illegal Online Gaming in India,https://www.medianama.com/2025/06/223-video-mules-upi-online-gaming-india/,online fraud,General Cybercrime / Cyber Fraud Terms,General Cybercrime,THIRD-PARTY,NA-13330.txt,Keyword matched: online fraud
NA-13331,31-03-2026,Soubhik Sarkar,Medianama,medianama.com,03-06-2025,Explained: UPI Mules And Their Role In Illegal Online Gambling,https://www.medianama.com/2025/06/223-upi-mules-their-role-in-illegal-online-gambling/,online fraud,General Cybercrime / Cyber Fraud Terms,General Cybercrime,VICTIM,NA-13331.txt,Keyword matched: online fraud
NA-13332,31-03-2026,Soubhik Sarkar,Medianama,medianama.com,26-05-2025,Allahabad HC Urges UP Govt To Form Expert Panel For Online Betting Regulation,https://www.medianama.com/2025/05/223-allahabad-hc-up-govt-panel-online-betting/,online fraud,General Cybercrime / Cyber Fraud Terms,General Cybercrime,THIRD-PARTY,NA-13332.txt,Keyword matched: online fraud
NA-13333,31-03-2026,Soubhik Sarkar,Medianama,medianama.com,22-05-2025,DoT’s Fraud Detection Tool Speeds Up UPI Security but Raises Transparency Concerns,https://www.medianama.com/2025/05/223-dot-financial-fraud-risk-indicator-upi/,online fraud,General Cybercrime / Cyber Fraud Terms,General Cybercrime,THIRD-PARTY,NA-13333.txt,Keyword matched: online fraud
NA-13334,31-03-2026,Soubhik Sarkar,Medianama,medianama.com,15-05-2025,Privacy vs Investigation: Karnataka HC Says PhonePe Must Share Merchant Details in Online Betting Case,https://www.medianama.com/2025/05/223-phonepe-ordered-to-share-merchant-data-online-betting-case/,online fraud,General Cybercrime / Cyber Fraud Terms,General Cybercrime,THIRD-PARTY,NA-13334.txt,Keyword matched: online fraud
NA-13335,31-03-2026,Soubhik Sarkar,Medianama,medianama.com,21-04-2025,I4C issues alert on online scams targeting religious pilgrims,https://www.medianama.com/2025/04/223-i4c-alert-online-scams-religious-pilgrims/,online fraud,General Cybercrime / Cyber Fraud Terms,General Cybercrime,THIRD-PARTY,NA-13335.txt,Keyword matched: online fraud
NA-13336,31-03-2026,Soubhik Sarkar,Medianama,medianama.com,14-04-2025,"China Jails Nine for Defrauding Over 66,000 Indians in Telecom Scam",https://www.medianama.com/2025/04/223-china-jails-9-for-rs-51-7-crore-telecom-scam-indians/,online fraud,General Cybercrime / Cyber Fraud Terms,General Cybercrime,VICTIM,NA-13336.txt,Keyword matched: online fraud
NA-13337,31-03-2026,Soubhik Sarkar,Medianama,medianama.com,09-04-2025,SEBI Instructs Entities To Use ‘1600’ Phone Number Series To Combat Financial Fraud,https://www.medianama.com/2025/04/223-sebi-1600-number-guidelines-fraud-prevention-measures/,online fraud,General Cybercrime / Cyber Fraud Terms,General Cybercrime,THIRD-PARTY,NA-13337.txt,Keyword matched: online fraud
NA-13338,31-03-2026,Soubhik Sarkar,Medianama,medianama.com,04-04-2025,ED Files Supplementary Complaint in Rs 303 Crore Crypto Fraud Linked to UAE-Based PYYPL,https://www.medianama.com/2025/04/223-ed-pyypl-crypto-303-crore-cyber-scam/,online fraud,General Cybercrime / Cyber Fraud Terms,General Cybercrime,VICTIM,NA-13338.txt,Keyword matched: online fraud
NA-13339,31-03-2026,Soubhik Sarkar,Medianama,medianama.com,11-02-2025,Tamil Nadu Tightens Online Real-Money Gaming Rules: How Will Enforcement Work?,https://www.medianama.com/2025/02/223-tamil-nadu-tightens-online-real-money-gaming-rules/,online fraud,General Cybercrime / Cyber Fraud Terms,General Cybercrime,NEAR-MISS,NA-13339.txt,Keyword matched: online fraud
NA-13340,31-03-2026,Soubhik Sarkar,Medianama,medianama.com,10-02-2025,RBI Mandates Additional Factor Authentication For International Online Transactions,https://www.medianama.com/2025/02/223-rbi-draft-rules-international-online-transactions/,online fraud,General Cybercrime / Cyber Fraud Terms,General Cybercrime,THIRD-PARTY,NA-13340.txt,Keyword matched: online fraud
NA-13341,31-03-2026,Soubhik Sarkar,Medianama,medianama.com,14-01-2025,QR Code Fraud Targets Shops in Madhya Pradesh’s Khajuraho; Police Efforts Underway,https://www.medianama.com/2025/01/223-qr-code-fraud-madhya-pradesh-khajuraho-police-probe-underway/,online fraud,General Cybercrime / Cyber Fraud Terms,General Cybercrime,VICTIM,NA-13341.txt,Keyword matched: online fraud
NA-13342,31-03-2026,Soubhik Sarkar,Medianama,medianama.com,10-12-2024,"QR Code-Based Fraud in FY 2024-25 Less Than Half Of Last Year With Over 18,000 Incidents: MoS Finance in Lok Sabha",https://www.medianama.com/2024/12/223-qr-code-based-fraud-in-fy-2024-25-less-than-half-of-last-year-with-over-18000-incidents-mos-finance-in-lok-sabha/,online fraud,General Cybercrime / Cyber Fraud Terms,General Cybercrime,THIRD-PARTY,NA-13342.txt,Keyword matched: online fraud
NA-13343,31-03-2026,Soubhik Sarkar,Medianama,medianama.com,18-11-2024,Are There Better Alternatives to SEBI’s Online Content Regulation Approach? #Nama,https://www.medianama.com/2024/11/223-alternatives-to-sebi-online-content-regulation-approach-nama/,online fraud,General Cybercrime / Cyber Fraud Terms,General Cybercrime,NEAR-MISS,NA-13343.txt,Keyword matched: online fraud
NA-13344,31-03-2026,Soubhik Sarkar,Medianama,medianama.com,15-11-2024,Can SEBI’s Online Content Regulations Strike a Balance with Free Speech? #Nama,https://www.medianama.com/2024/11/223-sebi-online-content-regulation-free-speech/,online fraud,General Cybercrime / Cyber Fraud Terms,General Cybercrime,NEAR-MISS,NA-13344.txt,Keyword matched: online fraud
NA-13345,31-03-2026,Soubhik Sarkar,Medianama,medianama.com,30-10-2024,RBI Grants Online Payments Licenses to Cashfree Payments and Jio Financial’s JSPL,https://www.medianama.com/2024/10/223-rbi-grants-ppi-licenses-cashfree-jio-payments-solutions/,online fraud,General Cybercrime / Cyber Fraud Terms,General Cybercrime,THIRD-PARTY,NA-13345.txt,Keyword matched: online fraud
NA-13346,31-03-2026,Soubhik Sarkar,Medianama,medianama.com,17-09-2024,Highest GST Evasion in FY24 Recorded in Online Real Money Gaming: DGGI,https://www.medianama.com/2024/09/223-online-gaming-responsible-highest-gst-evasion-says-dggi/,online fraud,General Cybercrime / Cyber Fraud Terms,General Cybercrime,THIRD-PARTY,NA-13346.txt,Keyword matched: online fraud
NA-13347,31-03-2026,Soubhik Sarkar,Medianama,medianama.com,05-09-2024,Insights from Global Fintech Fest: How financial institutions are tackling the problem of digital fraud,https://www.medianama.com/2024/09/223-financial-institutions-tackling-digital-fraud-global-fintech-fest-2024/,online fraud,General Cybercrime / Cyber Fraud Terms,General Cybercrime,VICTIM,NA-13347.txt,Keyword matched: online fraud
NA-13348,31-03-2026,Soubhik Sarkar,Medianama,medianama.com,01-08-2024,RBI releases new due diligence guidelines for operators to prevent AePS fraud,https://www.medianama.com/2024/08/223-rbi-guidelines-aeps-fraud/,online fraud,General Cybercrime / Cyber Fraud Terms,General Cybercrime,THIRD-PARTY,NA-13348.txt,Keyword matched: online fraud
NA-13349,31-03-2026,Soubhik Sarkar,Medianama,medianama.com,08-07-2024,Razorpay Secures John Doe Order Against Fraudsters Using Its Name And Logo,https://www.medianama.com/2024/07/223-delhi-hc-blocks-fraudulent-sites-misusing-razorpay-trademark/,online fraud,General Cybercrime / Cyber Fraud Terms,General Cybercrime,THIRD-PARTY,NA-13349.txt,Keyword matched: online fraud
NA-13350,31-03-2026,Soubhik Sarkar,Medianama,medianama.com,05-06-2024,Fraudsters Borrow Loan On MobiKwik By Impersonating Someone Else,https://www.medianama.com/2024/06/223-fraudsters-mobikwik-loans-impersonating-users/,online fraud,General Cybercrime / Cyber Fraud Terms,General Cybercrime,VICTIM,NA-13350.txt,Keyword matched: online fraud
NA-13351,31-03-2026,Soubhik Sarkar,Medianama,medianama.com,20-05-2024,Consumer Affairs Department Holds Consultation on Reducing Fake Reviews Online,https://www.medianama.com/2024/05/223-consumer-affairs-department-holds-consultation-on-reducing-fake-reviews-online/,online fraud,General Cybercrime / Cyber Fraud Terms,General Cybercrime,THIRD-PARTY,NA-13351.txt,Keyword matched: online fraud
NA-13352,31-03-2026,Soubhik Sarkar,Medianama,medianama.com,02-05-2024,"Finance Ministry hosts workshop with Law Enforcement Agencies (LEAs), Start-ups and Fintech companies to address digital financial fraud",https://www.medianama.com/2024/05/223-finance-ministry-workshop-addressing-financial-fraud/,online fraud,General Cybercrime / Cyber Fraud Terms,General Cybercrime,THIRD-PARTY,NA-13352.txt,Keyword matched: online fraud
NA-13353,31-03-2026,Soubhik Sarkar,Medianama,medianama.com,02-04-2024,Tragic Incident Reignites Debate on Online Platform Accountability,https://www.medianama.com/2024/04/223-zomato-patiala-girl-death-online-platform-accountability/,online fraud,General Cybercrime / Cyber Fraud Terms,General Cybercrime,THIRD-PARTY,NA-13353.txt,Keyword matched: online fraud
NA-13354,31-03-2026,Soubhik Sarkar,Medianama,medianama.com,15-02-2024,Thirteen recommendations to curb digital payment fraud from parliamentary panel,https://www.medianama.com/2024/02/223-parliamentary-panel-report-digital-payment-fraud-2/,online fraud,General Cybercrime / Cyber Fraud Terms,General Cybercrime,VICTIM,NA-13354.txt,Keyword matched: online fraud
NA-13355,31-03-2026,Soubhik Sarkar,Medianama,medianama.com,05-02-2024,No AI FRAUD Act: A new bill in the US that provides individuals rights over their voice and other features,https://www.medianama.com/2024/02/223-no-ai-fraud-act-us-rights-likeness-voice-2/,online fraud,General Cybercrime / Cyber Fraud Terms,General Cybercrime,THIRD-PARTY,NA-13355.txt,Keyword matched: online fraud
NA-13356,31-03-2026,Soubhik Sarkar,Medianama,medianama.com,06-07-2023,"Tamil Nadu Had Competence to Enact Online Gambling Ban, Says State in Counter-Affidavit Before Madras HC",https://www.medianama.com/2023/07/223-tamil-nadu-online-gambling-ban-counter-affidavit-madras-hc/,online fraud,General Cybercrime / Cyber Fraud Terms,General Cybercrime,THIRD-PARTY,NA-13356.txt,Keyword matched: online fraud
NA-13357,31-03-2026,Soubhik Sarkar,Medianama,medianama.com,02-06-2023,Summary: The All India Gaming Federation’s Framework On Self-Regulating the Online Gaming Industry,https://www.medianama.com/2023/06/223-summary-aigf-framework-self-regulating-online-gaming-industry/,online fraud,General Cybercrime / Cyber Fraud Terms,General Cybercrime,THIRD-PARTY,NA-13357.txt,Keyword matched: online fraud
NA-13358,31-03-2026,Soubhik Sarkar,Medianama,medianama.com,01-06-2023,"Parliament member John Brittas writes to PM Modi, flags concerns about rising Aadhaar-enabled payment frauds",https://www.medianama.com/2023/06/223-mp-john-brittas-letter-pm-modi-rising-aeps-frauds/,online fraud,General Cybercrime / Cyber Fraud Terms,General Cybercrime,THIRD-PARTY,NA-13358.txt,Keyword matched: online fraud
NA-13359,31-03-2026,Soubhik Sarkar,Medianama,medianama.com,06-04-2023,IT Ministry Notifies Online Gaming Rules: What’s Changed?,https://www.medianama.com/2023/04/223-it-ministry-online-gaming-rules/,online fraud,General Cybercrime / Cyber Fraud Terms,General Cybercrime,THIRD-PARTY,NA-13359.txt,Keyword matched: online fraud
NA-13360,31-03-2026,Soubhik Sarkar,Medianama,medianama.com,30-03-2023,Is age-verification the answer to protecting children from online harms? #NAMA,https://www.medianama.com/2023/03/223-age-verification-protecting-children-online-harms-nama/,online fraud,General Cybercrime / Cyber Fraud Terms,General Cybercrime,THIRD-PARTY,NA-13360.txt,Keyword matched: online fraud
NA-13361,31-03-2026,Soubhik Sarkar,Medianama,medianama.com,30-03-2023,MediaNama Daily: Fraud vs Fintech,https://www.medianama.com/2023/03/223-medianama-daily-fraudstack/,online fraud,General Cybercrime / Cyber Fraud Terms,General Cybercrime,NEAR-MISS,NA-13361.txt,Keyword matched: online fraud
NA-13362,31-03-2026,Soubhik Sarkar,Medianama,medianama.com,21-02-2023,How Should Self-Regulation of the Online Gaming Industry Be Designed?,https://www.medianama.com/2023/02/223-online-gaming-self-regulation-esya-centre-recommendations/,online fraud,General Cybercrime / Cyber Fraud Terms,General Cybercrime,THIRD-PARTY,NA-13362.txt,Keyword matched: online fraud
NA-13363,31-03-2026,Soubhik Sarkar,Medianama,medianama.com,07-02-2023,What Could A Risk-Mitigating Online Gaming Law Look Like?,https://www.medianama.com/2023/02/223-what-could-a-risk-mitigating-online-gaming-law-look-like-2/,online fraud,General Cybercrime / Cyber Fraud Terms,General Cybercrime,NEAR-MISS,NA-13363.txt,Keyword matched: online fraud
NA-13364,31-03-2026,Soubhik Sarkar,Medianama,medianama.com,06-02-2023,Fraud Alert: Social media outreach for customer support can get you scammed,https://www.medianama.com/2023/02/223-fraud-scam-social-media-customer-care-bots-2/,online fraud,General Cybercrime / Cyber Fraud Terms,General Cybercrime,NEAR-MISS,NA-13364.txt,Keyword matched: online fraud
NA-13365,31-03-2026,Soubhik Sarkar,Medianama,medianama.com,03-02-2023,"Fraudsters impersonate founders of WebEngage, CleverTap and MediaNama on WhatsApp, Emails",https://www.medianama.com/2023/02/223-scammers-impersonate-founders-online-whatsapp-emails-4/,online fraud,General Cybercrime / Cyber Fraud Terms,General Cybercrime,VICTIM,NA-13365.txt,Keyword matched: online fraud
NA-13366,31-03-2026,Soubhik Sarkar,Medianama,medianama.com,19-01-2023,Gaming rules: Can online gaming platforms be classified as intermediaries? #NAMA,https://www.medianama.com/2023/01/223-online-gaming-platforms-intermediaries-publishers-nama/,online fraud,General Cybercrime / Cyber Fraud Terms,General Cybercrime,THIRD-PARTY,NA-13366.txt,Keyword matched: online fraud
NA-13367,31-03-2026,Soubhik Sarkar,Medianama,medianama.com,12-01-2023,How Will India’s Proposed Self-Regulators Protect Online Gamers and Ensure Responsible Gaming?,https://www.medianama.com/2023/01/223-india-proposed-self-regulators-online-gaming/,online fraud,General Cybercrime / Cyber Fraud Terms,General Cybercrime,NEAR-MISS,NA-13367.txt,Keyword matched: online fraud
NA-13368,31-03-2026,Soubhik Sarkar,Medianama,medianama.com,03-01-2023,Summary: What are India’s proposed rules for online gaming platforms?,https://www.medianama.com/2023/01/223-summary-it-rules-online-gaming-amendments-2/,online fraud,General Cybercrime / Cyber Fraud Terms,General Cybercrime,THIRD-PARTY,NA-13368.txt,Keyword matched: online fraud
NA-13369,31-03-2026,Soubhik Sarkar,Medianama,medianama.com,22-12-2022,"ED attached over 200 Cr to money laundering via online betting, gambling",https://www.medianama.com/2022/12/223-parliament-question-ed-online-betting-gambling-4/,online fraud,General Cybercrime / Cyber Fraud Terms,General Cybercrime,THIRD-PARTY,NA-13369.txt,Keyword matched: online fraud
NA-13370,31-03-2026,Soubhik Sarkar,Medianama,medianama.com,05-12-2022,Summary: India’s new guidelines for online reviews on e-commerce platforms,https://www.medianama.com/2022/12/223-summary-bis-standard-online-reviews-e-commerce/,online fraud,General Cybercrime / Cyber Fraud Terms,General Cybercrime,NEAR-MISS,NA-13370.txt,Keyword matched: online fraud
NA-13371,31-03-2026,Soubhik Sarkar,Medianama,medianama.com,15-03-2012,112 Government Websites Hacked In Last 3 Months; 1798 Internet Fraud Cases,https://www.medianama.com/2012/03/223-112-government-websites-hacked-in-last-6-months-1798-internet-fraud-cases/,internet fraud,General Cybercrime / Cyber Fraud Terms,General Cybercrime,THIRD-PARTY,NA-13371.txt,Keyword matched: internet fraud
NA-13372,31-03-2026,Soubhik Sarkar,Medianama,medianama.com,19-02-2026,"AI Must Evolve as an Infrastructure to Combat Real-Time Financial Fraud, Experts Say",https://www.medianama.com/2026/02/223-ai-infrastructure-combat-real-time-financial-fraud-experts/,internet fraud,General Cybercrime / Cyber Fraud Terms,General Cybercrime,VICTIM,NA-13372.txt,Keyword matched: internet fraud
NA-13373,31-03-2026,Soubhik Sarkar,Medianama,medianama.com,22-08-2025,"Event Report: Impact of DoT’s Mobile Number Validation Rules on Internet Businesses, July 31, Delhi",https://www.medianama.com/2025/08/223-event-report-dot-mobile-number-validation-rules-internet-businesses-delhi/,internet fraud,General Cybercrime / Cyber Fraud Terms,General Cybercrime,THIRD-PARTY,NA-13373.txt,Keyword matched: internet fraud
NA-13374,31-03-2026,Soubhik Sarkar,Medianama,medianama.com,02-08-2025,"Video: Impact of DoT’s Mobile Number Validation Rules on Internet Businesses, July 31",https://www.medianama.com/2025/08/223-video-impact-of-dot-mobile-validation-rules/,internet fraud,General Cybercrime / Cyber Fraud Terms,General Cybercrime,THIRD-PARTY,NA-13374.txt,Keyword matched: internet fraud
NA-13375,31-03-2026,Soubhik Sarkar,Medianama,medianama.com,08-07-2025,Internet Freedom Foundation Raises Concerns Over Aadhaar Use In IRCTC Tatkal Booking System,https://www.medianama.com/2025/07/223-internet-freedom-foundation-aadhaar-irctc-tatkal-booking/,internet fraud,General Cybercrime / Cyber Fraud Terms,General Cybercrime,THIRD-PARTY,NA-13375.txt,Keyword matched: internet fraud
NA-13376,31-03-2026,Soubhik Sarkar,Medianama,medianama.com,12-06-2025,"Airtel’s AI Malicious Link Detection Sparks Net Neutrality and Privacy Concerns, Says Internet Freedom Foundation",https://www.medianama.com/2025/06/223-iff-censorship-warning-airtel-ai-filter/,internet fraud,General Cybercrime / Cyber Fraud Terms,General Cybercrime,NEAR-MISS,NA-13376.txt,Keyword matched: internet fraud
NA-13377,31-03-2026,Soubhik Sarkar,Medianama,medianama.com,05-06-2025,"Final Call: Peering Roadshow – Strengthening Interconnection and Empowering India’s Internet Infrastructure, June 6, Delhi #Ad",https://www.medianama.com/2025/06/223-peering-roadshow-india-2025/,internet fraud,General Cybercrime / Cyber Fraud Terms,General Cybercrime,THIRD-PARTY,NA-13377.txt,Keyword matched: internet fraud
NA-13378,31-03-2026,Soubhik Sarkar,Medianama,medianama.com,30-05-2025,"Speaker announcement: Peering RoadShow – Strengthening Interconnection and Empowering India’s Internet Infrastructure, June 6, Delhi #Ad",https://www.medianama.com/2025/05/223-speaker-announcement-peering-roadshow-june-6-delhi/,internet fraud,General Cybercrime / Cyber Fraud Terms,General Cybercrime,THIRD-PARTY,NA-13378.txt,Keyword matched: internet fraud
NA-13379,31-03-2026,Soubhik Sarkar,Medianama,medianama.com,26-05-2025,"Agenda: Peering Roadshow – Strengthening Interconnection and Empowering India’s Internet Infrastructure, June 6, Delhi #Ad",https://www.medianama.com/2025/05/223-agenda-peering-roadshow-india-edition-june-6-delhi/,internet fraud,General Cybercrime / Cyber Fraud Terms,General Cybercrime,THIRD-PARTY,NA-13379.txt,Keyword matched: internet fraud
NA-13380,31-03-2026,Soubhik Sarkar,Medianama,medianama.com,19-05-2025,"Event: Peering Roadshow – Strengthening Interconnection and Empowering India’s Internet Infrastructure, June 6, Delhi #Ad",https://www.medianama.com/2025/05/223-event-announcement-peering-roadshow-india-edition-june-6/,internet fraud,General Cybercrime / Cyber Fraud Terms,General Cybercrime,THIRD-PARTY,NA-13380.txt,Keyword matched: internet fraud
NA-13381,31-03-2026,Soubhik Sarkar,Medianama,medianama.com,15-05-2025,Google Unveils New In-Call Scam Protections to Block Phone and Screen-Sharing Frauds on Android,https://www.medianama.com/2025/05/223-google-in-call-features-phone-scams/,internet fraud,General Cybercrime / Cyber Fraud Terms,General Cybercrime,THIRD-PARTY,NA-13381.txt,Keyword matched: internet fraud
NA-13382,31-03-2026,Soubhik Sarkar,Medianama,medianama.com,21-04-2025,BharatPe Files Trademark Infringement Suit Against  Internet of Things company Bharat Pi,https://www.medianama.com/2025/04/223-delhi-high-court-bharatpe-bharatpi-trademark-lawsuit/,internet fraud,General Cybercrime / Cyber Fraud Terms,General Cybercrime,THIRD-PARTY,NA-13382.txt,Keyword matched: internet fraud
NA-13383,31-03-2026,Soubhik Sarkar,Medianama,medianama.com,20-02-2025,"Stricter Security for Traders? SEBI Suggests SIM Binding, Biometrics to Curb Fraud",https://www.medianama.com/2025/02/223-sebi-proposes-sim-binding-biometrics-secure-trading-environment/,internet fraud,General Cybercrime / Cyber Fraud Terms,General Cybercrime,THIRD-PARTY,NA-13383.txt,Keyword matched: internet fraud
NA-13384,31-03-2026,Soubhik Sarkar,Medianama,medianama.com,24-07-2024,Digital Frauds and State-Sponsored Hacking: Oppn MP Priyanka Chaturvedi Demands Government Action,https://www.medianama.com/2024/07/223-mp-priyanka-chaturvedi-highlights-financial-fraud-concerns-in-parliament/,internet fraud,General Cybercrime / Cyber Fraud Terms,General Cybercrime,THIRD-PARTY,NA-13384.txt,Keyword matched: internet fraud
NA-13385,31-03-2026,Soubhik Sarkar,Medianama,medianama.com,07-06-2024,"Setting up platform to combat fraud, including Fastags in e-mandate, new FEMA guidelines: Highlights from RBI’s Monetary Policy Statement",https://www.medianama.com/2024/06/223-setting-up-platform-to-combat-fraud-including-fastags-in-e-mandate-new-fema-guidelines-highlights-from-rbis-monetary-policy-statement/,internet fraud,General Cybercrime / Cyber Fraud Terms,General Cybercrime,THIRD-PARTY,NA-13385.txt,Keyword matched: internet fraud
NA-13386,31-03-2026,Soubhik Sarkar,Medianama,medianama.com,25-01-2024,Delhi HC Directs Google to Suspend Fraudulent Google Form URLs Promising Info On Starbucks Franchises,https://www.medianama.com/2024/01/223-delhi-hc-google-urls-fake-starbucks-franchises/,internet fraud,General Cybercrime / Cyber Fraud Terms,General Cybercrime,THIRD-PARTY,NA-13386.txt,Keyword matched: internet fraud
NA-13387,31-03-2026,Soubhik Sarkar,Medianama,medianama.com,21-09-2023,Delhi High Court puts a stop to fraudulent Burger King websites,https://www.medianama.com/2023/09/223-delhi-high-court-fraudulent-burger-king-websites/,internet fraud,General Cybercrime / Cyber Fraud Terms,General Cybercrime,THIRD-PARTY,NA-13387.txt,Keyword matched: internet fraud
NA-13388,31-03-2026,Soubhik Sarkar,Medianama,medianama.com,23-05-2023,Can Taking Away Safe Harbour Fix Free Speech Issues In An Internet Dominated by A Few Tech Cos? #NAMA,https://www.medianama.com/2023/05/223-safe-harbour-free-speech-internet-competition-nama/,internet fraud,General Cybercrime / Cyber Fraud Terms,General Cybercrime,THIRD-PARTY,NA-13388.txt,Keyword matched: internet fraud
NA-13389,31-03-2026,Soubhik Sarkar,Medianama,medianama.com,31-03-2023,"The Government, the Platform, the Individual: Who’s Responsible for Keeping the Internet Safe? #NAMA",https://www.medianama.com/2023/03/223-government-individual-responsible-keeping-internet-safe-nama-4/,internet fraud,General Cybercrime / Cyber Fraud Terms,General Cybercrime,THIRD-PARTY,NA-13389.txt,Keyword matched: internet fraud
NA-13390,31-03-2026,Soubhik Sarkar,Medianama,medianama.com,16-01-2023,Why Tamil Nadu govt must reconsider its move mandating Aadhaar for schemes: Internet Freedom Foundation,https://www.medianama.com/2023/01/223-tamil-nadu-aadhaar-scheme-concerns-iff/,internet fraud,General Cybercrime / Cyber Fraud Terms,General Cybercrime,THIRD-PARTY,NA-13390.txt,Keyword matched: internet fraud
NA-13391,31-03-2026,Soubhik Sarkar,Medianama,medianama.com,06-01-2023,What do we know about six entities selected by Indian central bank to test products mitigating financial frauds?,https://www.medianama.com/2023/01/223-six-entities-rbi-tests-mitigating-financial-frauds/,internet fraud,General Cybercrime / Cyber Fraud Terms,General Cybercrime,THIRD-PARTY,NA-13391.txt,Keyword matched: internet fraud
NA-13392,31-03-2026,Soubhik Sarkar,Medianama,medianama.com,11-11-2022,How The Telecom Bill 2022 Undermines The Potential of Internet: Internet Society’s Report,https://www.medianama.com/2022/11/223-internet-society-submission-on-telecom-bill-2022/,internet fraud,General Cybercrime / Cyber Fraud Terms,General Cybercrime,THIRD-PARTY,NA-13392.txt,Keyword matched: internet fraud
NA-13393,31-03-2026,Soubhik Sarkar,Medianama,medianama.com,03-11-2022,"Post Anuradha Bhasin, How Does Restricted Internet Impact the Right to Education in Jammu and Kashmir?",https://www.medianama.com/2022/11/223-jammu-kashmir-internet-shutdown-petition-supreme-court/,internet fraud,General Cybercrime / Cyber Fraud Terms,General Cybercrime,THIRD-PARTY,NA-13393.txt,Keyword matched: internet fraud
NA-13394,31-03-2026,Soubhik Sarkar,Medianama,medianama.com,25-07-2022,"Parliament Watch: No data on internet shutdowns but much ado about Aadhaar linkage, cryptocurrency and more",https://www.medianama.com/2022/07/223-parliament-watch-roundup-questions-aadhar-social-media-crypto-3/,internet fraud,General Cybercrime / Cyber Fraud Terms,General Cybercrime,THIRD-PARTY,NA-13394.txt,Keyword matched: internet fraud
NA-13395,31-03-2026,Soubhik Sarkar,Medianama,medianama.com,21-07-2022,Big Tech Cos Comply with Indonesia’s Stringent Internet Regulations,https://www.medianama.com/2022/07/223-big-tech-cos-comply-with-indonesias-stringent-internet-regulations-3/,internet fraud,General Cybercrime / Cyber Fraud Terms,General Cybercrime,THIRD-PARTY,NA-13395.txt,Keyword matched: internet fraud
NA-13396,31-03-2026,Soubhik Sarkar,Medianama,medianama.com,07-06-2022,"“You don’t need to have a blanket law that treats everyone as a criminal”, says Dr. Joe Hall of Internet Society on India’s Cybersecurity directions",https://www.medianama.com/2022/06/223-cert-in-joe-hall-of-internet-society-nama/,internet fraud,General Cybercrime / Cyber Fraud Terms,General Cybercrime,THIRD-PARTY,NA-13396.txt,Keyword matched: internet fraud
NA-13397,31-03-2026,Soubhik Sarkar,Medianama,medianama.com,03-05-2022,IT Ministry takes exception to The Wire’s tweet on election fraud,https://www.medianama.com/2022/05/223-it-ministry-the-wire-takedown-notice-twitter-2/,internet fraud,General Cybercrime / Cyber Fraud Terms,General Cybercrime,NEAR-MISS,NA-13397.txt,Keyword matched: internet fraud
NA-13398,31-03-2026,Soubhik Sarkar,Medianama,medianama.com,29-03-2022,Does KYC verification for registering .in domains go against the internet’s basic principles?,https://www.medianama.com/2022/03/223-kyc-nixi-internet-2/,internet fraud,General Cybercrime / Cyber Fraud Terms,General Cybercrime,THIRD-PARTY,NA-13398.txt,Keyword matched: internet fraud
NA-13399,31-03-2026,Soubhik Sarkar,Medianama,medianama.com,15-03-2022,"TLDR: Amazon accuses Reliance of fraud, Facebook let advertisers secretly boost BJP’s reach, Google pledges $3 million for Data Transfer Project, and more",https://www.medianama.com/2022/03/223-tldr-amazon-facebook-google-ukraine-2/,internet fraud,General Cybercrime / Cyber Fraud Terms,General Cybercrime,THIRD-PARTY,NA-13399.txt,Keyword matched: internet fraud
NA-13400,31-03-2026,Soubhik Sarkar,Medianama,medianama.com,01-02-2021,"Mobile internet, certain phone services shut in Myanmar amidst coup: Report",https://www.medianama.com/2021/02/223-myanmar-coup-internet-phone-shut/,internet fraud,General Cybercrime / Cyber Fraud Terms,General Cybercrime,THIRD-PARTY,NA-13400.txt,Keyword matched: internet fraud
NA-13401,31-03-2026,Soubhik Sarkar,Medianama,medianama.com,09-12-2020,Addressing merchant fraud and the KYC challenge for B2B platforms and aggregators —By Asheeta Regidi and Reeju Datta,https://www.medianama.com/2020/12/223-addressing-merchant-fraud-and-the-kyc-challenge/,internet fraud,General Cybercrime / Cyber Fraud Terms,General Cybercrime,THIRD-PARTY,NA-13401.txt,Keyword matched: internet fraud
NA-13402,31-03-2026,Soubhik Sarkar,Medianama,medianama.com,21-05-2020,Open Internet governance: The 6F framework and COVID-19 — by Alejandro Pisanty,https://www.medianama.com/2020/05/223-open-internet-governance-6f-framework/,internet fraud,General Cybercrime / Cyber Fraud Terms,General Cybercrime,NEAR-MISS,NA-13402.txt,Keyword matched: internet fraud
NA-13403,31-03-2026,Soubhik Sarkar,Medianama,medianama.com,18-03-2020,"FY20 saw over 50,000 cases of fraud usage of debit, credit cards",https://www.medianama.com/2020/03/223-fraud-cases-credit-debit-cards/,internet fraud,General Cybercrime / Cyber Fraud Terms,General Cybercrime,THIRD-PARTY,NA-13403.txt,Keyword matched: internet fraud
NA-13404,31-03-2026,Soubhik Sarkar,Medianama,medianama.com,02-12-2019,"PIB’s fact-check team receives complaints of bank frauds, political hoaxes in first 24 hours: Report",https://www.medianama.com/2019/12/223-pib-fact-check/,internet fraud,General Cybercrime / Cyber Fraud Terms,General Cybercrime,NEAR-MISS,NA-13404.txt,Keyword matched: internet fraud
NA-13405,31-03-2026,Soubhik Sarkar,Medianama,medianama.com,25-07-2017,Between 48k-68k fraud Wallet and PPI card transactions between March and May 2017,https://www.medianama.com/2017/07/223-mobile-wallet-fraud-may-2017-2/,internet fraud,General Cybercrime / Cyber Fraud Terms,General Cybercrime,THIRD-PARTY,NA-13405.txt,Keyword matched: internet fraud
NA-13406,31-03-2026,Soubhik Sarkar,Medianama,medianama.com,19-07-2017,"Internet-connected toys could be privacy risk for children, says FBI",https://www.medianama.com/2017/07/223-internet-connected-toys-privacy-risk-children-says-fbi-2/,internet fraud,General Cybercrime / Cyber Fraud Terms,General Cybercrime,THIRD-PARTY,NA-13406.txt,Keyword matched: internet fraud
NA-13407,31-03-2026,Soubhik Sarkar,Medianama,medianama.com,24-11-2016,Delhi court orders FIR against AskMe for fraud: report,https://www.medianama.com/2016/11/223-delhi-court-askme-fir/,internet fraud,General Cybercrime / Cyber Fraud Terms,General Cybercrime,THIRD-PARTY,NA-13407.txt,Keyword matched: internet fraud
NA-13408,31-03-2026,Soubhik Sarkar,Medianama,medianama.com,03-03-2016,HDFC Bank’s pilot for location based ATM fraud detection has 25k consenting customers,https://www.medianama.com/2016/03/223-hdfc-bank-atm-fraud-detection/,internet fraud,General Cybercrime / Cyber Fraud Terms,General Cybercrime,THIRD-PARTY,NA-13408.txt,Keyword matched: internet fraud
NA-13409,31-03-2026,Soubhik Sarkar,Medianama,medianama.com,01-10-2015,"Parliamentary Standing Committee on IT to look into issues of Digital Privacy, Startup Challenges, e-Fraud, Net Neutrality, NOFN",https://www.medianama.com/2015/10/223-parliamentary-standing-committee-it-privacy-net-neutrality-fraud/,internet fraud,General Cybercrime / Cyber Fraud Terms,General Cybercrime,THIRD-PARTY,NA-13409.txt,Keyword matched: internet fraud
NA-13410,31-03-2026,Soubhik Sarkar,Medianama,medianama.com,30-04-2015,"Reliance Jio wants regulation for all Internet co’s in India, hosting in India – TRAI OTT Consultation",https://www.medianama.com/2015/04/223-reliance-jio-trai-comments/,internet fraud,General Cybercrime / Cyber Fraud Terms,General Cybercrime,THIRD-PARTY,NA-13410.txt,Keyword matched: internet fraud
NA-13411,31-03-2026,Soubhik Sarkar,Medianama,medianama.com,01-04-2015,India loses slowest average Internet speed crown to Indonesia: Akamai,https://www.medianama.com/2015/04/223-india-loses-slowest-average-internet-speed-crown-to-indonesia-akamai/,internet fraud,General Cybercrime / Cyber Fraud Terms,General Cybercrime,THIRD-PARTY,NA-13411.txt,Keyword matched: internet fraud
NA-13412,31-03-2026,Soubhik Sarkar,Medianama,medianama.com,23-03-2015,Times Internet invests in Uber; Private Treaties?,https://www.medianama.com/2015/03/223-times-internet-uber/,internet fraud,General Cybercrime / Cyber Fraud Terms,General Cybercrime,THIRD-PARTY,NA-13412.txt,Keyword matched: internet fraud
NA-13413,31-03-2026,Soubhik Sarkar,Medianama,medianama.com,28-01-2015,Updated: BCCI invites bids for Internet & Mobile rights for IPL 2015-2017,https://www.medianama.com/2015/01/223-ipl-2015-2017/,internet fraud,General Cybercrime / Cyber Fraud Terms,General Cybercrime,THIRD-PARTY,NA-13413.txt,Keyword matched: internet fraud
NA-13414,31-03-2026,Soubhik Sarkar,Medianama,medianama.com,25-09-2014,Ybrant Digital clarifies it had no knowledge of the fraudulent trading penalised by SEBI,https://www.medianama.com/2014/09/223-ybrant-digital-clarifies-it-had-no-knowledge-of-the-fraudulent-trading-penalised-by-sebi/,internet fraud,General Cybercrime / Cyber Fraud Terms,General Cybercrime,THIRD-PARTY,NA-13414.txt,Keyword matched: internet fraud
NA-13415,31-03-2026,Soubhik Sarkar,Medianama,medianama.com,12-08-2014,"Geodesic being wound up following failure to pay loans, $157M FCCBs; Fraud alleged",https://www.medianama.com/2014/08/223-geodesic-being-wound-up-following-failure-to-pay-loans-157m-fccbs-fraud-alleged/,internet fraud,General Cybercrime / Cyber Fraud Terms,General Cybercrime,VICTIM,NA-13415.txt,Keyword matched: internet fraud
NA-13416,31-03-2026,Soubhik Sarkar,Medianama,medianama.com,05-08-2014,“A municipal water supplier does not decide what kind of Cola you drink” – One97 MD Vijay Shekhar Sharma on Telco’s vs Internet,https://www.medianama.com/2014/08/223-trai-ott-vijay-shekhar-sharma-telecom-internet/,internet fraud,General Cybercrime / Cyber Fraud Terms,General Cybercrime,THIRD-PARTY,NA-13416.txt,Keyword matched: internet fraud
NA-13417,31-03-2026,Soubhik Sarkar,Medianama,medianama.com,05-03-2014,On Telecom vs Internet in a post WhatsApp Voice scenario,https://www.medianama.com/2014/03/223-telecom-vs-internet-whatsapp-voice/,internet fraud,General Cybercrime / Cyber Fraud Terms,General Cybercrime,THIRD-PARTY,NA-13417.txt,Keyword matched: internet fraud
NA-13418,31-03-2026,Soubhik Sarkar,Medianama,medianama.com,20-12-2013,"Thank You To Our 2013 Sponsors: Spice Digital, Akamai, AML, AntFarm, CC Avenue, Getit, Gemalto, Flipkart, Nazara, One97, PayU, Saavn, Shopify, Sony TV, Times Internet, Yahoo, E2E",https://www.medianama.com/2013/12/223-thank-you-to-our-2013-sponsors-spice-digital-akamai-aml-antfarm-cc-avenue-getit-gemalto-flipkart-nazara-one97-payu-saavn-shopify-sony-tv-times-internet-yahoo-e2e/,internet fraud,General Cybercrime / Cyber Fraud Terms,General Cybercrime,THIRD-PARTY,NA-13418.txt,Keyword matched: internet fraud
NA-13419,31-03-2026,Soubhik Sarkar,Medianama,medianama.com,12-08-2013,"Thank You Sponsors: CCAvenue, E2E, Shopify, Spice Digital, Times Internet",https://www.medianama.com/2013/08/223-thank-you-sponsors-ccavenue-e2e-shopify-spice-digital-times-internet/,internet fraud,General Cybercrime / Cyber Fraud Terms,General Cybercrime,THIRD-PARTY,NA-13419.txt,Keyword matched: internet fraud
NA-13420,31-03-2026,Soubhik Sarkar,Medianama,medianama.com,08-07-2013,"Thank You Sponsors: CCAvenue, E2E, Spice Digital, Times Internet",https://www.medianama.com/2013/07/223-thank-you-sponsors-ccavenue-e2e-spice-digital-times-internet-2/,internet fraud,General Cybercrime / Cyber Fraud Terms,General Cybercrime,THIRD-PARTY,NA-13420.txt,Keyword matched: internet fraud
NA-13421,31-03-2026,Soubhik Sarkar,Medianama,medianama.com,04-06-2013,Sify CEO Kamal Nath Receives Warrant In Amway Fraud Case,https://www.medianama.com/2013/06/223-sify-ceo-kamal-nath-receives-warrant-in-amway-fraud-case/,internet fraud,General Cybercrime / Cyber Fraud Terms,General Cybercrime,THIRD-PARTY,NA-13421.txt,Keyword matched: internet fraud
NA-13422,31-03-2026,Soubhik Sarkar,Medianama,medianama.com,09-04-2013,"Thank You Sponsors: CCAvenue, E2E, Flipkart, PayU, Saavn, Spice Digital, Times Internet",https://www.medianama.com/2013/04/223-thank-you-sponsors-ccavenue-e2e-flipkart-payu-saavn-spice-digital-times-internet/,internet fraud,General Cybercrime / Cyber Fraud Terms,General Cybercrime,THIRD-PARTY,NA-13422.txt,Keyword matched: internet fraud
NA-13423,31-03-2026,Soubhik Sarkar,Medianama,medianama.com,01-04-2013,Updated: Timtara Founders Held On Allegations Of Fraud; The Challenge,https://www.medianama.com/2013/04/223-timtara-founders-held-on-allegations-of-fraud-the-challenge/,internet fraud,General Cybercrime / Cyber Fraud Terms,General Cybercrime,THIRD-PARTY,NA-13423.txt,Keyword matched: internet fraud
NA-13424,31-03-2026,Soubhik Sarkar,Medianama,medianama.com,12-02-2013,"Thank You Sponsors: CCAvenue, E2E, Gemalto, Nazara, One97, Saavn, Spice Digital, Times Internet",https://www.medianama.com/2013/02/223-thank-you-sponsors-ccavenue-e2e-gemalto-nazara-one97-saavn-spice-digital/,internet fraud,General Cybercrime / Cyber Fraud Terms,General Cybercrime,THIRD-PARTY,NA-13424.txt,Keyword matched: internet fraud
NA-13425,31-03-2026,Soubhik Sarkar,Medianama,medianama.com,19-07-2012,The Fraud Report: The I-Buy-From-Myself Story Of E-commerce,https://www.medianama.com/2012/07/223-the-fraud-report-the-i-buy-from-myself-story-of-e-commerce/,internet fraud,General Cybercrime / Cyber Fraud Terms,General Cybercrime,THIRD-PARTY,NA-13425.txt,Keyword matched: internet fraud
NA-13426,31-03-2026,Soubhik Sarkar,Medianama,medianama.com,19-06-2012,Bharti Softbank Forms Mobile Internet JV With Yahoo! Japan; Differentiation?,https://www.medianama.com/2012/06/223-bharti-softbank-partners-yahoo-japan-to-launch-mobile-portal-in-india-differentiation-monetization/,internet fraud,General Cybercrime / Cyber Fraud Terms,General Cybercrime,VICTIM,NA-13426.txt,Keyword matched: internet fraud
NA-13427,31-03-2026,Soubhik Sarkar,Medianama,medianama.com,29-09-2025,Video: IDfy CEO Ashok Hariharan on Consent Management and Fraud Risks in Digital Hiring,https://www.medianama.com/2025/09/223-idfy-ceo-ashok-hariharan-consent-management-fraud-risks-hiring/,digital fraud,General Cybercrime / Cyber Fraud Terms,General Cybercrime,NEAR-MISS,NA-13427.txt,Keyword matched: digital fraud
NA-13428,31-03-2026,Soubhik Sarkar,Medianama,medianama.com,16-02-2021,Government Sets Up Digital Intelligence Unit To Monitor Fraudulent Transactions,https://www.medianama.com/2021/02/223-government-sets-up-digital-intelligence-unit-to-monitor-fraudulent-transactions/,digital fraud,General Cybercrime / Cyber Fraud Terms,General Cybercrime,THIRD-PARTY,NA-13428.txt,Keyword matched: digital fraud
NA-13429,31-03-2026,Soubhik Sarkar,Medianama,medianama.com,18-03-2019,51% of ad fraud came through e-commerce in 2018: TechARC digital report,https://www.medianama.com/2019/03/223-techarc-ad-fraud-digital-report-2018/,digital fraud,General Cybercrime / Cyber Fraud Terms,General Cybercrime,THIRD-PARTY,NA-13429.txt,Keyword matched: digital fraud
NA-13430,31-03-2026,Soubhik Sarkar,Medianama,medianama.com,07-07-2017,The Lowdown: RBI’s new guidelines for dealing with fraud digital transactions,https://www.medianama.com/2017/07/223-credit-card-debit-card-fraud-bank-rbi/,digital fraud,General Cybercrime / Cyber Fraud Terms,General Cybercrime,THIRD-PARTY,NA-13430.txt,Keyword matched: digital fraud
NA-13431,31-03-2026,Soubhik Sarkar,Medianama,medianama.com,12-01-2026,"RBI Governor Calls For Near Real-Time, Tech-Driven Supervision To Tackle Digital Banking Risks",https://www.medianama.com/2026/01/223-rbi-governor-near-real-time-tech-driven-supervision-digital-banking-risks/,digital fraud,General Cybercrime / Cyber Fraud Terms,General Cybercrime,NEAR-MISS,NA-13431.txt,Keyword matched: digital fraud
NA-13432,31-03-2026,Soubhik Sarkar,Medianama,medianama.com,17-12-2025,India not planning separate AI law; Digital India Act remains stalled,https://www.medianama.com/2025/12/223-india-ai-law-digital-india-act-stalled/,digital fraud,General Cybercrime / Cyber Fraud Terms,General Cybercrime,THIRD-PARTY,NA-13432.txt,Keyword matched: digital fraud
NA-13433,31-03-2026,Soubhik Sarkar,Medianama,medianama.com,17-12-2025,SEBI Gets Power to Order Removal of False Stock Content on Digital Platforms: What it Means,https://www.medianama.com/2025/12/223-sebi-takedown-misleading-stock-content-online/,digital fraud,General Cybercrime / Cyber Fraud Terms,General Cybercrime,VICTIM,NA-13433.txt,Keyword matched: digital fraud
NA-13434,31-03-2026,Soubhik Sarkar,Medianama,medianama.com,01-12-2025,"Explained: RBI Issues Final Guidelines For Digital Banking Channels, Makes Consent For Onboarding Mandatory",https://www.medianama.com/2025/12/223-rbi-digital-banking-channels-guidelines/,digital fraud,General Cybercrime / Cyber Fraud Terms,General Cybercrime,THIRD-PARTY,NA-13434.txt,Keyword matched: digital fraud
NA-13435,31-03-2026,Soubhik Sarkar,Medianama,medianama.com,11-11-2025,What SEBI’s Warning On ‘Digital Gold’ Means For Investors,https://www.medianama.com/2025/11/223-sebis-warning-digital-gold/,digital fraud,General Cybercrime / Cyber Fraud Terms,General Cybercrime,THIRD-PARTY,NA-13435.txt,Keyword matched: digital fraud
NA-13436,31-03-2026,Soubhik Sarkar,Medianama,medianama.com,21-10-2025,Supreme Court Issues Notice To Centre Over ‘Digital Arrest’ Cases After Fake Judicial Seals Usage,https://www.medianama.com/2025/10/223-supreme-court-notice-centre-digital-arrest-judicial-seals/,digital fraud,General Cybercrime / Cyber Fraud Terms,General Cybercrime,VICTIM,NA-13436.txt,Keyword matched: digital fraud
NA-13437,31-03-2026,Soubhik Sarkar,Medianama,medianama.com,18-10-2025,UIDAI Launches Innovation Contest To Fortify Digital Identity Ecosystem,https://www.medianama.com/2025/10/223-uidai-innovation-contest-digital-identity-ecosystem/,digital fraud,General Cybercrime / Cyber Fraud Terms,General Cybercrime,THIRD-PARTY,NA-13437.txt,Keyword matched: digital fraud
NA-13438,31-03-2026,Soubhik Sarkar,Medianama,medianama.com,17-10-2025,Digital Consent Platform Piloted By TRAI And RBI To Wrap Up In February 2026,https://www.medianama.com/2025/10/223-digital-consent-platform-trai-rbi-february-2026/,digital fraud,General Cybercrime / Cyber Fraud Terms,General Cybercrime,THIRD-PARTY,NA-13438.txt,Keyword matched: digital fraud
NA-13439,31-03-2026,Soubhik Sarkar,Medianama,medianama.com,13-10-2025,"RBI Governor Charts India’s Fintech Future with New Focus on AI, Digital Rupee, and Data Aggregation",https://www.medianama.com/2025/10/223-rbi-governor-fintech-vision-inclusion-trust-2025-digital-rupee-ai-dpi/,digital fraud,General Cybercrime / Cyber Fraud Terms,General Cybercrime,THIRD-PARTY,NA-13439.txt,Keyword matched: digital fraud
NA-13440,31-03-2026,Soubhik Sarkar,Medianama,medianama.com,09-10-2025,Razorpay Launches Biometric Authentication for Card Payments: What It Means for India’s Digital Payments,https://www.medianama.com/2025/10/223-razorpay-biometric-authentication-card-payments/,digital fraud,General Cybercrime / Cyber Fraud Terms,General Cybercrime,VICTIM,NA-13440.txt,Keyword matched: digital fraud
NA-13441,31-03-2026,Soubhik Sarkar,Medianama,medianama.com,26-09-2025,RBI Mandates Two-Factor Authentication for Digital Payments: What It Means?,https://www.medianama.com/2025/09/223-rbi-two-factor-authentication-digital-payments/,digital fraud,General Cybercrime / Cyber Fraud Terms,General Cybercrime,NEAR-MISS,NA-13441.txt,Keyword matched: digital fraud
NA-13442,31-03-2026,Soubhik Sarkar,Medianama,medianama.com,24-09-2025,Business Insider Sues Google In The US Over Its Alleged Digital Ads Monopoly,https://www.medianama.com/2025/09/223-business-insider-google-us-digital-ads-monopoly/,digital fraud,General Cybercrime / Cyber Fraud Terms,General Cybercrime,NEAR-MISS,NA-13442.txt,Keyword matched: digital fraud
NA-13443,31-03-2026,Soubhik Sarkar,Medianama,medianama.com,17-09-2025,MobiKwik Suffers Rs 40 Crore Fraud Via UPI Transactions as Police Springs into Action,https://www.medianama.com/2025/09/223-mobikwik-40-crore-upi-fraud/,digital fraud,General Cybercrime / Cyber Fraud Terms,General Cybercrime,NEAR-MISS,NA-13443.txt,Keyword matched: digital fraud
NA-13444,31-03-2026,Soubhik Sarkar,Medianama,medianama.com,01-09-2025,Why MIB Wants a Govt Platform for Licensing Live Events & Digital Music Rights,https://www.medianama.com/2025/09/223-mib-portals-licensing-live-events-digital-music-rights-india/,digital fraud,General Cybercrime / Cyber Fraud Terms,General Cybercrime,THIRD-PARTY,NA-13444.txt,Keyword matched: digital fraud
NA-13445,31-03-2026,Soubhik Sarkar,Medianama,medianama.com,07-08-2025,What are the financial and operational burdens of the draft MNV Rules on digital businesses? #NAMA,https://www.medianama.com/2025/08/223-financial-operational-burdens-draft-mnv-rules-nama/,digital fraud,General Cybercrime / Cyber Fraud Terms,General Cybercrime,NEAR-MISS,NA-13445.txt,Keyword matched: digital fraud
NA-13446,31-03-2026,Soubhik Sarkar,Medianama,medianama.com,23-07-2025,How RBI’s 2025 Digital Banking Directions Seek to Ensure Financial Inclusion,https://www.medianama.com/2025/07/223-rbi-2025-digital-banking-directions-ensure-financial-inclusion/,digital fraud,General Cybercrime / Cyber Fraud Terms,General Cybercrime,THIRD-PARTY,NA-13446.txt,Keyword matched: digital fraud
NA-13447,31-03-2026,Soubhik Sarkar,Medianama,medianama.com,25-06-2025,Analyzing the India-UK FTA: Is India Giving Up Its ‘Digital Sovereignty’ Dream?,https://www.medianama.com/2025/06/223-india-uk-fta-digital-sovereignty/,digital fraud,General Cybercrime / Cyber Fraud Terms,General Cybercrime,THIRD-PARTY,NA-13447.txt,Keyword matched: digital fraud
NA-13448,31-03-2026,Soubhik Sarkar,Medianama,medianama.com,17-06-2025,TRAI’s New Pilot Aims to Tackle Spam Calls Through Digital Consent Framework,https://www.medianama.com/2025/06/223-trai-rolls-out-digital-consent-pilot-spam-calls/,digital fraud,General Cybercrime / Cyber Fraud Terms,General Cybercrime,THIRD-PARTY,NA-13448.txt,Keyword matched: digital fraud
NA-13449,31-03-2026,Soubhik Sarkar,Medianama,medianama.com,17-06-2025,How NPCI’s New UPI Changes Will Impact Transaction Speed and Fraud Prevention,https://www.medianama.com/2025/06/223-npci-upi-changes-transaction-speed-fraud-prevention/,digital fraud,General Cybercrime / Cyber Fraud Terms,General Cybercrime,THIRD-PARTY,NA-13449.txt,Keyword matched: digital fraud
NA-13450,31-03-2026,Soubhik Sarkar,Medianama,medianama.com,30-05-2025,"Digital Rupee Circulation Jumps to Rs 1,016.5 Crore in 2025: RBI Report",https://www.medianama.com/2025/05/223-fintech-highlights-rbi-annual-report-2025/,digital fraud,General Cybercrime / Cyber Fraud Terms,General Cybercrime,THIRD-PARTY,NA-13450.txt,Keyword matched: digital fraud
NA-13451,31-03-2026,Soubhik Sarkar,Medianama,medianama.com,21-05-2025,"SC Asks Govt on Lack of Crypto Regulations Amid Fraud Case, Flags Practical Legal Challenges",https://www.medianama.com/2025/05/223-sc-questions-govt-on-crypto-oversight/,digital fraud,General Cybercrime / Cyber Fraud Terms,General Cybercrime,NEAR-MISS,NA-13451.txt,Keyword matched: digital fraud
NA-13452,31-03-2026,Soubhik Sarkar,Medianama,medianama.com,10-04-2025,"Four Men Arrested in Uttar Pradesh for Aadhaar Fraud, 1,500 Records Manipulated",https://www.medianama.com/2025/04/223-aadhaar-fraud-uttar-pradesh-1500-cards-compromised/,digital fraud,General Cybercrime / Cyber Fraud Terms,General Cybercrime,THIRD-PARTY,NA-13452.txt,Keyword matched: digital fraud
NA-13453,31-03-2026,Soubhik Sarkar,Medianama,medianama.com,03-04-2025,"NPCI Pilots AI Models to Curb UPI Fraud After Rs 1,087 Crore in Losses",https://www.medianama.com/2025/04/223-npci-ai-upi-fraud-detection/,digital fraud,General Cybercrime / Cyber Fraud Terms,General Cybercrime,THIRD-PARTY,NA-13453.txt,Keyword matched: digital fraud
NA-13454,31-03-2026,Soubhik Sarkar,Medianama,medianama.com,28-03-2025,MobiKwik Hit by Rs 1.26 Cr Fraud; Ex-Employee in Custody,https://www.medianama.com/2025/03/223-mobikwik-hit-by-rs-1-26-cr-fraud-ex-employee-in-custody/,digital fraud,General Cybercrime / Cyber Fraud Terms,General Cybercrime,THIRD-PARTY,NA-13454.txt,Keyword matched: digital fraud
NA-13455,31-03-2026,Soubhik Sarkar,Medianama,medianama.com,27-03-2025,"India Blocks 83K WhatsApp and 3.9K  Skype IDs, SIMs to Tackle Digital Arrests Despite Lack of Data",https://www.medianama.com/2025/03/223-india-blocks-whatsapp-skype-ids-sims-to-tackle-digital-arrests/,digital fraud,General Cybercrime / Cyber Fraud Terms,General Cybercrime,THIRD-PARTY,NA-13455.txt,Keyword matched: digital fraud
NA-13456,31-03-2026,Soubhik Sarkar,Medianama,medianama.com,06-03-2025,"Why India’s Digital Drive Should Not Neglect Elderly Citizens, Disabled People And Children",https://www.medianama.com/2025/03/223-india-digital-drive-should-not-ignore-senior-citizens-disabled-pwd-children/,digital fraud,General Cybercrime / Cyber Fraud Terms,General Cybercrime,VICTIM,NA-13456.txt,Keyword matched: digital fraud
NA-13457,31-03-2026,Soubhik Sarkar,Medianama,medianama.com,04-03-2025,MPAI Report: How Privacy Concerns Are Undermining Public Trust in Digital Finance in India,https://www.medianama.com/2025/03/223-mpai-report-how-privacy-concerns-are-undermining-public-trust-in-digital-finance-in-india/,digital fraud,General Cybercrime / Cyber Fraud Terms,General Cybercrime,THIRD-PARTY,NA-13457.txt,Keyword matched: digital fraud
NA-13458,31-03-2026,Soubhik Sarkar,Medianama,medianama.com,19-02-2025,How not to screw up your Digital Public Infrastructure,https://www.medianama.com/2025/02/223-how-not-to-screw-up-your-digital-public-infrastructure-dpi/,digital fraud,General Cybercrime / Cyber Fraud Terms,General Cybercrime,THIRD-PARTY,NA-13458.txt,Keyword matched: digital fraud
NA-13459,31-03-2026,Soubhik Sarkar,Medianama,medianama.com,17-02-2025,Dark Web to Digital Wallets: How ED Seized Over 1600 Crore in Bitconnect Cryptocurrency Scam,https://www.medianama.com/2025/02/223-ed-seizes-rs-1600-crore-bitconnect-cryptocurrency-scam/,digital fraud,General Cybercrime / Cyber Fraud Terms,General Cybercrime,THIRD-PARTY,NA-13459.txt,Keyword matched: digital fraud
NA-13460,31-03-2026,Soubhik Sarkar,Medianama,medianama.com,05-12-2024,SEBI Clarification: Digital Platforms Not Obligated to Gain Specified Digital Platform Recognition,https://www.medianama.com/2024/12/223-sebi-clarification-sdp-digital-platforms/,digital fraud,General Cybercrime / Cyber Fraud Terms,General Cybercrime,THIRD-PARTY,NA-13460.txt,Keyword matched: digital fraud
NA-13461,31-03-2026,Soubhik Sarkar,Medianama,medianama.com,04-12-2024,"India Blocks 59,000 WhatsApp Accounts, 1,700 Skype IDs Amid Surge in Digital Arrest Scams",https://www.medianama.com/2024/12/223-india-blocks-59000-whatsapp-accounts-1700-skype-ids-amid-surge-in-digital-arrest-scams/,digital fraud,General Cybercrime / Cyber Fraud Terms,General Cybercrime,VICTIM,NA-13461.txt,Keyword matched: digital fraud
NA-13462,31-03-2026,Soubhik Sarkar,Medianama,medianama.com,05-04-2024,Voice Cloning Scams: The Alarming Use of Artificial Intelligence by Cybercriminals,https://www.medianama.com/2024/04/223-voice-cloning-scams-cybercriminals-ai/,cyber scam,General Cybercrime / Cyber Fraud Terms,Cyber Scam,VICTIM,NA-13462.txt,Keyword matched: cyber scam
NA-13463,31-03-2026,Soubhik Sarkar,Medianama,medianama.com,20-10-2022,Indian cybersecurity watchdog warns citizens of festival-themed scams,https://www.medianama.com/2022/10/223-cert-in-advisory-festival-scams/,cyber scam,General Cybercrime / Cyber Fraud Terms,Cyber Scam,VICTIM,NA-13463.txt,Keyword matched: cyber scam
NA-13464,31-03-2026,Soubhik Sarkar,Medianama,medianama.com,06-04-2011,"Morning Digest 06-04-2011: 2G Scam, Cybersquatting, Amazon NFC, AOL-Play",https://www.medianama.com/2011/04/223-morning-digest-06-04-2011-2g-scam-cybersquatting-amazon-nfc-aol-play/,cyber scam,General Cybercrime / Cyber Fraud Terms,Cyber Scam,THIRD-PARTY,NA-13464.txt,Keyword matched: cyber scam
NA-13465,31-03-2026,Soubhik Sarkar,Medianama,medianama.com,05-04-2011,"Morning Digest 05-04-2011: 2G Scam Files; Google, Twitter, Amazon Cloud Player, CyberMedia, Vodafone",https://www.medianama.com/2011/04/223-morning-digest-05-04-2011-2g-scam-files-google-twitter-amazon-cloud-player-cybermedia-vodafone/,cyber scam,General Cybercrime / Cyber Fraud Terms,Cyber Scam,THIRD-PARTY,NA-13465.txt,Keyword matched: cyber scam
NA-13466,31-03-2026,Soubhik Sarkar,Medianama,medianama.com,12-03-2026,Meta announces anti-scam tools; internal documents show it profited from the same problem,https://www.medianama.com/2026/03/223-meta-announces-anti-scam-tools-internal-documents-profited-same-problem/,cyber scam,General Cybercrime / Cyber Fraud Terms,Cyber Scam,THIRD-PARTY,NA-13466.txt,Keyword matched: cyber scam
NA-13467,31-03-2026,Soubhik Sarkar,Medianama,medianama.com,13-11-2025,ED Attaches Assets Worth Over Rs 20 Crore In Coinbase Phishing Scam,https://www.medianama.com/2025/11/223-ed-coinbase-fraud-rs-21-crore-assets-seized/,cyber scam,General Cybercrime / Cyber Fraud Terms,Cyber Scam,VICTIM,NA-13467.txt,Keyword matched: cyber scam
NA-13468,31-03-2026,Soubhik Sarkar,Medianama,medianama.com,23-10-2025,"Meta Removes 8 Million Scam Accounts Targeting Seniors, New Safety Features Added",https://www.medianama.com/2025/10/223-meta-8-million-scam-accounts-online-fraud-older-adults/,cyber scam,General Cybercrime / Cyber Fraud Terms,Cyber Scam,VICTIM,NA-13468.txt,Keyword matched: cyber scam
NA-13469,31-03-2026,Soubhik Sarkar,Medianama,medianama.com,01-09-2025,ED Attaches Over Rs 394 Crore In Assets In Bike Bot Ponzi Scam,https://www.medianama.com/2025/09/223-ed-seizes-394-cr-assets-bike-bot-ponzi/,cyber scam,General Cybercrime / Cyber Fraud Terms,Cyber Scam,THIRD-PARTY,NA-13469.txt,Keyword matched: cyber scam
NA-13470,31-03-2026,Soubhik Sarkar,Medianama,medianama.com,11-08-2025,ED Files Prosecution Complaint Against Chinese Scam App,https://www.medianama.com/2025/08/223-ed-files-case-dani-data-betting-app-scam/,cyber scam,General Cybercrime / Cyber Fraud Terms,Cyber Scam,THIRD-PARTY,NA-13470.txt,Keyword matched: cyber scam
NA-13471,31-03-2026,Soubhik Sarkar,Medianama,medianama.com,15-07-2025,"Delhi HC Denies Bail in Rs 50 Cr Cryptocurrency Scam, Citing Flight Risks",https://www.medianama.com/2025/07/223-delhi-hc-50-cr-cryptocurrency-scam-flight-risks/,cyber scam,General Cybercrime / Cyber Fraud Terms,Cyber Scam,VICTIM,NA-13471.txt,Keyword matched: cyber scam
NA-13472,31-03-2026,Soubhik Sarkar,Medianama,medianama.com,10-07-2025,"Delhi HC Orders Telecoms, WhatsApp to block Tira Scam Accounts After Rs 41 Lakh Loss",https://www.medianama.com/2025/07/223-delhi-high-court-telecoms-whatsapp-npci-block-tira-scam-accounts/,cyber scam,General Cybercrime / Cyber Fraud Terms,Cyber Scam,VICTIM,NA-13472.txt,Keyword matched: cyber scam
NA-13473,31-03-2026,Soubhik Sarkar,Medianama,medianama.com,18-06-2025,Fake ‘Jio Eat’ Website Scamming Users with False Offers: All You Need To Know,https://www.medianama.com/2025/06/223-jio-eat-website-false-offers/,cyber scam,General Cybercrime / Cyber Fraud Terms,Cyber Scam,THIRD-PARTY,NA-13473.txt,Keyword matched: cyber scam
NA-13474,31-03-2026,Soubhik Sarkar,Medianama,medianama.com,17-06-2025,"Zoomcar Confirms Cyberattack, 84 Lakh Users’ Personal Data Leaked",https://www.medianama.com/2025/06/223-zoomcar-data-breach-84-lakh-users/,cyber scam,General Cybercrime / Cyber Fraud Terms,Cyber Scam,THIRD-PARTY,NA-13474.txt,Keyword matched: cyber scam
NA-13475,31-03-2026,Soubhik Sarkar,Medianama,medianama.com,05-06-2025,How Delhi Police Cracked Loan Scams That Used Synthetic Account Kits To Create Fake Banking Profiles,https://www.medianama.com/2025/06/223-delhi-police-exposes-loan-scam-that-used-synthetic-banking-kits/,cyber scam,General Cybercrime / Cyber Fraud Terms,Cyber Scam,VICTIM,NA-13475.txt,Keyword matched: cyber scam
NA-13476,31-03-2026,Soubhik Sarkar,Medianama,medianama.com,19-05-2025,"How PoS Agents Created a Ghost SIM Card Network Exploited by Cybercriminals, Reveals CBI Probe",https://www.medianama.com/2025/05/223-cbi-ghost-sim-fraud-pos-agent-involvement/,cyber scam,General Cybercrime / Cyber Fraud Terms,Cyber Scam,VICTIM,NA-13476.txt,Keyword matched: cyber scam
NA-13477,31-03-2026,Soubhik Sarkar,Medianama,medianama.com,14-02-2025,Playing Cat And Mouse With Scammers: How Babu Pooniawalla Took Down Over 8300 Fake Apps,https://www.medianama.com/2025/02/223-interview-babu-pooniawalla-taking-down-8300-fake-apps-google-apple-app-stores/,cyber scam,General Cybercrime / Cyber Fraud Terms,Cyber Scam,VICTIM,NA-13477.txt,Keyword matched: cyber scam
NA-13478,31-03-2026,Soubhik Sarkar,Medianama,medianama.com,10-02-2025,RBI Introduces Exclusive ‘bank.in’ Domain for Indian Banks to Curb Scam,https://www.medianama.com/2025/02/223-rbi-introduces-bank-dot-in-domain-indian-banks-curb-scam/,cyber scam,General Cybercrime / Cyber Fraud Terms,Cyber Scam,THIRD-PARTY,NA-13478.txt,Keyword matched: cyber scam
NA-13479,31-03-2026,Soubhik Sarkar,Medianama,medianama.com,13-01-2025,"Supreme Court Warns Users Against Fake Websites, Phishing Scams",https://www.medianama.com/2025/01/223-supreme-court-warns-users-fake-websites-phishing-scams/,cyber scam,General Cybercrime / Cyber Fraud Terms,Cyber Scam,THIRD-PARTY,NA-13479.txt,Keyword matched: cyber scam
NA-13480,31-03-2026,Soubhik Sarkar,Medianama,medianama.com,08-11-2024,"As ‘Digital Arrest’ Scams Rise in India, Skype Sends Alerts To Protect Users",https://www.medianama.com/2024/11/223-as-digital-arrest-scams-rise-in-india-skype-sends-alerts-to-protect-users/,cyber scam,General Cybercrime / Cyber Fraud Terms,Cyber Scam,VICTIM,NA-13480.txt,Keyword matched: cyber scam
NA-13481,31-03-2026,Soubhik Sarkar,Medianama,medianama.com,06-11-2024,Madras High Court directs Telegram to Block Scam Accounts Impersonating PhonePe,https://www.medianama.com/2024/11/223-madras-high-court-directs-telegram-to-block-scam-accounts-impersonating-phonepe/,cyber scam,General Cybercrime / Cyber Fraud Terms,Cyber Scam,THIRD-PARTY,NA-13481.txt,Keyword matched: cyber scam
NA-13482,31-03-2026,Soubhik Sarkar,Medianama,medianama.com,07-10-2024,Meta employs FIRE Program to combat Financial Scams in UK and Australia,https://www.medianama.com/2024/10/223-meta-fire-program-financial-scams-uk-australia/,cyber scam,General Cybercrime / Cyber Fraud Terms,Cyber Scam,VICTIM,NA-13482.txt,Keyword matched: cyber scam
NA-13483,31-03-2026,Soubhik Sarkar,Medianama,medianama.com,05-08-2024,Karnataka Unveils Cyber Security Policy with ₹100 Crore Budget,https://www.medianama.com/2024/08/223-karnataka-unveils-cyber-security-policy-with-%e2%82%b9100-crore-budget/,cyber scam,General Cybercrime / Cyber Fraud Terms,Cyber Scam,THIRD-PARTY,NA-13483.txt,Keyword matched: cyber scam
NA-13484,31-03-2026,Soubhik Sarkar,Medianama,medianama.com,15-07-2024,WhatsApp Signs Deal With Tanla For AI-Based Solution For Scams,https://www.medianama.com/2024/07/223-whatsapp-signs-deal-with-tanla-for-ai-solution-for-scams/,cyber scam,General Cybercrime / Cyber Fraud Terms,Cyber Scam,NEAR-MISS,NA-13484.txt,Keyword matched: cyber scam
NA-13485,31-03-2026,Soubhik Sarkar,Medianama,medianama.com,31-05-2024,US-led Operation Busts Massive Botnet Used By Cybercriminals,https://www.medianama.com/2024/05/223-us-led-operation-busts-massive-botnet-used-by-cybercriminals/,cyber scam,General Cybercrime / Cyber Fraud Terms,Cyber Scam,THIRD-PARTY,NA-13485.txt,Keyword matched: cyber scam
NA-13486,31-03-2026,Soubhik Sarkar,Medianama,medianama.com,28-05-2024,"Department of Telecommunications Blacklists Entities for Sending Over 10,000 Scam Messages",https://www.medianama.com/2024/05/223-department-of-telecommunications-blacklists-entities-for-sending-over-10000-scam-messages/,cyber scam,General Cybercrime / Cyber Fraud Terms,Cyber Scam,THIRD-PARTY,NA-13486.txt,Keyword matched: cyber scam
NA-13487,31-03-2026,Soubhik Sarkar,Medianama,medianama.com,19-01-2024,"A bug in the Corporate Affairs Ministry portal exposed personal data of all company directors, cybersecurity researcher claims",https://www.medianama.com/2024/01/223-mca-portal-personal-data-leak-2/,cyber scam,General Cybercrime / Cyber Fraud Terms,Cyber Scam,THIRD-PARTY,NA-13487.txt,Keyword matched: cyber scam
NA-13488,31-03-2026,Soubhik Sarkar,Medianama,medianama.com,07-12-2023,IT Ministry Blocks 100+ Websites Linked to Investment and Employment Scams,https://www.medianama.com/2023/12/223-it-ministry-blocks-websites-investment-scams/,cyber scam,General Cybercrime / Cyber Fraud Terms,Cyber Scam,VICTIM,NA-13488.txt,Keyword matched: cyber scam
NA-13489,31-03-2026,Soubhik Sarkar,Medianama,medianama.com,20-11-2023,India’s Cybersecurity Agency Investigates Possible Chinese Link in iPhone Breach Attempt: Report,https://www.medianama.com/2023/11/223-cert-in-probe-china-link-iphone-breach-2/,cyber scam,General Cybercrime / Cyber Fraud Terms,Cyber Scam,THIRD-PARTY,NA-13489.txt,Keyword matched: cyber scam
NA-13490,31-03-2026,Soubhik Sarkar,Medianama,medianama.com,14-07-2023,G20 Cybersecurity Summit: Home Minister Amit Shah Calls for Uniformity in Cybersecurity Laws Across the Globe,https://www.medianama.com/2023/07/223-g20-amit-shah-calls-for-uniformity-in-cybersecurity-laws/,cyber scam,General Cybercrime / Cyber Fraud Terms,Cyber Scam,THIRD-PARTY,NA-13490.txt,Keyword matched: cyber scam
NA-13491,31-03-2026,Soubhik Sarkar,Medianama,medianama.com,23-06-2023,Delhi police arrests work-from-home scammers: Another example of how Fraud stack works,https://www.medianama.com/2023/06/223-delhi-police-arrests-work-from-home-scammers-another-example-of-how-fraud-stack-works/,cyber scam,General Cybercrime / Cyber Fraud Terms,Cyber Scam,THIRD-PARTY,NA-13491.txt,Keyword matched: cyber scam
NA-13492,31-03-2026,Soubhik Sarkar,Medianama,medianama.com,11-05-2023,India’s cybersecurity agency warns about threats posed by AI models,https://www.medianama.com/2023/05/223-cert-in-advisory-generative-ai-models-threats/,cyber scam,General Cybercrime / Cyber Fraud Terms,Cyber Scam,THIRD-PARTY,NA-13492.txt,Keyword matched: cyber scam
NA-13493,31-03-2026,Soubhik Sarkar,Medianama,medianama.com,29-03-2023,Why is a scammer the best fintech founder in the world? #NAMA,https://www.medianama.com/2023/03/223-fraud-stack-lucrative-than-fintech-nama-2/,cyber scam,General Cybercrime / Cyber Fraud Terms,Cyber Scam,VICTIM,NA-13493.txt,Keyword matched: cyber scam
NA-13494,31-03-2026,Soubhik Sarkar,Medianama,medianama.com,24-03-2023,Cyberabad police bust a gang selling personal data of 16.8 Crore citizens,https://www.medianama.com/2023/03/223-hyderabad-police-personal-data-16-crore-citizens-sold/,cyber scam,General Cybercrime / Cyber Fraud Terms,Cyber Scam,THIRD-PARTY,NA-13494.txt,Keyword matched: cyber scam
NA-13495,31-03-2026,Soubhik Sarkar,Medianama,medianama.com,06-02-2023,Medianama Daily: The “Yes Boss” scam that can happen to you,https://www.medianama.com/2023/02/223-medianama-daily-newsletter-the-yes-boss-scam-2/,cyber scam,General Cybercrime / Cyber Fraud Terms,Cyber Scam,THIRD-PARTY,NA-13495.txt,Keyword matched: cyber scam
NA-13496,31-03-2026,Soubhik Sarkar,Medianama,medianama.com,11-01-2023,Scam Alert: Ghaziabad resident almost duped into sending 95k to fake police officer,https://www.medianama.com/2023/01/223-ghaziabad-resident-almost-duped-95k-fake-police-officer-fraud-3/,cyber scam,General Cybercrime / Cyber Fraud Terms,Cyber Scam,NEAR-MISS,NA-13496.txt,Keyword matched: cyber scam
NA-13497,31-03-2026,Soubhik Sarkar,Medianama,medianama.com,29-11-2022,What can we learn about crypto scams from WazirX’s latest transparency report?,https://www.medianama.com/2022/11/223-wazirx-transparency-report-crypto-scams-2/,cyber scam,General Cybercrime / Cyber Fraud Terms,Cyber Scam,NEAR-MISS,NA-13497.txt,Keyword matched: cyber scam
NA-13498,31-03-2026,Soubhik Sarkar,Medianama,medianama.com,05-05-2022,Why India’s new cybersecurity directive is a bad joke,https://www.medianama.com/2022/05/223-cert-cybersecurity-directions-are-a-joke-3/,cyber scam,General Cybercrime / Cyber Fraud Terms,Cyber Scam,THIRD-PARTY,NA-13498.txt,Keyword matched: cyber scam
NA-13499,31-03-2026,Soubhik Sarkar,Medianama,medianama.com,05-05-2022,"TLDR: Amazon, Future Retail, Ola Electric, Google, Starbucks, NFTs, WhatsApp scam",https://www.medianama.com/2022/05/223-amazon-future-retail-ola-electric-google-tldr-3/,cyber scam,General Cybercrime / Cyber Fraud Terms,Cyber Scam,THIRD-PARTY,NA-13499.txt,Keyword matched: cyber scam
NA-13500,31-03-2026,Soubhik Sarkar,Medianama,medianama.com,21-04-2022,"TLDR: YouTube, Microsoft, Jio, Airtel, Oil India, cyber attack, drones, e-Shram, gig workers",https://www.medianama.com/2022/04/223-youtube-microsoft-jio-airtel-oil-india-cyber-attack-tldr/,cyber scam,General Cybercrime / Cyber Fraud Terms,Cyber Scam,VICTIM,NA-13500.txt,Keyword matched: cyber scam
NA-13501,31-03-2026,Soubhik Sarkar,Medianama,medianama.com,31-03-2022,Crypto scam which cost 900 people crores of rupees unravelled by Enforcement Directorate,https://www.medianama.com/2022/03/223-crypto-scam-kerala-enforcement-directorate/,cyber scam,General Cybercrime / Cyber Fraud Terms,Cyber Scam,VICTIM,NA-13501.txt,Keyword matched: cyber scam
NA-13502,31-03-2026,Soubhik Sarkar,Medianama,medianama.com,06-02-2017,"Busted: Online scam duped 650k users of Rs 3,700 crore",https://www.medianama.com/2017/02/223-online-scam-busted/,online scam,General Cybercrime / Cyber Fraud Terms,Cyber Scam,THIRD-PARTY,NA-13502.txt,Keyword matched: online scam
NA-13503,31-03-2026,Soubhik Sarkar,Medianama,medianama.com,06-01-2026,"Meta Used ‘Playbook’ To Delay Action On Scam Ads, Internal Documents Reveal",https://www.medianama.com/2026/01/223-meta-playbook-delay-action-scam-ads-internal-documents/,online scam,General Cybercrime / Cyber Fraud Terms,Cyber Scam,NEAR-MISS,NA-13503.txt,Keyword matched: online scam
NA-13504,31-03-2026,Soubhik Sarkar,Medianama,medianama.com,21-11-2025,No Dark Patterns? Online Pharmacy Self-Audits Contradict Independent Studies and User Reports,https://www.medianama.com/2025/11/223-tata-1mg-pharmeasy-dark-pattern-self-audit/,online scam,General Cybercrime / Cyber Fraud Terms,Cyber Scam,THIRD-PARTY,NA-13504.txt,Keyword matched: online scam
NA-13505,31-03-2026,Soubhik Sarkar,Medianama,medianama.com,07-11-2025,"Meta Earned Billions Of Dollars From Scam Ads, Internal Documents Reveal",https://www.medianama.com/2025/11/223-meta-billions-dollars-scam-ads-internal-documents/,online scam,General Cybercrime / Cyber Fraud Terms,Cyber Scam,VICTIM,NA-13505.txt,Keyword matched: online scam
NA-13506,31-03-2026,Soubhik Sarkar,Medianama,medianama.com,01-05-2025,"Truecaller Launches Tool for User-Generated Reports For Scam, But How Will It Counter Its Misuse?",https://www.medianama.com/2025/05/223-truecaller-user-generated-scam-reporting-tool-fraud/,online scam,General Cybercrime / Cyber Fraud Terms,Cyber Scam,VICTIM,NA-13506.txt,Keyword matched: online scam
NA-13507,31-03-2026,Soubhik Sarkar,Medianama,medianama.com,02-04-2025,The Delhi HC Banned a Fake L’Oréal Website. Will That Deter the Next Scam?,https://www.medianama.com/2025/04/223-loreal-trademark-infringement-case/,online scam,General Cybercrime / Cyber Fraud Terms,Cyber Scam,THIRD-PARTY,NA-13507.txt,Keyword matched: online scam
NA-13508,31-03-2026,Soubhik Sarkar,Medianama,medianama.com,28-03-2025,Telangana To Form SIT To Crackdown Against Online Gambling,https://www.medianama.com/2025/03/223-telangana-to-form-sit-to-crackdown-against-online-gambling/,online scam,General Cybercrime / Cyber Fraud Terms,Cyber Scam,THIRD-PARTY,NA-13508.txt,Keyword matched: online scam
NA-13509,31-03-2026,Soubhik Sarkar,Medianama,medianama.com,22-10-2024,Meta Testing FRT To Find Scammers And Verify User Identity,https://www.medianama.com/2024/10/223-meta-testing-facial-recognition-identify-scammers-verify-user-identity/,online scam,General Cybercrime / Cyber Fraud Terms,Cyber Scam,THIRD-PARTY,NA-13509.txt,Keyword matched: online scam
NA-13510,31-03-2026,Soubhik Sarkar,Medianama,medianama.com,27-09-2024,"India’s Enforcement Directorate Arrests Four in Rs 400 Crore Feiwin Gaming Scam, Binance Helps Trace Crypto Trail",https://www.medianama.com/2024/09/223-ed-arrests-four-in-feiwin-gaming-scam-binance-helps-trace-crypto-trail/,online scam,General Cybercrime / Cyber Fraud Terms,Cyber Scam,NEAR-MISS,NA-13510.txt,Keyword matched: online scam
NA-13511,31-03-2026,Soubhik Sarkar,Medianama,medianama.com,07-03-2024,Here’s how online verification affects copyright protection: IPR expert Pravin Anand at FICCI Frames 2024,https://www.medianama.com/2024/03/223-ficci-frames-pravin-anand-online-verification-copyright/,online scam,General Cybercrime / Cyber Fraud Terms,Cyber Scam,THIRD-PARTY,NA-13511.txt,Keyword matched: online scam
NA-13512,31-03-2026,Soubhik Sarkar,Medianama,medianama.com,19-02-2024,EU’s Digital Services Act (DSA) for online platforms goes into effect,https://www.medianama.com/2024/02/223-eu-digital-services-act-goes-into-effect/,online scam,General Cybercrime / Cyber Fraud Terms,Cyber Scam,THIRD-PARTY,NA-13512.txt,Keyword matched: online scam
NA-13513,31-03-2026,Soubhik Sarkar,Medianama,medianama.com,07-12-2023,UK’s Communications Regulator Releases Consultation On Age-Gating Childrens’ Access to Online Pornography,https://www.medianama.com/2023/12/223-uk-regulator-consultation-age-gating-pornography/,online scam,General Cybercrime / Cyber Fraud Terms,Cyber Scam,THIRD-PARTY,NA-13513.txt,Keyword matched: online scam
NA-13514,31-03-2026,Soubhik Sarkar,Medianama,medianama.com,15-11-2023,Google files lawsuit against scammers who filed thousands of bogus copyright claims,https://www.medianama.com/2023/11/223-google-lawsuit-bogus-copyright-scammers-2/,online scam,General Cybercrime / Cyber Fraud Terms,Cyber Scam,THIRD-PARTY,NA-13514.txt,Keyword matched: online scam
NA-13515,31-03-2026,Soubhik Sarkar,Medianama,medianama.com,18-04-2023,Open letter: WhatsApp & other messenger apps demand revision of UK’s Online Safety Bill,https://www.medianama.com/2023/04/223-open-letter-messenger-apps-demand-revision-uk-online-safety-bill-2/,online scam,General Cybercrime / Cyber Fraud Terms,Cyber Scam,THIRD-PARTY,NA-13515.txt,Keyword matched: online scam
NA-13516,31-03-2026,Soubhik Sarkar,Medianama,medianama.com,03-11-2022,How Tattle and Hatebase Tackle Online Misinformation and Hate Speech in Non-English Languages,https://www.medianama.com/2022/11/223-interview-tattle-hatebase-regional-languages-misinformation/,online scam,General Cybercrime / Cyber Fraud Terms,Cyber Scam,NEAR-MISS,NA-13516.txt,Keyword matched: online scam
NA-13517,31-03-2026,Soubhik Sarkar,Medianama,medianama.com,29-10-2022,Draft Telecom Bill 2022: Does KYC for telecom and online services violate privacy and anonymity? #NAMA,https://www.medianama.com/2022/10/223-discussion-draft-telecom-bill-2022-kyc-requirements/,online scam,General Cybercrime / Cyber Fraud Terms,Cyber Scam,NEAR-MISS,NA-13517.txt,Keyword matched: online scam
NA-13518,31-03-2026,Soubhik Sarkar,Medianama,medianama.com,30-03-2022,"TLDR: Crypto scam busted in Kerala, bankers flag Future Retail to NCLT, Mahindra makes NFT debut, and more",https://www.medianama.com/2022/03/223-crypto-metaverse-facebook-nft-mahindra-google-play-russia-tldr/,online scam,General Cybercrime / Cyber Fraud Terms,Cyber Scam,THIRD-PARTY,NA-13518.txt,Keyword matched: online scam
NA-13519,31-03-2026,Soubhik Sarkar,Medianama,medianama.com,21-08-2021,OTP scam: SBI directed to undo Rs 18 lakh unauthorised transaction from couple’s account,https://www.medianama.com/2021/08/223-sib-consumer-commission-otp-scam-3/,online scam,General Cybercrime / Cyber Fraud Terms,Cyber Scam,VICTIM,NA-13519.txt,Keyword matched: online scam
NA-13520,31-03-2026,Soubhik Sarkar,Medianama,medianama.com,28-07-2021,"Hyderabad Police arrest one for cryptocurrency scam, says accused befriended victims through WazirX, Binance",https://www.medianama.com/2021/07/223-cryptocurrency-scam-wazirx-binance/,online scam,General Cybercrime / Cyber Fraud Terms,Cyber Scam,VICTIM,NA-13520.txt,Keyword matched: online scam
NA-13521,31-03-2026,Soubhik Sarkar,Medianama,medianama.com,11-01-2019,Facebook suspends Philippines media company’s accounts for scamming,https://www.medianama.com/2019/01/223-facebook-suspends-philipines-twinmark-accounts/,online scam,General Cybercrime / Cyber Fraud Terms,Cyber Scam,THIRD-PARTY,NA-13521.txt,Keyword matched: online scam
NA-13522,31-03-2026,Soubhik Sarkar,Medianama,medianama.com,15-10-2018,Hic-cups in Maharashtra’s online liquor delivery: To deliver or not to deliver?,https://www.medianama.com/2018/10/223-maharashtra-online-liquor-delivery-draft-policy/,online scam,General Cybercrime / Cyber Fraud Terms,Cyber Scam,THIRD-PARTY,NA-13522.txt,Keyword matched: online scam
NA-13523,31-03-2026,Soubhik Sarkar,Medianama,medianama.com,22-06-2018,Twitter acquires Smyte to combat online hate; strands Smyte’s clients,https://www.medianama.com/2018/06/223-twitter-acquires-smyte-to-combat-online-hate-strands-smytes-clients/,online scam,General Cybercrime / Cyber Fraud Terms,Cyber Scam,NEAR-MISS,NA-13523.txt,Keyword matched: online scam
NA-13524,31-03-2026,Soubhik Sarkar,Medianama,medianama.com,16-03-2018,Cloned thumb prints used to spoof biometrics and allow proxies to answer online Rajasthan Police exam,https://www.medianama.com/2018/03/223-cloned-thumb-prints-used-to-spoof-biometrics-and-allow-proxies-to-answer-online-rajasthan-police-exam/,online scam,General Cybercrime / Cyber Fraud Terms,Cyber Scam,THIRD-PARTY,NA-13524.txt,Keyword matched: online scam
NA-13525,31-03-2026,Soubhik Sarkar,Medianama,medianama.com,12-08-2013,Will ASCI Be Able To Monitor Online Ads In India?,https://www.medianama.com/2013/08/223-asci-online-ads-india/,online scam,General Cybercrime / Cyber Fraud Terms,Cyber Scam,THIRD-PARTY,NA-13525.txt,Keyword matched: online scam
NA-13526,31-03-2026,Soubhik Sarkar,Medianama,medianama.com,04-12-2012,"IRCTC Reports 31,457 Mobile Bookings In October 2012; 3.74 Lakh Online Bookings",https://www.medianama.com/2012/12/223-irctc-reports-31457-mobile-bookings-in-october-2012-3-74-lakh-online-bookings/,online scam,General Cybercrime / Cyber Fraud Terms,Cyber Scam,THIRD-PARTY,NA-13526.txt,Keyword matched: online scam
NA-13527,31-03-2026,Soubhik Sarkar,Medianama,medianama.com,24-11-2011,"News Digest: 3G Spectrum-Telcos VS Govt, 2G Scam, Social Gaming, Kashmiri Music & More",https://www.medianama.com/2011/11/223-news-digest-3g-spectrum-telcos-vs-govt-2g-scam-social-gaming-kashmiri-music-more-2/,online scam,General Cybercrime / Cyber Fraud Terms,Cyber Scam,THIRD-PARTY,NA-13527.txt,Keyword matched: online scam
NA-13528,31-03-2026,Soubhik Sarkar,Medianama,medianama.com,30-08-2011,"News Digest: 2G Scam, DoT, Rediff, OnMobile & More",https://www.medianama.com/2011/08/223-news-digest-2g-scam-dot-rediff-onmobile-more/,online scam,General Cybercrime / Cyber Fraud Terms,Cyber Scam,THIRD-PARTY,NA-13528.txt,Keyword matched: online scam
NA-13529,31-03-2026,Soubhik Sarkar,Medianama,medianama.com,12-08-2011,"News Digest: Karnataka Gaming Policy, 2G Scam, Discovery, TRAI Spectrum, DoT",https://www.medianama.com/2011/08/223-news-digest-karnataka-gaming-policy-2g-scam-discovery-trai-spectrum-dot-2/,online scam,General Cybercrime / Cyber Fraud Terms,Cyber Scam,THIRD-PARTY,NA-13529.txt,Keyword matched: online scam
NA-13530,31-03-2026,Soubhik Sarkar,Medianama,medianama.com,27-07-2011,"News Digest: Karbonn, SBI, IndiaGames, 2G Scam, Karbonn, STARGSM",https://www.medianama.com/2011/07/223-news-digest-karbonn-sbi-indiagames-2g-scam-karbonn-stargsm-2/,online scam,General Cybercrime / Cyber Fraud Terms,Cyber Scam,THIRD-PARTY,NA-13530.txt,Keyword matched: online scam
NA-13531,31-03-2026,Soubhik Sarkar,Medianama,medianama.com,14-06-2011,"News Digest: IBM, Anil Ambani, Mahindra Satyam, 2G Scam, DoT, Infibeam, Vodafone",https://www.medianama.com/2011/06/223-news-digest-ibm-anil-ambani-mahindra-satyam-2g-scam-dot-infibeam-vodafone/,online scam,General Cybercrime / Cyber Fraud Terms,Cyber Scam,THIRD-PARTY,NA-13531.txt,Keyword matched: online scam
NA-13532,31-03-2026,Soubhik Sarkar,Medianama,medianama.com,19-04-2011,"News Digest – 2G Scam, Etisalat, MTNL-BSNL, Travelocity-Mastercard, Bharti Airtel, WAVE Bloggers",https://www.medianama.com/2011/04/223-news-digest-2g-scam-etisalat-mtnl-bsnl-travelocity-mastercard-bharti-airtel-wave-bloggers/,online scam,General Cybercrime / Cyber Fraud Terms,Cyber Scam,THIRD-PARTY,NA-13532.txt,Keyword matched: online scam
NA-13533,31-03-2026,Soubhik Sarkar,Medianama,medianama.com,15-04-2011,"Digest 15-04-2011: 2G scam, BSNL FY11 Spam Calls, Flipboard, Alcatel, Facebook",https://www.medianama.com/2011/04/223-digest-15-04-2011-2g-scam-bsnl-fy11-spam-calls-flipboard-alcatel-facebook-2/,online scam,General Cybercrime / Cyber Fraud Terms,Cyber Scam,THIRD-PARTY,NA-13533.txt,Keyword matched: online scam
NA-13534,31-03-2026,Soubhik Sarkar,Medianama,medianama.com,14-04-2011,"Digest 14-04-2011: 2G scam, RIM, Gaming Market, Data.gov, On Radia Tapes, Raja, BSNL, Voice Bloggers",https://www.medianama.com/2011/04/223-digest-14-04-2011-2g-scam-rim-gaming-market-data-gov-on-radia-tapes-raja-bsnl-voice-bloggers-2/,online scam,General Cybercrime / Cyber Fraud Terms,Cyber Scam,THIRD-PARTY,NA-13534.txt,Keyword matched: online scam
NA-13535,31-03-2026,Soubhik Sarkar,Medianama,medianama.com,04-04-2011,"Morning Digest 04-04-2011: RockMelt, IE9, Handygo-ASI, Copyright Bill, 2G Scam",https://www.medianama.com/2011/04/223-morning-digest-04-04-2011-rockmelt-ie9-handygo-asi-copyright-bill-2g-scam/,online scam,General Cybercrime / Cyber Fraud Terms,Cyber Scam,THIRD-PARTY,NA-13535.txt,Keyword matched: online scam
NA-13536,31-03-2026,Soubhik Sarkar,Medianama,medianama.com,10-02-2011,"News Digest: 2G Spectrum Scam, Etisalat DB, TRAI, RCom, Aircel, Planning Commission, Tata DOCOMO, UIDAI, Facebook, Infotel, Dabur, Mobinise, Akai, Microsoft, Last.fm",https://www.medianama.com/2011/02/223-news-digest-2g-spectrum-scam-etisalat-db-trai-rcom-aircel-uidai-facebook-infotel-dabur-mobinise-akai-microsoft-last-fm/,online scam,General Cybercrime / Cyber Fraud Terms,Cyber Scam,THIRD-PARTY,NA-13536.txt,Keyword matched: online scam
NA-13537,31-03-2026,Soubhik Sarkar,Medianama,medianama.com,29-11-2010,"Updated: 2G Spectrum Scam: What To Read And Listen To, And Where",https://www.medianama.com/2010/11/223-2g-spectrum-scam-what-to-read-where/,online scam,General Cybercrime / Cyber Fraud Terms,Cyber Scam,THIRD-PARTY,NA-13537.txt,Keyword matched: online scam
NA-13538,31-03-2026,Soubhik Sarkar,Medianama,medianama.com,08-09-2010,Telecom Secretary PJ Thomas Made CVC; Will He Look Into 2G License Scam?,https://www.medianama.com/2010/09/223-dot-secretary-pj-thomas-made-central-vigilance/,online scam,General Cybercrime / Cyber Fraud Terms,Cyber Scam,THIRD-PARTY,NA-13538.txt,Keyword matched: online scam
NA-13539,31-03-2026,Soubhik Sarkar,Medianama,medianama.com,23-03-2009,#IndiaVotes09: CPI(M) Wants To Reverse FDI In Media; Alleges Telecom Scam,https://www.medianama.com/2009/03/223-indiavotes09-cpim-wants-to-reverse-fdi-in-media-alleges-telecom-scam/,online scam,General Cybercrime / Cyber Fraud Terms,Cyber Scam,THIRD-PARTY,NA-13539.txt,Keyword matched: online scam
NA-13540,31-03-2026,Soubhik Sarkar,Medianama,medianama.com,02-06-2025,Delhi High Court Issues ‘Dynamic+’ Injunctions to Protect Sadhguru’s Personality Rights,https://www.medianama.com/2025/06/223-delhi-high-court-protects-sadhguru-personality-rights/,online scam,General Cybercrime / Cyber Fraud Terms,Cyber Scam,THIRD-PARTY,NA-13540.txt,Keyword matched: online scam
NA-13541,31-03-2026,Soubhik Sarkar,Medianama,medianama.com,12-01-2024,"Internet Service Provider Hathway’s database allegedly breached, data of 4 million users exposed",https://www.medianama.com/2024/01/223-internet-service-provider-hathway-database-breached-4-million/,internet scam,General Cybercrime / Cyber Fraud Terms,Cyber Scam,VICTIM,NA-13541.txt,Keyword matched: internet scam
NA-13542,31-03-2026,Soubhik Sarkar,Medianama,medianama.com,12-06-2023,On India’s Internet Economy: 10 Talking points from the e-Conomy India report 2023,https://www.medianama.com/2023/06/223-10-talking-points-e-conomy-india-report-2023/,internet scam,General Cybercrime / Cyber Fraud Terms,Cyber Scam,THIRD-PARTY,NA-13542.txt,Keyword matched: internet scam
NA-13543,31-03-2026,Soubhik Sarkar,Medianama,medianama.com,02-05-2022,India has not signed the Declaration for the Future of the Internet,https://www.medianama.com/2022/05/223-the-declaration-for-future-of-the-internet-2/,internet scam,General Cybercrime / Cyber Fraud Terms,Cyber Scam,THIRD-PARTY,NA-13543.txt,Keyword matched: internet scam
NA-13544,31-03-2026,Soubhik Sarkar,Medianama,medianama.com,16-10-2020,"IT Parliamentary Committee discussed internet shutdowns in Delhi, Bihar",https://www.medianama.com/2020/10/223-it-parliamentary-committee-internet-shutdowns-delhi-bihar/,internet scam,General Cybercrime / Cyber Fraud Terms,Cyber Scam,THIRD-PARTY,NA-13544.txt,Keyword matched: internet scam
NA-13545,31-03-2026,Soubhik Sarkar,Medianama,medianama.com,22-07-2016,The copyright assignment scam in the Tamil film industry – SpicyIP,https://www.medianama.com/2016/07/223-copyright-assignment-scam-fight-tamil-film-industry-spicyip/,internet scam,General Cybercrime / Cyber Fraud Terms,Cyber Scam,THIRD-PARTY,NA-13545.txt,Keyword matched: internet scam
NA-13546,31-03-2026,Soubhik Sarkar,Medianama,medianama.com,16-07-2013,"India’s New Activation Process For Telco Billing Via Mobile Internet, SMS, IVR",https://www.medianama.com/2013/07/223-india-telecom-operator-billing/,internet scam,General Cybercrime / Cyber Fraud Terms,Cyber Scam,VICTIM,NA-13546.txt,Keyword matched: internet scam
NA-13547,31-03-2026,Soubhik Sarkar,Medianama,medianama.com,07-09-2011,"News Digest: Airtel-Dialogic, 2G Scam, RIM, Infosys & More",https://www.medianama.com/2011/09/223-news-digest-airtel-dialogic-2g-scam-rim-infosys-more/,internet scam,General Cybercrime / Cyber Fraud Terms,Cyber Scam,THIRD-PARTY,NA-13547.txt,Keyword matched: internet scam
NA-13548,31-03-2026,Soubhik Sarkar,Medianama,medianama.com,13-04-2011,"Digest 13-04-2011: 2G Scam, Nokia, Facebook, Microsoft",https://www.medianama.com/2011/04/223-digest-13-04-2011-2g-scam-nokia-facebook-adds-microsoft/,internet scam,General Cybercrime / Cyber Fraud Terms,Cyber Scam,THIRD-PARTY,NA-13548.txt,Keyword matched: internet scam
NA-13549,31-03-2026,Soubhik Sarkar,Medianama,medianama.com,12-02-2010,"News Digest: Dinamalar, ISPAI, Cleartrip, DNC, Airtel, WatchIndia.tv, UID, Google Transliteration & More",https://www.medianama.com/2010/02/223-news-digest-dinamalar-ispai-cleartrip-dnc-airtel-watchindia-tv-uid-google-transliteration-more/,internet scam,General Cybercrime / Cyber Fraud Terms,Cyber Scam,THIRD-PARTY,NA-13549.txt,Keyword matched: internet scam
NA-13550,31-03-2026,Soubhik Sarkar,Medianama,medianama.com,23-02-2026,Here’s What Companies Unveiled at India AI Impact Summit 2026,https://www.medianama.com/2026/02/223-here-what-companies-unveiled-at-india-ai-impact-summit-2026/,internet scam,General Cybercrime / Cyber Fraud Terms,Cyber Scam,NEAR-MISS,NA-13550.txt,Keyword matched: internet scam
NA-13551,31-03-2026,Soubhik Sarkar,Medianama,medianama.com,23-02-2026,ED Pushes Greater Use of NATGRID To Meet 500 Chargesheet Target,https://www.medianama.com/2026/02/223-ed-natgrid-chargesheet-target-fy26-500-prosecution-complaints/,internet scam,General Cybercrime / Cyber Fraud Terms,Cyber Scam,VICTIM,NA-13551.txt,Keyword matched: internet scam
NA-13552,31-03-2026,Soubhik Sarkar,Medianama,medianama.com,11-02-2026,MeitY’s New IT Rules on Synthetic Media Explained: What Platforms & Users Must Know,https://www.medianama.com/2026/02/223-platforms-users-meity-it-rules-synthetic-media/,internet scam,General Cybercrime / Cyber Fraud Terms,Cyber Scam,THIRD-PARTY,NA-13552.txt,Keyword matched: internet scam
NA-13553,31-03-2026,Soubhik Sarkar,Medianama,medianama.com,28-01-2026,Google to Pay $68M in Class Action Settlement Over Voice Assistant’s Accidental Recordings,https://www.medianama.com/2026/01/223-google-voice-assistant-recording-private-conversations-68-million/,internet scam,General Cybercrime / Cyber Fraud Terms,Cyber Scam,THIRD-PARTY,NA-13553.txt,Keyword matched: internet scam
NA-13554,31-03-2026,Soubhik Sarkar,Medianama,medianama.com,30-12-2025,Explained: Why YouTube’s AI Trailer Channel Takedowns Don’t Solve the AI Slop or Copyright Problem,https://www.medianama.com/2025/12/223-youtube-ai-trailer-takedowns-misleading-metadata/,internet scam,General Cybercrime / Cyber Fraud Terms,Cyber Scam,THIRD-PARTY,NA-13554.txt,Keyword matched: internet scam
NA-13555,31-03-2026,Soubhik Sarkar,Medianama,medianama.com,16-12-2025,YouTube Introduces Feature To Check For Community Guidelines Violations Before Publishing Videos,https://www.medianama.com/2025/12/223-youtube-check-community-guidelines-violations-before-publishing-videos/,internet scam,General Cybercrime / Cyber Fraud Terms,Cyber Scam,THIRD-PARTY,NA-13555.txt,Keyword matched: internet scam
NA-13556,31-03-2026,Soubhik Sarkar,Medianama,medianama.com,11-12-2025,Flaws in COAI’s statement supporting DOT’s SIM Binding Order,https://www.medianama.com/2025/12/223-coai-sim-binding-dot-order/,internet scam,General Cybercrime / Cyber Fraud Terms,Cyber Scam,NEAR-MISS,NA-13556.txt,Keyword matched: internet scam
NA-13557,31-03-2026,Soubhik Sarkar,Medianama,medianama.com,03-12-2025,"Why Apple, Google & Samsung Opposed the Sanchar Saathi Directive?",https://www.medianama.com/2025/12/223-apple-google-samsung-sanchar-saathi-directive/,internet scam,General Cybercrime / Cyber Fraud Terms,Cyber Scam,THIRD-PARTY,NA-13557.txt,Keyword matched: internet scam
NA-13558,31-03-2026,Soubhik Sarkar,Medianama,medianama.com,01-12-2025,SEBI Proposes Mandatory ID Disclosure On Social Media To Curb Misleading Financial Content,https://www.medianama.com/2025/12/223-sebi-mandatory-social-media-id-disclosure/,internet scam,General Cybercrime / Cyber Fraud Terms,Cyber Scam,VICTIM,NA-13558.txt,Keyword matched: internet scam
NA-13559,31-03-2026,Soubhik Sarkar,Medianama,medianama.com,19-11-2025,Limits of Labelling: Unpacking India’s Pursuit to Combat ‘Synthetically Generated Information’,https://www.medianama.com/2025/11/223-limits-labelling-india-combat-synthetically-generated-information/,internet scam,General Cybercrime / Cyber Fraud Terms,Cyber Scam,VICTIM,NA-13559.txt,Keyword matched: internet scam
NA-13560,31-03-2026,Soubhik Sarkar,Medianama,medianama.com,12-11-2025,"ASCI Says 97% Of Ad Violations Originated Digitally, Meta Hosted 78% Of Them",https://www.medianama.com/2025/11/223-asci-ad-violations-digitally-meta/,internet scam,General Cybercrime / Cyber Fraud Terms,Cyber Scam,THIRD-PARTY,NA-13560.txt,Keyword matched: internet scam
NA-13561,31-03-2026,Soubhik Sarkar,Medianama,medianama.com,21-10-2025,Delhi HC Directs Google to Create a Automated Tool to Take Down Misleading Ads About Sadhguru,https://www.medianama.com/2025/10/223-delhi-hc-sadhguru-deepfake-google-removal/,internet scam,General Cybercrime / Cyber Fraud Terms,Cyber Scam,NEAR-MISS,NA-13561.txt,Keyword matched: internet scam
NA-13562,31-03-2026,Soubhik Sarkar,Medianama,medianama.com,14-10-2025,Explainer: How Will ECI’s MCMC Monitor Misinformation & Deepfakes on Social Media?,https://www.medianama.com/2025/10/223-eci-mcmc-misinformation-deepfakes-social-media/,internet scam,General Cybercrime / Cyber Fraud Terms,Cyber Scam,THIRD-PARTY,NA-13562.txt,Keyword matched: internet scam
NA-13563,31-03-2026,Soubhik Sarkar,Medianama,medianama.com,04-10-2025,RBI Constitutes Payments Regulatory Body: What It Means,https://www.medianama.com/2025/10/223-rbi-forms-payments-regulatory-prb/,internet scam,General Cybercrime / Cyber Fraud Terms,Cyber Scam,THIRD-PARTY,NA-13563.txt,Keyword matched: internet scam
NA-13564,31-03-2026,Soubhik Sarkar,Medianama,medianama.com,03-10-2025,‘Sora 2’ Copyright Conflict: Why OpenAI Needs a Model Like YouTube’s Content ID System,https://www.medianama.com/2025/10/223-sora-2-copyright-openai-youtube-content-id-system/,internet scam,General Cybercrime / Cyber Fraud Terms,Cyber Scam,THIRD-PARTY,NA-13564.txt,Keyword matched: internet scam
NA-13565,31-03-2026,Soubhik Sarkar,Medianama,medianama.com,01-10-2025,"Explainer: How India’s Biggest Piracy Network Operated, Telangana Police Reveal",https://www.medianama.com/2025/10/223-telangana-police-busts-india-largest-piracy-network/,internet scam,General Cybercrime / Cyber Fraud Terms,Cyber Scam,NEAR-MISS,NA-13565.txt,Keyword matched: internet scam
NA-13566,31-03-2026,Soubhik Sarkar,Medianama,medianama.com,18-09-2025,Key Highlights from Samsung’s AI Forum (2025) Event,https://www.medianama.com/2025/09/223-samsung-ai-forum-2025-insights/,internet scam,General Cybercrime / Cyber Fraud Terms,Cyber Scam,NEAR-MISS,NA-13566.txt,Keyword matched: internet scam
NA-13567,31-03-2026,Soubhik Sarkar,Medianama,medianama.com,08-08-2025,COAI Asks For 24×7 SIM Binding For OTT Messaging Apps,https://www.medianama.com/2025/08/223-coai-sim-binding-ott-messaging-apps/,internet scam,General Cybercrime / Cyber Fraud Terms,Cyber Scam,THIRD-PARTY,NA-13567.txt,Keyword matched: internet scam
NA-13568,31-03-2026,Soubhik Sarkar,Medianama,medianama.com,31-07-2025,"Registrars Urge KYC For .in Domain Users, As Part of NIXI Mandate",https://www.medianama.com/2025/07/223-motherhost-kyc-in-domain-registration/,internet scam,General Cybercrime / Cyber Fraud Terms,Cyber Scam,THIRD-PARTY,NA-13568.txt,Keyword matched: internet scam
NA-13569,31-03-2026,Soubhik Sarkar,Medianama,medianama.com,24-07-2025,"Meta Expands Teen Safety Tools, Removes 600,000+ Predator-Linked Accounts",https://www.medianama.com/2025/07/223-meta-expands-teen-protection-features-removes-600k-predatory-accounts/,internet scam,General Cybercrime / Cyber Fraud Terms,Cyber Scam,VICTIM,NA-13569.txt,Keyword matched: internet scam
NA-13570,31-03-2026,Soubhik Sarkar,Medianama,medianama.com,17-06-2025,"Transport Ministry Confirms API Access to Vehicle Data, Concerns About Data Sharing with Private Companies",https://www.medianama.com/2025/06/223-api-access-vehicle-data-sharing-raising-privacy-concerns/,internet scam,General Cybercrime / Cyber Fraud Terms,Cyber Scam,NEAR-MISS,NA-13570.txt,Keyword matched: internet scam
NA-13571,31-03-2026,Soubhik Sarkar,Medianama,medianama.com,02-06-2025,Here Is What We Know And Don’t Know About Vi’s New Caller ID Service,https://www.medianama.com/2025/06/223-vi-caller-id-service/,internet scam,General Cybercrime / Cyber Fraud Terms,Cyber Scam,THIRD-PARTY,NA-13571.txt,Keyword matched: internet scam
NA-13572,31-03-2026,Soubhik Sarkar,Medianama,medianama.com,20-05-2025,Why the Supreme Court Referred the Sofia Qureshi Deepfake Case to Delhi HC,https://www.medianama.com/2025/05/223-supreme-court-referred-the-sofia-qureshi-deepfake-case-delhi-hc/,internet scam,General Cybercrime / Cyber Fraud Terms,Cyber Scam,THIRD-PARTY,NA-13572.txt,Keyword matched: internet scam
NA-13573,31-03-2026,Soubhik Sarkar,Medianama,medianama.com,28-04-2025,"ED Charges Fairplay Betting App Operators for Laundering Rs. 4,000 Crore",https://www.medianama.com/2025/04/223-fairplay-betting-app-money-laundering-rs-4000-cr/,internet scam,General Cybercrime / Cyber Fraud Terms,Cyber Scam,THIRD-PARTY,NA-13573.txt,Keyword matched: internet scam
NA-13574,31-03-2026,Soubhik Sarkar,Medianama,medianama.com,08-04-2025,Fundamental Rights at Stake? BJP Protests Signal Jammers in Prison,https://www.medianama.com/2025/04/223-mangaluru-jail-jammers-otp-upi-failure-internet/,internet scam,General Cybercrime / Cyber Fraud Terms,Cyber Scam,THIRD-PARTY,NA-13574.txt,Keyword matched: internet scam
NA-13575,31-03-2026,Soubhik Sarkar,Medianama,medianama.com,28-03-2025,Social Media Ban For Teens: Australia’s New Law Raises More Questions Than It Answers,https://www.medianama.com/2025/03/223-social-media-ban-teens-australia-new-law-raises-more-questions-than-answers/,internet scam,General Cybercrime / Cyber Fraud Terms,Cyber Scam,THIRD-PARTY,NA-13575.txt,Keyword matched: internet scam
NA-13576,31-03-2026,Soubhik Sarkar,Medianama,medianama.com,05-03-2025,Why Congress President Criticising Centre For Meddling with RTI Act Is Significant,https://www.medianama.com/2025/03/223-congress-president-criticising-centre-meddling-with-rti-act-significance/,internet scam,General Cybercrime / Cyber Fraud Terms,Cyber Scam,THIRD-PARTY,NA-13576.txt,Keyword matched: internet scam
NA-13577,31-03-2026,Soubhik Sarkar,Medianama,medianama.com,21-01-2025,Report: Scindia Defends Administrative Allocation of Satellite Spectrum Amid Industry Debate,https://www.medianama.com/2025/01/223-telecom-minister-scindia-defends-administrative-allocation-satellite-spectrum/,internet scam,General Cybercrime / Cyber Fraud Terms,Cyber Scam,THIRD-PARTY,NA-13577.txt,Keyword matched: internet scam
NA-13578,31-03-2026,Soubhik Sarkar,Medianama,medianama.com,06-01-2025,What’s in Malaysia’s social media regulation that Google and X are yet to sign up for?,https://www.medianama.com/2025/01/223-google-x-yet-to-apply-malaysia-social-media-platform-licensing-regime/,internet scam,General Cybercrime / Cyber Fraud Terms,Cyber Scam,THIRD-PARTY,NA-13578.txt,Keyword matched: internet scam
NA-13579,31-03-2026,Soubhik Sarkar,Medianama,medianama.com,27-10-2025,Explained: Why Allahabad HC’s ‘Unsaid Words’ Ruling Threatens Online Free Speech Even in Private Chats,https://www.medianama.com/2025/10/223-allahabad-hcs-unsaid-words-ruling-online-free-speech-private-chats/,online cheating,General Cybercrime / Cyber Fraud Terms,Cyber Scam,THIRD-PARTY,NA-13579.txt,Keyword matched: online cheating
NA-13580,31-03-2026,Soubhik Sarkar,Medianama,medianama.com,16-10-2025,Karnataka HC Dismisses Plea Challenging Cong MLA’s Arrest In Online Betting Case,https://www.medianama.com/2025/10/223-karnataka-hc-plea-cong-mlas-arrest-online-betting-case/,online cheating,General Cybercrime / Cyber Fraud Terms,Cyber Scam,THIRD-PARTY,NA-13580.txt,Keyword matched: online cheating
NA-13581,31-03-2026,Soubhik Sarkar,Medianama,medianama.com,16-01-2025,Bombay High Court Dismisses PIL Seeking Guidelines on Ticket Scalping and Online Resale,https://www.medianama.com/2025/01/223-bombay-hc-pil-guidelines-ticket-scalping-resale/,online cheating,General Cybercrime / Cyber Fraud Terms,Cyber Scam,THIRD-PARTY,NA-13581.txt,Keyword matched: online cheating
NA-13582,31-03-2026,Soubhik Sarkar,Medianama,medianama.com,19-10-2023,Uttar Pradesh may soon deploy Facial Recognition to prevent cheating in exams,https://www.medianama.com/2023/10/223-uttar-pradesh-facial-recognition-exam-cheating/,online cheating,General Cybercrime / Cyber Fraud Terms,Cyber Scam,THIRD-PARTY,NA-13582.txt,Keyword matched: online cheating
NA-13583,31-03-2026,Soubhik Sarkar,Medianama,medianama.com,15-09-2023,Karnataka IT Minister Shares Details of State Unit Fact-Checking Online Content: Reports,https://www.medianama.com/2023/09/223-karnataka-it-minister-state-fact-check-unit/,online cheating,General Cybercrime / Cyber Fraud Terms,Cyber Scam,THIRD-PARTY,NA-13583.txt,Keyword matched: online cheating
NA-13584,31-03-2026,Soubhik Sarkar,Medianama,medianama.com,09-03-2023,TN Govt Lacks “Legislative Competence”: Governor Returns Bill Banning Online Gambling,https://www.medianama.com/2023/03/223-tn-governor-bill-ban-online-gambling/,online cheating,General Cybercrime / Cyber Fraud Terms,Cyber Scam,NEAR-MISS,NA-13584.txt,Keyword matched: online cheating
NA-13585,31-03-2026,Soubhik Sarkar,Medianama,medianama.com,02-12-2022,Madhya Pradesh HC Grants State Government 3 Months to Draft and Clear Online Gambling Law: Report,https://www.medianama.com/2022/12/223-madhya-pradesh-hc-3-months-draft-online-gambling-law/,online cheating,General Cybercrime / Cyber Fraud Terms,Cyber Scam,THIRD-PARTY,NA-13585.txt,Keyword matched: online cheating
NA-13586,31-03-2026,Soubhik Sarkar,Medianama,medianama.com,26-08-2022,"Inspecting students’ rooms before online exams is unconstitutional, US Federal judge rules",https://www.medianama.com/2022/08/223-us-court-online-proctoring-exams-unconstitutional-3/,online cheating,General Cybercrime / Cyber Fraud Terms,Cyber Scam,THIRD-PARTY,NA-13586.txt,Keyword matched: online cheating
NA-13587,31-03-2026,Soubhik Sarkar,Medianama,medianama.com,09-02-2021,Plea in Kerala High Court demands ban on ‘any form’ online gambling until state govt forms regulatory regime,https://www.medianama.com/2021/02/223-kerala-high-court-plea-seeks-online-gambling-ban-2/,online cheating,General Cybercrime / Cyber Fraud Terms,Cyber Scam,VICTIM,NA-13587.txt,Keyword matched: online cheating
NA-13588,31-03-2026,Soubhik Sarkar,Medianama,medianama.com,08-09-2020,"Accused of elitism, exclusion, NLSIU Bengaluru eases technical requirements for online admission test",https://www.medianama.com/2020/09/223-nlsiu-bangalore-nlat-technical-requirements/,online cheating,General Cybercrime / Cyber Fraud Terms,Cyber Scam,THIRD-PARTY,NA-13588.txt,Keyword matched: online cheating
NA-13589,31-03-2026,Soubhik Sarkar,Medianama,medianama.com,21-10-2015,The case that changed online cab aggregators in India: a timeline,https://www.medianama.com/2015/10/223-uber-delhi-rape-timeline/,online cheating,General Cybercrime / Cyber Fraud Terms,Cyber Scam,VICTIM,NA-13589.txt,Keyword matched: online cheating
NA-13590,31-03-2026,Soubhik Sarkar,Medianama,medianama.com,23-08-2014,New RBI restrictions may impact your international online purchases,https://www.medianama.com/2014/08/223-rbi-online-commerce/,online cheating,General Cybercrime / Cyber Fraud Terms,Cyber Scam,THIRD-PARTY,NA-13590.txt,Keyword matched: online cheating
NA-13591,31-03-2026,Soubhik Sarkar,Medianama,medianama.com,25-03-2026,‘Article 19 is not optional’: Sagarika Ghose flags X takedown notice by Maharashtra cyber police,https://www.medianama.com/2026/03/223-maharashtra-cyber-police-x-sagarika-ghose-takedown-notice-fir/,online cheating,General Cybercrime / Cyber Fraud Terms,Cyber Scam,NEAR-MISS,NA-13591.txt,Keyword matched: online cheating
NA-13592,31-03-2026,Soubhik Sarkar,Medianama,medianama.com,25-11-2025,"ED Uncovers Algorithm Use, Fund Diversions in Raids on Gaming Platforms",https://www.medianama.com/2025/11/223-ed-raids-pocket52-winzo-gameskraft/,online cheating,General Cybercrime / Cyber Fraud Terms,Cyber Scam,NEAR-MISS,NA-13592.txt,Keyword matched: online cheating
NA-13593,31-03-2026,Soubhik Sarkar,Medianama,medianama.com,05-09-2025,ED Questions Shikhar Dhawan Over 1XBet Ads,https://www.medianama.com/2025/09/223-shikhar-dhawan-ed-questioning-1xbet-ads/,online cheating,General Cybercrime / Cyber Fraud Terms,Cyber Scam,THIRD-PARTY,NA-13593.txt,Keyword matched: online cheating
NA-13594,31-03-2026,Soubhik Sarkar,Medianama,medianama.com,10-06-2025,Opinion Trading App Probo Seeks Interim Relief as Bank Account Freeze Threatens Company’s Operations,https://www.medianama.com/2025/06/223-opinion-trading-app-probo-interim-relief-pay-employees/,online cheating,General Cybercrime / Cyber Fraud Terms,Cyber Scam,THIRD-PARTY,NA-13594.txt,Keyword matched: online cheating
NA-13595,31-03-2026,Soubhik Sarkar,Medianama,medianama.com,21-05-2025,How Illegal IPTV Streaming Pirated Rs 700 Crore Worth of JioHotstar Content,https://www.medianama.com/2025/05/223-bos-iptv-pirated-rs-700-cr-jiohotstar/,online cheating,General Cybercrime / Cyber Fraud Terms,Cyber Scam,THIRD-PARTY,NA-13595.txt,Keyword matched: online cheating
NA-13596,31-03-2026,Soubhik Sarkar,Medianama,medianama.com,20-03-2025,Telugu Celebrities Charged in an FIR for Promoting Betting Apps,https://www.medianama.com/2025/03/223-telugu-celebrities-charged-in-an-fir-for-promoting-betting-apps/,online cheating,General Cybercrime / Cyber Fraud Terms,Cyber Scam,VICTIM,NA-13596.txt,Keyword matched: online cheating
NA-13597,31-03-2026,Soubhik Sarkar,Medianama,medianama.com,17-03-2025,India’s Real-Money Gaming Industry Adopts New Code of Ethics—What’s Changed?,https://www.medianama.com/2025/03/223-indias-real-money-gaming-industry-adopts-new-code-of-ethics-whats-changed/,online cheating,General Cybercrime / Cyber Fraud Terms,Cyber Scam,THIRD-PARTY,NA-13597.txt,Keyword matched: online cheating
NA-13598,31-03-2026,Soubhik Sarkar,Medianama,medianama.com,03-03-2025,Can Maharashtra Cyber Cell ask ticketing platforms BookMyShow and Zomato to print names on tickets?,https://www.medianama.com/2025/03/223-can-maharashtra-cyber-cell-ask-ticketing-platforms-to-print-names-on-tickets/,online cheating,General Cybercrime / Cyber Fraud Terms,Cyber Scam,THIRD-PARTY,NA-13598.txt,Keyword matched: online cheating
NA-13599,31-03-2026,Soubhik Sarkar,Medianama,medianama.com,08-01-2025,Analysing MEITY’s Report on Development of AI Governance Guidelines,https://www.medianama.com/2025/01/223-analysing-meitys-report-on-development-of-ai-governance-guidelines/,online cheating,General Cybercrime / Cyber Fraud Terms,Cyber Scam,THIRD-PARTY,NA-13599.txt,Keyword matched: online cheating
NA-13600,31-03-2026,Soubhik Sarkar,Medianama,medianama.com,28-11-2024,TikTok Introduces Age Restrictions for Beauty Filters Amid Mental Health Concerns,https://www.medianama.com/2024/11/223-tiktok-introduces-age-restrictions-for-beauty-filters-amid-mental-health-concerns/,online cheating,General Cybercrime / Cyber Fraud Terms,Cyber Scam,THIRD-PARTY,NA-13600.txt,Keyword matched: online cheating
NA-13601,31-03-2026,Soubhik Sarkar,Medianama,medianama.com,13-11-2024,Multi-Party Privacy Concerns Among Consumers of Digital Credit in India: Report,https://www.medianama.com/2024/11/223-cuts-report-highlights-multi-party-privacy-concerns-among-consumers-of-digital-credit-in-india/,online cheating,General Cybercrime / Cyber Fraud Terms,Cyber Scam,THIRD-PARTY,NA-13601.txt,Keyword matched: online cheating
NA-13602,31-03-2026,Soubhik Sarkar,Medianama,medianama.com,30-10-2024,"Disconnected: How Internet Shutdowns In Manipur Affected Life, Work and Free Speech",https://www.medianama.com/2024/10/223-manipur-internet-shutdown-life-free-speech/,online cheating,General Cybercrime / Cyber Fraud Terms,Cyber Scam,VICTIM,NA-13602.txt,Keyword matched: online cheating
NA-13603,31-03-2026,Soubhik Sarkar,Medianama,medianama.com,09-10-2024,India’s Data Protection Law Could Jeopardize Ad Revenue for Free-to-Play Games: Indian Game Developers,https://www.medianama.com/2024/10/223-data-protection-law-could-jeopardize-free-to-play-games-indian-game-developers/,online cheating,General Cybercrime / Cyber Fraud Terms,Cyber Scam,THIRD-PARTY,NA-13603.txt,Keyword matched: online cheating
NA-13604,31-03-2026,Soubhik Sarkar,Medianama,medianama.com,24-07-2024,"Delhi HC Orders Google, X to Take Down Alleged Defamatory Posts About Lok Sabha Speaker Om Birla’s Daughter",https://www.medianama.com/2024/07/223-delhi-hc-orders-take-down-of-posts-about-om-birlas-daughter/,online cheating,General Cybercrime / Cyber Fraud Terms,Cyber Scam,THIRD-PARTY,NA-13604.txt,Keyword matched: online cheating
NA-13605,31-03-2026,Soubhik Sarkar,Medianama,medianama.com,26-06-2024,"UPSC issues tender for Aadhaar-based Fingerprint Authentication, Facial Recognition and AI CCTV Surveillance during examinations",https://www.medianama.com/2024/06/223-upsc-issues-tender-for-aadhaar-based-fingerprint-authentication-facial-recognition-and-ai-cctv-surveillance-during-examinations/,online cheating,General Cybercrime / Cyber Fraud Terms,Cyber Scam,THIRD-PARTY,NA-13605.txt,Keyword matched: online cheating
NA-13606,31-03-2026,Soubhik Sarkar,Medianama,medianama.com,21-06-2024,Hyderabad Police File FIR Against Journalist for Tweeting About Power Cut and Alleged Harassment of City Resident,https://www.medianama.com/2024/06/223-hyderabad-police-file-fir-against-journalist-power-cut-alleged-harassment/,online cheating,General Cybercrime / Cyber Fraud Terms,Cyber Scam,THIRD-PARTY,NA-13606.txt,Keyword matched: online cheating
NA-13607,31-03-2026,Soubhik Sarkar,Medianama,medianama.com,19-06-2024,Govt Suspends Internet in Odisha District Due To Communal Violence,https://www.medianama.com/2024/06/223-govt-suspends-internet-odisha-district-due-communal-violence/,online cheating,General Cybercrime / Cyber Fraud Terms,Cyber Scam,THIRD-PARTY,NA-13607.txt,Keyword matched: online cheating
NA-13608,31-03-2026,Soubhik Sarkar,Medianama,medianama.com,24-05-2024,"ASCI Complaints Report: 85% of Objectionable Ads Are Digital, Influencer Guideline Breaches Prominent",https://www.medianama.com/2024/05/223-asci-complaints-report-objectionable-ads-digital-influencer-guideline-breaches/,online cheating,General Cybercrime / Cyber Fraud Terms,Cyber Scam,NEAR-MISS,NA-13608.txt,Keyword matched: online cheating
NA-13609,31-03-2026,Soubhik Sarkar,Medianama,medianama.com,18-04-2024,Aamir Khan files complaint against deepfake video promoting a political party: Report,https://www.medianama.com/2024/04/223-aamir-khan-fir-deepfake-video-political-party/,online cheating,General Cybercrime / Cyber Fraud Terms,Cyber Scam,VICTIM,NA-13609.txt,Keyword matched: online cheating
NA-13610,31-03-2026,Soubhik Sarkar,Medianama,medianama.com,20-03-2024,Special Newsletter: 9 Talking Points—March Edition,https://www.medianama.com/2024/03/223-special-newsletter-9-talking-points-march-edition/,online cheating,General Cybercrime / Cyber Fraud Terms,Cyber Scam,VICTIM,NA-13610.txt,Keyword matched: online cheating
NA-13611,31-03-2026,Soubhik Sarkar,Medianama,medianama.com,19-12-2023,Delhi HC Directs Facebook and Social Media Cos to Take Down “Compromising” Videos of Uttarakhand MLA and A Woman,https://www.medianama.com/2023/12/223-delhi-hc-comprising-video-uttarakhand-mla/,online cheating,General Cybercrime / Cyber Fraud Terms,Cyber Scam,THIRD-PARTY,NA-13611.txt,Keyword matched: online cheating
NA-13612,31-03-2026,Soubhik Sarkar,Medianama,medianama.com,06-09-2023,"What Telcos Want: OTTs should be responsible for imposing selective bans, telcos respond to TRAI’s OTT consultation",https://www.medianama.com/2023/09/223-otts-should-enforce-selective-bans-telcos/,online cheating,General Cybercrime / Cyber Fraud Terms,Cyber Scam,THIRD-PARTY,NA-13612.txt,Keyword matched: online cheating
NA-13613,31-03-2026,Soubhik Sarkar,Medianama,medianama.com,17-08-2023,"App bans over internet shutdowns? Experts explore issues around effectiveness, impact, and transparency",https://www.medianama.com/2023/08/223-selective-app-bans-internet-shutdowns-effectiveness-impact-transparency/,online cheating,General Cybercrime / Cyber Fraud Terms,Cyber Scam,THIRD-PARTY,NA-13613.txt,Keyword matched: online cheating
NA-13614,31-03-2026,Soubhik Sarkar,Medianama,medianama.com,09-08-2023,"Stop! Before you sign up for WorldCoin, here’s everything you need to know about the project",https://www.medianama.com/2023/08/223-heres-everything-you-need-to-know-about-worldcoin/,online cheating,General Cybercrime / Cyber Fraud Terms,Cyber Scam,THIRD-PARTY,NA-13614.txt,Keyword matched: online cheating
NA-13615,31-03-2026,Soubhik Sarkar,Medianama,medianama.com,26-07-2023,"Fact-check Amendment Doesn’t Give Gov Blocking Powers, Distinct from Section 69A: Gov Affidavit Before Bombay HC",https://www.medianama.com/2023/07/223-fact-check-amendment-gov-affidavit-before-bombay-hc/,online cheating,General Cybercrime / Cyber Fraud Terms,Cyber Scam,VICTIM,NA-13615.txt,Keyword matched: online cheating
NA-13616,31-03-2026,Soubhik Sarkar,Medianama,medianama.com,24-07-2023,How is the govt planning to tackle the use of AI deep fakes during elections? Rajya Sabha MPs question,https://www.medianama.com/2023/07/223-govt-tackle-ai-deep-fakes-elections-rajya-sabha/,online cheating,General Cybercrime / Cyber Fraud Terms,Cyber Scam,THIRD-PARTY,NA-13616.txt,Keyword matched: online cheating
NA-13617,31-03-2026,Soubhik Sarkar,Medianama,medianama.com,01-05-2023,"Upcoming e-commerce policy will ban predatory pricing, not flash sales: Piyush Goyal",https://www.medianama.com/2023/05/223-e-commerce-policy-flash-sales/,online cheating,General Cybercrime / Cyber Fraud Terms,Cyber Scam,THIRD-PARTY,NA-13617.txt,Keyword matched: online cheating
NA-13618,31-03-2026,Soubhik Sarkar,Medianama,medianama.com,20-03-2023,Here’s why you should worry about Punjab’s Internet shutdown,https://www.medianama.com/2023/03/223-punjabs-internet-shutdown-2/,online cheating,General Cybercrime / Cyber Fraud Terms,Cyber Scam,THIRD-PARTY,NA-13618.txt,Keyword matched: online cheating
NA-13619,31-03-2026,Soubhik Sarkar,Medianama,medianama.com,20-03-2023,"India’s IT Ministry wants influencers to promote its MyGov project, issues a tender",https://www.medianama.com/2023/03/223-it-ministry-influencers-mygov-tender/,online cheating,General Cybercrime / Cyber Fraud Terms,Cyber Scam,NEAR-MISS,NA-13619.txt,Keyword matched: online cheating
NA-13620,31-03-2026,Soubhik Sarkar,Medianama,medianama.com,01-03-2023,MediaNama Daily: Adopt the Tool & Take It Down,https://www.medianama.com/2023/03/223-medianama-daily-take-it-down/,online cheating,General Cybercrime / Cyber Fraud Terms,Cyber Scam,THIRD-PARTY,NA-13620.txt,Keyword matched: online cheating
NA-13621,31-03-2026,Soubhik Sarkar,Medianama,medianama.com,21-02-2023,MediaNama Daily: The creative industry wants answers?from OpenAI,https://www.medianama.com/2023/02/223-medianama-daily-creative-industry-openai/,online cheating,General Cybercrime / Cyber Fraud Terms,Cyber Scam,THIRD-PARTY,NA-13621.txt,Keyword matched: online cheating
NA-13622,31-03-2026,Soubhik Sarkar,Medianama,medianama.com,20-01-2023,"Explained: What is ChatGPT, and what it can and cannot do",https://www.medianama.com/2023/01/223-explained-chatgpt-strengths-limitations/,online cheating,General Cybercrime / Cyber Fraud Terms,Cyber Scam,THIRD-PARTY,NA-13622.txt,Keyword matched: online cheating
NA-13623,31-03-2026,Soubhik Sarkar,Medianama,medianama.com,14-09-2022,"Soon, Telangana’s aspiring civil servants must provide biometrics for recruitment exams",https://www.medianama.com/2022/09/223-telangana-civil-service-aspirants-facial-recognition-biometrics/,online cheating,General Cybercrime / Cyber Fraud Terms,Cyber Scam,NEAR-MISS,NA-13623.txt,Keyword matched: online cheating
NA-13624,31-03-2026,Soubhik Sarkar,Medianama,medianama.com,24-08-2022,India’s Unclear Gaming and Gambling Regulations Are ‘Playing’ with Lives,https://www.medianama.com/2022/08/223-deep-dive-online-gambling-regulations/,online cheating,General Cybercrime / Cyber Fraud Terms,Cyber Scam,VICTIM,NA-13624.txt,Keyword matched: online cheating
NA-13625,31-03-2026,Soubhik Sarkar,Medianama,medianama.com,22-08-2022,"Assam government suspends internet for “exam precautions,” despite previous court orders",https://www.medianama.com/2022/08/223-assam-government-internet-shutdown-cheating-mp-bordoloi-letter-3/,online cheating,General Cybercrime / Cyber Fraud Terms,Cyber Scam,THIRD-PARTY,NA-13625.txt,Keyword matched: online cheating
NA-13626,31-03-2026,Soubhik Sarkar,Medianama,medianama.com,09-05-2022,Internet shutdowns are now longer than ever: Access Now report,https://www.medianama.com/2022/05/223-internet-shutdowns-access-now-report-2/,online cheating,General Cybercrime / Cyber Fraud Terms,Cyber Scam,THIRD-PARTY,NA-13626.txt,Keyword matched: online cheating
NA-13627,31-03-2026,Soubhik Sarkar,Medianama,medianama.com,22-04-2022,India’s E-Commerce Rules to also focus on algorithms,https://www.medianama.com/2022/04/223-e-commerce-rules-government-considering-changes/,online cheating,General Cybercrime / Cyber Fraud Terms,Cyber Scam,THIRD-PARTY,NA-13627.txt,Keyword matched: online cheating
NA-13628,31-03-2026,Soubhik Sarkar,Medianama,medianama.com,19-04-2022,"TLDR: Swiggy, Zomato, CoinDCX, Airtel, OTT, Google Maps, Smart Cities, drones, surveillance",https://www.medianama.com/2022/04/223-swiggy-zomato-coindcx-airtel-tldr/,online cheating,General Cybercrime / Cyber Fraud Terms,Cyber Scam,THIRD-PARTY,NA-13628.txt,Keyword matched: online cheating
NA-13629,31-03-2026,Soubhik Sarkar,Medianama,medianama.com,11-03-2022,Summary: Petition challenging the West Bengal government’s internet shutdown order,https://www.medianama.com/2022/03/223-petition-west-bengal-internet-shutdown-2/,online cheating,General Cybercrime / Cyber Fraud Terms,Cyber Scam,THIRD-PARTY,NA-13629.txt,Keyword matched: online cheating
NA-13630,31-03-2026,Soubhik Sarkar,Medianama,medianama.com,07-03-2022,West Bengal issues an internet shutdown order which experts flag as deeply problematic,https://www.medianama.com/2022/03/223-west-bengal-internet-shutdown-order-problematic-3/,online cheating,General Cybercrime / Cyber Fraud Terms,Cyber Scam,NEAR-MISS,NA-13630.txt,Keyword matched: online cheating
NA-13631,31-03-2026,Soubhik Sarkar,Medianama,medianama.com,25-02-2022,Interview: TCIL Chairman talks about video analytics system to profile voters at poll booths,https://www.medianama.com/2022/02/223-interview-tcil-chairman-video-analytics-system-profile-voters-2/,online cheating,General Cybercrime / Cyber Fraud Terms,Cyber Scam,NEAR-MISS,NA-13631.txt,Keyword matched: online cheating
NA-13632,31-03-2026,Soubhik Sarkar,Medianama,medianama.com,08-02-2022,"District in Jharkhand faces 24 hour internet shutdown, daily lives of locals disrupted",https://www.medianama.com/2022/02/223-internet-shutdown-24-hours-jharkhand-district/,online cheating,General Cybercrime / Cyber Fraud Terms,Cyber Scam,THIRD-PARTY,NA-13632.txt,Keyword matched: online cheating
NA-13633,31-03-2026,Soubhik Sarkar,Medianama,medianama.com,03-01-2022,"Based on UIDAI complaint, Hyderabad Police shuts down illegal Aadhaar operation",https://www.medianama.com/2022/01/223-aadhaar-racket-busted-hyderabad-police/,online cheating,General Cybercrime / Cyber Fraud Terms,Cyber Scam,THIRD-PARTY,NA-13633.txt,Keyword matched: online cheating
NA-13634,31-03-2026,Soubhik Sarkar,Medianama,medianama.com,20-10-2021,"Why isn’t the Indian government probing Amazon’s private label strategies, industry bodies ask",https://www.medianama.com/2021/10/223-reactions-amazons-private-label-strategies-2/,online cheating,General Cybercrime / Cyber Fraud Terms,Cyber Scam,THIRD-PARTY,NA-13634.txt,Keyword matched: online cheating
NA-13635,31-03-2026,Soubhik Sarkar,Medianama,medianama.com,18-10-2021,WazirX plays it safe by complying with all information requests from law enforcement,https://www.medianama.com/2021/10/223-wazirx-transparency-report-2/,online cheating,General Cybercrime / Cyber Fraud Terms,Cyber Scam,THIRD-PARTY,NA-13635.txt,Keyword matched: online cheating
NA-13636,31-03-2026,Soubhik Sarkar,Medianama,medianama.com,11-02-2021,Editorial: There needs to be a global coalition for tracking Internet Shutdowns,https://www.medianama.com/2021/02/223-editorial-global-coalition-internet-shutdowns-3/,online cheating,General Cybercrime / Cyber Fraud Terms,Cyber Scam,THIRD-PARTY,NA-13636.txt,Keyword matched: online cheating
NA-13637,31-03-2026,Soubhik Sarkar,Medianama,medianama.com,08-02-2021,"Mathura Police books IndiaMart execs, seller for sale of Govardhan Hill rocks: Report",https://www.medianama.com/2021/02/223-indiamart-mathura-govardhan-hill-rocks/,online cheating,General Cybercrime / Cyber Fraud Terms,Cyber Scam,THIRD-PARTY,NA-13637.txt,Keyword matched: online cheating
NA-13638,31-03-2026,Soubhik Sarkar,Medianama,medianama.com,04-02-2021,Separating the wheat from the chaff in India’s real-money gaming sector,https://www.medianama.com/2021/02/223-separating-wheat-chaff-india-real-money-gaming-3/,online cheating,General Cybercrime / Cyber Fraud Terms,Cyber Scam,NEAR-MISS,NA-13638.txt,Keyword matched: online cheating
NA-13639,31-03-2026,Soubhik Sarkar,Medianama,medianama.com,07-10-2020,Karnataka to release cybersecurity policy soon: Deputy CM,https://www.medianama.com/2020/10/223-karnataka-cybersecurity-policy-soon/,online cheating,General Cybercrime / Cyber Fraud Terms,Cyber Scam,THIRD-PARTY,NA-13639.txt,Keyword matched: online cheating
NA-13640,31-03-2026,Soubhik Sarkar,Medianama,medianama.com,02-12-2025,"Meesho IPO: Offer Size, Financial Report Card, Risk Factors & Other Takeaways",https://www.medianama.com/2025/12/223-meesho-ipo-rhp-filing-5421-crore/,financial fraud online,General Cybercrime / Cyber Fraud Terms,Financial Cyber Fraud,THIRD-PARTY,NA-13640.txt,Keyword matched: financial fraud online
NA-13641,31-03-2026,Soubhik Sarkar,Medianama,medianama.com,19-12-2024,"MobiKwik Shares See 58% Jump Over Stock Market Debut, A Look At Its Key Financials and Risks",https://www.medianama.com/2024/12/223-mobikwik-shares-see-58-jump-over-stock-market-debut-a-look-at-its-key-financials-and-risks/,financial fraud online,General Cybercrime / Cyber Fraud Terms,Financial Cyber Fraud,THIRD-PARTY,NA-13641.txt,Keyword matched: financial fraud online
NA-13642,31-03-2026,Soubhik Sarkar,Medianama,medianama.com,28-11-2025,"NPCI Subsidiary NBBL Rolls Out Platform To Simplify Net Banking, Reduce RBI’s Monitoring Headache",https://www.medianama.com/2025/11/223-npci-subsidiary-nbbl-platform-net-banking-rbi/,net banking fraud,General Cybercrime / Cyber Fraud Terms,Financial Cyber Fraud,NEAR-MISS,NA-13642.txt,Keyword matched: net banking fraud
NA-13643,31-03-2026,Soubhik Sarkar,Medianama,medianama.com,23-09-2025,"Trust Is the Currency of Banking—And AI Could Undermine It Without Guardrails, Says RBI",https://www.medianama.com/2025/09/223-rbi-warns-on-ai-in-banking-sector-and-opportunities/,net banking fraud,General Cybercrime / Cyber Fraud Terms,Financial Cyber Fraud,THIRD-PARTY,NA-13643.txt,Keyword matched: net banking fraud
NA-13644,31-03-2026,Soubhik Sarkar,Medianama,medianama.com,12-11-2024,"FTX Sues Binance’s Changpeng Zhao, Alleging Fraudulent Buyback, Sabotage",https://www.medianama.com/2024/11/223-ftx-lawsuit-binance-zhao/,net banking fraud,General Cybercrime / Cyber Fraud Terms,Financial Cyber Fraud,NEAR-MISS,NA-13644.txt,Keyword matched: net banking fraud
NA-13645,31-03-2026,Soubhik Sarkar,Medianama,medianama.com,17-09-2024,"Dvara Research Opposes RBI’s Single Bank Limit for AePS Operators, Citing Downtime and Fraud Risks",https://www.medianama.com/2024/09/223-dvara-research-recommends-multiple-acquiring-banks-aeps-transactions/,net banking fraud,General Cybercrime / Cyber Fraud Terms,Financial Cyber Fraud,THIRD-PARTY,NA-13645.txt,Keyword matched: net banking fraud
NA-13646,31-03-2026,Soubhik Sarkar,Medianama,medianama.com,23-08-2023,Paytm is developing an AI system that can help detect financial frauds,https://www.medianama.com/2023/08/223-paytm-ai-systems-detect-financial-frauds-2/,net banking fraud,General Cybercrime / Cyber Fraud Terms,Financial Cyber Fraud,THIRD-PARTY,NA-13646.txt,Keyword matched: net banking fraud
NA-13647,31-03-2026,Soubhik Sarkar,Medianama,medianama.com,15-03-2023,India’s ID authority cites new ‘security mechanism’ when asked about Aadhaar-based payment frauds,https://www.medianama.com/2023/03/223-uidai-rti-response-aadhaar-aeps-frauds/,net banking fraud,General Cybercrime / Cyber Fraud Terms,Financial Cyber Fraud,THIRD-PARTY,NA-13647.txt,Keyword matched: net banking fraud
NA-13648,31-03-2026,Soubhik Sarkar,Medianama,medianama.com,06-12-2021,Highest cases of card payment frauds in Maharashtra: RBI data,https://www.medianama.com/2021/12/223-card-payments-fraud-parliament-rbi-data-3/,net banking fraud,General Cybercrime / Cyber Fraud Terms,Financial Cyber Fraud,VICTIM,NA-13648.txt,Keyword matched: net banking fraud
NA-13649,31-03-2026,Soubhik Sarkar,Medianama,medianama.com,24-09-2021,What we know about a new trojan malware attack targeting Indian mobile banking users,https://www.medianama.com/2021/09/223-cert-in-advisory-android-malware-3/,net banking fraud,General Cybercrime / Cyber Fraud Terms,Financial Cyber Fraud,VICTIM,NA-13649.txt,Keyword matched: net banking fraud
NA-13650,31-03-2026,Soubhik Sarkar,Medianama,medianama.com,13-09-2021,RBI warns citizens about KYC frauds and suggests ways to protect against them,https://www.medianama.com/2021/09/223-rbi-kyc-fraud-suggestions/,net banking fraud,General Cybercrime / Cyber Fraud Terms,Financial Cyber Fraud,VICTIM,NA-13650.txt,Keyword matched: net banking fraud
NA-13651,31-03-2026,Soubhik Sarkar,Medianama,medianama.com,09-03-2021,Banking and payments services disrupted due to new SMS rules,https://www.medianama.com/2021/03/223-banking-payments-disrupted-sms-rules/,net banking fraud,General Cybercrime / Cyber Fraud Terms,Financial Cyber Fraud,THIRD-PARTY,NA-13651.txt,Keyword matched: net banking fraud
NA-13652,31-03-2026,Soubhik Sarkar,Medianama,medianama.com,29-11-2019,Noida Police nab 45 fraudsters who duped people using Flipkart and Myntra customer data,https://www.medianama.com/2019/11/223-flipkart-myntra-customer-data-fraud-2/,net banking fraud,General Cybercrime / Cyber Fraud Terms,Financial Cyber Fraud,VICTIM,NA-13652.txt,Keyword matched: net banking fraud
NA-13653,31-03-2026,Soubhik Sarkar,Medianama,medianama.com,08-08-2019,RBI to set up fraud registry for payments; NEFT to become 24×7 service,https://www.medianama.com/2019/08/223-rbi-to-set-up-fraud-registry-for-payments-neft-to-become-24x7-service-2/,net banking fraud,General Cybercrime / Cyber Fraud Terms,Financial Cyber Fraud,THIRD-PARTY,NA-13653.txt,Keyword matched: net banking fraud
NA-13654,31-03-2026,Soubhik Sarkar,Medianama,medianama.com,19-03-2019,"NAMA Digest: Developments at Oyo, Ola, Network 18, Truecaller, MobiKwik, Naspers and more",https://www.medianama.com/2019/03/223-nama-digest-developments-at-oyo-ola-network-18-truecaller-mobikwik-naspers-and-more/,net banking fraud,General Cybercrime / Cyber Fraud Terms,Financial Cyber Fraud,THIRD-PARTY,NA-13654.txt,Keyword matched: net banking fraud
NA-13655,31-03-2026,Soubhik Sarkar,Medianama,medianama.com,02-12-2016,Live Blog 3: The best updates on demonetization and digital payments,https://www.medianama.com/2016/12/223-live-blog-3-demonetization/,net banking fraud,General Cybercrime / Cyber Fraud Terms,Financial Cyber Fraud,THIRD-PARTY,NA-13655.txt,Keyword matched: net banking fraud
NA-13656,31-03-2026,Soubhik Sarkar,Medianama,medianama.com,19-11-2016,"Live blog: As demonetization kicks in, here is how India is reacting",https://www.medianama.com/2016/11/223-live-blog-demonetization/,net banking fraud,General Cybercrime / Cyber Fraud Terms,Financial Cyber Fraud,NEAR-MISS,NA-13656.txt,Keyword matched: net banking fraud
NA-13657,31-03-2026,Soubhik Sarkar,Medianama,medianama.com,22-07-2016,Wallets want NPCI to build a database to prevent fraud,https://www.medianama.com/2016/07/223-npci-wallets-database-fraud/,net banking fraud,General Cybercrime / Cyber Fraud Terms,Financial Cyber Fraud,NEAR-MISS,NA-13657.txt,Keyword matched: net banking fraud
NA-13658,31-03-2026,Soubhik Sarkar,Medianama,medianama.com,06-06-2015,MobiKwik CEO Bipin Singh’s Reddit AMA: It’s hard for mobile banking to compete with wallets,https://www.medianama.com/2015/06/223-bipin-singhs-reddit-ama-its-hard-for-mobile-banking-to-compete-with-wallets/,net banking fraud,General Cybercrime / Cyber Fraud Terms,Financial Cyber Fraud,THIRD-PARTY,NA-13658.txt,Keyword matched: net banking fraud
NA-13659,31-03-2026,Soubhik Sarkar,Medianama,medianama.com,22-04-2013,CCAvenue CEO Vishwas Patel On Social Networks In-Stream Payments Service,https://www.medianama.com/2013/04/223-ccavenue-ceo-vishwas-patel-on-social-networks-in-stream-payments-service/,net banking fraud,General Cybercrime / Cyber Fraud Terms,Financial Cyber Fraud,THIRD-PARTY,NA-13659.txt,Keyword matched: net banking fraud
NA-13660,31-03-2026,Soubhik Sarkar,Medianama,medianama.com,22-09-2008,M-Banking Guidelines For India Issued; Ridiculous Transaction Limit,https://www.medianama.com/2008/09/223-m-banking-guidelines-for-india-issued-ridiculous-transaction-limit/,net banking fraud,General Cybercrime / Cyber Fraud Terms,Financial Cyber Fraud,THIRD-PARTY,NA-13660.txt,Keyword matched: net banking fraud
NA-13661,31-03-2026,Soubhik Sarkar,Medianama,medianama.com,24-03-2021,"CERT-In, RBI and banks working to track and disable phishing websites, says Anurag Thakur",https://www.medianama.com/2021/03/223-cert-rbi-banks-phishing-online-frauds-parliament-2/,net banking fraud,General Cybercrime / Cyber Fraud Terms,Financial Cyber Fraud,THIRD-PARTY,NA-13661.txt,Keyword matched: net banking fraud
NA-13662,31-03-2026,Soubhik Sarkar,Medianama,medianama.com,02-06-2017,RBI appoints Ganesh Kumar as executive director for IT and payments systems,https://www.medianama.com/2017/06/223-rbi-ed-ganesh-kumar/,net banking fraud,General Cybercrime / Cyber Fraud Terms,Financial Cyber Fraud,THIRD-PARTY,NA-13662.txt,Keyword matched: net banking fraud
NA-13663,31-03-2026,Soubhik Sarkar,Medianama,medianama.com,18-03-2026,TRAI Proposes Two-Tier Spam Enforcement Based on Economic Importance: What This Means,https://www.medianama.com/2026/03/223-trai-two-tier-spam-enforcement-banks-exemption-2026/,net banking fraud,General Cybercrime / Cyber Fraud Terms,Financial Cyber Fraud,THIRD-PARTY,NA-13663.txt,Keyword matched: net banking fraud
NA-13664,31-03-2026,Soubhik Sarkar,Medianama,medianama.com,06-03-2026,"Moneyview Seeks Rs 1,500 Cr via IPO, But Regulatory Uncertainty &  Loan Defaults May Affect its Operations",https://www.medianama.com/2026/03/223-moneyview-rs-1500-cr-ipo-regulatory-uncertainty-looms/,net banking fraud,General Cybercrime / Cyber Fraud Terms,Financial Cyber Fraud,THIRD-PARTY,NA-13664.txt,Keyword matched: net banking fraud
NA-13665,31-03-2026,Soubhik Sarkar,Medianama,medianama.com,24-02-2026,"Bharti Airtel to Invest Rs 20,000 Crore in Airtel Money After Getting NBFC License",https://www.medianama.com/2026/02/223-bharti-airtel-20000-crore-nbfc-investment/,net banking fraud,General Cybercrime / Cyber Fraud Terms,Financial Cyber Fraud,THIRD-PARTY,NA-13665.txt,Keyword matched: net banking fraud
NA-13666,31-03-2026,Soubhik Sarkar,Medianama,medianama.com,11-02-2026,MP Raghav Chadha Calls for Cryptocurrency Legalisation and Regulation in India,https://www.medianama.com/2026/02/223-raghav-chadha-cryptocurrency-legalisation-regulation-india/,net banking fraud,General Cybercrime / Cyber Fraud Terms,Financial Cyber Fraud,THIRD-PARTY,NA-13666.txt,Keyword matched: net banking fraud
NA-13667,31-03-2026,Soubhik Sarkar,Medianama,medianama.com,19-01-2026,Exclusive: InsuranceDekho Raises Rs 38.57 Cr Amid Corporate Restructuring At CarDekho Group,https://www.medianama.com/2026/01/223-exclusive-insurancedekho-rs-38-57-cr-corporate-restructuring-cardekho-group/,net banking fraud,General Cybercrime / Cyber Fraud Terms,Financial Cyber Fraud,THIRD-PARTY,NA-13667.txt,Keyword matched: net banking fraud
NA-13668,31-03-2026,Soubhik Sarkar,Medianama,medianama.com,15-12-2025,"Video: Impact of SIM Binding on Social Media, December 12 #NAMA",https://www.medianama.com/2025/12/223-impact-of-sim-binding-on-social-media-video/,net banking fraud,General Cybercrime / Cyber Fraud Terms,Financial Cyber Fraud,THIRD-PARTY,NA-13668.txt,Keyword matched: net banking fraud
NA-13669,31-03-2026,Soubhik Sarkar,Medianama,medianama.com,04-12-2025,True SIM Binding For Message Apps May Be Technically Infeasible: Experts,https://www.medianama.com/2025/12/223-sim-binding-message-apps-technically-infeasible-experts/,net banking fraud,General Cybercrime / Cyber Fraud Terms,Financial Cyber Fraud,VICTIM,NA-13669.txt,Keyword matched: net banking fraud
NA-13670,31-03-2026,Soubhik Sarkar,Medianama,medianama.com,08-04-2022,"TLDR: CoWIN offers to fix more blunders, Ashneer Grover wants BharatPe CEO to apologise, and first tweet NFT up for grabs",https://www.medianama.com/2022/04/223-cowin-vaccination-mistake-bharatpe-ashneer-grover-tldr-2/,e-banking fraud,General Cybercrime / Cyber Fraud Terms,Financial Cyber Fraud,THIRD-PARTY,NA-13670.txt,Keyword matched: e-banking fraud
NA-13671,31-03-2026,Soubhik Sarkar,Medianama,medianama.com,16-11-2021,Exclusive: Indian bank wants to acquire Deception solution to thwart cyber attacks,https://www.medianama.com/2021/11/223-exclusive-deception-solution-tender-bank-infra/,e-banking fraud,General Cybercrime / Cyber Fraud Terms,Financial Cyber Fraud,NEAR-MISS,NA-13671.txt,Keyword matched: e-banking fraud
NA-13672,31-03-2026,Soubhik Sarkar,Medianama,medianama.com,21-04-2021,"HDFC Bank says it does not face server capacity issues, IT audit in final stages",https://www.medianama.com/2021/04/223-hdfc-bank-server-capacity-it-audit/,e-banking fraud,General Cybercrime / Cyber Fraud Terms,Financial Cyber Fraud,THIRD-PARTY,NA-13672.txt,Keyword matched: e-banking fraud
NA-13673,31-03-2026,Soubhik Sarkar,Medianama,medianama.com,23-03-2018,The liability of Aadhaar,https://www.medianama.com/2018/03/223-the-liability-of-aadhaar/,e-banking fraud,General Cybercrime / Cyber Fraud Terms,Financial Cyber Fraud,THIRD-PARTY,NA-13673.txt,Keyword matched: e-banking fraud
NA-13674,31-03-2026,Soubhik Sarkar,Medianama,medianama.com,20-09-2017,ICICI Bank’s iMobile app enables Android fingerprint login,https://www.medianama.com/2017/09/223-icici-bank-mobile-banking-fingerprint/,e-banking fraud,General Cybercrime / Cyber Fraud Terms,Financial Cyber Fraud,THIRD-PARTY,NA-13674.txt,Keyword matched: e-banking fraud
NA-13675,31-03-2026,Soubhik Sarkar,Medianama,medianama.com,18-08-2017,"Delineating Privacy, Data Protection and Data Security",https://www.medianama.com/2017/08/223-delineating-privacy-data-protection-and-data-security/,e-banking fraud,General Cybercrime / Cyber Fraud Terms,Financial Cyber Fraud,THIRD-PARTY,NA-13675.txt,Keyword matched: e-banking fraud
NA-13676,31-03-2026,Soubhik Sarkar,Medianama,medianama.com,25-08-2016,NPCI wants to make cash deposit machines interoperable,https://www.medianama.com/2016/08/223-npci-cash-deposit-machines/,e-banking fraud,General Cybercrime / Cyber Fraud Terms,Financial Cyber Fraud,THIRD-PARTY,NA-13676.txt,Keyword matched: e-banking fraud
NA-13677,31-03-2026,Soubhik Sarkar,Medianama,medianama.com,09-06-2016,HDFC Bank launches Ultracash for mobile proximity payments,https://www.medianama.com/2016/06/223-hdfc-bank-ultracash/,e-banking fraud,General Cybercrime / Cyber Fraud Terms,Financial Cyber Fraud,THIRD-PARTY,NA-13677.txt,Keyword matched: e-banking fraud
NA-13678,31-03-2026,Soubhik Sarkar,Medianama,medianama.com,15-01-2016,RBI will now allow banks to offer all products and services via ATMs,https://www.medianama.com/2016/01/223-rbi-will-now-allow-banks-to-offer-all-products-and-services-via-atms/,e-banking fraud,General Cybercrime / Cyber Fraud Terms,Financial Cyber Fraud,THIRD-PARTY,NA-13678.txt,Keyword matched: e-banking fraud
NA-13679,31-03-2026,Soubhik Sarkar,Medianama,medianama.com,09-10-2015,Conmen duping people into divulging debit card details posing as tele callers,https://www.medianama.com/2015/10/223-aadhar-debit-card-fraud-2/,e-banking fraud,General Cybercrime / Cyber Fraud Terms,Financial Cyber Fraud,VICTIM,NA-13679.txt,Keyword matched: e-banking fraud
NA-13680,31-03-2026,Soubhik Sarkar,Medianama,medianama.com,06-10-2015,Kotak Mahindra Bank Bank duped of Rs 2.84 crore via 580 fake credit cards,https://www.medianama.com/2015/10/223-kotak-bank-credit-card-fraud/,e-banking fraud,General Cybercrime / Cyber Fraud Terms,Financial Cyber Fraud,THIRD-PARTY,NA-13680.txt,Keyword matched: e-banking fraud
NA-13681,31-03-2026,Soubhik Sarkar,Medianama,medianama.com,05-10-2015,Chillr secures $6M in Series A from Sequoia Capital,https://www.medianama.com/2015/10/223-chillr-raises-6m-sequoia/,e-banking fraud,General Cybercrime / Cyber Fraud Terms,Financial Cyber Fraud,THIRD-PARTY,NA-13681.txt,Keyword matched: e-banking fraud
NA-13682,31-03-2026,Soubhik Sarkar,Medianama,medianama.com,04-07-2011,Weekly Digest (24th-1st July 2011),https://www.medianama.com/2011/07/223-weekly-digest-24th-1st-july-2011/,e-banking fraud,General Cybercrime / Cyber Fraud Terms,Financial Cyber Fraud,THIRD-PARTY,NA-13682.txt,Keyword matched: e-banking fraud
NA-13683,31-03-2026,Soubhik Sarkar,Medianama,medianama.com,26-11-2024,UPI Fraud Up by 85% in FY2023-24:  Finance Ministry Data Presented in Lok Sabha,https://www.medianama.com/2024/11/223-upi-fraud-up-85-per-cent-fy2023-24-finance-ministry-data/,UPI fraud,UPI and Digital Payment Fraud,UPI Fraud,THIRD-PARTY,NA-13683.txt,Keyword matched: UPI fraud
NA-13684,31-03-2026,Soubhik Sarkar,Medianama,medianama.com,12-06-2025,"SEBI Mandates New UPI IDs, Mulls ‘SEBI Check’ Tool to Prevent Trading Frauds",https://www.medianama.com/2025/06/223-sebi-new-upi-id-mandate-intermediaries/,UPI fraud,UPI and Digital Payment Fraud,UPI Fraud,THIRD-PARTY,NA-13684.txt,Keyword matched: UPI fraud
NA-13685,31-03-2026,Soubhik Sarkar,Medianama,medianama.com,03-07-2017,Once again fraudsters take advantage of loopholes in BHIM and UPI,https://www.medianama.com/2017/07/223-bhim-upi-loopholes-2/,UPI fraud,UPI and Digital Payment Fraud,UPI Fraud,THIRD-PARTY,NA-13685.txt,Keyword matched: UPI fraud
NA-13686,31-03-2026,Soubhik Sarkar,Medianama,medianama.com,21-03-2017,NPCI and iSpirt say glitches in a bank’s UPI app caused fraudulent transactions,https://www.medianama.com/2017/03/223-bank-mahrashtra-upi/,UPI fraud,UPI and Digital Payment Fraud,UPI Fraud,THIRD-PARTY,NA-13686.txt,Keyword matched: UPI fraud
NA-13687,31-03-2026,Soubhik Sarkar,Medianama,medianama.com,03-02-2026,Report: India in Talks to Link UPI With Chinese-Linked Alipay+,https://www.medianama.com/2026/02/223-india-upi-alipay-cross-border-talks/,UPI fraud,UPI and Digital Payment Fraud,UPI Fraud,THIRD-PARTY,NA-13687.txt,Keyword matched: UPI fraud
NA-13688,31-03-2026,Soubhik Sarkar,Medianama,medianama.com,24-11-2025,RBI Announces Interlinking Of UPI With Europe’s TIPS Payments System,https://www.medianama.com/2025/11/223-rbi-interlinking-upi-europes-tips-payments-system/,UPI fraud,UPI and Digital Payment Fraud,UPI Fraud,THIRD-PARTY,NA-13688.txt,Keyword matched: UPI fraud
NA-13689,31-03-2026,Soubhik Sarkar,Medianama,medianama.com,10-10-2025,NPCI Introduces AI-Driven UPI Features But Raises Concerns Over Liability and Security Risks,https://www.medianama.com/2025/10/223-npci-new-upi-features-global-fintech-fest/,UPI fraud,UPI and Digital Payment Fraud,UPI Fraud,THIRD-PARTY,NA-13689.txt,Keyword matched: UPI fraud
NA-13690,31-03-2026,Soubhik Sarkar,Medianama,medianama.com,06-10-2025,Government Incentivises UPI-Based Toll Payments: What It Means,https://www.medianama.com/2025/10/223-government-upi-based-toll-payments/,UPI fraud,UPI and Digital Payment Fraud,UPI Fraud,THIRD-PARTY,NA-13690.txt,Keyword matched: UPI fraud
NA-13691,31-03-2026,Soubhik Sarkar,Medianama,medianama.com,10-09-2025,Jyotiraditya Scindia Launches UPI–UPU Project in UAE as India Taps Postal Network for Cross-Border Payments,https://www.medianama.com/2025/09/223-jyotiraditya-scindia-upi-upu-integration-uae/,UPI fraud,UPI and Digital Payment Fraud,UPI Fraud,THIRD-PARTY,NA-13691.txt,Keyword matched: UPI fraud
NA-13692,31-03-2026,Soubhik Sarkar,Medianama,medianama.com,19-08-2025,NPCI To Discontinue P2P Collect Payments From Oct 1: What It Means For UPI Players,https://www.medianama.com/2025/08/223-npci-p2p-collect-payments-oct-1-what-it-means/,UPI fraud,UPI and Digital Payment Fraud,UPI Fraud,THIRD-PARTY,NA-13692.txt,Keyword matched: UPI fraud
NA-13693,31-03-2026,Soubhik Sarkar,Medianama,medianama.com,06-08-2025,"GST Council May Grant Small Vendors Relief Amid GST Notice Frenzy, But What If Merchants Discourage UPI Use?",https://www.medianama.com/2025/08/223-gst-council-small-vendors-relief-gst-notice-merchants-upi/,UPI fraud,UPI and Digital Payment Fraud,UPI Fraud,THIRD-PARTY,NA-13693.txt,Keyword matched: UPI fraud
NA-13694,31-03-2026,Soubhik Sarkar,Medianama,medianama.com,29-07-2025,RBI Signals Possible End to Free UPI Transactions,https://www.medianama.com/2025/07/223-rbi-hints-at-upi-transaction-charges/,UPI fraud,UPI and Digital Payment Fraud,UPI Fraud,THIRD-PARTY,NA-13694.txt,Keyword matched: UPI fraud
NA-13695,31-03-2026,Soubhik Sarkar,Medianama,medianama.com,14-07-2025,Maharashtra Tops UPI Charts as India’s Payment System Surpasses Visa Globally,https://www.medianama.com/2025/07/223-maharashtra-leads-upi-transactions-npci/,UPI fraud,UPI and Digital Payment Fraud,UPI Fraud,THIRD-PARTY,NA-13695.txt,Keyword matched: UPI fraud
NA-13696,31-03-2026,Soubhik Sarkar,Medianama,medianama.com,08-07-2025,NPCI Developing IoT Payments System for UPI Transactions on Smart Devices,https://www.medianama.com/2025/07/223-npci-iot-payments-upi-smart-devices/,UPI fraud,UPI and Digital Payment Fraud,UPI Fraud,NEAR-MISS,NA-13696.txt,Keyword matched: UPI fraud
NA-13697,31-03-2026,Soubhik Sarkar,Medianama,medianama.com,30-05-2025,"UPI Transactions Volume Hit 186 Billion in FY25, Making Up 84% of India’s Retail Payments: RBI",https://www.medianama.com/2025/05/223-upi-84-india-fy25-retail-payment-volume-rbi/,UPI fraud,UPI and Digital Payment Fraud,UPI Fraud,VICTIM,NA-13697.txt,Keyword matched: UPI fraud
NA-13698,31-03-2026,Soubhik Sarkar,Medianama,medianama.com,19-02-2025,RBI Offers Credit Lines Via UPI to Small Finance Banks: What It Means for Borrowers,https://www.medianama.com/2025/02/223-rbi-extends-upi-credit-line-access-to-small-finance-banks/,UPI fraud,UPI and Digital Payment Fraud,UPI Fraud,THIRD-PARTY,NA-13698.txt,Keyword matched: UPI fraud
NA-13699,31-03-2026,Soubhik Sarkar,Medianama,medianama.com,04-02-2025,SEBI Proposes Unique UPI IDs for Market Intermediaries; Eyes Safer UPI Transfers,https://www.medianama.com/2025/02/223-sebi-proposes-unique-upi-id-market-intermediaries-safer-transactions/,UPI fraud,UPI and Digital Payment Fraud,UPI Fraud,THIRD-PARTY,NA-13699.txt,Keyword matched: UPI fraud
NA-13700,31-03-2026,Soubhik Sarkar,Medianama,medianama.com,03-01-2025,Over 16 Billion UPI Transactions Recorded in December 2024: NPCI Data,https://www.medianama.com/2025/01/223-over-16-billion-upi-transactions-recorded-december-2024-npci/,UPI fraud,UPI and Digital Payment Fraud,UPI Fraud,THIRD-PARTY,NA-13700.txt,Keyword matched: UPI fraud
NA-13701,31-03-2026,Soubhik Sarkar,Medianama,medianama.com,09-12-2024,RBI Launches MuleHunterAI to Tackle India’s Escalating Financial Frauds,https://www.medianama.com/2024/12/223-rbi-ai-based-tool-mulehunter-ai-financial-fraud-here-are-our-questions/,UPI fraud,UPI and Digital Payment Fraud,UPI Fraud,VICTIM,NA-13701.txt,Keyword matched: UPI fraud
NA-13702,31-03-2026,Soubhik Sarkar,Medianama,medianama.com,24-10-2024,NPCI sends warning letter to fintech entities offering ‘unauthorised use of UPI API as a service,https://www.medianama.com/2024/10/223-npci-sends-warning-letter-to-fintech-entities-offering-unauthorised-use-of-upi-api-as-a-service/,UPI fraud,UPI and Digital Payment Fraud,UPI Fraud,THIRD-PARTY,NA-13702.txt,Keyword matched: UPI fraud
NA-13703,31-03-2026,Soubhik Sarkar,Medianama,medianama.com,09-08-2024,"RBI to create public repository for lending apps, increase UPI transaction limit",https://www.medianama.com/2024/08/223-rbi-lending-apps-repository-raise-upi-transaction-limit/,UPI fraud,UPI and Digital Payment Fraud,UPI Fraud,THIRD-PARTY,NA-13703.txt,Keyword matched: UPI fraud
NA-13704,31-03-2026,Soubhik Sarkar,Medianama,medianama.com,05-06-2024,"RBI’s annual report 2023-24: Only 44% growth in digital payments, UPI’s international expansion, use of data, and more",https://www.medianama.com/2024/06/223-highlights-rbi-annual-report-2023-24/,UPI fraud,UPI and Digital Payment Fraud,UPI Fraud,VICTIM,NA-13704.txt,Keyword matched: UPI fraud
NA-13705,31-03-2026,Soubhik Sarkar,Medianama,medianama.com,25-10-2023,Kerala HC directs banks to not freeze entire accounts of traders who recieve UPI payment from senders under investigation,https://www.medianama.com/2023/10/223-kerala-hc-upi-bank-account-freeze/,UPI fraud,UPI and Digital Payment Fraud,UPI Fraud,THIRD-PARTY,NA-13705.txt,Keyword matched: UPI fraud
NA-13706,31-03-2026,Soubhik Sarkar,Medianama,medianama.com,03-04-2023,Explained: What’s the 1.1% interchange fee on UPI transactions and who pays it,https://www.medianama.com/2023/04/223-explained-upi-interchange-fee-2/,UPI fraud,UPI and Digital Payment Fraud,UPI Fraud,THIRD-PARTY,NA-13706.txt,Keyword matched: UPI fraud
NA-13707,31-03-2026,Soubhik Sarkar,Medianama,medianama.com,12-12-2022,How UPI’s new block feature might benefit stock broking firms like Zerodha,https://www.medianama.com/2022/12/223-upi-single-block-multiple-debits-functionality-2/,UPI fraud,UPI and Digital Payment Fraud,UPI Fraud,THIRD-PARTY,NA-13707.txt,Keyword matched: UPI fraud
NA-13708,31-03-2026,Soubhik Sarkar,Medianama,medianama.com,03-12-2022,Why has the deadline to comply with UPI market share cap been extended by the NPCI?,https://www.medianama.com/2022/12/223-npci-extends-deadline-comply-with-upi-marketshare-cap/,UPI fraud,UPI and Digital Payment Fraud,UPI Fraud,THIRD-PARTY,NA-13708.txt,Keyword matched: UPI fraud
NA-13709,31-03-2026,Soubhik Sarkar,Medianama,medianama.com,14-11-2022,"PhonePe Allows UPI Payments Using Aadhar Card, Bank Details Not Needed",https://www.medianama.com/2022/11/223-phonepe-upi-payments-allows-users-aadhar-number/,UPI fraud,UPI and Digital Payment Fraud,UPI Fraud,THIRD-PARTY,NA-13709.txt,Keyword matched: UPI fraud
NA-13710,31-03-2026,Soubhik Sarkar,Medianama,medianama.com,21-09-2022,ED Seizes Rs 46 crore under PMLA in China-linked Crypto Mining Fraud Case,https://www.medianama.com/2022/09/223-ed-rs-46-crore-fraud-apps-crypto-mining-china-2/,UPI fraud,UPI and Digital Payment Fraud,UPI Fraud,NEAR-MISS,NA-13710.txt,Keyword matched: UPI fraud
NA-13711,31-03-2026,Soubhik Sarkar,Medianama,medianama.com,16-09-2022,Why are crypto exchanges prevented from using UPI even as transactions cross 6-billion mark?,https://www.medianama.com/2022/09/223-crypto-exchanges-upi-payments-ban-rbi-npci/,UPI fraud,UPI and Digital Payment Fraud,UPI Fraud,VICTIM,NA-13711.txt,Keyword matched: UPI fraud
NA-13712,31-03-2026,Soubhik Sarkar,Medianama,medianama.com,12-09-2022,"UP Police discovers Chinese-linked frauds worth Rs 4,200 cr, says official: Know more",https://www.medianama.com/2022/09/223-up-police-chinese-linked-frauds-rs-4200-cr/,UPI fraud,UPI and Digital Payment Fraud,UPI Fraud,THIRD-PARTY,NA-13712.txt,Keyword matched: UPI fraud
NA-13713,31-03-2026,Soubhik Sarkar,Medianama,medianama.com,12-07-2022,UPI apps must seek user consent before collecting location data: NPCI,https://www.medianama.com/2022/07/223-upi-apps-location-data-npci-2/,UPI fraud,UPI and Digital Payment Fraud,UPI Fraud,THIRD-PARTY,NA-13713.txt,Keyword matched: UPI fraud
NA-13714,31-03-2026,Soubhik Sarkar,Medianama,medianama.com,20-06-2022,Parliamentary panel suggests government should relook zero MDR policy for UPI,https://www.medianama.com/2022/06/223-upi-mdr-parliamentary-panel/,UPI fraud,UPI and Digital Payment Fraud,UPI Fraud,THIRD-PARTY,NA-13714.txt,Keyword matched: UPI fraud
NA-13715,31-03-2026,Soubhik Sarkar,Medianama,medianama.com,12-04-2022,UPI participants must implement Online Dispute Resolution systems by September 30,https://www.medianama.com/2022/04/223-upi-online-despite-resolution-systems/,UPI fraud,UPI and Digital Payment Fraud,UPI Fraud,THIRD-PARTY,NA-13715.txt,Keyword matched: UPI fraud
NA-13716,31-03-2026,Soubhik Sarkar,Medianama,medianama.com,21-03-2022,"TLDR: Govt working on crypto classification, CERT-In warns of cyber attack, UPI lite for offline transactions, CISF personnel data exposed, and more",https://www.medianama.com/2022/03/223-crypto-reliance-twitter-google-youtub-russia-2/,UPI fraud,UPI and Digital Payment Fraud,UPI Fraud,VICTIM,NA-13716.txt,Keyword matched: UPI fraud
NA-13717,31-03-2026,Soubhik Sarkar,Medianama,medianama.com,09-03-2022,"RBI launches UPI for feature phones, here’s how it will work",https://www.medianama.com/2022/03/223-rbi-upi-feature-phones-offline-payments-4/,UPI fraud,UPI and Digital Payment Fraud,UPI Fraud,THIRD-PARTY,NA-13717.txt,Keyword matched: UPI fraud
NA-13718,31-03-2026,Soubhik Sarkar,Medianama,medianama.com,24-01-2022,"With NPCI testing UPI Lite, Offline Digital Payments Might Soon Become Reality",https://www.medianama.com/2022/01/223-upi-lite-offline-payments/,UPI fraud,UPI and Digital Payment Fraud,UPI Fraud,THIRD-PARTY,NA-13718.txt,Keyword matched: UPI fraud
NA-13719,31-03-2026,Soubhik Sarkar,Medianama,medianama.com,10-12-2021,"RBI working on reducing transaction fees, UPI for feature phones: Governor Shaktikanta Das",https://www.medianama.com/2021/12/223-rbi-upi-transaction-fees-feature-phones-3/,UPI fraud,UPI and Digital Payment Fraud,UPI Fraud,THIRD-PARTY,NA-13719.txt,Keyword matched: UPI fraud
NA-13720,31-03-2026,Soubhik Sarkar,Medianama,medianama.com,05-05-2021,NPCI joins hands with Delhi Police to trace and block fraudulent medical and oxygen suppliers: Report,https://www.medianama.com/2021/05/223-npci-delhi-police-fraudsters-covid/,UPI fraud,UPI and Digital Payment Fraud,UPI Fraud,VICTIM,NA-13720.txt,Keyword matched: UPI fraud
NA-13721,31-03-2026,Soubhik Sarkar,Medianama,medianama.com,25-03-2021,UPI apps are allegedly being used to bribe voters in Tamil Nadu elections,https://www.medianama.com/2021/03/223-upi-voters-tamil-nadu-elections/,UPI fraud,UPI and Digital Payment Fraud,UPI Fraud,THIRD-PARTY,NA-13721.txt,Keyword matched: UPI fraud
NA-13722,31-03-2026,Soubhik Sarkar,Medianama,medianama.com,15-10-2020,Supreme Court issues notice in plea filed by CPI MP seeking regulations to protect UPI data,https://www.medianama.com/2020/10/223-binoy-viswam-upi-petition/,UPI fraud,UPI and Digital Payment Fraud,UPI Fraud,THIRD-PARTY,NA-13722.txt,Keyword matched: UPI fraud
NA-13723,31-03-2026,Soubhik Sarkar,Medianama,medianama.com,06-09-2018,Apple India halts plans to launch UPI based payment service: Report,https://www.medianama.com/2018/09/223-apple-india-halts-plans-to-launch-upi-based-payment-service-report-2/,UPI fraud,UPI and Digital Payment Fraud,UPI Fraud,THIRD-PARTY,NA-13723.txt,Keyword matched: UPI fraud
NA-13724,31-03-2026,Soubhik Sarkar,Medianama,medianama.com,06-07-2018,"37 people duped on OLX by frauds using leaked Army, CISF Aadhaar Cards",https://www.medianama.com/2018/07/223-37-people-duped-on-olx-by-frauds-using-leaked-army-cisf-aadhaar-cards/,UPI fraud,UPI and Digital Payment Fraud,UPI Fraud,VICTIM,NA-13724.txt,Keyword matched: UPI fraud
NA-13725,31-03-2026,Soubhik Sarkar,Medianama,medianama.com,14-02-2018,Government admits to some of the banking frauds through Aadhaar linkage,https://www.medianama.com/2018/02/223-government-admits-to-some-of-the-banking-frauds-through-aadhaar-linkage/,UPI fraud,UPI and Digital Payment Fraud,UPI Fraud,VICTIM,NA-13725.txt,Keyword matched: UPI fraud
NA-13726,31-03-2026,Soubhik Sarkar,Medianama,medianama.com,11-05-2022,Coinbase pins blame for disabling UPI option on RBI pressure,https://www.medianama.com/2022/05/223-coinbase-rbi-pressure-upi-suspension-india-3/,UPI scam,UPI and Digital Payment Fraud,UPI Fraud,THIRD-PARTY,NA-13726.txt,Keyword matched: UPI scam
NA-13727,31-03-2026,Soubhik Sarkar,Medianama,medianama.com,11-04-2022,"TLDR: IMD Twitter account briefly hacked, Coinbase suspends UPI option, and VLC might be vulnerable to Chinese malware",https://www.medianama.com/2022/04/223-imd-twitter-account-hacked-coinbase-upi-malware-tldr-2/,UPI scam,UPI and Digital Payment Fraud,UPI Fraud,THIRD-PARTY,NA-13727.txt,Keyword matched: UPI scam
NA-13728,31-03-2026,Soubhik Sarkar,Medianama,medianama.com,09-04-2021,We need to know,https://www.medianama.com/2021/04/223-we-need-to-know/,UPI scam,UPI and Digital Payment Fraud,UPI Fraud,NEAR-MISS,NA-13728.txt,Keyword matched: UPI scam
NA-13729,31-03-2026,Soubhik Sarkar,Medianama,medianama.com,13-03-2026,Meta To Remove End-to-End Encryption on Instagram DMs From May 8,https://www.medianama.com/2026/03/223-meta-ending-instagram-dm-e2ee/,UPI scam,UPI and Digital Payment Fraud,UPI Fraud,THIRD-PARTY,NA-13729.txt,Keyword matched: UPI scam
NA-13730,31-03-2026,Soubhik Sarkar,Medianama,medianama.com,18-12-2025,"New Mozilla CEO Floats Evolving Firefox Into ‘Modern AI Browser’, Faces Backlash from Users",https://www.medianama.com/2025/12/223-mozilla-ceo-firefox-modern-ai-browser-backlash-users/,UPI scam,UPI and Digital Payment Fraud,UPI Fraud,THIRD-PARTY,NA-13730.txt,Keyword matched: UPI scam
NA-13731,31-03-2026,Soubhik Sarkar,Medianama,medianama.com,01-12-2025,Can Messaging Apps Implement SIM Binding Without OS Provider Support?,https://www.medianama.com/2025/12/223-sim-binding-guidelines-os-providers-messaging-apps-impact-users-india/,UPI scam,UPI and Digital Payment Fraud,UPI Fraud,VICTIM,NA-13731.txt,Keyword matched: UPI scam
NA-13732,31-03-2026,Soubhik Sarkar,Medianama,medianama.com,29-11-2025,"It’s Not Just Sanchar Saathi, New SIM-Binding Rules Could Change How Messaging Apps Work in India",https://www.medianama.com/2025/11/223-dot-sim-binding-directions-to-whatsapp-and-telegram/,UPI scam,UPI and Digital Payment Fraud,UPI Fraud,VICTIM,NA-13732.txt,Keyword matched: UPI scam
NA-13733,31-03-2026,Soubhik Sarkar,Medianama,medianama.com,15-10-2025,"Coinbase Invests in CoinDCX Despite Security Breach, Eyes an India Return After Setback",https://www.medianama.com/2025/10/223-coinbase-invests-coindcx-india-return/,UPI scam,UPI and Digital Payment Fraud,UPI Fraud,NEAR-MISS,NA-13733.txt,Keyword matched: UPI scam
NA-13734,31-03-2026,Soubhik Sarkar,Medianama,medianama.com,26-09-2025,Dark Patterns Cloud India’s Festive Sales On E-Commerce Platforms: What It Means,https://www.medianama.com/2025/09/223-dark-patterns-indias-festive-sales-e-commerce-platforms/,UPI scam,UPI and Digital Payment Fraud,UPI Fraud,NEAR-MISS,NA-13734.txt,Keyword matched: UPI scam
NA-13735,31-03-2026,Soubhik Sarkar,Medianama,medianama.com,12-09-2025,Standing committee on Home Affairs Backs DoT’s Mobile Number Validation Platform,https://www.medianama.com/2025/09/223-home-affairs-committee-backs-mnv-platform/,UPI scam,UPI and Digital Payment Fraud,UPI Fraud,THIRD-PARTY,NA-13735.txt,Keyword matched: UPI scam
NA-13736,31-03-2026,Soubhik Sarkar,Medianama,medianama.com,16-07-2025,"Delhi HC: Amazon, Flipkart Should Delist, Remove Pages Violating ‘Reliance’ and ‘Jio’ Trademarks",https://www.medianama.com/2025/07/223-delhi-hc-orders-ecommerce-platforms-removal-of-reliance-jio-infringing-listings/,UPI scam,UPI and Digital Payment Fraud,UPI Fraud,THIRD-PARTY,NA-13736.txt,Keyword matched: UPI scam
NA-13737,31-03-2026,Soubhik Sarkar,Medianama,medianama.com,02-06-2025,RBI Annual Report 2024-25: What is The Central Bank’s Agenda For FY26?,https://www.medianama.com/2025/06/223-rbi-annual-report-2024-25-central-bank-agenda/,UPI scam,UPI and Digital Payment Fraud,UPI Fraud,THIRD-PARTY,NA-13737.txt,Keyword matched: UPI scam
NA-13738,31-03-2026,Soubhik Sarkar,Medianama,medianama.com,13-05-2025,What Are the Risks of Sarvam AI’s New Text-to-Speech Model for Indian Users?,https://www.medianama.com/2025/05/223-sarvam-ai-bulbul-v2-tts-launch-privacy-challenges/,UPI scam,UPI and Digital Payment Fraud,UPI Fraud,THIRD-PARTY,NA-13738.txt,Keyword matched: UPI scam
NA-13739,31-03-2026,Soubhik Sarkar,Medianama,medianama.com,11-03-2025,"How Illegal Betting Platforms Blend In with Legitimate Operators, Making Revenue Leakage Unavoidable: Report",https://www.medianama.com/2025/03/223-how-illegal-betting-platforms-blend-in-with-legitimate-operators-making-revenue-leakage-unavoidable-report/,UPI scam,UPI and Digital Payment Fraud,UPI Fraud,THIRD-PARTY,NA-13739.txt,Keyword matched: UPI scam
NA-13740,31-03-2026,Soubhik Sarkar,Medianama,medianama.com,02-05-2024,Mozilla Foundation Releases Report Critiquing Dating Apps For Privacy Risks,https://www.medianama.com/2024/05/223-mozilla-foundation-releases-report-critiquing-dating-apps-for-privacy-risks/,UPI scam,UPI and Digital Payment Fraud,UPI Fraud,THIRD-PARTY,NA-13740.txt,Keyword matched: UPI scam
NA-13741,31-03-2026,Soubhik Sarkar,Medianama,medianama.com,15-04-2024,"Tech Manifestos 2024: BJP Wants to Promote ONDC, Increase Digitisation of Land Records, No Mention of AI, Digital India Act",https://www.medianama.com/2024/04/223-tech-manifesto-2024-bjp-land-record-digitisation-no-ai/,UPI scam,UPI and Digital Payment Fraud,UPI Fraud,THIRD-PARTY,NA-13741.txt,Keyword matched: UPI scam
NA-13742,31-03-2026,Soubhik Sarkar,Medianama,medianama.com,02-04-2024,Telecommunications department warns against foreign Whatsapp calls impersonating officials,https://www.medianama.com/2024/04/223-telecommunications-department-warns-foreign-whatsapp-calls-impersonating-officials/,UPI scam,UPI and Digital Payment Fraud,UPI Fraud,THIRD-PARTY,NA-13742.txt,Keyword matched: UPI scam
NA-13743,31-03-2026,Soubhik Sarkar,Medianama,medianama.com,05-02-2024,Delhi high court orders permanent injunction against websites violating Croma’s trademark,https://www.medianama.com/2024/02/223-delhi-hc-orders-blocking-websites-cromas-trademark-3/,UPI scam,UPI and Digital Payment Fraud,UPI Fraud,THIRD-PARTY,NA-13743.txt,Keyword matched: UPI scam
NA-13744,31-03-2026,Soubhik Sarkar,Medianama,medianama.com,22-01-2024,Can Deepfakes Be Used to Exploit User Verification Mechanisms? #NAMA,https://www.medianama.com/2024/01/223-deepfakes-exploit-user-verification-mechanisms-nama-2/,UPI scam,UPI and Digital Payment Fraud,UPI Fraud,THIRD-PARTY,NA-13744.txt,Keyword matched: UPI scam
NA-13745,31-03-2026,Soubhik Sarkar,Medianama,medianama.com,21-09-2023,WhatsApp bets on e-commerce in India with new business features,https://www.medianama.com/2023/09/223-whatsapp-business-features-ecommerce/,UPI scam,UPI and Digital Payment Fraud,UPI Fraud,THIRD-PARTY,NA-13745.txt,Keyword matched: UPI scam
NA-13746,31-03-2026,Soubhik Sarkar,Medianama,medianama.com,26-07-2023,Special Newsletter: Unanswered Questions: Why They Matter—July Edition,https://www.medianama.com/2023/07/223-special-newsletter-unanswered-questions-why-they-matter-july-edition/,UPI scam,UPI and Digital Payment Fraud,UPI Fraud,THIRD-PARTY,NA-13746.txt,Keyword matched: UPI scam
NA-13747,31-03-2026,Soubhik Sarkar,Medianama,medianama.com,10-07-2023,Summary: Google files lawsuit to curb fake business listings and reviews,https://www.medianama.com/2023/07/223-summary-lawsuit-fake-business-listings-reviews/,UPI scam,UPI and Digital Payment Fraud,UPI Fraud,THIRD-PARTY,NA-13747.txt,Keyword matched: UPI scam
NA-13748,31-03-2026,Soubhik Sarkar,Medianama,medianama.com,21-04-2023,Furniture and electronics rental startup Rentomojo reports data breach; customers receive email from hackers,https://www.medianama.com/2023/04/223-rentomojo-data-breach-customer-personal-data-2/,UPI scam,UPI and Digital Payment Fraud,UPI Fraud,THIRD-PARTY,NA-13748.txt,Keyword matched: UPI scam
NA-13749,31-03-2026,Soubhik Sarkar,Medianama,medianama.com,22-03-2023,Here’s everything you need to know about WazirX’s latest transparency report,https://www.medianama.com/2023/03/223-wazirxs-transparency-report-lea/,UPI scam,UPI and Digital Payment Fraud,UPI Fraud,NEAR-MISS,NA-13749.txt,Keyword matched: UPI scam
NA-13750,31-03-2026,Soubhik Sarkar,Medianama,medianama.com,03-03-2023,Explained: How YouTube is used to manipulate share prices in pump and dump schemes,https://www.medianama.com/2023/03/223-youtube-share-prices-manipulation/,UPI scam,UPI and Digital Payment Fraud,UPI Fraud,THIRD-PARTY,NA-13750.txt,Keyword matched: UPI scam
NA-13751,31-03-2026,Soubhik Sarkar,Medianama,medianama.com,18-02-2023,MediaNama Daily: Will this be it for spam callers?,https://www.medianama.com/2023/02/223-medianama-daily-indian-spammers/,UPI scam,UPI and Digital Payment Fraud,UPI Fraud,THIRD-PARTY,NA-13751.txt,Keyword matched: UPI scam
NA-13752,31-03-2026,Soubhik Sarkar,Medianama,medianama.com,09-01-2023,None of our investors and creditors have any right on user funds: CoinDCX COO Mridul Gupta,https://www.medianama.com/2023/01/223-interview-coindcx-coo-mridul-gupta-ftx-collapse-crypto-future/,UPI scam,UPI and Digital Payment Fraud,UPI Fraud,THIRD-PARTY,NA-13752.txt,Keyword matched: UPI scam
NA-13753,31-03-2026,Soubhik Sarkar,Medianama,medianama.com,07-12-2022,Everything you need to know about Indian Central Bank’s CBDC project— digital rupee,https://www.medianama.com/2022/12/223-everything-to-know-about-indian-central-banks-cbdc-project-digital-rupee/,UPI scam,UPI and Digital Payment Fraud,UPI Fraud,NEAR-MISS,NA-13753.txt,Keyword matched: UPI scam
NA-13754,31-03-2026,Soubhik Sarkar,Medianama,medianama.com,19-11-2022,6 out of 10 citizens blame loan service providers for personal data breach: Local Circles,https://www.medianama.com/2022/11/223-local-circles-survey-6-10-loan-personal-data-breach/,UPI scam,UPI and Digital Payment Fraud,UPI Fraud,THIRD-PARTY,NA-13754.txt,Keyword matched: UPI scam
NA-13755,31-03-2026,Soubhik Sarkar,Medianama,medianama.com,16-11-2022,What is the purpose of the joint committee formed by TRAI with RBI and SEBI officials?,https://www.medianama.com/2022/11/223-trai-rbi-sebi-telecom-joint-committee-spam/,UPI scam,UPI and Digital Payment Fraud,UPI Fraud,NEAR-MISS,NA-13755.txt,Keyword matched: UPI scam
NA-13756,31-03-2026,Soubhik Sarkar,Medianama,medianama.com,23-05-2022,TRAI considers caller name display based on KYC,https://www.medianama.com/2022/05/223-trai-caller-name-kyc-records-3/,UPI scam,UPI and Digital Payment Fraud,UPI Fraud,THIRD-PARTY,NA-13756.txt,Keyword matched: UPI scam
NA-13757,31-03-2026,Soubhik Sarkar,Medianama,medianama.com,23-01-2026,"PhonePe Files Updated DRHP With SEBI, Highlights Change In Payment Processing Charges As Risk Factor",https://www.medianama.com/2026/01/223-phonepe-updated-drhp-sebi-payment-processing-charges-risk-factor/,Google Pay fraud,UPI and Digital Payment Fraud,UPI Fraud,THIRD-PARTY,NA-13757.txt,Keyword matched: Google Pay fraud
NA-13758,31-03-2026,Soubhik Sarkar,Medianama,medianama.com,21-11-2025,"Google Develops ‘Secure & Trusted’ AI To Protect Vulnerable Users In India: Announces ePNV, Other Safety Measures",https://www.medianama.com/2025/11/223-google-ai-users-india-epnv-safety-measures/,Google Pay fraud,UPI and Digital Payment Fraud,UPI Fraud,THIRD-PARTY,NA-13758.txt,Keyword matched: Google Pay fraud
NA-13759,31-03-2026,Soubhik Sarkar,Medianama,medianama.com,12-09-2025,Kerala HC Stays ED’s Money Laundering Case Against Cross-Border Payment App Nium,https://www.medianama.com/2025/09/223-kerala-hc-ed-money-laundering-case-nium/,Google Pay fraud,UPI and Digital Payment Fraud,UPI Fraud,VICTIM,NA-13759.txt,Keyword matched: Google Pay fraud
NA-13760,31-03-2026,Soubhik Sarkar,Medianama,medianama.com,05-08-2025,Insurance Company Uses Google Timeline To Deny Client’s Claim: Are Insurers Collecting Personal Data Under Bundled Consent?,https://www.medianama.com/2025/08/223-insurance-company-google-timeline-claim-personal-data-consent/,Google Pay fraud,UPI and Digital Payment Fraud,UPI Fraud,THIRD-PARTY,NA-13760.txt,Keyword matched: Google Pay fraud
NA-13761,31-03-2026,Soubhik Sarkar,Medianama,medianama.com,16-04-2025,Karnataka High Court instructs Google India to deposit 50% of penalty in FEMA case,https://www.medianama.com/2025/04/223-karnataka-high-court-google-india-deposit-penalty-fema-case/,Google Pay fraud,UPI and Digital Payment Fraud,UPI Fraud,THIRD-PARTY,NA-13761.txt,Keyword matched: Google Pay fraud
NA-13762,31-03-2026,Soubhik Sarkar,Medianama,medianama.com,04-04-2025,How Major Indian Apps Are Bypassing Google’s Policy to Spy on Your App Drawer?,https://www.medianama.com/2025/04/223-android-apps-data-breach-google-policy-bypassing/,Google Pay fraud,UPI and Digital Payment Fraud,UPI Fraud,NEAR-MISS,NA-13762.txt,Keyword matched: Google Pay fraud
NA-13763,31-03-2026,Soubhik Sarkar,Medianama,medianama.com,28-02-2025,Can AI Give Investment Advice? Paytm’s Partnership With Perplexity Raises Questions,https://www.medianama.com/2025/02/223-can-paytms-new-ai-advisor-be-trusted-for-financial-guidance/,Google Pay fraud,UPI and Digital Payment Fraud,UPI Fraud,THIRD-PARTY,NA-13763.txt,Keyword matched: Google Pay fraud
NA-13764,31-03-2026,Soubhik Sarkar,Medianama,medianama.com,29-11-2024,CCI Launches Probe Into Google Following WinZO’s Complaint Over Alleged Anti-Competitive Practices: Here Are The Arguments,https://www.medianama.com/2024/11/223-cci-probes-google-winzo-complaint-anti-competitive-practices/,Google Pay fraud,UPI and Digital Payment Fraud,UPI Fraud,NEAR-MISS,NA-13764.txt,Keyword matched: Google Pay fraud
NA-13765,31-03-2026,Soubhik Sarkar,Medianama,medianama.com,19-09-2024,Mobikwik’s payment gateway Zaakpay offering payments via WhatsApp,https://www.medianama.com/2024/09/223-mobikwik-payment-gateway-zaakpay-offering-payments-through-whatsapp/,Google Pay fraud,UPI and Digital Payment Fraud,UPI Fraud,THIRD-PARTY,NA-13765.txt,Keyword matched: Google Pay fraud
NA-13766,31-03-2026,Soubhik Sarkar,Medianama,medianama.com,08-01-2024,"Google, Apple take down eSIM apps Airalo, Holafly from their app stores in India",https://www.medianama.com/2024/01/223-airalo-holafly-esim-apps-removed-app-stores/,Google Pay fraud,UPI and Digital Payment Fraud,UPI Fraud,THIRD-PARTY,NA-13766.txt,Keyword matched: Google Pay fraud
NA-13767,31-03-2026,Soubhik Sarkar,Medianama,medianama.com,20-10-2023,Google to work with industry partners to take down predatory loan apps on Play Store,https://www.medianama.com/2023/10/223-google-industry-partners-predatory-loan-apps/,Google Pay fraud,UPI and Digital Payment Fraud,UPI Fraud,THIRD-PARTY,NA-13767.txt,Keyword matched: Google Pay fraud
NA-13768,31-03-2026,Soubhik Sarkar,Medianama,medianama.com,25-09-2023,Google Play populated with loan guide apps that lets users to download APKs of predatory loan apps,https://www.medianama.com/2023/09/223-google-play-loan-guide-apps/,Google Pay fraud,UPI and Digital Payment Fraud,UPI Fraud,THIRD-PARTY,NA-13768.txt,Keyword matched: Google Pay fraud
NA-13769,31-03-2026,Soubhik Sarkar,Medianama,medianama.com,09-08-2023,Google appears to be actively promoting predatory loan apps on Play Store,https://www.medianama.com/2023/08/223-google-predatory-loan-apps-play-store/,Google Pay fraud,UPI and Digital Payment Fraud,UPI Fraud,VICTIM,NA-13769.txt,Keyword matched: Google Pay fraud
NA-13770,31-03-2026,Soubhik Sarkar,Medianama,medianama.com,07-04-2023,Google to require Play Store apps to let users easily delete their accounts and data,https://www.medianama.com/2023/04/223-google-play-store-apps-account-data-delete/,Google Pay fraud,UPI and Digital Payment Fraud,UPI Fraud,THIRD-PARTY,NA-13770.txt,Keyword matched: Google Pay fraud
NA-13771,31-03-2026,Soubhik Sarkar,Medianama,medianama.com,09-11-2022,Advanced Version of Android Malware Targeting Indian Taxpayers Identified: Report,https://www.medianama.com/2022/11/223-android-malware-drinik-indain-taxpayers-it-dept-fraud/,Google Pay fraud,UPI and Digital Payment Fraud,UPI Fraud,VICTIM,NA-13771.txt,Keyword matched: Google Pay fraud
NA-13772,31-03-2026,Soubhik Sarkar,Medianama,medianama.com,05-09-2022,"ED Raids Razorpay, Cashfree, Paytm",https://www.medianama.com/2022/09/223-ed-raids-paytm-cashfree-offices-chinese-loan-apps/,Google Pay fraud,UPI and Digital Payment Fraud,UPI Fraud,THIRD-PARTY,NA-13772.txt,Keyword matched: Google Pay fraud
NA-13773,31-03-2026,Soubhik Sarkar,Medianama,medianama.com,16-05-2022,Why Tinder-parent Match Group is suing Google,https://www.medianama.com/2022/05/223-why-tinder-parent-match-group-is-suing-google-2/,Google Pay fraud,UPI and Digital Payment Fraud,UPI Fraud,THIRD-PARTY,NA-13773.txt,Keyword matched: Google Pay fraud
NA-13774,31-03-2026,Soubhik Sarkar,Medianama,medianama.com,13-05-2022,Indian startups urge government to regulate ads on Google,https://www.medianama.com/2022/05/223-google-fraudulent-ads-adif-2/,Google Pay fraud,UPI and Digital Payment Fraud,UPI Fraud,VICTIM,NA-13774.txt,Keyword matched: Google Pay fraud
NA-13775,31-03-2026,Soubhik Sarkar,Medianama,medianama.com,02-05-2022,Questions that CCI should explore in its investigation into Apple and Google,https://www.medianama.com/2022/05/223-questions-cci-investigation-apple-google-2/,Google Pay fraud,UPI and Digital Payment Fraud,UPI Fraud,THIRD-PARTY,NA-13775.txt,Keyword matched: Google Pay fraud
NA-13776,31-03-2026,Soubhik Sarkar,Medianama,medianama.com,29-04-2022,"TLDR: Amazon Prime, Apple Pay, Russia, Ukraine, cyber attacks, targeted ads, antitrust",https://www.medianama.com/2022/04/223-amazon-prime-apple-pay-russia-ukraine-cyber-attacks-tldr-3/,Google Pay fraud,UPI and Digital Payment Fraud,UPI Fraud,THIRD-PARTY,NA-13776.txt,Keyword matched: Google Pay fraud
NA-13777,31-03-2026,Soubhik Sarkar,Medianama,medianama.com,22-10-2021,Tech giants are under new scrutiny in US for their handling of consumer payments data,https://www.medianama.com/2021/10/223-us-consumer-bureau-tech-giants-payment-data/,Google Pay fraud,UPI and Digital Payment Fraud,UPI Fraud,THIRD-PARTY,NA-13777.txt,Keyword matched: Google Pay fraud
NA-13778,31-03-2026,Soubhik Sarkar,Medianama,medianama.com,28-09-2021,"How predatory loan apps run fake ads on Google, Facebook to target vulnerable Indians",https://www.medianama.com/2021/09/223-loan-apps-fake-ads-google-facebook/,Google Pay fraud,UPI and Digital Payment Fraud,UPI Fraud,VICTIM,NA-13778.txt,Keyword matched: Google Pay fraud
NA-13779,31-03-2026,Soubhik Sarkar,Medianama,medianama.com,15-09-2021,App Annie charged with fraud after US federal agency finds that customers were misled,https://www.medianama.com/2021/09/223-sec-app-annie-securities-fraud-3/,Google Pay fraud,UPI and Digital Payment Fraud,UPI Fraud,THIRD-PARTY,NA-13779.txt,Keyword matched: Google Pay fraud
NA-13780,31-03-2026,Soubhik Sarkar,Medianama,medianama.com,15-09-2021,Researchers find personal data of users exposed on Google’s app development platform,https://www.medianama.com/2021/09/223-android-apps-exposed-firebase/,Google Pay fraud,UPI and Digital Payment Fraud,UPI Fraud,VICTIM,NA-13780.txt,Keyword matched: Google Pay fraud
NA-13781,31-03-2026,Soubhik Sarkar,Medianama,medianama.com,08-09-2021,Phishing attack dupes Indian taxpayers and steals their financial information: Here’s how to avoid it,https://www.medianama.com/2021/09/223-phishing-attack-tax-financial-data/,Google Pay fraud,UPI and Digital Payment Fraud,UPI Fraud,VICTIM,NA-13781.txt,Keyword matched: Google Pay fraud
NA-13782,31-03-2026,Soubhik Sarkar,Medianama,medianama.com,01-09-2021,"South Korea sets precedent by forcing Google, Apple to allow alternative in-app payment systems",https://www.medianama.com/2021/09/223-south-korea-app-store-regulation-2/,Google Pay fraud,UPI and Digital Payment Fraud,UPI Fraud,THIRD-PARTY,NA-13782.txt,Keyword matched: Google Pay fraud
NA-13783,31-03-2026,Soubhik Sarkar,Medianama,medianama.com,24-08-2021,Google removes 8 fake cryptocurrency mining apps after cybersecurity firm exposes them as malware,https://www.medianama.com/2021/08/223-fake-cryptocurrency-mining-apps-2/,Google Pay fraud,UPI and Digital Payment Fraud,UPI Fraud,VICTIM,NA-13783.txt,Keyword matched: Google Pay fraud
NA-13784,31-03-2026,Soubhik Sarkar,Medianama,medianama.com,12-08-2021,US lawmakers introduce bill requiring Apple and Google to allow third-party app stores and payment systems,https://www.medianama.com/2021/08/223-us-bill-apple-google-app-stores-2/,Google Pay fraud,UPI and Digital Payment Fraud,UPI Fraud,THIRD-PARTY,NA-13784.txt,Keyword matched: Google Pay fraud
NA-13785,31-03-2026,Soubhik Sarkar,Medianama,medianama.com,08-06-2021,Haryana Police bust gang stealing money from bank accounts using Aadhaar Enabled Payment System,https://www.medianama.com/2021/06/223-haryana-aadhaar/,Google Pay fraud,UPI and Digital Payment Fraud,UPI Fraud,VICTIM,NA-13785.txt,Keyword matched: Google Pay fraud
NA-13786,31-03-2026,Soubhik Sarkar,Medianama,medianama.com,20-04-2021,IT Rules 2021: What Do They Mean For Payment Companies?,https://www.medianama.com/2021/04/223-it-rules-intermediary-payment-companies/,Google Pay fraud,UPI and Digital Payment Fraud,UPI Fraud,THIRD-PARTY,NA-13786.txt,Keyword matched: Google Pay fraud
NA-13787,31-03-2026,Soubhik Sarkar,Medianama,medianama.com,07-09-2020,"Google wants safe harbour to be preserved, remains non-committal over competition in submission to EU",https://www.medianama.com/2020/09/223-google-submission-eu-digital-services-act/,Google Pay fraud,UPI and Digital Payment Fraud,UPI Fraud,THIRD-PARTY,NA-13787.txt,Keyword matched: Google Pay fraud
NA-13788,31-03-2026,Soubhik Sarkar,Medianama,medianama.com,02-09-2020,"Google, Facebook’s impact on local news has harmed local communities: Research",https://www.medianama.com/2020/09/223-google-facebook-local-communities/,Google Pay fraud,UPI and Digital Payment Fraud,UPI Fraud,THIRD-PARTY,NA-13788.txt,Keyword matched: Google Pay fraud
NA-13789,31-03-2026,Soubhik Sarkar,Medianama,medianama.com,24-08-2020,Facebook to pay France €106 million in back taxes: Report,https://www.medianama.com/2020/08/223-france-facebook-back-taxes/,Google Pay fraud,UPI and Digital Payment Fraud,UPI Fraud,THIRD-PARTY,NA-13789.txt,Keyword matched: Google Pay fraud
NA-13790,31-03-2026,Soubhik Sarkar,Medianama,medianama.com,28-05-2020,Arizona attorney general files lawsuit against Google for location tracking,https://www.medianama.com/2020/05/223-arizona-google-location-tracking/,Google Pay fraud,UPI and Digital Payment Fraud,UPI Fraud,THIRD-PARTY,NA-13790.txt,Keyword matched: Google Pay fraud
NA-13791,31-03-2026,Soubhik Sarkar,Medianama,medianama.com,24-07-2019,Facebook to set up privacy committee and pay $5B in FTC settlement,https://www.medianama.com/2019/07/223-facebook-to-set-up-privacy-committee-and-pay-5b-in-ftc-settlement/,Google Pay fraud,UPI and Digital Payment Fraud,UPI Fraud,THIRD-PARTY,NA-13791.txt,Keyword matched: Google Pay fraud
NA-13792,31-03-2026,Soubhik Sarkar,Medianama,medianama.com,24-01-2019,Updated: IT Ministry asks Google and Facebook to take down “fake” food content: report,https://www.medianama.com/2019/01/223-it-ministry-fssai-notice-google-facebook-2/,Google Pay fraud,UPI and Digital Payment Fraud,UPI Fraud,THIRD-PARTY,NA-13792.txt,Keyword matched: Google Pay fraud
NA-13793,31-03-2026,Soubhik Sarkar,Medianama,medianama.com,17-01-2019,Intermediary Liability: Amul sends legal notice to Google and Godaddy over fake campaigns,https://www.medianama.com/2019/01/223-amul-sues-google-godaddy-for-fraud-2/,Google Pay fraud,UPI and Digital Payment Fraud,UPI Fraud,THIRD-PARTY,NA-13793.txt,Keyword matched: Google Pay fraud
NA-13794,31-03-2026,Soubhik Sarkar,Medianama,medianama.com,24-09-2018,Obopay acquires Mubble for data analytics; use case?,https://www.medianama.com/2018/09/223-obopay-acquires-mubble-2/,Google Pay fraud,UPI and Digital Payment Fraud,UPI Fraud,THIRD-PARTY,NA-13794.txt,Keyword matched: Google Pay fraud
NA-13795,31-03-2026,Soubhik Sarkar,Medianama,medianama.com,21-09-2018,"Policy wars: After Whatsapp, Paytm trains its guns on Google Pay",https://www.medianama.com/2018/09/223-policy-wars-after-whatsapp-paytm-trains-its-guns-on-google-pay-2/,Google Pay fraud,UPI and Digital Payment Fraud,UPI Fraud,THIRD-PARTY,NA-13795.txt,Keyword matched: Google Pay fraud
NA-13796,31-03-2026,Soubhik Sarkar,Medianama,medianama.com,24-07-2018,Paytm wants govt to implement local payment data storage norms,https://www.medianama.com/2018/07/223-paytm-local-storage-norms/,Google Pay fraud,UPI and Digital Payment Fraud,UPI Fraud,THIRD-PARTY,NA-13796.txt,Keyword matched: Google Pay fraud
NA-13797,31-03-2026,Soubhik Sarkar,Medianama,medianama.com,09-07-2018,Mastercard calls for relaxation of payment data storage norms,https://www.medianama.com/2018/07/223-mastercard-calls-for-relaxation-of-payment-data-storage-norms/,Google Pay fraud,UPI and Digital Payment Fraud,UPI Fraud,THIRD-PARTY,NA-13797.txt,Keyword matched: Google Pay fraud
NA-13798,31-03-2026,Soubhik Sarkar,Medianama,medianama.com,04-07-2018,Flipkart India gets legal notice from vendor over non payment of dues,https://www.medianama.com/2018/07/223-flipkart-india-gets-legal-notice-from-vendor-over-non-payment-of-dues/,Google Pay fraud,UPI and Digital Payment Fraud,UPI Fraud,THIRD-PARTY,NA-13798.txt,Keyword matched: Google Pay fraud
NA-13799,31-03-2026,Soubhik Sarkar,Medianama,medianama.com,16-09-2025,"RBI Fines PhonePe Rs 21 Lakh for Escrow Shortfall in PPI Accounts, Flags Compliance Gaps",https://www.medianama.com/2025/09/223-rbi-fines-phonepe-21-lakh/,PhonePe fraud,UPI and Digital Payment Fraud,UPI Fraud,THIRD-PARTY,NA-13799.txt,Keyword matched: PhonePe fraud
NA-13800,31-03-2026,Soubhik Sarkar,Medianama,medianama.com,30-05-2025,Video: Should PhonePe Share Sensitive Information with Law Enforcement Agencies?,https://www.medianama.com/2025/05/223-phonepe-sensitive-information-law-enforcement-agencies/,PhonePe fraud,UPI and Digital Payment Fraud,UPI Fraud,THIRD-PARTY,NA-13800.txt,Keyword matched: PhonePe fraud
NA-13801,31-03-2026,Soubhik Sarkar,Medianama,medianama.com,05-04-2023,Views: Why PhonePe should build a seller app for ONDC,https://www.medianama.com/2023/04/223-views-why-phonepe-should-build-seller-app-ondc/,PhonePe fraud,UPI and Digital Payment Fraud,UPI Fraud,THIRD-PARTY,NA-13801.txt,Keyword matched: PhonePe fraud
NA-13802,31-03-2026,Soubhik Sarkar,Medianama,medianama.com,23-11-2020,"RBI penalises multiple pre-paid instrument players including Sodexo, PhonePe",https://www.medianama.com/2020/11/223-rbi-penalises-ppi-players/,PhonePe fraud,UPI and Digital Payment Fraud,UPI Fraud,THIRD-PARTY,NA-13802.txt,Keyword matched: PhonePe fraud
NA-13803,31-03-2026,Soubhik Sarkar,Medianama,medianama.com,22-08-2017,"PhonePe signs up 25,000 offline merchants; to add 15 large retail chains soon",https://www.medianama.com/2017/08/223-phonepe-signs-25000-offline-merchants/,PhonePe fraud,UPI and Digital Payment Fraud,UPI Fraud,THIRD-PARTY,NA-13803.txt,Keyword matched: PhonePe fraud
NA-13804,31-03-2026,Soubhik Sarkar,Medianama,medianama.com,21-07-2017,Updated: Flipkart’s PhonePe ventures into offline commerce space,https://www.medianama.com/2017/07/223-phonepe-offline-payment-2/,PhonePe fraud,UPI and Digital Payment Fraud,UPI Fraud,THIRD-PARTY,NA-13804.txt,Keyword matched: PhonePe fraud
NA-13805,31-03-2026,Soubhik Sarkar,Medianama,medianama.com,02-02-2017,ICICI Bank removes block on UPI transactions from PhonePe,https://www.medianama.com/2017/02/223-icici-bank-removes-block/,PhonePe fraud,UPI and Digital Payment Fraud,UPI Fraud,THIRD-PARTY,NA-13805.txt,Keyword matched: PhonePe fraud
NA-13806,31-03-2026,Soubhik Sarkar,Medianama,medianama.com,14-11-2025,SRPA Gets RBI Nod To Act as SRO for Payment System Operators,https://www.medianama.com/2025/11/223-srpa-rbi-nod-sro-payment-operators/,PhonePe fraud,UPI and Digital Payment Fraud,UPI Fraud,THIRD-PARTY,NA-13806.txt,Keyword matched: PhonePe fraud
NA-13807,31-03-2026,Soubhik Sarkar,Medianama,medianama.com,23-10-2025,IPO-Bound Razorpay Slips Into the Red In FY25 Despite 65% Revenue Growth,https://www.medianama.com/2025/10/223-razorpay-fy25-65-percent-revenue-growth-ipo-plans/,PhonePe fraud,UPI and Digital Payment Fraud,UPI Fraud,VICTIM,NA-13807.txt,Keyword matched: PhonePe fraud
NA-13808,31-03-2026,Soubhik Sarkar,Medianama,medianama.com,05-09-2025,What the Axio Acquisition Means for E-Commerce Giant Amazon,https://www.medianama.com/2025/09/223-axio-acquisition-ecommerce-amazon/,PhonePe fraud,UPI and Digital Payment Fraud,UPI Fraud,THIRD-PARTY,NA-13808.txt,Keyword matched: PhonePe fraud
NA-13809,31-03-2026,Soubhik Sarkar,Medianama,medianama.com,09-06-2025,"Event Report: AI in Fintech, April 24, 2025",https://www.medianama.com/2025/06/223-event-report-ai-in-fintech-april-2025/,PhonePe fraud,UPI and Digital Payment Fraud,UPI Fraud,THIRD-PARTY,NA-13809.txt,Keyword matched: PhonePe fraud
NA-13810,31-03-2026,Soubhik Sarkar,Medianama,medianama.com,21-05-2025,What are fintechs using AI for and what aren’t they using AI for? #NAMA,https://www.medianama.com/2025/05/223-fintechs-ai-nama/,PhonePe fraud,UPI and Digital Payment Fraud,UPI Fraud,THIRD-PARTY,NA-13810.txt,Keyword matched: PhonePe fraud
NA-13811,31-03-2026,Soubhik Sarkar,Medianama,medianama.com,07-05-2025,How Fintech Companies Collect User Data And How They Use It #NAMA,https://www.medianama.com/2025/05/223-ai-in-fintech-how-indian-fintechs-collect-use-user-data/,PhonePe fraud,UPI and Digital Payment Fraud,UPI Fraud,THIRD-PARTY,NA-13811.txt,Keyword matched: PhonePe fraud
NA-13812,31-03-2026,Soubhik Sarkar,Medianama,medianama.com,06-05-2025,How Should India Regulate AI in Fintech? Insights from Industry Leaders #NAMA,https://www.medianama.com/2025/05/223-ai-in-fintech-regulation-india-nama/,PhonePe fraud,UPI and Digital Payment Fraud,UPI Fraud,NEAR-MISS,NA-13812.txt,Keyword matched: PhonePe fraud
NA-13813,31-03-2026,Soubhik Sarkar,Medianama,medianama.com,22-04-2025,"Final Call: AI in Fintech, April 24, Bangalore #NAMA",https://www.medianama.com/2025/04/223-final-call-ai-in-fintech-april-24-bangalore-nama/,PhonePe fraud,UPI and Digital Payment Fraud,UPI Fraud,THIRD-PARTY,NA-13813.txt,Keyword matched: PhonePe fraud
NA-13814,31-03-2026,Soubhik Sarkar,Medianama,medianama.com,21-04-2025,"Announcing Speakers: AI in Fintech, April 24, Bangalore #NAMA",https://www.medianama.com/2025/04/223-announcing-speakers-ai-in-fintech-april-24-bangalore-nama-2/,PhonePe fraud,UPI and Digital Payment Fraud,UPI Fraud,THIRD-PARTY,NA-13814.txt,Keyword matched: PhonePe fraud
NA-13815,31-03-2026,Soubhik Sarkar,Medianama,medianama.com,15-04-2025,"Reading List: AI In Fintech, April 24, Bangalore #NAMA",https://www.medianama.com/2025/04/223-reading-list-ai-fintech-april-24-bangalore-nama/,PhonePe fraud,UPI and Digital Payment Fraud,UPI Fraud,THIRD-PARTY,NA-13815.txt,Keyword matched: PhonePe fraud
NA-13816,31-03-2026,Soubhik Sarkar,Medianama,medianama.com,10-04-2025,"Agenda: AI In Fintech, Bangalore, April 24 #NAMA",https://www.medianama.com/2025/04/223-ai-fintech-roundtable-bangalore-april-24-2025-nama/,PhonePe fraud,UPI and Digital Payment Fraud,UPI Fraud,THIRD-PARTY,NA-13816.txt,Keyword matched: PhonePe fraud
NA-13817,31-03-2026,Soubhik Sarkar,Medianama,medianama.com,25-02-2025,What if competition regulation was applied to the NPCI?,https://www.medianama.com/2025/02/223-npci-competition-regulation/,PhonePe fraud,UPI and Digital Payment Fraud,UPI Fraud,THIRD-PARTY,NA-13817.txt,Keyword matched: PhonePe fraud
NA-13818,31-03-2026,Soubhik Sarkar,Medianama,medianama.com,02-09-2024,Round-Up: Here are all the products launched at the Global Fintech Fest,https://www.medianama.com/2024/09/223-round-up-products-launched-at-global-fintech-fest/,PhonePe fraud,UPI and Digital Payment Fraud,UPI Fraud,THIRD-PARTY,NA-13818.txt,Keyword matched: PhonePe fraud
NA-13819,31-03-2026,Soubhik Sarkar,Medianama,medianama.com,10-05-2024,"Event Report: Decoding the Digital Competition Bill, April 5, 2024",https://www.medianama.com/2024/05/223-event-report-decoding-the-digital-competition-bill-april-5-2024/,PhonePe fraud,UPI and Digital Payment Fraud,UPI Fraud,THIRD-PARTY,NA-13819.txt,Keyword matched: PhonePe fraud
NA-13820,31-03-2026,Soubhik Sarkar,Medianama,medianama.com,09-01-2024,"MobiKwik aims to raise ₹ 7,000 million through IPO: Here’s a closer look",https://www.medianama.com/2024/01/223-mobikwik-%e2%82%b9-7000-million-ipo/,PhonePe fraud,UPI and Digital Payment Fraud,UPI Fraud,NEAR-MISS,NA-13820.txt,Keyword matched: PhonePe fraud
NA-13821,31-03-2026,Soubhik Sarkar,Medianama,medianama.com,06-11-2023,How to distinguish a data fiduciary from a data processor? #PrivacyNama2023,https://www.medianama.com/2023/11/223-distinguish-data-fiduciary-data-processor-privacynama/,PhonePe fraud,UPI and Digital Payment Fraud,UPI Fraud,THIRD-PARTY,NA-13821.txt,Keyword matched: PhonePe fraud
NA-13822,31-03-2026,Soubhik Sarkar,Medianama,medianama.com,02-11-2023,Are the Data Protection Act’s Blocking Powers A Fairer Deal than the Section 69A Blocking Framework? #PrivacyNama2023,https://www.medianama.com/2023/11/223-dpdp-act-govt-blocking-powers-it-act/,PhonePe fraud,UPI and Digital Payment Fraud,UPI Fraud,THIRD-PARTY,NA-13822.txt,Keyword matched: PhonePe fraud
NA-13823,31-03-2026,Soubhik Sarkar,Medianama,medianama.com,29-07-2023,Summary: Parliamentary panel proposes establishing Cyber Protection Authority and overhauling cybersecurity regulations for financial sector,https://www.medianama.com/2023/07/223-parliamentary-finance-commitee-cybersecurity-recommendations-2/,PhonePe fraud,UPI and Digital Payment Fraud,UPI Fraud,THIRD-PARTY,NA-13823.txt,Keyword matched: PhonePe fraud
NA-13824,31-03-2026,Soubhik Sarkar,Medianama,medianama.com,01-04-2023,MediaNama Daily: The Great Indian Surveillance Spectacle,https://www.medianama.com/2023/04/223-medianama-daily-the-great-indian-surveillance-spectacle/,PhonePe fraud,UPI and Digital Payment Fraud,UPI Fraud,THIRD-PARTY,NA-13824.txt,Keyword matched: PhonePe fraud
NA-13825,31-03-2026,Soubhik Sarkar,Medianama,medianama.com,18-03-2023,MediaNama Daily: Aviation Ministry’s Digi Yatra is experiencing some turbulence,https://www.medianama.com/2023/03/223-medianama-daily-digi-yatra/,PhonePe fraud,UPI and Digital Payment Fraud,UPI Fraud,THIRD-PARTY,NA-13825.txt,Keyword matched: PhonePe fraud
NA-13826,31-03-2026,Soubhik Sarkar,Medianama,medianama.com,27-01-2023,Views: Why India’s “indigenous” smartphone operating system BharOS is overhyped,https://www.medianama.com/2023/01/223-bharos-india-smartphone-os-issues-2/,PhonePe fraud,UPI and Digital Payment Fraud,UPI Fraud,THIRD-PARTY,NA-13826.txt,Keyword matched: PhonePe fraud
NA-13827,31-03-2026,Soubhik Sarkar,Medianama,medianama.com,01-12-2022,Tamil Nadu pushes for Aadhaar-EB card linking despite data risks,https://www.medianama.com/2022/12/223-tamil-nadu-pushes-for-aadhaar-eb-card-linking-despite-data-risks/,PhonePe fraud,UPI and Digital Payment Fraud,UPI Fraud,THIRD-PARTY,NA-13827.txt,Keyword matched: PhonePe fraud
NA-13828,31-03-2026,Soubhik Sarkar,Medianama,medianama.com,27-07-2022,Kmart and Bunnings pause using facial recognition after OAIC investigation: Report,https://www.medianama.com/2022/07/223-australia-information-comissioner-kmart-bunnings-facial-recognition-3/,PhonePe fraud,UPI and Digital Payment Fraud,UPI Fraud,THIRD-PARTY,NA-13828.txt,Keyword matched: PhonePe fraud
NA-13829,31-03-2026,Soubhik Sarkar,Medianama,medianama.com,30-04-2022,How does piracy affect the bottom line of online streaming companies?,https://www.medianama.com/2022/04/223-piracy-online-streaming-avia-event-2/,PhonePe fraud,UPI and Digital Payment Fraud,UPI Fraud,THIRD-PARTY,NA-13829.txt,Keyword matched: PhonePe fraud
NA-13830,31-03-2026,Soubhik Sarkar,Medianama,medianama.com,11-03-2022,Hyderabad Police arrests two from Bengaluru for operating predatory loan apps under guidance of Chinese national,https://www.medianama.com/2022/03/223-hyderabad-police-arrests-predatory-loan-apps-2/,PhonePe fraud,UPI and Digital Payment Fraud,UPI Fraud,VICTIM,NA-13830.txt,Keyword matched: PhonePe fraud
NA-13831,31-03-2026,Soubhik Sarkar,Medianama,medianama.com,22-06-2020,"In Paytm telecom fraud case, Jio invokes intermediary liability: Report",https://www.medianama.com/2020/06/223-paytm-jio-ucc-fraud-intermediary-liability/,Paytm fraud,UPI and Digital Payment Fraud,UPI Fraud,THIRD-PARTY,NA-13831.txt,Keyword matched: Paytm fraud
NA-13832,31-03-2026,Soubhik Sarkar,Medianama,medianama.com,18-12-2025,RBI Gives Clearance to Paytm Payments for Offline & Cross-border Payments Aggregation,https://www.medianama.com/2025/12/223-rbi-paytm-payments-offline-cross-border-payments/,Paytm fraud,UPI and Digital Payment Fraud,UPI Fraud,THIRD-PARTY,NA-13832.txt,Keyword matched: Paytm fraud
NA-13833,31-03-2026,Soubhik Sarkar,Medianama,medianama.com,05-11-2025,"Paytm Q2FY26 Earnings Call: CEO Says AI Is Revenue Multiplier, Not Just Cost-Cutting Tool",https://www.medianama.com/2025/11/223-paytm-q2fy26-earnings-call-ceo-ai-revenue-multiplier-cost-cutting-tool/,Paytm fraud,UPI and Digital Payment Fraud,UPI Fraud,THIRD-PARTY,NA-13833.txt,Keyword matched: Paytm fraud
NA-13834,31-03-2026,Soubhik Sarkar,Medianama,medianama.com,24-07-2025,"Q1FY26 Earnings: Paytm Sees 100% Revenue Growth In Financial Services, Powered by Merchant Loans",https://www.medianama.com/2025/07/223-paytm-revenue-growth-financial-services/,Paytm fraud,UPI and Digital Payment Fraud,UPI Fraud,NEAR-MISS,NA-13834.txt,Keyword matched: Paytm fraud
NA-13835,31-03-2026,Soubhik Sarkar,Medianama,medianama.com,03-03-2025,"After Byju’s, Razorpay and others, ED puts Paytm under its lens for FEMA violations",https://www.medianama.com/2025/03/223-ater-byjus-razorpay-and-others-ed-puts-paytm-under-lens-for-fema-violations/,Paytm fraud,UPI and Digital Payment Fraud,UPI Fraud,THIRD-PARTY,NA-13835.txt,Keyword matched: Paytm fraud
NA-13836,31-03-2026,Soubhik Sarkar,Medianama,medianama.com,02-03-2024,Paytm Payments Bank fined Rs 5.49 crores for violating anti-money laundering law,https://www.medianama.com/2024/03/223-paytm-payments-bank-fine-money-laundering-law/,Paytm fraud,UPI and Digital Payment Fraud,UPI Fraud,VICTIM,NA-13836.txt,Keyword matched: Paytm fraud
NA-13837,31-03-2026,Soubhik Sarkar,Medianama,medianama.com,13-10-2023,"RBI imposes penalty on Paytm Payments Bank for KYC, cybersecurity violations",https://www.medianama.com/2023/10/223-rbi-penalty-paytm-payments-bank/,Paytm fraud,UPI and Digital Payment Fraud,UPI Fraud,THIRD-PARTY,NA-13837.txt,Keyword matched: Paytm fraud
NA-13838,31-03-2026,Soubhik Sarkar,Medianama,medianama.com,18-04-2022,"TLDR: Sequoia Capital, WhatsApp fake IDs, bitcoin fraud, Wikipedia editors, Intel’s AI tool",https://www.medianama.com/2022/04/223-sequoia-capital-whatsapp-wikipedia-bitcoin-fraud-tldr/,Paytm fraud,UPI and Digital Payment Fraud,UPI Fraud,THIRD-PARTY,NA-13838.txt,Keyword matched: Paytm fraud
NA-13839,31-03-2026,Soubhik Sarkar,Medianama,medianama.com,31-08-2020,"Paytm Mall denies any data breach, claims cybersec firm never contacted them",https://www.medianama.com/2020/08/223-paytm-mall-data-breach-3/,Paytm fraud,UPI and Digital Payment Fraud,UPI Fraud,THIRD-PARTY,NA-13839.txt,Keyword matched: Paytm fraud
NA-13840,31-03-2026,Soubhik Sarkar,Medianama,medianama.com,02-06-2020,"Paytm alleges telcos did not act against phishing companies, approaches Delhi HC",https://www.medianama.com/2020/06/223-paytm-phishing-telecom-delhi-high-court/,Paytm fraud,UPI and Digital Payment Fraud,UPI Fraud,VICTIM,NA-13840.txt,Keyword matched: Paytm fraud
NA-13841,31-03-2026,Soubhik Sarkar,Medianama,medianama.com,17-07-2017,"Paytm Mall delists 85,000 sellers; Our take on the clean-up",https://www.medianama.com/2017/07/223-paytm-mall-delists-85000-sellers-take-clean-2/,Paytm fraud,UPI and Digital Payment Fraud,UPI Fraud,THIRD-PARTY,NA-13841.txt,Keyword matched: Paytm fraud
NA-13842,31-03-2026,Soubhik Sarkar,Medianama,medianama.com,17-05-2017,Renu Satti to become Paytm Payments Bank CEO as Shinjini Kumar leaves,https://www.medianama.com/2017/05/223-renu-satti-shinjini-kumar-paytm-payments-bank-ceo/,Paytm fraud,UPI and Digital Payment Fraud,UPI Fraud,THIRD-PARTY,NA-13842.txt,Keyword matched: Paytm fraud
NA-13843,31-03-2026,Soubhik Sarkar,Medianama,medianama.com,21-03-2017,Paytm will insure wallet balances in case of theft of credentials or devices,https://www.medianama.com/2017/03/223-paytm-wallet-insurance/,Paytm fraud,UPI and Digital Payment Fraud,UPI Fraud,THIRD-PARTY,NA-13843.txt,Keyword matched: Paytm fraud
NA-13844,31-03-2026,Soubhik Sarkar,Medianama,medianama.com,04-05-2015,FIR against Paytm directors: MP police seem to think Paytm can read minds,https://www.medianama.com/2015/05/223-mp-police-fir-against-paytm-directors/,Paytm fraud,UPI and Digital Payment Fraud,UPI Fraud,THIRD-PARTY,NA-13844.txt,Keyword matched: Paytm fraud
NA-13845,31-03-2026,Soubhik Sarkar,Medianama,medianama.com,27-01-2026,"ED Files Chargesheet Against WinZO, Alleges Bots Duped Players Of Rs 734 Crore",https://www.medianama.com/2026/01/223-ed-winzo-bots-duped-players-rs-734-crore/,Paytm fraud,UPI and Digital Payment Fraud,UPI Fraud,NEAR-MISS,NA-13845.txt,Keyword matched: Paytm fraud
NA-13846,31-03-2026,Soubhik Sarkar,Medianama,medianama.com,20-11-2025,RBI Gives Authorisation to PayGlocal to Facilitate Cross-Border Transactions,https://www.medianama.com/2025/11/223-payglocal-rbi-cross-border-transactions/,Paytm fraud,UPI and Digital Payment Fraud,UPI Fraud,THIRD-PARTY,NA-13846.txt,Keyword matched: Paytm fraud
NA-13847,31-03-2026,Soubhik Sarkar,Medianama,medianama.com,13-10-2025,"‘No Refunds,’ Says Defunct BluSmart as Wallet Funds Remain Stuck",https://www.medianama.com/2025/10/223-blusmart-shutdown-user-wallet-refunds-stuck/,Paytm fraud,UPI and Digital Payment Fraud,UPI Fraud,THIRD-PARTY,NA-13847.txt,Keyword matched: Paytm fraud
NA-13848,31-03-2026,Soubhik Sarkar,Medianama,medianama.com,16-09-2025,Explained: RBI’s Master Direction For Payment Aggregators,https://www.medianama.com/2025/09/223-explained-rbi-master-direction-payment-aggregators/,Paytm fraud,UPI and Digital Payment Fraud,UPI Fraud,THIRD-PARTY,NA-13848.txt,Keyword matched: Paytm fraud
NA-13849,31-03-2026,Soubhik Sarkar,Medianama,medianama.com,30-10-2024,Govt Issues Warning Against Illegal Payment Gateways Used For Money Laundering,https://www.medianama.com/2024/10/223-govt-issues-warning-against-illegal-payment-gateways-used-for-money-laundering/,Paytm fraud,UPI and Digital Payment Fraud,UPI Fraud,THIRD-PARTY,NA-13849.txt,Keyword matched: Paytm fraud
NA-13850,31-03-2026,Soubhik Sarkar,Medianama,medianama.com,13-08-2024,Interview: CAMSfinserv CEO explains the role of Technology Service Providers in the Account Aggregator ecosystem,https://www.medianama.com/2024/08/223-role-of-tech-providers-in-account-aggregator-ecosystem-explained/,Paytm fraud,UPI and Digital Payment Fraud,UPI Fraud,THIRD-PARTY,NA-13850.txt,Keyword matched: Paytm fraud
NA-13851,31-03-2026,Soubhik Sarkar,Medianama,medianama.com,28-02-2024,Finance Minister Nirmala Sitharaman meets with fintech firms to discuss concerns,https://www.medianama.com/2024/02/223-nirmala-sitharaman-fintech-firms-startups-concerns-2/,Paytm fraud,UPI and Digital Payment Fraud,UPI Fraud,THIRD-PARTY,NA-13851.txt,Keyword matched: Paytm fraud
NA-13852,31-03-2026,Soubhik Sarkar,Medianama,medianama.com,15-02-2024,"RBI directs Visa, Mastercard to halt certain card-based business payments",https://www.medianama.com/2024/02/223-rbi-visa-mastercard-b2b-card-payments-ban-2/,Paytm fraud,UPI and Digital Payment Fraud,UPI Fraud,THIRD-PARTY,NA-13852.txt,Keyword matched: Paytm fraud
NA-13853,31-03-2026,Soubhik Sarkar,Medianama,medianama.com,25-01-2024,Medianama Recap: A compilation Of Long Reads from 2023 That You Can’t Miss (Part 1),https://www.medianama.com/2024/01/223-medianama-long-reads-2023-compilation/,Paytm fraud,UPI and Digital Payment Fraud,UPI Fraud,NEAR-MISS,NA-13853.txt,Keyword matched: Paytm fraud
NA-13854,31-03-2026,Soubhik Sarkar,Medianama,medianama.com,20-12-2023,Telecom Bill passed in Lok Sabha: Minister side steps question on OTT,https://www.medianama.com/2023/12/223-telecommunication-bill-passed-lok-sabha/,Paytm fraud,UPI and Digital Payment Fraud,UPI Fraud,NEAR-MISS,NA-13854.txt,Keyword matched: Paytm fraud
NA-13855,31-03-2026,Soubhik Sarkar,Medianama,medianama.com,08-12-2023,Government Departments Have Initiated Efforts to Standardise Rules For Use of AI: IT Ministry in Parliament,https://www.medianama.com/2023/12/223-govt-departments-standardise-rules-ai-it-ministry/,Paytm fraud,UPI and Digital Payment Fraud,UPI Fraud,THIRD-PARTY,NA-13855.txt,Keyword matched: Paytm fraud
NA-13856,31-03-2026,Soubhik Sarkar,Medianama,medianama.com,10-08-2023,Quick Take: Why WhatsApp’s new screen sharing feature is going to be a problem for the company,https://www.medianama.com/2023/08/223-whatsapp-screen-sharing-scam-problem/,Paytm fraud,UPI and Digital Payment Fraud,UPI Fraud,VICTIM,NA-13856.txt,Keyword matched: Paytm fraud
NA-13857,31-03-2026,Soubhik Sarkar,Medianama,medianama.com,23-03-2023,Is the provision of safe harbour protection for e-commerce platforms in India under threat?,https://www.medianama.com/2023/03/223-safe-harbour-e-commerce-fallback-liability/,Paytm fraud,UPI and Digital Payment Fraud,UPI Fraud,THIRD-PARTY,NA-13857.txt,Keyword matched: Paytm fraud
NA-13858,31-03-2026,Soubhik Sarkar,Medianama,medianama.com,07-02-2023,MediaNama Daily: Of Fake Twitter Accounts and Compromised Wallets,https://www.medianama.com/2023/02/223-medianama-daily-of-fake-twitter-accounts-and-compromised-wallets-3/,Paytm fraud,UPI and Digital Payment Fraud,UPI Fraud,THIRD-PARTY,NA-13858.txt,Keyword matched: Paytm fraud
NA-13859,31-03-2026,Soubhik Sarkar,Medianama,medianama.com,31-07-2024,Aadhaar Breaches Through Land Records Fuel AePS Fraud Surge: MoS Finance,https://www.medianama.com/2024/07/223-aadhaar-breaches-in-land-records-behind-aeps-fraud-surge/,BHIM fraud,UPI and Digital Payment Fraud,UPI Fraud,THIRD-PARTY,NA-13859.txt,Keyword matched: BHIM fraud
NA-13860,31-03-2026,Soubhik Sarkar,Medianama,medianama.com,17-09-2020,"BHIM app not breached, 37 govt websites hacked in 2020: MEITY in Parliament",https://www.medianama.com/2020/09/223-meity-bhim-app-breach-hacked-govt-websites/,BHIM fraud,UPI and Digital Payment Fraud,UPI Fraud,VICTIM,NA-13860.txt,Keyword matched: BHIM fraud
NA-13861,31-03-2026,Soubhik Sarkar,Medianama,medianama.com,03-04-2025,US Trade Representative Claims NPCI Favours Indian Players Over Foreign Payment Firms,https://www.medianama.com/2025/04/223-us-trade-representative-claims-npci-favours-indian-players-over-foreign-payment-firms/,BHIM fraud,UPI and Digital Payment Fraud,UPI Fraud,THIRD-PARTY,NA-13861.txt,Keyword matched: BHIM fraud
NA-13862,31-03-2026,Soubhik Sarkar,Medianama,medianama.com,16-04-2021,"Exclusive: Hyderabad Police wants to acquire Cellebrite UFED to break into smartphones, extract WhatsApp data",https://www.medianama.com/2021/04/223-exclusive-hyderabad-police-wants-to-acquire-cellebrite-ufed-to-break-into-smartphones-extract-whatsapp-data/,BHIM fraud,UPI and Digital Payment Fraud,UPI Fraud,THIRD-PARTY,NA-13862.txt,Keyword matched: BHIM fraud
NA-13863,31-03-2026,Soubhik Sarkar,Medianama,medianama.com,13-01-2020,"Why Zero MDR is a dangerous play with incentives, and will hurt financial inclusion and businesses",https://www.medianama.com/2020/01/223-zero-mdr-payments-india-editorial/,BHIM fraud,UPI and Digital Payment Fraud,UPI Fraud,THIRD-PARTY,NA-13863.txt,Keyword matched: BHIM fraud
NA-13864,31-03-2026,Soubhik Sarkar,Medianama,medianama.com,05-06-2019,Summary: 73 recommendations that Nilekani-led committee on digital payments made to the government,https://www.medianama.com/2019/06/223-summary-73-recommendations-that-nilekani-led-committee-on-digital-payments-made-to-the-government/,BHIM fraud,UPI and Digital Payment Fraud,UPI Fraud,THIRD-PARTY,NA-13864.txt,Keyword matched: BHIM fraud
NA-13865,31-03-2026,Soubhik Sarkar,Medianama,medianama.com,26-02-2019,"India’s Draft Ecommerce Policy is really a Digital Economy Policy, impacts the whole ecosystem",https://www.medianama.com/2019/02/223-india-draft-e-commerce-policy-2/,BHIM fraud,UPI and Digital Payment Fraud,UPI Fraud,THIRD-PARTY,NA-13865.txt,Keyword matched: BHIM fraud
NA-13866,31-03-2026,Soubhik Sarkar,Medianama,medianama.com,07-08-2018,Draft National E-commerce Policy: data localisation and priority to domestic companies,https://www.medianama.com/2018/08/223-draft-national-e-commerce-policy-data-localisation-and-priority-to-domestic-companies/,BHIM fraud,UPI and Digital Payment Fraud,UPI Fraud,THIRD-PARTY,NA-13866.txt,Keyword matched: BHIM fraud
NA-13867,31-03-2026,Soubhik Sarkar,Medianama,medianama.com,25-06-2018,"WhatsApp payments is built on FB platform, says privacy will be protected",https://www.medianama.com/2018/06/223-whatsapp-payments-facebook/,BHIM fraud,UPI and Digital Payment Fraud,UPI Fraud,NEAR-MISS,NA-13867.txt,Keyword matched: BHIM fraud
NA-13868,31-03-2026,Soubhik Sarkar,Medianama,medianama.com,06-06-2018,WhatsApp Payments full rollout delayed,https://www.medianama.com/2018/06/223-whatsapp-payments-full-rollout-delayed/,BHIM fraud,UPI and Digital Payment Fraud,UPI Fraud,THIRD-PARTY,NA-13868.txt,Keyword matched: BHIM fraud
NA-13869,31-03-2026,Soubhik Sarkar,Medianama,medianama.com,27-03-2018,Aadhaar CrAPPs – unofficial Aadhaar apps that serve little purpose beyond getting your data,https://www.medianama.com/2018/03/223-unofficial-aadhaar-apps/,BHIM fraud,UPI and Digital Payment Fraud,UPI Fraud,THIRD-PARTY,NA-13869.txt,Keyword matched: BHIM fraud
NA-13870,31-03-2026,Soubhik Sarkar,Medianama,medianama.com,09-10-2017,Three tests for Aadhaar to establish an identity,https://www.medianama.com/2017/10/223-aadhaar-three-tests/,BHIM fraud,UPI and Digital Payment Fraud,UPI Fraud,NEAR-MISS,NA-13870.txt,Keyword matched: BHIM fraud
NA-13871,31-03-2026,Soubhik Sarkar,Medianama,medianama.com,14-07-2017,SBI doesn’t know how many of its customers use UPI: RTI,https://www.medianama.com/2017/07/223-sbi-doesnt-know-many-customers-use-upi-rti-2/,BHIM fraud,UPI and Digital Payment Fraud,UPI Fraud,THIRD-PARTY,NA-13871.txt,Keyword matched: BHIM fraud
NA-13872,31-03-2026,Soubhik Sarkar,Medianama,medianama.com,25-01-2017,Identity politics in banking technology,https://www.medianama.com/2017/01/223-identity-politics-in-banking-technology-2/,BHIM fraud,UPI and Digital Payment Fraud,UPI Fraud,THIRD-PARTY,NA-13872.txt,Keyword matched: BHIM fraud
NA-13873,31-03-2026,Soubhik Sarkar,Medianama,medianama.com,24-08-2020,Fraudsters abuse WhatsApp number verification tool to scam people,https://www.medianama.com/2020/08/223-whatsapp-number-verification-scam/,QR code scam,UPI and Digital Payment Fraud,QR Code Fraud,VICTIM,NA-13873.txt,Keyword matched: QR code scam
NA-13874,31-03-2026,Soubhik Sarkar,Medianama,medianama.com,20-01-2025,RBI Directs Regulated Entities to Use ‘1600xx’ Series for Transactional Calls,https://www.medianama.com/2025/01/223-rbi-transactional-calls-financial-fraud/,QR code scam,UPI and Digital Payment Fraud,QR Code Fraud,THIRD-PARTY,NA-13874.txt,Keyword matched: QR code scam
NA-13875,31-03-2026,Soubhik Sarkar,Medianama,medianama.com,14-06-2024,Report: India saw third highest number of phishing attacks globally in 2023,https://www.medianama.com/2024/06/223-report-india-third-highest-number-phishing-attacks-2023/,QR code scam,UPI and Digital Payment Fraud,QR Code Fraud,VICTIM,NA-13875.txt,Keyword matched: QR code scam
NA-13876,31-03-2026,Soubhik Sarkar,Medianama,medianama.com,27-02-2023,"RTI: NCERT to conduct security audit of DIKSHA, denies user-profiling and data-sharing via the platform",https://www.medianama.com/2023/02/223-rti-ncert-diksha-user-profiling-data-sharing/,QR code scam,UPI and Digital Payment Fraud,QR Code Fraud,THIRD-PARTY,NA-13876.txt,Keyword matched: QR code scam
NA-13877,31-03-2026,Soubhik Sarkar,Medianama,medianama.com,07-02-2023,Here’s what WhatsApp has changed in its pricing policy for business accounts,https://www.medianama.com/2023/02/223-heres-what-whatsapp-has-changed-in-its-pricing-policy-for-business-accounts-2/,QR code scam,UPI and Digital Payment Fraud,QR Code Fraud,THIRD-PARTY,NA-13877.txt,Keyword matched: QR code scam
NA-13878,31-03-2026,Soubhik Sarkar,Medianama,medianama.com,03-02-2022,"RBI urges caution regarding existing cyber threats, lists ‘safe digital banking practices’",https://www.medianama.com/2022/02/223-rbi-safe-digital-banking-practices-2/,QR code scam,UPI and Digital Payment Fraud,QR Code Fraud,THIRD-PARTY,NA-13878.txt,Keyword matched: QR code scam
NA-13879,31-03-2026,Soubhik Sarkar,Medianama,medianama.com,02-06-2021,How The Aadhaar Enabled Payments System Is A Boon and Bane For Welfare Beneficiaries,https://www.medianama.com/2021/06/223-aeps-aadhaar-payments-exclusions-npci-stimulus/,QR code scam,UPI and Digital Payment Fraud,QR Code Fraud,THIRD-PARTY,NA-13879.txt,Keyword matched: QR code scam
NA-13880,31-03-2026,Soubhik Sarkar,Medianama,medianama.com,09-02-2021,Guide: A complete low-down on crypto-currency regulation in India,https://www.medianama.com/2021/02/223-guide-crypto-currency-regulation-india/,QR code scam,UPI and Digital Payment Fraud,QR Code Fraud,THIRD-PARTY,NA-13880.txt,Keyword matched: QR code scam
NA-13881,31-03-2026,Soubhik Sarkar,Medianama,medianama.com,23-03-2018,"Constitutional Validity of Aadhaar, Day 21: Presenting Aadhaar",https://www.medianama.com/2018/03/223-constitutional-validity-of-aadhaar-day-21-presenting-aadhaar/,QR code scam,UPI and Digital Payment Fraud,QR Code Fraud,NEAR-MISS,NA-13881.txt,Keyword matched: QR code scam
NA-13882,31-03-2026,Soubhik Sarkar,Medianama,medianama.com,25-11-2016,Live blog 2: the latest and the best demonetization updates,https://www.medianama.com/2016/11/223-live-blog-2-latest-best-demonetization-updates/,QR code scam,UPI and Digital Payment Fraud,QR Code Fraud,VICTIM,NA-13882.txt,Keyword matched: QR code scam
NA-13883,31-03-2026,Soubhik Sarkar,Medianama,medianama.com,04-08-2025,Govt Says Top 300 Pharma Brands Must Print QR Code On Packaging,https://www.medianama.com/2025/08/223-govt-qr-code-top-300-pharma-brands/,QR code fraud,UPI and Digital Payment Fraud,QR Code Fraud,THIRD-PARTY,NA-13883.txt,Keyword matched: QR code fraud
NA-13884,31-03-2026,Soubhik Sarkar,Medianama,medianama.com,10-03-2025,Why Barcode-based Data Storage Under New Passport Rules Raises Privacy Concerns,https://www.medianama.com/2025/03/223-why-barcode-based-data-storage-under-new-passport-rules-raises-privacy-concerns/,QR code fraud,UPI and Digital Payment Fraud,QR Code Fraud,THIRD-PARTY,NA-13884.txt,Keyword matched: QR code fraud
NA-13885,31-03-2026,Soubhik Sarkar,Medianama,medianama.com,05-02-2026,Govt. Deactivates Over 25 Million Aadhaar Numbers Linked to Deceased People,https://www.medianama.com/2026/02/223-uidai-deactivates-25-million-deceased-aadhaar/,QR code fraud,UPI and Digital Payment Fraud,QR Code Fraud,THIRD-PARTY,NA-13885.txt,Keyword matched: QR code fraud
NA-13886,31-03-2026,Soubhik Sarkar,Medianama,medianama.com,30-05-2025,How Stake’s Influencer Marketing Fuels Underage Gambling in India,https://www.medianama.com/2025/05/223-stake-influencer-marketing-underage-gambling-india/,QR code fraud,UPI and Digital Payment Fraud,QR Code Fraud,THIRD-PARTY,NA-13886.txt,Keyword matched: QR code fraud
NA-13887,31-03-2026,Soubhik Sarkar,Medianama,medianama.com,11-04-2025,Ashwini Vaishnaw calls to harmonise Aadhaar Law with DPDP Act,https://www.medianama.com/2025/04/223-ashwini-vaishnaw-aadhaar-law-dpdp-act/,QR code fraud,UPI and Digital Payment Fraud,QR Code Fraud,THIRD-PARTY,NA-13887.txt,Keyword matched: QR code fraud
NA-13888,31-03-2026,Soubhik Sarkar,Medianama,medianama.com,07-04-2025,SEBI’s New Guidelines Allow Algo Providers And Others to Refer to Verified Risk-Return Metrics,https://www.medianama.com/2025/04/223-sebi-parrva-guidelines-updates-algo-trading-rules/,QR code fraud,UPI and Digital Payment Fraud,QR Code Fraud,THIRD-PARTY,NA-13888.txt,Keyword matched: QR code fraud
NA-13889,31-03-2026,Soubhik Sarkar,Medianama,medianama.com,06-02-2025,Bombay High Court To Hear PIL Directing Maharashtra Govt To Secure Official Websites,https://www.medianama.com/2025/02/223-bombay-high-court-pil-security-maharashtra-govt-official-websites/,QR code fraud,UPI and Digital Payment Fraud,QR Code Fraud,THIRD-PARTY,NA-13889.txt,Keyword matched: QR code fraud
NA-13890,31-03-2026,Soubhik Sarkar,Medianama,medianama.com,18-12-2024,"PAN 2.0: Rs 1,435 Crore Project for Re-engineering PAN Services Without Replacing Existing Cards",https://www.medianama.com/2024/12/223-pan-2-project-re-engineering-taxpayer-resgistration-govt-lok-sabha/,QR code fraud,UPI and Digital Payment Fraud,QR Code Fraud,THIRD-PARTY,NA-13890.txt,Keyword matched: QR code fraud
NA-13891,31-03-2026,Soubhik Sarkar,Medianama,medianama.com,26-11-2024,Centre Launches PAN 2.0 Paperless Project; Concerns Over Privacy and Security Loom,https://www.medianama.com/2024/11/223-centre-launches-pan-2-project/,QR code fraud,UPI and Digital Payment Fraud,QR Code Fraud,THIRD-PARTY,NA-13891.txt,Keyword matched: QR code fraud
NA-13892,31-03-2026,Soubhik Sarkar,Medianama,medianama.com,08-02-2024,"Updates from RBI: Alternatives to SMS-based OTP, programability and offline use of digital rupee, safety measures for AePS",https://www.medianama.com/2024/02/223-rbi-updates-otp-digital-rupee-aeps/,QR code fraud,UPI and Digital Payment Fraud,QR Code Fraud,THIRD-PARTY,NA-13892.txt,Keyword matched: QR code fraud
NA-13893,31-03-2026,Soubhik Sarkar,Medianama,medianama.com,23-11-2023,How India’s Police Is Using Metadata,https://www.medianama.com/2023/11/223-india-police-metadata-use-tracking-2/,QR code fraud,UPI and Digital Payment Fraud,QR Code Fraud,NEAR-MISS,NA-13893.txt,Keyword matched: QR code fraud
NA-13894,31-03-2026,Soubhik Sarkar,Medianama,medianama.com,28-09-2023,Special Newsletter: MarketsNama – September Edition,https://www.medianama.com/2023/09/223-special-newsletter-marketsnama-september/,QR code fraud,UPI and Digital Payment Fraud,QR Code Fraud,THIRD-PARTY,NA-13894.txt,Keyword matched: QR code fraud
NA-13895,31-03-2026,Soubhik Sarkar,Medianama,medianama.com,20-03-2023,Last day: Don’t forget to switch from SMS two-factor authentication on Twitter,https://www.medianama.com/2023/03/223-last-day-twitter-sms-two-factor-authentication-2/,QR code fraud,UPI and Digital Payment Fraud,QR Code Fraud,THIRD-PARTY,NA-13895.txt,Keyword matched: QR code fraud
NA-13896,31-03-2026,Soubhik Sarkar,Medianama,medianama.com,24-01-2023,Unique ID Authority of India asks entities to obtain informed consent of residents before Aadhaar authentication,https://www.medianama.com/2023/01/223-unique-id-authority-india-informed-consent-aadhaar-authentication/,QR code fraud,UPI and Digital Payment Fraud,QR Code Fraud,THIRD-PARTY,NA-13896.txt,Keyword matched: QR code fraud
NA-13897,31-03-2026,Soubhik Sarkar,Medianama,medianama.com,30-11-2022,692% Rise In Use Of Face Recognition For Verification: UIDAI Report,https://www.medianama.com/2022/11/223-692-rise-face-recognition-verification-uidai-report/,QR code fraud,UPI and Digital Payment Fraud,QR Code Fraud,THIRD-PARTY,NA-13897.txt,Keyword matched: QR code fraud
NA-13898,31-03-2026,Soubhik Sarkar,Medianama,medianama.com,05-09-2022,IT Ministry releases security guidelines for mobile devices and services for public consultation,https://www.medianama.com/2022/09/223-mobile-security-guidelines-draft-consultation/,QR code fraud,UPI and Digital Payment Fraud,QR Code Fraud,THIRD-PARTY,NA-13898.txt,Keyword matched: QR code fraud
NA-13899,31-03-2026,Soubhik Sarkar,Medianama,medianama.com,30-05-2022,"Exercise ‘normal prudence’ with Aadhaar, says MeitY after UIDAI Bengaluru cautions against misuse of photocopies",https://www.medianama.com/2022/05/223-aadhaar-meity-uidai-photocopy/,QR code fraud,UPI and Digital Payment Fraud,QR Code Fraud,THIRD-PARTY,NA-13899.txt,Keyword matched: QR code fraud
NA-13900,31-03-2026,Soubhik Sarkar,Medianama,medianama.com,30-03-2022,Maharashtra government issues caste certificates using blockchain technology driven by Polygon,https://www.medianama.com/2022/03/223-maharashta-caste-certificates-blockchain-polygon/,QR code fraud,UPI and Digital Payment Fraud,QR Code Fraud,THIRD-PARTY,NA-13900.txt,Keyword matched: QR code fraud
NA-13901,31-03-2026,Soubhik Sarkar,Medianama,medianama.com,03-08-2021,"Exclusive: Major entrance examinations such as JEE, NEET, UGC-NET to come under facial recognition surveillance",https://www.medianama.com/2021/08/223-entrance-exams-facial-recognition-surveillance/,QR code fraud,UPI and Digital Payment Fraud,QR Code Fraud,THIRD-PARTY,NA-13901.txt,Keyword matched: QR code fraud
NA-13902,31-03-2026,Soubhik Sarkar,Medianama,medianama.com,26-07-2021,"Tech Policy in Parliament: Updates on CoWIN use, IT Rules, Aadhaar linkages, and more",https://www.medianama.com/2021/07/223-tech-policy-parliament-cowin-ndhm-aadhaar/,QR code fraud,UPI and Digital Payment Fraud,QR Code Fraud,THIRD-PARTY,NA-13902.txt,Keyword matched: QR code fraud
NA-13903,31-03-2026,Soubhik Sarkar,Medianama,medianama.com,13-05-2021,"RBI updates Know-Your-Customer norms to push video-KYC, aid customer convenience",https://www.medianama.com/2021/05/223-rbi-kyc-norms-video-push/,QR code fraud,UPI and Digital Payment Fraud,QR Code Fraud,NEAR-MISS,NA-13903.txt,Keyword matched: QR code fraud
NA-13904,31-03-2026,Soubhik Sarkar,Medianama,medianama.com,13-02-2021,WhatsApp Pay removes Request Payment feature in India,https://www.medianama.com/2021/02/223-whatsapp-pay-removes-request-payment-feature-in-india-3/,QR code fraud,UPI and Digital Payment Fraud,QR Code Fraud,THIRD-PARTY,NA-13904.txt,Keyword matched: QR code fraud
NA-13905,31-03-2026,Soubhik Sarkar,Medianama,medianama.com,28-11-2020,Politicians from Tamil Nadu urge government to ban online lending apps,https://www.medianama.com/2020/11/223-politicians-urge-government-ban-lending-apps/,QR code fraud,UPI and Digital Payment Fraud,QR Code Fraud,THIRD-PARTY,NA-13905.txt,Keyword matched: QR code fraud
NA-13906,31-03-2026,Soubhik Sarkar,Medianama,medianama.com,08-12-2025,"India’s Always-On GPS Push: The Movement Map, and What to Watch For – Reasoned",https://www.medianama.com/2025/12/223-reasoned-india-gps-surveillance/,scan and pay fraud,UPI and Digital Payment Fraud,QR Code Fraud,THIRD-PARTY,NA-13906.txt,Keyword matched: scan and pay fraud
NA-13907,31-03-2026,Soubhik Sarkar,Medianama,medianama.com,14-10-2025,Karnataka Caste Census Consent Forms Cite DPDP Act and Rules: What It Means,https://www.medianama.com/2025/10/223-karnataka-caste-census-consent-forms-dpdp-act-rules/,scan and pay fraud,UPI and Digital Payment Fraud,QR Code Fraud,THIRD-PARTY,NA-13907.txt,Keyword matched: scan and pay fraud
NA-13908,31-03-2026,Soubhik Sarkar,Medianama,medianama.com,03-12-2024,"Crypto Tax Evasion Scandal: WazirX, CoinDCX Among 17 Under Probe for Rs 824 Cr GST Fraud",https://www.medianama.com/2024/12/223-wazirx-coindcx-17-crypto-platforms-rs-824-crore-gst-fraud/,scan and pay fraud,UPI and Digital Payment Fraud,QR Code Fraud,THIRD-PARTY,NA-13908.txt,Keyword matched: scan and pay fraud
NA-13909,31-03-2026,Soubhik Sarkar,Medianama,medianama.com,06-02-2023,Andhra Pradesh: Gang uses cloned Aadhaar-linked fingerprints to steal money from bank accounts,https://www.medianama.com/2023/02/223-andhra-pradesh-gang-cloned-fingerprints-aadhaar-enabled-payment-system-3/,scan and pay fraud,UPI and Digital Payment Fraud,QR Code Fraud,THIRD-PARTY,NA-13909.txt,Keyword matched: scan and pay fraud
NA-13910,31-03-2026,Soubhik Sarkar,Medianama,medianama.com,21-09-2022,New “Liveliness” Feature Introduced in Aadhar To Prevent Frauds Using Fake Fingerprints,https://www.medianama.com/2022/09/223-new-liveliness-feature-fingerprints-aadhar-frauds-2/,scan and pay fraud,UPI and Digital Payment Fraud,QR Code Fraud,THIRD-PARTY,NA-13910.txt,Keyword matched: scan and pay fraud
NA-13911,31-03-2026,Soubhik Sarkar,Medianama,medianama.com,25-11-2021,Summary: RBI report on regulating digital lending and curbing the menace of predatory lending apps,https://www.medianama.com/2021/11/223-summary-rbi-working-group-report-digital-lending/,scan and pay fraud,UPI and Digital Payment Fraud,QR Code Fraud,THIRD-PARTY,NA-13911.txt,Keyword matched: scan and pay fraud
NA-13912,31-03-2026,Soubhik Sarkar,Medianama,medianama.com,30-07-2021,WhatsApp CEO Will Cathcart demands moratorium on spyware industry in wake of Pegasus scandal,https://www.medianama.com/2021/07/223-whatsapp-ceo-moratorium-pegasus/,scan and pay fraud,UPI and Digital Payment Fraud,QR Code Fraud,VICTIM,NA-13912.txt,Keyword matched: scan and pay fraud
NA-13913,31-03-2026,Soubhik Sarkar,Medianama,medianama.com,30-04-2021,The fake loan app scandal is not going away anytime soon,https://www.medianama.com/2021/04/223-rbi-fake-loan-apps-going-nowhere/,scan and pay fraud,UPI and Digital Payment Fraud,QR Code Fraud,THIRD-PARTY,NA-13913.txt,Keyword matched: scan and pay fraud
NA-13914,31-03-2026,Soubhik Sarkar,Medianama,medianama.com,16-04-2018,"Update – Facebook doesn’t use payments data for commercial purposes, says WhatsApp",https://www.medianama.com/2018/04/223-whatsapp-payments-data-policy/,scan and pay fraud,UPI and Digital Payment Fraud,QR Code Fraud,THIRD-PARTY,NA-13914.txt,Keyword matched: scan and pay fraud
NA-13915,31-03-2026,Soubhik Sarkar,Medianama,medianama.com,25-04-2017,A response to Nandan Nilekani’s new claims (Updated),https://www.medianama.com/2017/04/223-aadhaar-nandan-nilekani/,scan and pay fraud,UPI and Digital Payment Fraud,QR Code Fraud,NEAR-MISS,NA-13915.txt,Keyword matched: scan and pay fraud
NA-13916,31-03-2026,Soubhik Sarkar,Medianama,medianama.com,05-04-2017,A response to Nandan Nilekani on Aadhaar (Updated),https://www.medianama.com/2017/04/223-nandan-nilekani-aadhaar/,scan and pay fraud,UPI and Digital Payment Fraud,QR Code Fraud,VICTIM,NA-13916.txt,Keyword matched: scan and pay fraud
NA-13917,31-03-2026,Soubhik Sarkar,Medianama,medianama.com,20-11-2025,Govt to Launch New Aadhaar App to Support Identity & Age Checks Via Facial Authentication at Public Events,https://www.medianama.com/2025/11/223-new-aadhaar-app-age-checks-facial-authentication-events/,scan and pay fraud,UPI and Digital Payment Fraud,QR Code Fraud,THIRD-PARTY,NA-13917.txt,Keyword matched: scan and pay fraud
NA-13918,31-03-2026,Soubhik Sarkar,Medianama,medianama.com,19-11-2025,"ED Raids Gameskraft, WinZO for Rigging the Gaming App Algorithm, Crypto Money Laundering",https://www.medianama.com/2025/11/223-ed-gameskraft-winzo-gaming-app-algorithm-crypto/,scan and pay fraud,UPI and Digital Payment Fraud,QR Code Fraud,VICTIM,NA-13918.txt,Keyword matched: scan and pay fraud
NA-13919,31-03-2026,Soubhik Sarkar,Medianama,medianama.com,19-09-2025,"How Gameskraft Ex-CFO Syphoned Off Rs 270 Cr, Leading to Over Rs 250 Cr Company Loss",https://www.medianama.com/2025/09/223-gameskraft-ex-cfo-rs-270-cr-personal-trading/,scan and pay fraud,UPI and Digital Payment Fraud,QR Code Fraud,THIRD-PARTY,NA-13919.txt,Keyword matched: scan and pay fraud
NA-13920,31-03-2026,Soubhik Sarkar,Medianama,medianama.com,23-01-2024,Indian Intelligence Agencies Flag Data Privacy Concerns About Biometric Attendance Systems Using Chinese Hardware,https://www.medianama.com/2024/01/223-intelligence-agencies-chinese-biometric-systems-2/,scan and pay fraud,UPI and Digital Payment Fraud,QR Code Fraud,THIRD-PARTY,NA-13920.txt,Keyword matched: scan and pay fraud
NA-13921,31-03-2026,Soubhik Sarkar,Medianama,medianama.com,20-12-2023,Reviving Telugu Folklore with AI: How Swecha is Creating a Telugu Chatbot,https://www.medianama.com/2023/12/223-folklore-ai-swecha-telugu-chatbot/,scan and pay fraud,UPI and Digital Payment Fraud,QR Code Fraud,THIRD-PARTY,NA-13921.txt,Keyword matched: scan and pay fraud
NA-13922,31-03-2026,Soubhik Sarkar,Medianama,medianama.com,24-07-2023,"Govt denies Aadhaar data leak, fails to answer questions on investigation into Aadhaar-related breach",https://www.medianama.com/2023/07/223-govt-aadhar-data-leak-uidai/,scan and pay fraud,UPI and Digital Payment Fraud,QR Code Fraud,THIRD-PARTY,NA-13922.txt,Keyword matched: scan and pay fraud
NA-13923,31-03-2026,Soubhik Sarkar,Medianama,medianama.com,04-05-2023,Why is the FTC Proposing that Meta Be Prohibited From Monetising Children’s Data?,https://www.medianama.com/2023/05/223-why-ftc-proposing-meta-prohibition-from-monetising-childrens-data-2/,scan and pay fraud,UPI and Digital Payment Fraud,QR Code Fraud,THIRD-PARTY,NA-13923.txt,Keyword matched: scan and pay fraud
NA-13924,31-03-2026,Soubhik Sarkar,Medianama,medianama.com,29-04-2023,Indian Enforcement Directorate raids Ed-Tech major BYJU’s premises in Bengaluru,https://www.medianama.com/2023/04/223-enforcement-directorate-raid-byjus-bengaluru/,scan and pay fraud,UPI and Digital Payment Fraud,QR Code Fraud,THIRD-PARTY,NA-13924.txt,Keyword matched: scan and pay fraud
NA-13925,31-03-2026,Soubhik Sarkar,Medianama,medianama.com,08-02-2023,MediaNama Daily: An ASTR-verse unbeknown to you,https://www.medianama.com/2023/02/223-medianama-daily-astr-sim-card-facial-recognition-2/,scan and pay fraud,UPI and Digital Payment Fraud,QR Code Fraud,THIRD-PARTY,NA-13925.txt,Keyword matched: scan and pay fraud
NA-13926,31-03-2026,Soubhik Sarkar,Medianama,medianama.com,07-01-2023,People’s biometric data with a private firm in Chennai poses the risk of identity theft,https://www.medianama.com/2023/01/223-private-firm-chennai-collecting-peoples-biometric-data/,scan and pay fraud,UPI and Digital Payment Fraud,QR Code Fraud,THIRD-PARTY,NA-13926.txt,Keyword matched: scan and pay fraud
NA-13927,31-03-2026,Soubhik Sarkar,Medianama,medianama.com,09-12-2022,What’s the price of your stolen digital identity? A new report claims it’s Rs 490,https://www.medianama.com/2022/12/223-bot-market-stolen-identity-report-3/,scan and pay fraud,UPI and Digital Payment Fraud,QR Code Fraud,VICTIM,NA-13927.txt,Keyword matched: scan and pay fraud
NA-13928,31-03-2026,Soubhik Sarkar,Medianama,medianama.com,09-06-2022,Around 100 Fin-tech Companies’ Accounts Frozen By Enforcement Directorate,https://www.medianama.com/2022/06/223-ed-fintech-lending-accounts-freeze/,scan and pay fraud,UPI and Digital Payment Fraud,QR Code Fraud,THIRD-PARTY,NA-13928.txt,Keyword matched: scan and pay fraud
NA-13929,31-03-2026,Soubhik Sarkar,Medianama,medianama.com,19-04-2022,What a UP man was able to do by cloning Aadhaar-linked fingerprints,https://www.medianama.com/2022/04/223-aadhaar-fraud-fingerprint-cloning-azamgarh-police-arrest/,scan and pay fraud,UPI and Digital Payment Fraud,QR Code Fraud,THIRD-PARTY,NA-13929.txt,Keyword matched: scan and pay fraud
NA-13930,31-03-2026,Soubhik Sarkar,Medianama,medianama.com,18-04-2022,Delhi Police arrests 5 behind Chinese loan app for extortion,https://www.medianama.com/2022/04/223-chinese-loan-app-arrested-delhi-police/,scan and pay fraud,UPI and Digital Payment Fraud,QR Code Fraud,VICTIM,NA-13930.txt,Keyword matched: scan and pay fraud
NA-13931,31-03-2026,Soubhik Sarkar,Medianama,medianama.com,12-04-2022,"360 degree profiling: Maharashtra government to assign unique IDs to citizens, integrate databases",https://www.medianama.com/2022/04/223-citizen-profiling-maharashtra-unique-id-tender/,scan and pay fraud,UPI and Digital Payment Fraud,QR Code Fraud,NEAR-MISS,NA-13931.txt,Keyword matched: scan and pay fraud
NA-13932,31-03-2026,Soubhik Sarkar,Medianama,medianama.com,08-11-2021,Security vulnerability at India’s largest depository exposed sensitive data of investors: Report,https://www.medianama.com/2021/11/223-cdsl-security-vulnerability-exposed-investor-data/,scan and pay fraud,UPI and Digital Payment Fraud,QR Code Fraud,THIRD-PARTY,NA-13932.txt,Keyword matched: scan and pay fraud
NA-13933,31-03-2026,Soubhik Sarkar,Medianama,medianama.com,19-05-2020,Cybersecurity implications for the post COVID-19 era,https://www.medianama.com/2020/05/223-cybersecurity-implications-post-covid19/,scan and pay fraud,UPI and Digital Payment Fraud,QR Code Fraud,THIRD-PARTY,NA-13933.txt,Keyword matched: scan and pay fraud
NA-13934,31-03-2026,Soubhik Sarkar,Medianama,medianama.com,12-09-2019,Finance Ministry’s FinTech report recommends new legal framework for consumer protection,https://www.medianama.com/2019/09/223-finance-ministry-recommends-new-legal-framework-for-consumer-protection-fintech-report/,scan and pay fraud,UPI and Digital Payment Fraud,QR Code Fraud,THIRD-PARTY,NA-13934.txt,Keyword matched: scan and pay fraud
NA-13935,31-03-2026,Soubhik Sarkar,Medianama,medianama.com,08-07-2019,"British Airways fined record £183 million for data breach involving 500,000 customers: report",https://www.medianama.com/2019/07/223-british-airways-fined-record-183-million-for-data-breach-involving-500000-customers-report/,scan and pay fraud,UPI and Digital Payment Fraud,QR Code Fraud,THIRD-PARTY,NA-13935.txt,Keyword matched: scan and pay fraud
NA-13936,31-03-2026,Soubhik Sarkar,Medianama,medianama.com,18-06-2019,All you need to know about Facebook’s cryptocurrency announcement,https://www.medianama.com/2019/06/223-all-you-need-to-know-about-facebooks-cryptocurrency-announcement/,scan and pay fraud,UPI and Digital Payment Fraud,QR Code Fraud,THIRD-PARTY,NA-13936.txt,Keyword matched: scan and pay fraud
NA-13937,31-03-2026,Soubhik Sarkar,Medianama,medianama.com,08-08-2018,Telangana to have unified citizens database soon,https://www.medianama.com/2018/08/223-telangana-to-have-unified-citizens-database-soon/,scan and pay fraud,UPI and Digital Payment Fraud,QR Code Fraud,THIRD-PARTY,NA-13937.txt,Keyword matched: scan and pay fraud
NA-13938,31-03-2026,Soubhik Sarkar,Medianama,medianama.com,20-07-2018,95 million accounts on Instagram could be bots: study,https://www.medianama.com/2018/07/223-95-million-accounts-on-instagram-could-be-bots-study/,scan and pay fraud,UPI and Digital Payment Fraud,QR Code Fraud,NEAR-MISS,NA-13938.txt,Keyword matched: scan and pay fraud
NA-13939,31-03-2026,Soubhik Sarkar,Medianama,medianama.com,23-05-2018,A critical examination of the State of Aadhaar 2018 report by IDinsight,https://www.medianama.com/2018/05/223-state-of-aadhaar-report/,scan and pay fraud,UPI and Digital Payment Fraud,QR Code Fraud,THIRD-PARTY,NA-13939.txt,Keyword matched: scan and pay fraud
NA-13940,31-03-2026,Soubhik Sarkar,Medianama,medianama.com,11-04-2018,"Constitutional Validity of Aadhaar, Day 26: “Larger public interest”",https://www.medianama.com/2018/04/223-constitutional-validity-of-aadhaar-day-26-larger-public-interest/,scan and pay fraud,UPI and Digital Payment Fraud,QR Code Fraud,NEAR-MISS,NA-13940.txt,Keyword matched: scan and pay fraud
NA-13941,31-03-2026,Soubhik Sarkar,Medianama,medianama.com,30-01-2026,Privacy Concerns Linger As Pine Labs Experiments With Agentic AI-Driven Payments: Q3FY26 Earnings,https://www.medianama.com/2026/01/223-pine-labs-agentic-ai-payments-privacy-concerns-q3fy26-earnings/,payment link fraud,UPI and Digital Payment Fraud,Payment Link Fraud,THIRD-PARTY,NA-13941.txt,Keyword matched: payment link fraud
NA-13942,31-03-2026,Soubhik Sarkar,Medianama,medianama.com,27-05-2025,Airtel Calls For Joint Industry Action On Telecom Fraud,https://www.medianama.com/2025/05/223-airtel-joint-industry-action-telecom-fraud/,payment link fraud,UPI and Digital Payment Fraud,Payment Link Fraud,NEAR-MISS,NA-13942.txt,Keyword matched: payment link fraud
NA-13943,31-03-2026,Soubhik Sarkar,Medianama,medianama.com,02-08-2024,"Tamil Nadu Govt Issues Tender for Disability Social Registry, Linking with State Family Database",https://www.medianama.com/2024/08/223-tamil-nadu-govt-tender-disability-social-registry/,payment link fraud,UPI and Digital Payment Fraud,Payment Link Fraud,THIRD-PARTY,NA-13943.txt,Keyword matched: payment link fraud
NA-13944,31-03-2026,Soubhik Sarkar,Medianama,medianama.com,09-01-2024,A Complaint Against Faulty AI-Based Fraud Detection System in US Highlights Key Concerns Regulators Must Note,https://www.medianama.com/2024/01/223-epic-complaint-thompson-reuters-us-ftc-2/,payment link fraud,UPI and Digital Payment Fraud,Payment Link Fraud,THIRD-PARTY,NA-13944.txt,Keyword matched: payment link fraud
NA-13945,31-03-2026,Soubhik Sarkar,Medianama,medianama.com,12-12-2023,Offline payment tech by HDFC Bank and Crunchfish goes live,https://www.medianama.com/2023/12/223-offline-payment-tech-hdfc-bank-crunchfish/,payment link fraud,UPI and Digital Payment Fraud,Payment Link Fraud,THIRD-PARTY,NA-13945.txt,Keyword matched: payment link fraud
NA-13946,31-03-2026,Soubhik Sarkar,Medianama,medianama.com,04-10-2023,"What Made It Easier For Fraudsters To Access People’s Biometrics, Aadhaar Details In Kolkata?",https://www.medianama.com/2023/10/223-aadhaar-enabled-payment-system-fraud-kolkata-2/,payment link fraud,UPI and Digital Payment Fraud,Payment Link Fraud,VICTIM,NA-13946.txt,Keyword matched: payment link fraud
NA-13947,31-03-2026,Soubhik Sarkar,Medianama,medianama.com,26-07-2023,Proposal To Link Birth And Death Data With Aadhaar introduced in the monsoon session of Parliament,https://www.medianama.com/2023/07/223-proposal-link-birth-death-data-aadhaar-monsoon-session-parliament/,payment link fraud,UPI and Digital Payment Fraud,Payment Link Fraud,THIRD-PARTY,NA-13947.txt,Keyword matched: payment link fraud
NA-13948,31-03-2026,Soubhik Sarkar,Medianama,medianama.com,27-06-2023,UIDAI does not wish to answer questions about its new initiatives on tackling Aadhaar-based payment frauds,https://www.medianama.com/2023/06/223-uidai-no-info-on-new-biometric-system-2/,payment link fraud,UPI and Digital Payment Fraud,Payment Link Fraud,THIRD-PARTY,NA-13948.txt,Keyword matched: payment link fraud
NA-13949,31-03-2026,Soubhik Sarkar,Medianama,medianama.com,05-06-2023,Summary: RBI’s draft cybersecurity norms for payment system operators (PSOs) and digital payments,https://www.medianama.com/2023/06/223-summary-rbi-draft-cybersecurity-norms-payment-system-operators/,payment link fraud,UPI and Digital Payment Fraud,Payment Link Fraud,THIRD-PARTY,NA-13949.txt,Keyword matched: payment link fraud
NA-13950,31-03-2026,Soubhik Sarkar,Medianama,medianama.com,02-06-2023,Aadhaar Enabled Payments (AePS) to Have a Fixed Interchange Fee of ₹0.25: NPCI,https://www.medianama.com/2023/06/223-aeps-fixed-interchange-fee/,payment link fraud,UPI and Digital Payment Fraud,Payment Link Fraud,NEAR-MISS,NA-13950.txt,Keyword matched: payment link fraud
NA-13951,31-03-2026,Soubhik Sarkar,Medianama,medianama.com,23-11-2022,Airtel Payments Bank replaces OTP with face verification to open accounts,https://www.medianama.com/2022/11/223-airtel-payments-bank-otp-facial-verification/,payment link fraud,UPI and Digital Payment Fraud,Payment Link Fraud,THIRD-PARTY,NA-13951.txt,Keyword matched: payment link fraud
NA-13952,31-03-2026,Soubhik Sarkar,Medianama,medianama.com,17-11-2022,How A Politically-Linked NGO ‘Covertly’ Collected Voters’ Personal Data: The News Minute’s Report,https://www.medianama.com/2022/11/223-ngo-stole-voter-data-bengaluru-elections-news-minute-report/,payment link fraud,UPI and Digital Payment Fraud,Payment Link Fraud,THIRD-PARTY,NA-13952.txt,Keyword matched: payment link fraud
NA-13953,31-03-2026,Soubhik Sarkar,Medianama,medianama.com,03-10-2022,RBI has the powers to regulate payment aggregators: Delhi High Court,https://www.medianama.com/2022/10/223-rbi-powers-lotus-pay-payment-aggregators-delhi-hc-2/,payment link fraud,UPI and Digital Payment Fraud,Payment Link Fraud,THIRD-PARTY,NA-13953.txt,Keyword matched: payment link fraud
NA-13954,31-03-2026,Soubhik Sarkar,Medianama,medianama.com,01-10-2022,"RBI’s card storage rules kick in today, but is the payments ecosystem ready in India?",https://www.medianama.com/2022/10/223-rbi-card-storage-rules-payments-ecosystem-readiness/,payment link fraud,UPI and Digital Payment Fraud,Payment Link Fraud,THIRD-PARTY,NA-13954.txt,Keyword matched: payment link fraud
NA-13955,31-03-2026,Soubhik Sarkar,Medianama,medianama.com,28-06-2022,"RBI has zero info on payment ecosystem readiness for new card storage rules, RTI reveals",https://www.medianama.com/2022/06/223-rti-rbi-card-storage-rules-ecosystem-readiness/,payment link fraud,UPI and Digital Payment Fraud,Payment Link Fraud,THIRD-PARTY,NA-13955.txt,Keyword matched: payment link fraud
NA-13956,31-03-2026,Soubhik Sarkar,Medianama,medianama.com,25-05-2021,Payments industry needs a self-regulator with teeth: Ramesh Narasimhan of WorldLine India,https://www.medianama.com/2021/05/223-payments-self-regulation-worldline/,payment link fraud,UPI and Digital Payment Fraud,Payment Link Fraud,NEAR-MISS,NA-13956.txt,Keyword matched: payment link fraud
NA-13957,31-03-2026,Soubhik Sarkar,Medianama,medianama.com,20-11-2020,RBI allows payment firms to maintain more than one escrow account,https://www.medianama.com/2020/11/223-rbi-payments-escrow-account/,payment link fraud,UPI and Digital Payment Fraud,Payment Link Fraud,THIRD-PARTY,NA-13957.txt,Keyword matched: payment link fraud
NA-13958,31-03-2026,Soubhik Sarkar,Medianama,medianama.com,18-09-2019,"RBI proposes regulation, licensing of payment aggregators and gateways",https://www.medianama.com/2019/09/223-rbi-payment-aggregators-and-gateways/,payment link fraud,UPI and Digital Payment Fraud,Payment Link Fraud,THIRD-PARTY,NA-13958.txt,Keyword matched: payment link fraud
NA-13959,31-03-2026,Soubhik Sarkar,Medianama,medianama.com,16-05-2019,Summary: RBI’s Vision 2019-2021 for Payments and Settlements in India,https://www.medianama.com/2019/05/223-summary-rbis-vision-2019-2021-for-payments-and-settlements-in-india/,payment link fraud,UPI and Digital Payment Fraud,Payment Link Fraud,THIRD-PARTY,NA-13959.txt,Keyword matched: payment link fraud
NA-13960,31-03-2026,Soubhik Sarkar,Medianama,medianama.com,23-04-2019,Seven banks now allow customers to set up recurring payments online,https://www.medianama.com/2019/04/223-seven-banks-now-allow-customers-to-set-up-recurring-payments-online-2/,payment link fraud,UPI and Digital Payment Fraud,Payment Link Fraud,THIRD-PARTY,NA-13960.txt,Keyword matched: payment link fraud
NA-13961,31-03-2026,Soubhik Sarkar,Medianama,medianama.com,13-03-2018,Supreme Court defers mandatory linking of Aadhaar till conclusion of hearing,https://www.medianama.com/2018/03/223-supreme-court-defers-mandatory-linking-of-aadhaar/,payment link fraud,UPI and Digital Payment Fraud,Payment Link Fraud,THIRD-PARTY,NA-13961.txt,Keyword matched: payment link fraud
NA-13962,31-03-2026,Soubhik Sarkar,Medianama,medianama.com,28-07-2017,UIDAI files case against Ola owned payments co Qarth,https://www.medianama.com/2017/07/223-uidai-files-case-ola-owned-payments-co-qarth-2/,payment link fraud,UPI and Digital Payment Fraud,Payment Link Fraud,THIRD-PARTY,NA-13962.txt,Keyword matched: payment link fraud
NA-13963,31-03-2026,Soubhik Sarkar,Medianama,medianama.com,09-02-2026,Privacy or Free Press? SC to Examine Right to Be Forgotten in India,https://www.medianama.com/2026/02/223-supreme-court-right-to-be-forgotten-indian-express-privacy-case/,collect request scam,UPI and Digital Payment Fraud,Payment Link Fraud,THIRD-PARTY,NA-13963.txt,Keyword matched: collect request scam
NA-13964,31-03-2026,Soubhik Sarkar,Medianama,medianama.com,30-01-2026,Meta Says Deepfake Ad Featuring Droupadi Murmu Does Not Violate Its Community Standards,https://www.medianama.com/2026/01/223-meta-deepfake-ad-droupadi-murmu-community-standards/,collect request scam,UPI and Digital Payment Fraud,Payment Link Fraud,THIRD-PARTY,NA-13964.txt,Keyword matched: collect request scam
NA-13965,31-03-2026,Soubhik Sarkar,Medianama,medianama.com,05-06-2025,How Zomato’s Opaque Ad Model Is Squeezing Small Restaurants’ Margins and Forcing Unsustainable Spending,https://www.medianama.com/2025/06/223-zomato-opaque-ad-model-small-restaurants-unsustainable-spending/,collect request scam,UPI and Digital Payment Fraud,Payment Link Fraud,THIRD-PARTY,NA-13965.txt,Keyword matched: collect request scam
NA-13966,31-03-2026,Soubhik Sarkar,Medianama,medianama.com,11-12-2024,RTI reveals TRAI’s Recommendations on Caller ID May Not be Final Yet,https://www.medianama.com/2024/12/223-rti-trai-recommendations-caller-id-may-not-be-final/,collect request scam,UPI and Digital Payment Fraud,Payment Link Fraud,THIRD-PARTY,NA-13966.txt,Keyword matched: collect request scam
NA-13967,31-03-2026,Soubhik Sarkar,Medianama,medianama.com,03-04-2024,"Ex-ante rules for digital market may become a reality in India, here’s how they work in the rest of the world",https://www.medianama.com/2024/04/223-ex-ante-rules-for-digital-market-may-become-a-reality-in-india-heres-how-they-work-in-the-rest-of-the-world/,collect request scam,UPI and Digital Payment Fraud,Payment Link Fraud,THIRD-PARTY,NA-13967.txt,Keyword matched: collect request scam
NA-13968,31-03-2026,Soubhik Sarkar,Medianama,medianama.com,18-03-2024,Explainer: What is AI Voice Cloning and its Evolving Landscape,https://www.medianama.com/2024/03/223-explainer-ai-voice-cloning-evolving-landscape/,collect request scam,UPI and Digital Payment Fraud,Payment Link Fraud,THIRD-PARTY,NA-13968.txt,Keyword matched: collect request scam
NA-13969,31-03-2026,Soubhik Sarkar,Medianama,medianama.com,18-03-2024,TRAI’s caller identification system is an Inadvertent Gift to Spam Callers,https://www.medianama.com/2024/03/223-trais-caller-identification-system-inadvertent-gift-spam-callers/,collect request scam,UPI and Digital Payment Fraud,Payment Link Fraud,VICTIM,NA-13969.txt,Keyword matched: collect request scam
NA-13970,31-03-2026,Soubhik Sarkar,Medianama,medianama.com,24-01-2024,"Dream Sports-Backed Cricket NFT Platform Rario to Wind Down Ops By Jan 29th, New Cricket Gaming Platform Expected in March",https://www.medianama.com/2024/01/223-cricket-nft-platform-rario-close-ops-by-jan-29th/,collect request scam,UPI and Digital Payment Fraud,Payment Link Fraud,VICTIM,NA-13970.txt,Keyword matched: collect request scam
NA-13971,31-03-2026,Soubhik Sarkar,Medianama,medianama.com,23-11-2023,There is no RBI whitelist of legitimate loan apps or blacklist of fake apps: Report,https://www.medianama.com/2023/11/223-no-whitelist-of-loan-apps-2/,collect request scam,UPI and Digital Payment Fraud,Payment Link Fraud,VICTIM,NA-13971.txt,Keyword matched: collect request scam
NA-13972,31-03-2026,Soubhik Sarkar,Medianama,medianama.com,25-09-2023,Andhra Pradesh Police Check Mobile Phones Of People At Border Areas For Security Reasons,https://www.medianama.com/2023/09/223-andhra-pradesh-police-check-phones-border-security/,collect request scam,UPI and Digital Payment Fraud,Payment Link Fraud,THIRD-PARTY,NA-13972.txt,Keyword matched: collect request scam
NA-13973,31-03-2026,Soubhik Sarkar,Medianama,medianama.com,08-09-2023,Special Newsletter: 10 Talking Points—August Edition,https://www.medianama.com/2023/09/223-special-newsletter-10-talking-points-august-edition/,collect request scam,UPI and Digital Payment Fraud,Payment Link Fraud,VICTIM,NA-13973.txt,Keyword matched: collect request scam
NA-13974,31-03-2026,Soubhik Sarkar,Medianama,medianama.com,12-06-2023,"CoWIN data leaked: Telegram bot reveals Aadhaar number, vaccination status and other data of those vaccinated against COVID",https://www.medianama.com/2023/06/223-cowin-data-leak-telegram-bot-reveals-personal-details/,collect request scam,UPI and Digital Payment Fraud,Payment Link Fraud,THIRD-PARTY,NA-13974.txt,Keyword matched: collect request scam
NA-13975,31-03-2026,Soubhik Sarkar,Medianama,medianama.com,22-03-2023,MediaNama Daily: We are not so certain about the CERT-In rules,https://www.medianama.com/2023/03/223-medianama-daily-we-are-not-so-certain-about-the-cert-in-rules-2/,collect request scam,UPI and Digital Payment Fraud,Payment Link Fraud,THIRD-PARTY,NA-13975.txt,Keyword matched: collect request scam
NA-13976,31-03-2026,Soubhik Sarkar,Medianama,medianama.com,16-03-2023,MediaNama Daily: The Perfect Pitch Session?,https://www.medianama.com/2023/03/223-medianama-daily-perfect-pitch-session/,collect request scam,UPI and Digital Payment Fraud,Payment Link Fraud,THIRD-PARTY,NA-13976.txt,Keyword matched: collect request scam
NA-13977,31-03-2026,Soubhik Sarkar,Medianama,medianama.com,09-03-2023,HDFC Bank subsidiary HDB Financial Services confirms data breach at service provider,https://www.medianama.com/2023/03/223-hdfc-bank-hdb-financial-services-data-breach/,collect request scam,UPI and Digital Payment Fraud,Payment Link Fraud,THIRD-PARTY,NA-13977.txt,Keyword matched: collect request scam
NA-13978,31-03-2026,Soubhik Sarkar,Medianama,medianama.com,19-01-2023,Gaming Rules: How will KYC norms impact the industry? #NAMA,https://www.medianama.com/2023/01/223-kyc-norms-draft-online-gaming-rules-impact-industry-nama/,collect request scam,UPI and Digital Payment Fraud,Payment Link Fraud,VICTIM,NA-13978.txt,Keyword matched: collect request scam
NA-13979,31-03-2026,Soubhik Sarkar,Medianama,medianama.com,03-08-2022,French iOS Developers Take Apple to Federal Court Over ‘Monopolist’ App Store Policies in New Class-Action Suit,https://www.medianama.com/2022/08/223-french-ios-developers-sue-apple-app-store-distribution-monopoly-2/,collect request scam,UPI and Digital Payment Fraud,Payment Link Fraud,THIRD-PARTY,NA-13979.txt,Keyword matched: collect request scam
NA-13980,31-03-2026,Soubhik Sarkar,Medianama,medianama.com,14-07-2022,How location and health data can be misused and what the US government is doing to protect users,https://www.medianama.com/2022/07/223-location-health-data-misuse-us-ftc-2/,collect request scam,UPI and Digital Payment Fraud,Payment Link Fraud,THIRD-PARTY,NA-13980.txt,Keyword matched: collect request scam
NA-13981,31-03-2026,Soubhik Sarkar,Medianama,medianama.com,05-07-2022,Bhu Naksha: Do digitized records solve digital India’s landownership woes? A deep look into key issues,https://www.medianama.com/2022/07/223-bhu-naksha-digital-map-land-ownership-india-2/,collect request scam,UPI and Digital Payment Fraud,Payment Link Fraud,NEAR-MISS,NA-13981.txt,Keyword matched: collect request scam
NA-13982,31-03-2026,Soubhik Sarkar,Medianama,medianama.com,04-01-2022,Education ministry flags dangerous practices by ed-tech companies in advisory for citizens,https://www.medianama.com/2022/01/223-education-ministry-ed-tech-companies-advisory/,collect request scam,UPI and Digital Payment Fraud,Payment Link Fraud,THIRD-PARTY,NA-13982.txt,Keyword matched: collect request scam
NA-13983,31-03-2026,Soubhik Sarkar,Medianama,medianama.com,27-04-2018,"Constitutional Validity of Aadhaar, Day 34: “Why should we not be entitled to use it?”",https://www.medianama.com/2018/04/223-constitutional-validity-of-aadhaar-day-34-why-should-we-not-be-entitled-to-use-it/,collect request scam,UPI and Digital Payment Fraud,Payment Link Fraud,NEAR-MISS,NA-13983.txt,Keyword matched: collect request scam
NA-13984,31-03-2026,Soubhik Sarkar,Medianama,medianama.com,07-02-2018,"Constitutional Validity of Aadhaar, Day 7: This degrades free individuals",https://www.medianama.com/2018/02/223-constitutional-validity-of-aadhaar-day-7-this-degrades-free-individuals/,collect request scam,UPI and Digital Payment Fraud,Payment Link Fraud,NEAR-MISS,NA-13984.txt,Keyword matched: collect request scam
NA-13985,31-03-2026,Soubhik Sarkar,Medianama,medianama.com,15-09-2017,TRAI consultation looks at unsolicited commercial communication … again,https://www.medianama.com/2017/09/223-trai-consultation-unsolicited-commercial-communication/,collect request scam,UPI and Digital Payment Fraud,Payment Link Fraud,THIRD-PARTY,NA-13985.txt,Keyword matched: collect request scam
NA-13986,31-03-2026,Soubhik Sarkar,Medianama,medianama.com,12-06-2017,"As Ola and Uber tweak their incentives, drivers say that it is driving them to suicide",https://www.medianama.com/2017/06/223-ola-uber-incentive-driver-suicide/,collect request scam,UPI and Digital Payment Fraud,Payment Link Fraud,VICTIM,NA-13986.txt,Keyword matched: collect request scam
NA-13987,31-03-2026,Soubhik Sarkar,Medianama,medianama.com,07-06-2012,LinkedIn Passwords Leak; Fake Emails; Mobile Calendar,https://www.medianama.com/2012/06/223-linkedin-passwords-leak-fake-emails-mobile-calendar/,collect request scam,UPI and Digital Payment Fraud,Payment Link Fraud,THIRD-PARTY,NA-13987.txt,Keyword matched: collect request scam
NA-13988,31-03-2026,Soubhik Sarkar,Medianama,medianama.com,04-02-2012,Weekly Digest (27th-3rd February 2012),https://www.medianama.com/2012/02/223-weekly-digest-27th-3rd-february-2012/,collect request scam,UPI and Digital Payment Fraud,Payment Link Fraud,THIRD-PARTY,NA-13988.txt,Keyword matched: collect request scam
NA-13989,31-03-2026,Soubhik Sarkar,Medianama,medianama.com,20-06-2011,Weekly Digest (10th-17th June 2011),https://www.medianama.com/2011/06/223-weekly-digest-10th-17th-june-2011/,collect request scam,UPI and Digital Payment Fraud,Payment Link Fraud,THIRD-PARTY,NA-13989.txt,Keyword matched: collect request scam
NA-13990,31-03-2026,Soubhik Sarkar,Medianama,medianama.com,06-11-2025,Spotify Faces Lawsuit Over Alleged Fake Streams On Its Platform,https://www.medianama.com/2025/11/223-spotify-lawsuit-fake-streams/,fake payment link,UPI and Digital Payment Fraud,Payment Link Fraud,THIRD-PARTY,NA-13990.txt,Keyword matched: fake payment link
NA-13991,31-03-2026,Soubhik Sarkar,Medianama,medianama.com,05-12-2024,Parliament Debate Reveals That Rs 661.5 crore MGNREGS Wage Payments Are Pending And Issues With Aadhaar System,https://www.medianama.com/2024/12/223-parliament-debates-mgnregs-aadhaar-system-wage-disbursal/,fake payment link,UPI and Digital Payment Fraud,Payment Link Fraud,THIRD-PARTY,NA-13991.txt,Keyword matched: fake payment link
NA-13992,31-03-2026,Soubhik Sarkar,Medianama,medianama.com,18-04-2023,"It’s easy to create fake Aadhaar and PAN cards, cops in Indian state say identity theft on the rise",https://www.medianama.com/2023/04/223-fake-aadhaar-pan-cards-identity-theft-gujarat/,fake payment link,UPI and Digital Payment Fraud,Payment Link Fraud,THIRD-PARTY,NA-13992.txt,Keyword matched: fake payment link
NA-13993,31-03-2026,Soubhik Sarkar,Medianama,medianama.com,26-04-2022,"TLDR: RBI, Amazon, Flipkart, Dogecoin, Starlink, digital lending, non-personal data",https://www.medianama.com/2022/04/223-eu-india-rbi-digital-lending-npd-framework-tldr/,fake payment link,UPI and Digital Payment Fraud,Payment Link Fraud,THIRD-PARTY,NA-13993.txt,Keyword matched: fake payment link
NA-13994,31-03-2026,Soubhik Sarkar,Medianama,medianama.com,27-11-2018,Snapdeal launches ‘Brand Shield’ to report fakes and knock off items,https://www.medianama.com/2018/11/223-snapdeal-brand-shield-report-fake-items/,fake payment link,UPI and Digital Payment Fraud,Payment Link Fraud,THIRD-PARTY,NA-13994.txt,Keyword matched: fake payment link
NA-13995,31-03-2026,Soubhik Sarkar,Medianama,medianama.com,02-01-2018,"Aadhaar questions in Parliament: data, security, fakes, linking issues etc",https://www.medianama.com/2018/01/223-aadhaar-india-parliament-questions-2/,fake payment link,UPI and Digital Payment Fraud,Payment Link Fraud,NEAR-MISS,NA-13995.txt,Keyword matched: fake payment link
NA-13996,31-03-2026,Soubhik Sarkar,Medianama,medianama.com,22-09-2017,Airtel Payments Bank reportedly opened bank accounts without customer consent,https://www.medianama.com/2017/09/223-airtel-payments-bank-reportedly-opened-bank-accounts-without-customer-consent/,fake payment link,UPI and Digital Payment Fraud,Payment Link Fraud,THIRD-PARTY,NA-13996.txt,Keyword matched: fake payment link
NA-13997,31-03-2026,Soubhik Sarkar,Medianama,medianama.com,07-06-2017,"Aadhaar Watch: PAN card, EPFO, fake card racket, Identical Aadhaar and More",https://www.medianama.com/2017/06/223-aadhaar-watch-3/,fake payment link,UPI and Digital Payment Fraud,Payment Link Fraud,THIRD-PARTY,NA-13997.txt,Keyword matched: fake payment link
NA-13998,31-03-2026,Soubhik Sarkar,Medianama,medianama.com,12-11-2014,Indian Govt launches Aadhaar-linked digital life certificate for pensioners,https://www.medianama.com/2014/11/223-aadhar-linked-digital-life-certificate-jeevan-pramaan/,fake payment link,UPI and Digital Payment Fraud,Payment Link Fraud,THIRD-PARTY,NA-13998.txt,Keyword matched: fake payment link
NA-13999,31-03-2026,Soubhik Sarkar,Medianama,medianama.com,23-08-2010,"Digest: AppLabs, Fake Connections, Spice Digital, Liberty, RCOM, Aircel",https://www.medianama.com/2010/08/223-digest-applabs-fake-connections-spice-digital-liberty-rcom-aircel/,fake payment link,UPI and Digital Payment Fraud,Payment Link Fraud,THIRD-PARTY,NA-13999.txt,Keyword matched: fake payment link
NA-14000,31-03-2026,Soubhik Sarkar,Medianama,medianama.com,30-03-2026,"SEBI bars unregistered advisor after examining Telegram channels, bank details from a complaint",https://www.medianama.com/2026/03/223-sebi-unregistered-advisor-telegram-social-media-scrutiny-complaint/,fake payment link,UPI and Digital Payment Fraud,Payment Link Fraud,THIRD-PARTY,NA-14000.txt,Keyword matched: fake payment link
NA-14001,31-03-2026,Soubhik Sarkar,Medianama,medianama.com,05-03-2026,Meta Signs AI Content Licensing Deal With News Corp Amid Indian Media Push for Compensation,https://www.medianama.com/2026/03/223-meta-ai-content-licensing-deal-news-corp/,fake payment link,UPI and Digital Payment Fraud,Payment Link Fraud,THIRD-PARTY,NA-14001.txt,Keyword matched: fake payment link
NA-14002,31-03-2026,Soubhik Sarkar,Medianama,medianama.com,24-02-2026,"BHASHINI Launches Voice AI Stack, Advocates for Speech Datasets as Public Goods",https://www.medianama.com/2026/02/223-bhashini-voice-ai-stack-voicera-ai-impact-summit-policy-recommendations/,fake payment link,UPI and Digital Payment Fraud,Payment Link Fraud,THIRD-PARTY,NA-14002.txt,Keyword matched: fake payment link
NA-14003,31-03-2026,Soubhik Sarkar,Medianama,medianama.com,17-02-2026,Why “Safety Cannot Stop at Design” for Children Using AI,https://www.medianama.com/2026/02/223-india-ai-impact-summit-child-ai-safety-design/,fake payment link,UPI and Digital Payment Fraud,Payment Link Fraud,VICTIM,NA-14003.txt,Keyword matched: fake payment link
NA-14004,31-03-2026,Soubhik Sarkar,Medianama,medianama.com,06-01-2026,Explained: OpenAI’s Efforts For Audio-First Personal Device And What It Tells About Voice-First AI,https://www.medianama.com/2026/01/223-explained-openai-audio-first-personal-device-voice-first-ai/,fake payment link,UPI and Digital Payment Fraud,Payment Link Fraud,THIRD-PARTY,NA-14004.txt,Keyword matched: fake payment link
NA-14005,31-03-2026,Soubhik Sarkar,Medianama,medianama.com,01-01-2026,Medianama’s year in review for 2025,https://www.medianama.com/2026/01/223-medianama-year-in-review-2025/,fake payment link,UPI and Digital Payment Fraud,Payment Link Fraud,VICTIM,NA-14005.txt,Keyword matched: fake payment link
NA-14006,31-03-2026,Soubhik Sarkar,Medianama,medianama.com,08-12-2025,Explained: How UIDAI’s New Rule Will Change Aadhaar-Based Verification,https://www.medianama.com/2025/12/223-explained-uidais-new-rule-aadhaar-based-verification/,fake payment link,UPI and Digital Payment Fraud,Payment Link Fraud,THIRD-PARTY,NA-14006.txt,Keyword matched: fake payment link
NA-14007,31-03-2026,Soubhik Sarkar,Medianama,medianama.com,07-10-2025,"Is PhysicsWallah Ready for IPO? Employee Allegations of Unpaid Dues, Contract Breaches Raise Questions",https://www.medianama.com/2025/10/223-physicswallah-ipo-contract-breaches-unpaid-salaries/,fake payment link,UPI and Digital Payment Fraud,Payment Link Fraud,THIRD-PARTY,NA-14007.txt,Keyword matched: fake payment link
NA-14008,31-03-2026,Soubhik Sarkar,Medianama,medianama.com,06-10-2025,Bombay HC grants interim protection to Asha Bhosle’s personality rights over AI misuse,https://www.medianama.com/2025/10/223-bombay-hc-asha-bhosle-ai-personality-rights-protection/,fake payment link,UPI and Digital Payment Fraud,Payment Link Fraud,THIRD-PARTY,NA-14008.txt,Keyword matched: fake payment link
NA-14009,31-03-2026,Soubhik Sarkar,Medianama,medianama.com,04-10-2025,Govt Launches Probe Into Cash-On-Delivery Dark Pattern On E-Commerce Platforms,https://www.medianama.com/2025/10/223-govt-probe-e-commerce-platforms-cash-on-delivery-dark-pattern/,fake payment link,UPI and Digital Payment Fraud,Payment Link Fraud,THIRD-PARTY,NA-14009.txt,Keyword matched: fake payment link
NA-14010,31-03-2026,Soubhik Sarkar,Medianama,medianama.com,02-09-2025,What IFTPC’s Legal Stand Means for Influencer Reviews and Online Trust,https://www.medianama.com/2025/09/223-indian-producers-iftpc-legal-action-negative-reviews/,fake payment link,UPI and Digital Payment Fraud,Payment Link Fraud,NEAR-MISS,NA-14010.txt,Keyword matched: fake payment link
NA-14011,31-03-2026,Soubhik Sarkar,Medianama,medianama.com,11-06-2025,Why SFLC.in Urges the Suspension of e-Aadhaar Authentication for Tatkal Tickets,https://www.medianama.com/2025/06/223-sflc-questions-aadhaar-authentication-irctc/,fake payment link,UPI and Digital Payment Fraud,Payment Link Fraud,THIRD-PARTY,NA-14011.txt,Keyword matched: fake payment link
NA-14012,31-03-2026,Soubhik Sarkar,Medianama,medianama.com,12-05-2025,RBI Mandates Digital Lending Apps To Register With Centralised Directory,https://www.medianama.com/2025/05/223-rbi-digital-lending-apps-centralised-directory/,fake payment link,UPI and Digital Payment Fraud,Payment Link Fraud,THIRD-PARTY,NA-14012.txt,Keyword matched: fake payment link
NA-14013,31-03-2026,Soubhik Sarkar,Medianama,medianama.com,11-04-2025,From Defluence to AI Ethics: What’s Inside India’s New Code of Standards for Influencer Content,https://www.medianama.com/2025/04/223-inside-india-new-code-of-standards-for-influencer-content/,fake payment link,UPI and Digital Payment Fraud,Payment Link Fraud,THIRD-PARTY,NA-14013.txt,Keyword matched: fake payment link
NA-14014,31-03-2026,Soubhik Sarkar,Medianama,medianama.com,05-02-2025,"How News Orgs are Struggling Amid Arbitrary Suspensions, Weak Redressal on Social Media Platforms",https://www.medianama.com/2025/02/223-arbitrary-account-suspensions-news-orgs-social-media/,fake payment link,UPI and Digital Payment Fraud,Payment Link Fraud,NEAR-MISS,NA-14014.txt,Keyword matched: fake payment link
NA-14015,31-03-2026,Soubhik Sarkar,Medianama,medianama.com,30-01-2025,15 Issues with India’s 2025 E-commerce Self Governance Policy,https://www.medianama.com/2025/01/223-15-issues-with-indias-2025-e-commerce-self-governance-policy/,fake payment link,UPI and Digital Payment Fraud,Payment Link Fraud,THIRD-PARTY,NA-14015.txt,Keyword matched: fake payment link
NA-14016,31-03-2026,Soubhik Sarkar,Medianama,medianama.com,19-12-2024,Flipkart Leads Consumer Complaints in E-Commerce: Over 1.5 Lakh Grievances Registered in FY 2023-24,https://www.medianama.com/2024/12/223-flipkart-leads-consumer-complaints-in-e-commerce-over-1-5-lakh-grievances-registered-in-fy-2023-24/,fake payment link,UPI and Digital Payment Fraud,Payment Link Fraud,THIRD-PARTY,NA-14016.txt,Keyword matched: fake payment link
NA-14017,31-03-2026,Soubhik Sarkar,Medianama,medianama.com,21-11-2024,ED Arrests Two Chinese Nationals Over Exploitative Lending Apps,https://www.medianama.com/2024/11/223-ed-arrests-two-chinese-nationals-over-exploitative-lending-apps/,fake payment link,UPI and Digital Payment Fraud,Payment Link Fraud,THIRD-PARTY,NA-14017.txt,Keyword matched: fake payment link
NA-14018,31-03-2026,Soubhik Sarkar,Medianama,medianama.com,07-02-2023,India’s Enforcement Directorate seized Rs 936 crore investigating cryptocurrency frauds,https://www.medianama.com/2023/02/223-enforcement-directorate-seized-936-crore-crypto-frauds-2/,mobile wallet fraud,UPI and Digital Payment Fraud,Mobile Wallet Fraud,THIRD-PARTY,NA-14018.txt,Keyword matched: mobile wallet fraud
NA-14019,31-03-2026,Soubhik Sarkar,Medianama,medianama.com,20-12-2022,Assets worth Rs. 900 Cr frozen by ED while probing crypto frauds: MoS Finance in Parliament,https://www.medianama.com/2022/12/223-ed-frozen-assets-worth-rs-900-crore-investigations-crypto-frauds-mos-finance-parliament-4/,mobile wallet fraud,UPI and Digital Payment Fraud,Mobile Wallet Fraud,THIRD-PARTY,NA-14019.txt,Keyword matched: mobile wallet fraud
NA-14020,31-03-2026,Soubhik Sarkar,Medianama,medianama.com,17-10-2018,End of an era: The RBI issues interoperability guidelines for wallets,https://www.medianama.com/2018/10/223-end-of-an-era-the-rbi-issues-interoperability-guidelines-for-wallets/,mobile wallet fraud,UPI and Digital Payment Fraud,Mobile Wallet Fraud,THIRD-PARTY,NA-14020.txt,Keyword matched: mobile wallet fraud
NA-14021,31-03-2026,Soubhik Sarkar,Medianama,medianama.com,12-10-2017,Lowdown: Revised RBI guidelines on wallets which will allow interoperability on UPI,https://www.medianama.com/2017/10/223-wallet-guidelines-revised/,mobile wallet fraud,UPI and Digital Payment Fraud,Mobile Wallet Fraud,THIRD-PARTY,NA-14021.txt,Keyword matched: mobile wallet fraud
NA-14022,31-03-2026,Soubhik Sarkar,Medianama,medianama.com,27-03-2017,Eight challenges wallets will face with RBI’s draft guidelines; our take,https://www.medianama.com/2017/03/223-wallets-challenges-guidelines/,mobile wallet fraud,UPI and Digital Payment Fraud,Mobile Wallet Fraud,THIRD-PARTY,NA-14022.txt,Keyword matched: mobile wallet fraud
NA-14023,31-03-2026,Soubhik Sarkar,Medianama,medianama.com,22-03-2017,RBI dangles wallet interoperability but prescribes tougher norms for companies,https://www.medianama.com/2017/03/223-rbi-wallet-guidelines-review/,mobile wallet fraud,UPI and Digital Payment Fraud,Mobile Wallet Fraud,THIRD-PARTY,NA-14023.txt,Keyword matched: mobile wallet fraud
NA-14024,31-03-2026,Soubhik Sarkar,Medianama,medianama.com,09-03-2017,Govt has put out a consultation on security and privacy measures for wallets,https://www.medianama.com/2017/03/223-wallets-security-privacy-consultation/,mobile wallet fraud,UPI and Digital Payment Fraud,Mobile Wallet Fraud,THIRD-PARTY,NA-14024.txt,Keyword matched: mobile wallet fraud
NA-14025,31-03-2026,Soubhik Sarkar,Medianama,medianama.com,21-10-2016,Wallets cannot change shareholding till rules on PPIs clarified: RBI,https://www.medianama.com/2016/10/223-wallets-shareholding-rbi/,mobile wallet fraud,UPI and Digital Payment Fraud,Mobile Wallet Fraud,THIRD-PARTY,NA-14025.txt,Keyword matched: mobile wallet fraud
NA-14026,31-03-2026,Soubhik Sarkar,Medianama,medianama.com,26-07-2016,Wallet transactions grew to 747M in FY16 from 66M in FY13,https://www.medianama.com/2016/07/223-wallet-transactions-digital-payments-report/,mobile wallet fraud,UPI and Digital Payment Fraud,Mobile Wallet Fraud,THIRD-PARTY,NA-14026.txt,Keyword matched: mobile wallet fraud
NA-14027,31-03-2026,Soubhik Sarkar,Medianama,medianama.com,25-07-2016,SBI ties up with IRCTC and Aditya Birla for wallet expansion,https://www.medianama.com/2016/07/223-sbi-buddy-irctc-birla-expansion/,mobile wallet fraud,UPI and Digital Payment Fraud,Mobile Wallet Fraud,THIRD-PARTY,NA-14027.txt,Keyword matched: mobile wallet fraud
NA-14028,31-03-2026,Soubhik Sarkar,Medianama,medianama.com,08-07-2016,The TRAI needs to revisit VAS fraud regulations,https://www.medianama.com/2016/07/223-vas-fraud-2/,mobile wallet fraud,UPI and Digital Payment Fraud,Mobile Wallet Fraud,VICTIM,NA-14028.txt,Keyword matched: mobile wallet fraud
NA-14029,31-03-2026,Soubhik Sarkar,Medianama,medianama.com,31-05-2016,Wallets aren’t on UPI because banks needed time to catch up – NPCI MD & CEO AP Hota,https://www.medianama.com/2016/05/223-india-wallets-upi-banks-ncpi-hota/,mobile wallet fraud,UPI and Digital Payment Fraud,Mobile Wallet Fraud,NEAR-MISS,NA-14029.txt,Keyword matched: mobile wallet fraud
NA-14030,31-03-2026,Soubhik Sarkar,Medianama,medianama.com,22-03-2016,Fortumo to offer carrier billing insights to mobile operators,https://www.medianama.com/2016/03/223-fortumo-carrier-billing-insights/,mobile wallet fraud,UPI and Digital Payment Fraud,Mobile Wallet Fraud,THIRD-PARTY,NA-14030.txt,Keyword matched: mobile wallet fraud
NA-14031,31-03-2026,Soubhik Sarkar,Medianama,medianama.com,06-04-2015,ICICI to roll out voice recognition for biometric authentication over mobile,https://www.medianama.com/2015/04/223-icici-to-roll-out-voice-recognition-for-boimetric-authentication-over-mobile/,mobile wallet fraud,UPI and Digital Payment Fraud,Mobile Wallet Fraud,THIRD-PARTY,NA-14031.txt,Keyword matched: mobile wallet fraud
NA-14032,31-03-2026,Soubhik Sarkar,Medianama,medianama.com,09-02-2015,Chillr ties up with HDFC bank to offer mobile banking solutions,https://www.medianama.com/2015/02/223-chillr-ties-up-with-hdfc-bank-to-offer-mobile-banking-solutions/,mobile wallet fraud,UPI and Digital Payment Fraud,Mobile Wallet Fraud,THIRD-PARTY,NA-14032.txt,Keyword matched: mobile wallet fraud
NA-14033,31-03-2026,Soubhik Sarkar,Medianama,medianama.com,12-09-2012,Updated: NPCI Extends Interbank Mobile Payments Service To Merchants,https://www.medianama.com/2012/09/223-npci-extends-interbank-mobile-payments-service-to-merchants/,mobile wallet fraud,UPI and Digital Payment Fraud,Mobile Wallet Fraud,THIRD-PARTY,NA-14033.txt,Keyword matched: mobile wallet fraud
NA-14034,31-03-2026,Soubhik Sarkar,Medianama,medianama.com,11-05-2011,InMobi Launches Mobile Payments Service; Our Take,https://www.medianama.com/2011/05/223-inmobi-launches-mobile-payments-service-our-take-2/,mobile wallet fraud,UPI and Digital Payment Fraud,Mobile Wallet Fraud,THIRD-PARTY,NA-14034.txt,Keyword matched: mobile wallet fraud
NA-14035,31-03-2026,Soubhik Sarkar,Medianama,medianama.com,27-10-2025,"Madras HC Recognises Cryptocurrency As Property, Capable Of Ownership & Trust",https://www.medianama.com/2025/10/223-madras-hc-cryptocurrency-property-ownership-trust/,mobile wallet fraud,UPI and Digital Payment Fraud,Mobile Wallet Fraud,THIRD-PARTY,NA-14035.txt,Keyword matched: mobile wallet fraud
NA-14036,31-03-2026,Soubhik Sarkar,Medianama,medianama.com,01-03-2024,RBI updates its regulatory sandbox framework,https://www.medianama.com/2024/03/223-rbi-updates-regulatory-sandbox-framework-2/,mobile wallet fraud,UPI and Digital Payment Fraud,Mobile Wallet Fraud,THIRD-PARTY,NA-14036.txt,Keyword matched: mobile wallet fraud
NA-14037,31-03-2026,Soubhik Sarkar,Medianama,medianama.com,04-01-2024,Delhi HC Holds that Accused in Ongoing CBI Trial Can’t be Coerced to Share Passwords for Seized Devices,https://www.medianama.com/2024/01/223-delhi-hc-cbi-accused-sharing-device-password/,mobile wallet fraud,UPI and Digital Payment Fraud,Mobile Wallet Fraud,VICTIM,NA-14037.txt,Keyword matched: mobile wallet fraud
NA-14038,31-03-2026,Soubhik Sarkar,Medianama,medianama.com,18-08-2023,Now facial-based biometric authentication also permitted under e-KYC: Communications Ministry,https://www.medianama.com/2023/08/223-facial-biometric-authentication-ekyc-communications-ministry-3/,mobile wallet fraud,UPI and Digital Payment Fraud,Mobile Wallet Fraud,THIRD-PARTY,NA-14038.txt,Keyword matched: mobile wallet fraud
NA-14039,31-03-2026,Soubhik Sarkar,Medianama,medianama.com,22-11-2022,A petition asks: Did citizens of India consent to sharing Aadhaar data with foreign companies?,https://www.medianama.com/2022/11/223-petition-against-uidai-aadhaar-data-sharing-foreign-companies/,mobile wallet fraud,UPI and Digital Payment Fraud,Mobile Wallet Fraud,THIRD-PARTY,NA-14039.txt,Keyword matched: mobile wallet fraud
NA-14040,31-03-2026,Soubhik Sarkar,Medianama,medianama.com,14-11-2022,Why did the Enforcement Directorate seize nearly 150 bitcoins worth Rs 23 crore?,https://www.medianama.com/2022/11/223-enforcement-directorate-ed-bitcoin-rs-23-crore/,mobile wallet fraud,UPI and Digital Payment Fraud,Mobile Wallet Fraud,THIRD-PARTY,NA-14040.txt,Keyword matched: mobile wallet fraud
NA-14041,31-03-2026,Soubhik Sarkar,Medianama,medianama.com,06-10-2022,Another ED Raid on China-Linked Keepsharer App for Part-Time Job ‘Scam’,https://www.medianama.com/2022/10/223-ed-raid-china-linked-keepsharer-app-job-fraud/,mobile wallet fraud,UPI and Digital Payment Fraud,Mobile Wallet Fraud,VICTIM,NA-14041.txt,Keyword matched: mobile wallet fraud
NA-14042,31-03-2026,Soubhik Sarkar,Medianama,medianama.com,15-07-2022,Vision 2025: What is RBI planning for the next three years?,https://www.medianama.com/2022/07/223-vision-2025-what-is-rbi-planning-for-the-next-three-years/,mobile wallet fraud,UPI and Digital Payment Fraud,Mobile Wallet Fraud,VICTIM,NA-14042.txt,Keyword matched: mobile wallet fraud
NA-14043,31-03-2026,Soubhik Sarkar,Medianama,medianama.com,28-04-2022,"TLDR: Airtel, WhatsApp, Twitter, QAnon, CarDekho, bitcoin, legal tender, fintech",https://www.medianama.com/2022/04/223-airtel-cardekho-fintech-digital-lending-fake-news-tldr/,mobile wallet fraud,UPI and Digital Payment Fraud,Mobile Wallet Fraud,VICTIM,NA-14043.txt,Keyword matched: mobile wallet fraud
NA-14044,31-03-2026,Soubhik Sarkar,Medianama,medianama.com,25-11-2021,"What RS Sharma had to say about consent, privacy, and UIDAI’s handling of Aadhaar",https://www.medianama.com/2021/11/223-aadhaar-workshop-rs-sharma-address-2/,mobile wallet fraud,UPI and Digital Payment Fraud,Mobile Wallet Fraud,NEAR-MISS,NA-14044.txt,Keyword matched: mobile wallet fraud
NA-14045,31-03-2026,Soubhik Sarkar,Medianama,medianama.com,05-02-2021,Why India Should Buy Bitcoin — Balaji S. Srinivasan,https://www.medianama.com/2021/02/223-india-bitcoin-balajis-srinivasan-2/,mobile wallet fraud,UPI and Digital Payment Fraud,Mobile Wallet Fraud,THIRD-PARTY,NA-14045.txt,Keyword matched: mobile wallet fraud
NA-14046,31-03-2026,Soubhik Sarkar,Medianama,medianama.com,06-02-2023,Why was Indian crypto exchange WazirX forced to transfer assets from Binance’s wallet service?,https://www.medianama.com/2023/02/223-indian-crypto-wazirx-binance-funds-transfer-wallet-3/,e-wallet scam,UPI and Digital Payment Fraud,Mobile Wallet Fraud,THIRD-PARTY,NA-14046.txt,Keyword matched: e-wallet scam
NA-14047,31-03-2026,Soubhik Sarkar,Medianama,medianama.com,24-04-2015,"Agents will not be able to book multiple tickets, neither will you: IRCTC",https://www.medianama.com/2015/04/223-agents-will-not-be-able-to-book-multiple-tickets-neither-will-you-irctc/,e-wallet scam,UPI and Digital Payment Fraud,Mobile Wallet Fraud,THIRD-PARTY,NA-14047.txt,Keyword matched: e-wallet scam
NA-14048,31-03-2026,Soubhik Sarkar,Medianama,medianama.com,14-10-2022,Summary: RBI’s Concept Note on Central Bank Digital Currencies (Digital Rupee),https://www.medianama.com/2022/10/223-summary-rbi-concept-note-cbdc-digital-rupee-2/,digital wallet fraud,UPI and Digital Payment Fraud,Mobile Wallet Fraud,NEAR-MISS,NA-14048.txt,Keyword matched: digital wallet fraud
NA-14049,31-03-2026,Soubhik Sarkar,Medianama,medianama.com,24-02-2022,Why RBI is being cautious in rolling out the Central Bank Digital Currency,https://www.medianama.com/2022/02/223-rbi-cbdc-concerns-2/,digital wallet fraud,UPI and Digital Payment Fraud,Mobile Wallet Fraud,THIRD-PARTY,NA-14049.txt,Keyword matched: digital wallet fraud
NA-14050,31-03-2026,Soubhik Sarkar,Medianama,medianama.com,14-01-2022,Visa launches pilot programme for central banks to test digital currencies: Report,https://www.medianama.com/2022/01/223-visa-launches-pilot-central-bank-digital-currencies/,digital wallet fraud,UPI and Digital Payment Fraud,Mobile Wallet Fraud,THIRD-PARTY,NA-14050.txt,Keyword matched: digital wallet fraud
NA-14051,31-03-2026,Soubhik Sarkar,Medianama,medianama.com,26-04-2018,"O2O e-com company Fynd ends Cash on Delivery, goes digital-only payments",https://www.medianama.com/2018/04/223-o2o-e-com-company-fynd-ends-cash-on-delivery-goes-digital-only-payments/,digital wallet fraud,UPI and Digital Payment Fraud,Mobile Wallet Fraud,THIRD-PARTY,NA-14051.txt,Keyword matched: digital wallet fraud
NA-14052,31-03-2026,Soubhik Sarkar,Medianama,medianama.com,19-11-2025,Questions to Consider Newsletter: November 2025 Edition,https://www.medianama.com/2025/11/223-questions-to-consider-newsletter-november-2025-edition/,digital wallet fraud,UPI and Digital Payment Fraud,Mobile Wallet Fraud,THIRD-PARTY,NA-14052.txt,Keyword matched: digital wallet fraud
NA-14053,31-03-2026,Soubhik Sarkar,Medianama,medianama.com,04-11-2025,Mobikwik Q2FY26 Results: Loss Widens Despite Positives In Payments And Financial Services,https://www.medianama.com/2025/11/223-mobikwik-q2fy26-revenue-falls-7-percent/,digital wallet fraud,UPI and Digital Payment Fraud,Mobile Wallet Fraud,THIRD-PARTY,NA-14053.txt,Keyword matched: digital wallet fraud
NA-14054,31-03-2026,Soubhik Sarkar,Medianama,medianama.com,18-09-2025,Vested Finance Halts Crypto ETFs for Indian Investors Amid Regulatory Shakeup,https://www.medianama.com/2025/09/223-vested-finance-stops-crypto-etfs-india/,digital wallet fraud,UPI and Digital Payment Fraud,Mobile Wallet Fraud,THIRD-PARTY,NA-14054.txt,Keyword matched: digital wallet fraud
NA-14055,31-03-2026,Soubhik Sarkar,Medianama,medianama.com,15-09-2025,Kavin Bharti Mittal Pulls Plug on Hike After India’s Real-Money Gaming Ban,https://www.medianama.com/2025/09/223-hike-shuts-down-after-rmg-ban-india/,digital wallet fraud,UPI and Digital Payment Fraud,Mobile Wallet Fraud,THIRD-PARTY,NA-14055.txt,Keyword matched: digital wallet fraud
NA-14056,31-03-2026,Soubhik Sarkar,Medianama,medianama.com,21-08-2025,"Loot Boxes, Pay-to-Win, and Account Selling Missing from India’s Gaming Bill",https://www.medianama.com/2025/08/223-india-online-gaming-bill-2025-key-issues-gaps-loot-boxes-pay-to-win-account-selling/,digital wallet fraud,UPI and Digital Payment Fraud,Mobile Wallet Fraud,THIRD-PARTY,NA-14056.txt,Keyword matched: digital wallet fraud
NA-14057,31-03-2026,Soubhik Sarkar,Medianama,medianama.com,21-07-2025,Explained: How Crypto Platform CoinDCX Lost Rs.368 Cr in a Hack,https://www.medianama.com/2025/07/223-how-india-first-crypto-unicorn-coindcx-lost-368-crore/,digital wallet fraud,UPI and Digital Payment Fraud,Mobile Wallet Fraud,THIRD-PARTY,NA-14057.txt,Keyword matched: digital wallet fraud
NA-14058,31-03-2026,Soubhik Sarkar,Medianama,medianama.com,30-06-2025,"Pine Labs Seeks Rs 2,600 Crore IPO Funds to Repay Debt, Invest in Global Growth",https://www.medianama.com/2025/06/223-pine-labs-drhp-rs-2600-cr-ipo-sebi/,digital wallet fraud,UPI and Digital Payment Fraud,Mobile Wallet Fraud,NEAR-MISS,NA-14058.txt,Keyword matched: digital wallet fraud
NA-14059,31-03-2026,Soubhik Sarkar,Medianama,medianama.com,07-03-2025,Could India Follow the US in Holding Bitcoin as a Strategic Asset? The Pros and Cons,https://www.medianama.com/2025/03/223-could-india-follow-the-us-in-holding-bitcoin-strategic-asset-pros-cons/,digital wallet fraud,UPI and Digital Payment Fraud,Mobile Wallet Fraud,NEAR-MISS,NA-14059.txt,Keyword matched: digital wallet fraud
NA-14060,31-03-2026,Soubhik Sarkar,Medianama,medianama.com,05-03-2025,Google’s AI Scam Detection Rolls Out—But Is Your Data Safe?,https://www.medianama.com/2025/03/223-googles-ai-scam-detection-rolls-out-but-is-your-data-safe/,digital wallet fraud,UPI and Digital Payment Fraud,Mobile Wallet Fraud,THIRD-PARTY,NA-14060.txt,Keyword matched: digital wallet fraud
NA-14061,31-03-2026,Soubhik Sarkar,Medianama,medianama.com,24-12-2024,"Walmart, Branch Messenger Sued for Forcing Gig Workers To Open Illegal Bank Accounts",https://www.medianama.com/2024/12/223-walmart-branch-messenger-sued-for-forcing-gig-workers-to-open-illegal-bank-account/,digital wallet fraud,UPI and Digital Payment Fraud,Mobile Wallet Fraud,THIRD-PARTY,NA-14061.txt,Keyword matched: digital wallet fraud
NA-14062,31-03-2026,Soubhik Sarkar,Medianama,medianama.com,29-10-2021,Bihar deploys Artificial Intelligence tool as a way to keep out voter fraud in ongoing polls,https://www.medianama.com/2021/10/223-ai-biometrics-bihar-elections-voting/,OTP fraud,OTP and Authentication Fraud,OTP Fraud,THIRD-PARTY,NA-14062.txt,Keyword matched: OTP fraud
NA-14063,31-03-2026,Soubhik Sarkar,Medianama,medianama.com,19-03-2021,Crypto-trader defrauded of Rs 10 lakh worth of Bitcoin: Report,https://www.medianama.com/2021/03/223-crypto-trader-defrauded-bitcoins-2/,OTP fraud,OTP and Authentication Fraud,OTP Fraud,VICTIM,NA-14063.txt,Keyword matched: OTP fraud
NA-14064,31-03-2026,Soubhik Sarkar,Medianama,medianama.com,23-09-2019,Fraudsters selling stolen vehicles on OLX using fake Aadhaar cards caught by police,https://www.medianama.com/2019/09/223-fraudsters-on-olx-caught/,OTP fraud,OTP and Authentication Fraud,OTP Fraud,THIRD-PARTY,NA-14064.txt,Keyword matched: OTP fraud
NA-14065,31-03-2026,Soubhik Sarkar,Medianama,medianama.com,02-11-2018,Delhi HC recommends OTP verification over Aadhaar biometric authentication,https://www.medianama.com/2018/11/223-delhi-hc-recommends-otp-verification-over-aadhaar-biometric-authentication-2/,OTP fraud,OTP and Authentication Fraud,OTP Fraud,THIRD-PARTY,NA-14065.txt,Keyword matched: OTP fraud
NA-14066,31-03-2026,Soubhik Sarkar,Medianama,medianama.com,09-08-2016,"Aadhaar Watch: Buses, e-signature, Pushkaram, Failure, LPG, fraud",https://www.medianama.com/2016/08/223-aadhaar-watch-2/,OTP fraud,OTP and Authentication Fraud,OTP Fraud,THIRD-PARTY,NA-14066.txt,Keyword matched: OTP fraud
NA-14067,31-03-2026,Soubhik Sarkar,Medianama,medianama.com,27-07-2012,"IRCTC Integrates Interbank Mobile Payments Service, But With OTP",https://www.medianama.com/2012/07/223-irctc-integrates-interbank-mobile-payments-service-but-with-otp/,OTP fraud,OTP and Authentication Fraud,OTP Fraud,THIRD-PARTY,NA-14067.txt,Keyword matched: OTP fraud
NA-14068,31-03-2026,Soubhik Sarkar,Medianama,medianama.com,05-03-2012,Probir Roy: OTP Hit Paymate’s Domino’s Account; No KYC For Small Payments,https://www.medianama.com/2012/03/223-probir-roy-otp-lost-paymate-the-dominos-account-no-kyc-for-small-payments/,OTP fraud,OTP and Authentication Fraud,OTP Fraud,THIRD-PARTY,NA-14068.txt,Keyword matched: OTP fraud
NA-14069,31-03-2026,Soubhik Sarkar,Medianama,medianama.com,28-01-2026,Ordering Via ChatGPT on Swiggy Services Isn’t Quite Working,https://www.medianama.com/2026/01/223-ordering-chatgpt-swiggy-services-working/,OTP fraud,OTP and Authentication Fraud,OTP Fraud,THIRD-PARTY,NA-14069.txt,Keyword matched: OTP fraud
NA-14070,31-03-2026,Soubhik Sarkar,Medianama,medianama.com,16-12-2025,What Are the Real-World Use Cases That SIM Binding Restricts? #NAMA,https://www.medianama.com/2025/12/223-real-world-use-cases-sim-binding-restricts-nama/,OTP fraud,OTP and Authentication Fraud,OTP Fraud,VICTIM,NA-14070.txt,Keyword matched: OTP fraud
NA-14071,31-03-2026,Soubhik Sarkar,Medianama,medianama.com,15-12-2025,What Is SIM Binding and What Does It Actually Do? #NAMA,https://www.medianama.com/2025/12/223-sim-binding-unworkable-for-apps/,OTP fraud,OTP and Authentication Fraud,OTP Fraud,THIRD-PARTY,NA-14071.txt,Keyword matched: OTP fraud
NA-14072,31-03-2026,Soubhik Sarkar,Medianama,medianama.com,08-12-2025,"Agenda and Reading List: Impact of SIM Binding on Social Media, December 12 #NAMA",https://www.medianama.com/2025/12/223-agenda-and-reading-list-impact-of-sim-binding-on-social-media-december-12-nama/,OTP fraud,OTP and Authentication Fraud,OTP Fraud,THIRD-PARTY,NA-14072.txt,Keyword matched: OTP fraud
NA-14073,31-03-2026,Soubhik Sarkar,Medianama,medianama.com,02-12-2025,"Opposition Calls Out Scindia on Sanchar Saathi, Protests Over Surveillance Fears",https://www.medianama.com/2025/12/223-opposition-scindia-sanchar-saathi-surveillance-fears/,OTP fraud,OTP and Authentication Fraud,OTP Fraud,NEAR-MISS,NA-14073.txt,Keyword matched: OTP fraud
NA-14074,31-03-2026,Soubhik Sarkar,Medianama,medianama.com,06-11-2025,Amazon Sues Perplexity Over Its AI Assistant Accessing Amazon Store Covertly,https://www.medianama.com/2025/11/223-amazon-perplexity-ai-assistant-amazon-store/,OTP fraud,OTP and Authentication Fraud,OTP Fraud,THIRD-PARTY,NA-14074.txt,Keyword matched: OTP fraud
NA-14075,31-03-2026,Soubhik Sarkar,Medianama,medianama.com,27-10-2025,Explained: How Prompt Injections Can Turn Your AI Browser Against You,https://www.medianama.com/2025/10/223-prompt-injections-ai-browser/,OTP fraud,OTP and Authentication Fraud,OTP Fraud,THIRD-PARTY,NA-14075.txt,Keyword matched: OTP fraud
NA-14076,31-03-2026,Soubhik Sarkar,Medianama,medianama.com,05-08-2025,MeitY Selected IDfy Explains What a Consent Management System Would Look Like Under DPDPA,https://www.medianama.com/2025/08/223-jio-idfy-meity-consent-management-systems-dpdpa/,OTP fraud,OTP and Authentication Fraud,OTP Fraud,THIRD-PARTY,NA-14076.txt,Keyword matched: OTP fraud
NA-14077,31-03-2026,Soubhik Sarkar,Medianama,medianama.com,27-11-2019,"Snapdeal warns customers about scams on fake websites, WhatsApp messages, Facebook posts and pages",https://www.medianama.com/2019/11/223-snapdeal-warns-about-fake-websites-2/,OTP scam,OTP and Authentication Fraud,OTP Fraud,THIRD-PARTY,NA-14077.txt,Keyword matched: OTP scam
NA-14078,31-03-2026,Soubhik Sarkar,Medianama,medianama.com,12-01-2022,"Exclusive: Committee for regulating edtech companies will have retired judge, IAS officer as members",https://www.medianama.com/2022/01/223-edtech-companies-self-regulation-external-committee/,OTP scam,OTP and Authentication Fraud,OTP Fraud,THIRD-PARTY,NA-14078.txt,Keyword matched: OTP scam
NA-14079,31-03-2026,Soubhik Sarkar,Medianama,medianama.com,12-01-2026,"India Mandates Live Selfies, Geotracking for Cryptocurrency Transactions: What This Means",https://www.medianama.com/2026/01/223-india-kyc-anti-money-laundering-cryptocurrency-transactions/,OTP scam,OTP and Authentication Fraud,OTP Fraud,NEAR-MISS,NA-14079.txt,Keyword matched: OTP scam
NA-14080,31-03-2026,Soubhik Sarkar,Medianama,medianama.com,13-12-2024,TRAI discussion on OTT Spam: Telcos demand action on OTT platforms as industry debates promotional and transactional messages,https://www.medianama.com/2024/12/223-trais-open-house-highlights-need-to-tackle-ott-spam-is-the-it-act-sufficent/,OTP scam,OTP and Authentication Fraud,OTP Fraud,THIRD-PARTY,NA-14080.txt,Keyword matched: OTP scam
NA-14081,31-03-2026,Soubhik Sarkar,Medianama,medianama.com,27-09-2024,Federal Trade Commission takes action against AI related deceptive conduct,https://www.medianama.com/2024/09/223-ftc-action-five-entities-ai-deceptive-conduct/,OTP scam,OTP and Authentication Fraud,OTP Fraud,VICTIM,NA-14081.txt,Keyword matched: OTP scam
NA-14082,31-03-2026,Soubhik Sarkar,Medianama,medianama.com,16-09-2024,Report: FATF considering new card disclosure norms to increase transparency,https://www.medianama.com/2024/09/223-fatf-considering-new-card-disclosure-norms/,OTP scam,OTP and Authentication Fraud,OTP Fraud,THIRD-PARTY,NA-14082.txt,Keyword matched: OTP scam
NA-14083,31-03-2026,Soubhik Sarkar,Medianama,medianama.com,21-08-2024,TRAI Spam rules: Telcos Must Block Traffic If Message Templates Are Misused By Telemarketers,https://www.medianama.com/2024/08/223-trai-directs-telcoms-to-prevent-misuse-of-message-templates-by-telemarketers/,OTP scam,OTP and Authentication Fraud,OTP Fraud,THIRD-PARTY,NA-14083.txt,Keyword matched: OTP scam
NA-14084,31-03-2026,Soubhik Sarkar,Medianama,medianama.com,10-01-2024,Viral Video Showing Mishandling of Govt Scheme Application Forms in Telangana Sparks Data Security Concerns,https://www.medianama.com/2024/01/223-govt-scheme-data-breach-telangana-praja-palana/,OTP scam,OTP and Authentication Fraud,OTP Fraud,THIRD-PARTY,NA-14084.txt,Keyword matched: OTP scam
NA-14085,31-03-2026,Soubhik Sarkar,Medianama,medianama.com,21-03-2023,MediaNama Daily: A Copyright Conundrum,https://www.medianama.com/2023/03/223-medianama-daily-copyright-conundrum/,OTP scam,OTP and Authentication Fraud,OTP Fraud,THIRD-PARTY,NA-14085.txt,Keyword matched: OTP scam
NA-14086,31-03-2026,Soubhik Sarkar,Medianama,medianama.com,20-02-2023,Why is Twitter charging users for SMS-based 2FA and why it shouldn’t,https://www.medianama.com/2023/02/223-twitter-2fa-sms-paid/,OTP scam,OTP and Authentication Fraud,OTP Fraud,THIRD-PARTY,NA-14086.txt,Keyword matched: OTP scam
NA-14087,31-03-2026,Soubhik Sarkar,Medianama,medianama.com,07-07-2022,India’s Telecom Department Asks International Operators to Drop Calls with No Identification,https://www.medianama.com/2022/07/223-dot-wants-international-call-identification/,OTP scam,OTP and Authentication Fraud,OTP Fraud,THIRD-PARTY,NA-14087.txt,Keyword matched: OTP scam
NA-14088,31-03-2026,Soubhik Sarkar,Medianama,medianama.com,13-05-2022,Mandatory e-KYC for UP farmers after subsidy mismanagement,https://www.medianama.com/2022/05/223-e-kyc-mandatory-farmers-pm-kisan-2/,OTP scam,OTP and Authentication Fraud,OTP Fraud,VICTIM,NA-14088.txt,Keyword matched: OTP scam
NA-14089,31-03-2026,Soubhik Sarkar,Medianama,medianama.com,10-03-2022,Exclusive: The curious case of words like “discord” and “tiktok” being blocked on Airtel SMS,https://www.medianama.com/2022/03/223-airtel-discord-tiktok-censorship-sms-4/,OTP scam,OTP and Authentication Fraud,OTP Fraud,NEAR-MISS,NA-14089.txt,Keyword matched: OTP scam
NA-14090,31-03-2026,Soubhik Sarkar,Medianama,medianama.com,29-09-2021,Microsoft warns users of a sophisticated PhaaS operation. Here’s what we know about it,https://www.medianama.com/2021/09/223-microsoft-warning-phishing-operation/,OTP scam,OTP and Authentication Fraud,OTP Fraud,VICTIM,NA-14090.txt,Keyword matched: OTP scam
NA-14091,31-03-2026,Soubhik Sarkar,Medianama,medianama.com,26-08-2021,WhatsApp users beware: 3 from Hyderabad have fallen prey to this simple hack in a week,https://www.medianama.com/2021/08/223-whatsapp-users-hyderabad-hack-2/,OTP scam,OTP and Authentication Fraud,OTP Fraud,VICTIM,NA-14091.txt,Keyword matched: OTP scam
NA-14092,31-03-2026,Soubhik Sarkar,Medianama,medianama.com,25-08-2021,"US FCC imposes US$5 million fine for robocalls, as spam fight falters in India",https://www.medianama.com/2021/08/223-fcc-fine-robocalls-spam-india-3/,OTP scam,OTP and Authentication Fraud,OTP Fraud,THIRD-PARTY,NA-14092.txt,Keyword matched: OTP scam
NA-14093,31-03-2026,Soubhik Sarkar,Medianama,medianama.com,13-04-2021,"IT Minister addressed fiber cuts in Parliament, said there was “scope for improvement”",https://www.medianama.com/2021/04/223-ravi-shankar-prasad-fiber-cuts-2/,OTP scam,OTP and Authentication Fraud,OTP Fraud,THIRD-PARTY,NA-14093.txt,Keyword matched: OTP scam
NA-14094,31-03-2026,Soubhik Sarkar,Medianama,medianama.com,08-12-2020,Sensitive details of of 7 million Indian cardholders available on dark web,https://www.medianama.com/2020/12/223-sensitive-details-of-of-7-million-indian-cardholders-available-on-dark-web/,OTP scam,OTP and Authentication Fraud,OTP Fraud,THIRD-PARTY,NA-14094.txt,Keyword matched: OTP scam
NA-14095,31-03-2026,Soubhik Sarkar,Medianama,medianama.com,20-05-2020,"Truecaller has ~720,000 Premium users in India",https://www.medianama.com/2020/05/223-truecaller-premium-users-india/,OTP scam,OTP and Authentication Fraud,OTP Fraud,THIRD-PARTY,NA-14095.txt,Keyword matched: OTP scam
NA-14096,31-03-2026,Soubhik Sarkar,Medianama,medianama.com,08-02-2018,"Constitutional Validity of Aadhaar, Day 8: No State has the right to make any citizen feel vulnerable",https://www.medianama.com/2018/02/223-constitutional-validity-aadhaar-day-8-no-state-right-make-citizen-feel-vulnerable/,OTP scam,OTP and Authentication Fraud,OTP Fraud,THIRD-PARTY,NA-14096.txt,Keyword matched: OTP scam
NA-14097,31-03-2026,Soubhik Sarkar,Medianama,medianama.com,01-05-2014,TDSAT allows 3G intra-circle roaming agreements & quashes penalties; Timeline,https://www.medianama.com/2014/05/223-tdsat-3g-roaming-agreements/,OTP scam,OTP and Authentication Fraud,OTP Fraud,THIRD-PARTY,NA-14097.txt,Keyword matched: OTP scam
NA-14098,31-03-2026,Soubhik Sarkar,Medianama,medianama.com,05-02-2014,2G Auctions Day 2: More Activity In 1800 MHz; Mumbai In 900 MHz Up 68.3% Above Base,https://www.medianama.com/2014/02/223-2g-auctions-india-2014-day-2/,OTP scam,OTP and Authentication Fraud,OTP Fraud,THIRD-PARTY,NA-14098.txt,Keyword matched: OTP scam
NA-14099,31-03-2026,Soubhik Sarkar,Medianama,medianama.com,07-06-2012,"Facebook Launches Telco Billing In India With Airtel, Loop, Uninor",https://www.medianama.com/2012/06/223-facebook-launches-telco-billing-in-india-with-airtel-loop-uninor/,OTP scam,OTP and Authentication Fraud,OTP Fraud,THIRD-PARTY,NA-14099.txt,Keyword matched: OTP scam
NA-14100,31-03-2026,Soubhik Sarkar,Medianama,medianama.com,10-03-2012,Weekly Digest (02nd-9th March 2012),https://www.medianama.com/2012/03/223-weekly-digest-02nd-9th-march-2012/,OTP scam,OTP and Authentication Fraud,OTP Fraud,THIRD-PARTY,NA-14100.txt,Keyword matched: OTP scam
NA-14101,31-03-2026,Soubhik Sarkar,Medianama,medianama.com,01-08-2011,Weekly Digest (22nd-29th July 2011),https://www.medianama.com/2011/08/223-weekly-digest-22nd-29th-july-2011/,OTP scam,OTP and Authentication Fraud,OTP Fraud,THIRD-PARTY,NA-14101.txt,Keyword matched: OTP scam
NA-14102,31-03-2026,Soubhik Sarkar,Medianama,medianama.com,16-01-2018,"The mAadhaar app possibly brings risk of data, identity and monetary theft for users",https://www.medianama.com/2018/01/223-maadhaar-app-possibly-brings-risk-data-identity-monetary-theft-users-2/,OTP theft,OTP and Authentication Fraud,OTP Fraud,THIRD-PARTY,NA-14102.txt,Keyword matched: OTP theft
NA-14103,31-03-2026,Soubhik Sarkar,Medianama,medianama.com,01-07-2025,What The New RBI Guidelines For AePS Touchpoint Operators Mean For Banks,https://www.medianama.com/2025/07/223-rbi-guidelines-aeps-touchpoint-operators-banks/,OTP theft,OTP and Authentication Fraud,OTP Fraud,VICTIM,NA-14103.txt,Keyword matched: OTP theft
NA-14104,31-03-2026,Soubhik Sarkar,Medianama,medianama.com,20-06-2025,"‘Sikandar’ Film Producer Files Insurance Claim for Piracy, But Can They Recover It?",https://www.medianama.com/2025/06/223-nadiadwala-raise-insurance-claim-sikandar-film-piracy/,OTP theft,OTP and Authentication Fraud,OTP Fraud,THIRD-PARTY,NA-14104.txt,Keyword matched: OTP theft
NA-14105,31-03-2026,Soubhik Sarkar,Medianama,medianama.com,20-12-2024,LIC’s Delayed Action on Security Warnings Exposed Data of Millions to Potential Exploits,https://www.medianama.com/2024/12/223-lic-delayed-action-security-warnings-esales-website-public-data/,OTP theft,OTP and Authentication Fraud,OTP Fraud,NEAR-MISS,NA-14105.txt,Keyword matched: OTP theft
NA-14106,31-03-2026,Soubhik Sarkar,Medianama,medianama.com,26-09-2023,"Moody’s Review Of Aadhaar Project Irks The Government, But Are Aadhaar-Related Concerns Unfounded?",https://www.medianama.com/2023/09/223-moodys-review-aadhaar-irks-govt-are-concerns-unfounded/,OTP theft,OTP and Authentication Fraud,OTP Fraud,THIRD-PARTY,NA-14106.txt,Keyword matched: OTP theft
NA-14107,31-03-2026,Soubhik Sarkar,Medianama,medianama.com,13-06-2023,Government denies CoWIN data leak: Here are the major questions emerging from the leak,https://www.medianama.com/2023/06/223-government-denial-cowin-data-leak-questions/,OTP theft,OTP and Authentication Fraud,OTP Fraud,THIRD-PARTY,NA-14107.txt,Keyword matched: OTP theft
NA-14108,31-03-2026,Soubhik Sarkar,Medianama,medianama.com,10-02-2023,BharatPe Co-Founder Accused of Stealing Data of 150 Million Users By Ashneer Grover,https://www.medianama.com/2023/02/223-bharatpe-co-founder-allegation-stealing-data-ashneer-grover/,OTP theft,OTP and Authentication Fraud,OTP Fraud,THIRD-PARTY,NA-14108.txt,Keyword matched: OTP theft
NA-14109,31-03-2026,Soubhik Sarkar,Medianama,medianama.com,06-01-2023,Expect ‘gaslighting’ and ‘catfishing’ to be offences under upcoming Digital India Bill,https://www.medianama.com/2023/01/223-expect-gaslighting-catfishing-offences-draft-digital-india-bill-2/,OTP theft,OTP and Authentication Fraud,OTP Fraud,THIRD-PARTY,NA-14109.txt,Keyword matched: OTP theft
NA-14110,31-03-2026,Soubhik Sarkar,Medianama,medianama.com,29-08-2022,"Vodafone Idea Denies Claims of Massive Exposure of 301 Million Customers’ Data, Defends ‘Robust’ IT Security",https://www.medianama.com/2022/08/223-vi-denies-personal-data-exposure-report-cyberx9-3/,OTP theft,OTP and Authentication Fraud,OTP Fraud,THIRD-PARTY,NA-14110.txt,Keyword matched: OTP theft
NA-14111,31-03-2026,Soubhik Sarkar,Medianama,medianama.com,25-07-2022,"Policybazaar targeted in cyberattack, but company says no significant data exposed",https://www.medianama.com/2022/07/223-policybazaar-cyberattack-data-breach-2/,OTP theft,OTP and Authentication Fraud,OTP Fraud,THIRD-PARTY,NA-14111.txt,Keyword matched: OTP theft
NA-14112,31-03-2026,Soubhik Sarkar,Medianama,medianama.com,19-07-2022,"Cleartrip suffers data breach, here’s what we know so far",https://www.medianama.com/2022/07/223-cleartrip-data-breach-customer-data/,OTP theft,OTP and Authentication Fraud,OTP Fraud,THIRD-PARTY,NA-14112.txt,Keyword matched: OTP theft
NA-14113,31-03-2026,Soubhik Sarkar,Medianama,medianama.com,19-02-2022,Exclusive: Indian government looks for solution to bypass and trace those using VPNs,https://www.medianama.com/2022/02/223-exclusive-government-solution-bypass-vpn-trace-users/,OTP theft,OTP and Authentication Fraud,OTP Fraud,THIRD-PARTY,NA-14113.txt,Keyword matched: OTP theft
NA-14114,31-03-2026,Soubhik Sarkar,Medianama,medianama.com,08-02-2022,The Asia-Pacific’s Digital Future: 2022 Outlook,https://www.medianama.com/2022/02/223-asia-pacific-digital-future-2022-outlook-2/,OTP theft,OTP and Authentication Fraud,OTP Fraud,NEAR-MISS,NA-14114.txt,Keyword matched: OTP theft
NA-14115,31-03-2026,Soubhik Sarkar,Medianama,medianama.com,16-12-2021,Data Protection Bill 2021: How data fiduciaries must handle the personal data of children,https://www.medianama.com/2021/12/223-data-protection-bill-summary-children-data/,OTP theft,OTP and Authentication Fraud,OTP Fraud,THIRD-PARTY,NA-14115.txt,Keyword matched: OTP theft
NA-14116,31-03-2026,Soubhik Sarkar,Medianama,medianama.com,08-09-2021,RBI allows card on file tokenization in relief to e-commerce companies,https://www.medianama.com/2021/09/223-rbi-card-on-file-tokenization/,OTP theft,OTP and Authentication Fraud,OTP Fraud,THIRD-PARTY,NA-14116.txt,Keyword matched: OTP theft
NA-14117,31-03-2026,Soubhik Sarkar,Medianama,medianama.com,18-08-2021,"Delhi HC issues notice on demand for CERT-In investigation into Domino’s, Air India data breaches",https://www.medianama.com/2021/08/223-delhi-hc-notice-investigation-data-breaches-3/,OTP theft,OTP and Authentication Fraud,OTP Fraud,NEAR-MISS,NA-14117.txt,Keyword matched: OTP theft
NA-14118,31-03-2026,Soubhik Sarkar,Medianama,medianama.com,12-04-2021,"Upstox suffers hack, data of 25 lakh users up for sale on dark web",https://www.medianama.com/2021/04/223-upstox-data-breach/,OTP theft,OTP and Authentication Fraud,OTP Fraud,THIRD-PARTY,NA-14118.txt,Keyword matched: OTP theft
NA-14119,31-03-2026,Soubhik Sarkar,Medianama,medianama.com,10-03-2021,An Arduous Task Lies Ahead Of India’s Proposed Data Protection Regulator,https://www.medianama.com/2021/03/223-an-arduous-task-lies-ahead-of-indias-proposed-data-protection-regulator-2/,OTP theft,OTP and Authentication Fraud,OTP Fraud,THIRD-PARTY,NA-14119.txt,Keyword matched: OTP theft
NA-14120,31-03-2026,Soubhik Sarkar,Medianama,medianama.com,14-08-2018,Ola and Hero’s Pawan Munjal invest in scooter rental platform Vogo,https://www.medianama.com/2018/08/223-ola-and-heros-pawan-munjal-invest-in-scooter-rental-platform-vogo/,OTP theft,OTP and Authentication Fraud,OTP Fraud,THIRD-PARTY,NA-14120.txt,Keyword matched: OTP theft
NA-14121,31-03-2026,Soubhik Sarkar,Medianama,medianama.com,27-06-2018,OYO appoints Rakesh Prusti as its new General Counsel,https://www.medianama.com/2018/06/223-oyo-appoints-rakesh-prusti-as-its-new-general-counsel/,OTP theft,OTP and Authentication Fraud,OTP Fraud,THIRD-PARTY,NA-14121.txt,Keyword matched: OTP theft
NA-14122,31-03-2026,Soubhik Sarkar,Medianama,medianama.com,03-01-2018,Former Karnataka HC judge joins legal challenge against Aadhaar,https://www.medianama.com/2018/01/223-former-karnataka-hc-judge-joins-fight-against-aadhaar-2/,OTP theft,OTP and Authentication Fraud,OTP Fraud,THIRD-PARTY,NA-14122.txt,Keyword matched: OTP theft
NA-14123,31-03-2026,Soubhik Sarkar,Medianama,medianama.com,08-09-2017,What India can learn from credit ratings agency Equifax’s data breach,https://www.medianama.com/2017/09/223-equifax-data-breach/,OTP theft,OTP and Authentication Fraud,OTP Fraud,NEAR-MISS,NA-14123.txt,Keyword matched: OTP theft
NA-14124,31-03-2026,Soubhik Sarkar,Medianama,medianama.com,22-08-2017,"Govt launches police portal under CCTNS: makes FIR, passport verification & more online",https://www.medianama.com/2017/08/223-govt-launched-police-portal-makes-services-like-fir-passport-verification-online/,OTP theft,OTP and Authentication Fraud,OTP Fraud,VICTIM,NA-14124.txt,Keyword matched: OTP theft
NA-14125,31-03-2026,Soubhik Sarkar,Medianama,medianama.com,21-08-2017,The accountability framework of UIDAI: Concerns and solutions,https://www.medianama.com/2017/08/223-accountability-framework-uidai-concerns-solutions/,OTP theft,OTP and Authentication Fraud,OTP Fraud,THIRD-PARTY,NA-14125.txt,Keyword matched: OTP theft
NA-14126,31-03-2026,Soubhik Sarkar,Medianama,medianama.com,29-03-2017,The fallibility of biometrics collected by the Aadhaar programme,https://www.medianama.com/2017/03/223-aadhaar-biometric/,OTP theft,OTP and Authentication Fraud,OTP Fraud,THIRD-PARTY,NA-14126.txt,Keyword matched: OTP theft
NA-14127,31-03-2026,Soubhik Sarkar,Medianama,medianama.com,26-06-2015,AngelPrime & HackerEarth declare Aadhaar hackathon’s winners,https://www.medianama.com/2015/06/223-angelprime-hackerearth-declare-aadhaar-hackathons-winners/,OTP theft,OTP and Authentication Fraud,OTP Fraud,THIRD-PARTY,NA-14127.txt,Keyword matched: OTP theft
NA-14128,31-03-2026,Soubhik Sarkar,Medianama,medianama.com,07-10-2014,The Lowdown: All you need to know about the Windows 10,https://www.medianama.com/2014/10/223-the-lowdown-all-you-need-to-know-about-the-windows-10/,OTP theft,OTP and Authentication Fraud,OTP Fraud,THIRD-PARTY,NA-14128.txt,Keyword matched: OTP theft
NA-14129,31-03-2026,Soubhik Sarkar,Medianama,medianama.com,27-11-2013,Include Aadhaar-based Biometric Authentication In Card Payment Units: RBI,https://www.medianama.com/2013/11/223-include-aadhaar-based-biometric-authentication-in-card-payment-units-rbi/,OTP theft,OTP and Authentication Fraud,OTP Fraud,NEAR-MISS,NA-14129.txt,Keyword matched: OTP theft
NA-14130,31-03-2026,Soubhik Sarkar,Medianama,medianama.com,29-04-2013,"Creative Tree Project: On Internet Piracy, ISP Liability, DRM For Movies, Books, Cricket",https://www.medianama.com/2013/04/223-creative-tree-project-on-internet-piracy-isp-liability-drm-for-movies-books-cricket/,OTP theft,OTP and Authentication Fraud,OTP Fraud,NEAR-MISS,NA-14130.txt,Keyword matched: OTP theft
NA-14131,31-03-2026,Soubhik Sarkar,Medianama,medianama.com,06-07-2010,India’s Unique ID Authority ‘Aadhaar’ Releases Authentication API; Biometric Block?,https://www.medianama.com/2010/07/223-indias-unique-id-authority-aadhaar-releases-authentication-api-biometric-block/,OTP theft,OTP and Authentication Fraud,OTP Fraud,THIRD-PARTY,NA-14131.txt,Keyword matched: OTP theft
NA-14132,31-03-2026,Soubhik Sarkar,Medianama,medianama.com,10-12-2025,"Speaker Announcement: Impact of SIM Binding on Social Media, December 12, #NAMA",https://www.medianama.com/2025/12/223-speaker-announcement-impact-of-sim-binding-on-social-media-nama/,SIM swap fraud,OTP and Authentication Fraud,SIM Swap,THIRD-PARTY,NA-14132.txt,Keyword matched: SIM swap fraud
NA-14133,31-03-2026,Soubhik Sarkar,Medianama,medianama.com,31-03-2026,DoT orders ISPs to block five ‘Burger King’ websites after Delhi HC directive,https://www.medianama.com/2026/03/223-dot-isps-five-burger-king-websites-delhi-hc-directive/,SIM swap fraud,OTP and Authentication Fraud,SIM Swap,THIRD-PARTY,NA-14133.txt,Keyword matched: SIM swap fraud
NA-14134,31-03-2026,Soubhik Sarkar,Medianama,medianama.com,28-10-2025,Explained: Inside China’s Deep Synthesis Law and How It Differs From India’s Proposed Deepfake Rules,https://www.medianama.com/2025/10/223-china-deep-synthesis-law-vs-india-ai-rules/,SIM swap fraud,OTP and Authentication Fraud,SIM Swap,THIRD-PARTY,NA-14134.txt,Keyword matched: SIM swap fraud
NA-14135,31-03-2026,Soubhik Sarkar,Medianama,medianama.com,03-10-2025,FIU-IND Serves Notices To 25 Offshore Crypto Platforms For PMLA Violation,https://www.medianama.com/2025/10/223-fiu-ind-notices-25-offshore-crypto-platforms-pmla-violation/,SIM swap fraud,OTP and Authentication Fraud,SIM Swap,THIRD-PARTY,NA-14135.txt,Keyword matched: SIM swap fraud
NA-14136,31-03-2026,Soubhik Sarkar,Medianama,medianama.com,16-12-2022,What are the charges levelled by U.S. against former FTX CEO Sam Bankman-Fried?,https://www.medianama.com/2022/12/223-us-charges-former-ftx-ceo-sam-bankman-fried/,SIM swap fraud,OTP and Authentication Fraud,SIM Swap,THIRD-PARTY,NA-14136.txt,Keyword matched: SIM swap fraud
NA-14137,31-03-2026,Soubhik Sarkar,Medianama,medianama.com,11-03-2020,"Restricting underage access to porn and gambling sites: a good idea, but technically tricky",https://www.medianama.com/2020/03/223-underage-access-porn-online-grambling-tricky-conversation/,SIM swap fraud,OTP and Authentication Fraud,SIM Swap,NEAR-MISS,NA-14137.txt,Keyword matched: SIM swap fraud
NA-14138,31-03-2026,Soubhik Sarkar,Medianama,medianama.com,06-02-2024,US communications commission proposes to make voice cloning technology illegal,https://www.medianama.com/2024/02/223-us-fcc-proposes-voice-cloning-illegal-2/,SIM cloning,OTP and Authentication Fraud,SIM Swap,THIRD-PARTY,NA-14138.txt,Keyword matched: SIM cloning
NA-14139,31-03-2026,Soubhik Sarkar,Medianama,medianama.com,11-09-2017,Gang held for counterfeiting Aadhaar cards was cloning fingerprints; Our Take,https://www.medianama.com/2017/09/223-up-aadhaar-fingerprint-cloning/,SIM cloning,OTP and Authentication Fraud,SIM Swap,THIRD-PARTY,NA-14139.txt,Keyword matched: SIM cloning
NA-14140,31-03-2026,Soubhik Sarkar,Medianama,medianama.com,23-03-2015,Complaints need resolution: Haptik accuses Akosha of cloning its app,https://www.medianama.com/2015/03/223-complaints-need-resolution-haptik-accuses-akosha-of-cloning-its-app/,SIM cloning,OTP and Authentication Fraud,SIM Swap,NEAR-MISS,NA-14140.txt,Keyword matched: SIM cloning
NA-14141,31-03-2026,Soubhik Sarkar,Medianama,medianama.com,01-07-2009,Why The SIM Card Should Be India’s National ID Card,https://www.medianama.com/2009/07/223-why-the-sim-card-should-be-indias-national-id-card/,SIM cloning,OTP and Authentication Fraud,SIM Swap,THIRD-PARTY,NA-14141.txt,Keyword matched: SIM cloning
NA-14142,31-03-2026,Soubhik Sarkar,Medianama,medianama.com,26-06-2024,BSNL Suffered Data Breach That Compromised 278 GB of Data,https://www.medianama.com/2024/06/223-bsnl-data-breach-compromised-278-gb-of-data/,SIM cloning,OTP and Authentication Fraud,SIM Swap,THIRD-PARTY,NA-14142.txt,Keyword matched: SIM cloning
NA-14143,31-03-2026,Soubhik Sarkar,Medianama,medianama.com,31-07-2023,Parliament Panel Report Reveals Seven Key Cybersecurity Concerns in India’s Finance Sector,https://www.medianama.com/2023/07/223-parliament-panel-report-seven-key-cybersecurity-concerns/,SIM cloning,OTP and Authentication Fraud,SIM Swap,VICTIM,NA-14143.txt,Keyword matched: SIM cloning
NA-14144,31-03-2026,Soubhik Sarkar,Medianama,medianama.com,21-08-2019,Exclusive: WhatsApp’s response to Dr Kamakoti’s recommendation for traceability in WhatsApp,https://www.medianama.com/2019/08/223-exclusive-whatsapps-response-kamakotis-submission-2/,SIM cloning,OTP and Authentication Fraud,SIM Swap,THIRD-PARTY,NA-14144.txt,Keyword matched: SIM cloning
NA-14145,31-03-2026,Soubhik Sarkar,Medianama,medianama.com,20-09-2025,YouTube’s Auto-Dubbing Default to English Frustrates Viewers,https://www.medianama.com/2025/09/223-youtube-ai-dubbing-backlash-default-setting/,SIM cloning,OTP and Authentication Fraud,SIM Swap,THIRD-PARTY,NA-14145.txt,Keyword matched: SIM cloning
NA-14146,31-03-2026,Soubhik Sarkar,Medianama,medianama.com,05-09-2025,Deep Dive: Why the US Court Ordered Google to Share Search Data With Rivals in the DOJ Antitrust Case?,https://www.medianama.com/2025/09/223-us-court-google-share-search-data-rivals-doj-antitrust-case/,SIM cloning,OTP and Authentication Fraud,SIM Swap,THIRD-PARTY,NA-14146.txt,Keyword matched: SIM cloning
NA-14147,31-03-2026,Soubhik Sarkar,Medianama,medianama.com,01-07-2025,India’s Parliament Is Missing in AI Decision-Making,https://www.medianama.com/2025/07/223-india-parliament-ai-decision-making/,SIM cloning,OTP and Authentication Fraud,SIM Swap,NEAR-MISS,NA-14147.txt,Keyword matched: SIM cloning
NA-14148,31-03-2026,Soubhik Sarkar,Medianama,medianama.com,02-06-2025,Prasar Bharati Offers Free Content To YouTubers As ANI Dispute Heats Up,https://www.medianama.com/2025/06/223-prasar-bharati-free-no-copyright-content-youtubers/,SIM cloning,OTP and Authentication Fraud,SIM Swap,NEAR-MISS,NA-14148.txt,Keyword matched: SIM cloning
NA-14149,31-03-2026,Soubhik Sarkar,Medianama,medianama.com,18-04-2025,"CCI penalises UFO Moviez, Qube Cinema and Scrabble Digital for anti-competitive conduct",https://www.medianama.com/2025/04/223-cci-ufo-moviez-qube-cinema-scrabble-digital-anti-competitive-conduct/,SIM cloning,OTP and Authentication Fraud,SIM Swap,NEAR-MISS,NA-14149.txt,Keyword matched: SIM cloning
NA-14150,31-03-2026,Soubhik Sarkar,Medianama,medianama.com,09-09-2024,US Man Charged with $10 Million Music Streaming Fraud using AI Bots,https://www.medianama.com/2024/09/223-us-man-arrested-wire-fraud-ai-generated-songs-streaming-platforms/,SIM cloning,OTP and Authentication Fraud,SIM Swap,NEAR-MISS,NA-14150.txt,Keyword matched: SIM cloning
NA-14151,31-03-2026,Soubhik Sarkar,Medianama,medianama.com,27-08-2024,Delhi Govt Introduces Aadhaar-Based Authentication for Street Vendors To Create Database,https://www.medianama.com/2024/08/223-delhi-verify-street-vendors-aadhaar-create-database-schemes/,SIM cloning,OTP and Authentication Fraud,SIM Swap,THIRD-PARTY,NA-14151.txt,Keyword matched: SIM cloning
NA-14152,31-03-2026,Soubhik Sarkar,Medianama,medianama.com,18-06-2024,AI’s Potential in Filmmaking: Indian Film Industry Leaders’ Perspectives at MIFF 2024,https://www.medianama.com/2024/06/223-ais-potential-in-filmmaking-indian-film-industry-leaders-perspectives-at-miff-2024/,SIM cloning,OTP and Authentication Fraud,SIM Swap,THIRD-PARTY,NA-14152.txt,Keyword matched: SIM cloning
NA-14153,31-03-2026,Soubhik Sarkar,Medianama,medianama.com,16-04-2024,SAG-AFTRA media union and record labels soon to come up with AI protections for artists,https://www.medianama.com/2024/04/223-sag-aftra-record-labels-artists-ai-protections/,SIM cloning,OTP and Authentication Fraud,SIM Swap,THIRD-PARTY,NA-14153.txt,Keyword matched: SIM cloning
NA-14154,31-03-2026,Soubhik Sarkar,Medianama,medianama.com,26-03-2024,US state passes law to protect musicians from AI voice clones,https://www.medianama.com/2024/03/223-us-state-passes-law-protect-musicians-ai-voice-clones/,SIM cloning,OTP and Authentication Fraud,SIM Swap,THIRD-PARTY,NA-14154.txt,Keyword matched: SIM cloning
NA-14155,31-03-2026,Soubhik Sarkar,Medianama,medianama.com,19-02-2024,US Federal Trade Commission Targets Deep Fake Deception: New Rule to Shield Against Impersonation,https://www.medianama.com/2024/02/223-us-ftc-new-rule-deception-impersonation/,SIM cloning,OTP and Authentication Fraud,SIM Swap,VICTIM,NA-14155.txt,Keyword matched: SIM cloning
NA-14156,31-03-2026,Soubhik Sarkar,Medianama,medianama.com,24-01-2024,Explainer: Why detecting deepfakes is a challenging problem #NAMA,https://www.medianama.com/2024/01/223-deepfake-detection-techniques-nama-3/,SIM cloning,OTP and Authentication Fraud,SIM Swap,THIRD-PARTY,NA-14156.txt,Keyword matched: SIM cloning
NA-14157,31-03-2026,Soubhik Sarkar,Medianama,medianama.com,18-01-2024,11 Talking Points from MediaNama’s ‘Deep Fakes and Democracy’ Discussion #NAMA,https://www.medianama.com/2024/01/223-11-talking-points-deep-fakes-democracy-discussion-nama/,SIM cloning,OTP and Authentication Fraud,SIM Swap,THIRD-PARTY,NA-14157.txt,Keyword matched: SIM cloning
NA-14158,31-03-2026,Soubhik Sarkar,Medianama,medianama.com,16-08-2023,You may soon be able to use multiple accounts on your WhatsApp,https://www.medianama.com/2023/08/223-whatsapp-multiple-accounts-feature-test/,SIM cloning,OTP and Authentication Fraud,SIM Swap,THIRD-PARTY,NA-14158.txt,Keyword matched: SIM cloning
NA-14159,31-03-2026,Soubhik Sarkar,Medianama,medianama.com,12-04-2023,Unique ID authority of India partners with IIT-Bombay to develop a new mechanism for biometric authentication,https://www.medianama.com/2023/04/223-uidai-iit-bombay-biometric-authentication-2/,SIM cloning,OTP and Authentication Fraud,SIM Swap,THIRD-PARTY,NA-14159.txt,Keyword matched: SIM cloning
NA-14160,31-03-2026,Soubhik Sarkar,Medianama,medianama.com,16-06-2022,From Cradle to Grave: UIDAI Pilot To Link Aadhaar to Newborn Children and Death Records,https://www.medianama.com/2022/06/223-india-uidai-aadhar-newborn-death-records/,SIM cloning,OTP and Authentication Fraud,SIM Swap,THIRD-PARTY,NA-14160.txt,Keyword matched: SIM cloning
NA-14161,31-03-2026,Soubhik Sarkar,Medianama,medianama.com,06-07-2021,Journalists seek Rs 30 lakh in damages from Air India for data leak,https://www.medianama.com/2021/07/223-journalists-seek-damages-air-india-leak/,SIM cloning,OTP and Authentication Fraud,SIM Swap,THIRD-PARTY,NA-14161.txt,Keyword matched: SIM cloning
NA-14162,31-03-2026,Soubhik Sarkar,Medianama,medianama.com,03-08-2020,"Facebook bought, copied, threatened competition: 11 key takeaways from Zuckerberg’s deposition before the antitrust subcommittee",https://www.medianama.com/2020/08/223-mark-zuckerberg-antitrust-hearing-takeaways/,SIM cloning,OTP and Authentication Fraud,SIM Swap,NEAR-MISS,NA-14162.txt,Keyword matched: SIM cloning
NA-14163,31-03-2026,Soubhik Sarkar,Medianama,medianama.com,10-05-2018,3 people arrested for issuing Aadhaar cards illegally in Amroha,https://www.medianama.com/2018/05/223-3-people-arrested-for-issuing-aadhaar-cards-illegally-in-amroha/,SIM cloning,OTP and Authentication Fraud,SIM Swap,THIRD-PARTY,NA-14163.txt,Keyword matched: SIM cloning
NA-14164,31-03-2026,Soubhik Sarkar,Medianama,medianama.com,11-10-2017,Govt planning to tweak the Aadhaar & mobile number linking process: report,https://www.medianama.com/2017/10/223-govt-planning-tweak-aadhaar-mobile-number-linking-process-report/,SIM cloning,OTP and Authentication Fraud,SIM Swap,THIRD-PARTY,NA-14164.txt,Keyword matched: SIM cloning
NA-14165,31-03-2026,Soubhik Sarkar,Medianama,medianama.com,04-01-2017,Ethics 2.0 – How the brave new world needs a Moral Compass,https://www.medianama.com/2017/01/223-ethics-2-0-brave-new-world-needs-moral-compass/,SIM cloning,OTP and Authentication Fraud,SIM Swap,THIRD-PARTY,NA-14165.txt,Keyword matched: SIM cloning
NA-14166,31-03-2026,Soubhik Sarkar,Medianama,medianama.com,05-04-2016,Haptik secures Series B funding from Times Internet,https://www.medianama.com/2016/04/223-haptik-times-internet-funding/,SIM cloning,OTP and Authentication Fraud,SIM Swap,NEAR-MISS,NA-14166.txt,Keyword matched: SIM cloning
NA-14167,31-03-2026,Soubhik Sarkar,Medianama,medianama.com,05-10-2015,Haptik partners with Mumbai City FC to provide Indian Super League info,https://www.medianama.com/2015/10/223-haptik-mumbai-city-fc/,SIM cloning,OTP and Authentication Fraud,SIM Swap,NEAR-MISS,NA-14167.txt,Keyword matched: SIM cloning
NA-14168,31-03-2026,Soubhik Sarkar,Medianama,medianama.com,20-01-2015,Govt bans import of of mobile phones with fake and duplicate IMEI numbers,https://www.medianama.com/2015/01/223-govt-bans-import-of-of-mobile-phones-with-fake-and-duplicate-imei-numbers/,SIM cloning,OTP and Authentication Fraud,SIM Swap,THIRD-PARTY,NA-14168.txt,Keyword matched: SIM cloning
NA-14169,31-03-2026,Soubhik Sarkar,Medianama,medianama.com,20-09-2012,Rocket Internet Backed Cuponation Launches Indian Operations,https://www.medianama.com/2012/09/223-rocket-internet-backed-cuponation-launches-indian-operations/,SIM cloning,OTP and Authentication Fraud,SIM Swap,THIRD-PARTY,NA-14169.txt,Keyword matched: SIM cloning
NA-14170,31-03-2026,Soubhik Sarkar,Medianama,medianama.com,11-12-2025,Explained: What Is CRCAT and How Will It Function Under India’s New AI Copyright Plan?,https://www.medianama.com/2025/12/223-india-crcat-ai-training-royalties-copyright/,duplicate SIM fraud,OTP and Authentication Fraud,SIM Swap,THIRD-PARTY,NA-14170.txt,Keyword matched: duplicate SIM fraud
NA-14171,31-03-2026,Soubhik Sarkar,Medianama,medianama.com,05-12-2024,e-KYC Process Under Fire in Parliament for Alleged Exclusion of Migrants from PDS,https://www.medianama.com/2024/12/223-e-kyc-process-under-fire-in-parliament-for-alleged-exclusion-of-migrants-from-pds/,duplicate SIM fraud,OTP and Authentication Fraud,SIM Swap,THIRD-PARTY,NA-14171.txt,Keyword matched: duplicate SIM fraud
NA-14172,31-03-2026,Soubhik Sarkar,Medianama,medianama.com,21-11-2024,Zomato Responds to Claims of Bizarre ‘single-dish’ Restaurants on the Platform,https://www.medianama.com/2024/11/223-zomato-responds-bizarre-single-dish-restuarants/,duplicate SIM fraud,OTP and Authentication Fraud,SIM Swap,NEAR-MISS,NA-14172.txt,Keyword matched: duplicate SIM fraud
NA-14173,31-03-2026,Soubhik Sarkar,Medianama,medianama.com,07-05-2024,Here’s what telcos think should be factored into the National Broadcast Policy,https://www.medianama.com/2024/05/223-what-telcos-think-national-broadcast-policy/,duplicate SIM fraud,OTP and Authentication Fraud,SIM Swap,THIRD-PARTY,NA-14173.txt,Keyword matched: duplicate SIM fraud
NA-14174,31-03-2026,Soubhik Sarkar,Medianama,medianama.com,10-03-2023,"MediaNama Daily: Data leaks right left, and centre",https://www.medianama.com/2023/03/223-medianama-daily-data-leak-hdfc/,duplicate SIM fraud,OTP and Authentication Fraud,SIM Swap,NEAR-MISS,NA-14174.txt,Keyword matched: duplicate SIM fraud
NA-14175,31-03-2026,Soubhik Sarkar,Medianama,medianama.com,26-01-2023,How state family database projects pose dangers of in-depth citizen profiling and exclusion,https://www.medianama.com/2023/01/223-how-state-family-database-projects-pose-dangers-of-in-depth-citizen-profiling-and-exclusion/,duplicate SIM fraud,OTP and Authentication Fraud,SIM Swap,VICTIM,NA-14175.txt,Keyword matched: duplicate SIM fraud
NA-14176,31-03-2026,Soubhik Sarkar,Medianama,medianama.com,07-12-2020,"Haryana’s Family ID is an Aadhaar redux, and a massive data collection exercise",https://www.medianama.com/2020/12/223-haryana-parivar-pehchan-patra-aadhaar-redux/,duplicate SIM fraud,OTP and Authentication Fraud,SIM Swap,THIRD-PARTY,NA-14176.txt,Keyword matched: duplicate SIM fraud
NA-14177,31-03-2026,Soubhik Sarkar,Medianama,medianama.com,25-04-2018,Constitutional Validity of Aadhaar: Day 33,https://www.medianama.com/2018/04/223-constitutional-validity-of-aadhaar-day-33/,duplicate SIM fraud,OTP and Authentication Fraud,SIM Swap,THIRD-PARTY,NA-14177.txt,Keyword matched: duplicate SIM fraud
NA-14178,31-03-2026,Soubhik Sarkar,Medianama,medianama.com,13-04-2018,"IMF stresses privacy for Aadhaar, cautious about claims of savings",https://www.medianama.com/2018/04/223-imf-aadhaar-savings/,duplicate SIM fraud,OTP and Authentication Fraud,SIM Swap,NEAR-MISS,NA-14178.txt,Keyword matched: duplicate SIM fraud
NA-14179,31-03-2026,Soubhik Sarkar,Medianama,medianama.com,20-03-2018,"Constitutional Validity of Aadhaar, Day 18: “in the cloak of mass surveillance, the democracy can be destroyed”",https://www.medianama.com/2018/03/223-constitutional-validity-of-aadhaar-day-18-in-the-cloak-of-mass-surveillance-the-democracy-can-be-destroyed/,duplicate SIM fraud,OTP and Authentication Fraud,SIM Swap,THIRD-PARTY,NA-14179.txt,Keyword matched: duplicate SIM fraud
NA-14180,31-03-2026,Soubhik Sarkar,Medianama,medianama.com,09-06-2017,Supreme Court orders partial stay on Aadhaar PAN linkage,https://www.medianama.com/2017/06/223-supreme-court-orders-partial-stay-on-aadhaar-pan-linkage/,duplicate SIM fraud,OTP and Authentication Fraud,SIM Swap,THIRD-PARTY,NA-14180.txt,Keyword matched: duplicate SIM fraud
NA-14181,31-03-2026,Soubhik Sarkar,Medianama,medianama.com,03-05-2017,Aadhaar-PAN Card link challenged in the Supreme Court: Notes from hearings (Updated),https://www.medianama.com/2017/05/223-aadhaar-pan-card-link-challenged-supreme-court-notes-hearings/,duplicate SIM fraud,OTP and Authentication Fraud,SIM Swap,NEAR-MISS,NA-14181.txt,Keyword matched: duplicate SIM fraud
NA-14182,31-03-2026,Soubhik Sarkar,Medianama,medianama.com,28-04-2017,Linking Aadhaar to PAN Card challenged in the Supreme Court: Notes from hearings (Updated),https://www.medianama.com/2017/04/223-aadhaa-pan-card-supreme-court-hearings-2/,duplicate SIM fraud,OTP and Authentication Fraud,SIM Swap,NEAR-MISS,NA-14182.txt,Keyword matched: duplicate SIM fraud
NA-14183,31-03-2026,Soubhik Sarkar,Medianama,medianama.com,24-09-2025,How Will DoT’s New Telecom User KYC With Biometric ID Rule Change SIM Transfers,https://www.medianama.com/2025/09/223-dot-telecom-users-kyc-biometric-id-sim-transfer/,KYC fraud,OTP and Authentication Fraud,KYC Fraud,THIRD-PARTY,NA-14183.txt,Keyword matched: KYC fraud
NA-14184,31-03-2026,Soubhik Sarkar,Medianama,medianama.com,09-05-2025,"YouTube Removes The Wire’s KYC Aadhaar Authentication Video, Sparks Censorship Concerns",https://www.medianama.com/2025/05/223-youtube-removes-the-wires-kyc-video-raising-concerns/,KYC fraud,OTP and Authentication Fraud,KYC Fraud,THIRD-PARTY,NA-14184.txt,Keyword matched: KYC fraud
NA-14185,31-03-2026,Soubhik Sarkar,Medianama,medianama.com,01-05-2025,Airtel Pauses 10-Minute SIM Delivery with Blinkit After DoT Flags KYC Compliance Gaps,https://www.medianama.com/2025/05/223-dot-flags-kyc-airtel-blinkit-sim-delivery-model/,KYC fraud,OTP and Authentication Fraud,KYC Fraud,THIRD-PARTY,NA-14185.txt,Keyword matched: KYC fraud
NA-14186,31-03-2026,Soubhik Sarkar,Medianama,medianama.com,05-02-2025,"Ayushman Bharat Fraud: Rs 122 Cr in Fines, 1,114 Hospitals Out. But Is Aadhaar Authentication Denying Genuine Patients?",https://www.medianama.com/2025/02/223-ayushman-bharat-fraud-is-aadhaar-authentication-denying-genuine-patients/,KYC fraud,OTP and Authentication Fraud,KYC Fraud,NEAR-MISS,NA-14186.txt,Keyword matched: KYC fraud
NA-14187,31-03-2026,Soubhik Sarkar,Medianama,medianama.com,23-08-2024,India’s Child Rights Protection Body To Recommend KYC for Age Verification under Data Protection Act,https://www.medianama.com/2024/08/223-child-rights-protection-body-recommend-kyc-age-verification-data-protection-act/,KYC fraud,OTP and Authentication Fraud,KYC Fraud,THIRD-PARTY,NA-14187.txt,Keyword matched: KYC fraud
NA-14188,31-03-2026,Soubhik Sarkar,Medianama,medianama.com,15-07-2024,"DoT Leverages facial recognition to Block Over 6 Lakh Fraudulent SIM Cards, 10,000+ Mobile Phones in Gujarat",https://www.medianama.com/2024/07/223-dot-uses-facial-recognition-blocks-6-lakh-sim-cards-cycbercrime-gujarat/,KYC fraud,OTP and Authentication Fraud,KYC Fraud,THIRD-PARTY,NA-14188.txt,Keyword matched: KYC fraud
NA-14189,31-03-2026,Soubhik Sarkar,Medianama,medianama.com,27-05-2024,Indian Telecom Service Providers Ordered to Block Fraudulent International Calls,https://www.medianama.com/2024/05/223-indian-telecom-service-providers-ordered-to-block-fraudulent-international-calls/,KYC fraud,OTP and Authentication Fraud,KYC Fraud,VICTIM,NA-14189.txt,Keyword matched: KYC fraud
NA-14190,31-03-2026,Soubhik Sarkar,Medianama,medianama.com,21-05-2024,DoT released additional instructions for KYC verification of business connections,https://www.medianama.com/2024/05/223-dot-released-additional-instructions-for-kyc-verification-of-business-connections/,KYC fraud,OTP and Authentication Fraud,KYC Fraud,THIRD-PARTY,NA-14190.txt,Keyword matched: KYC fraud
NA-14191,31-03-2026,Soubhik Sarkar,Medianama,medianama.com,25-10-2023,IT Ministry urges RBI to design more detailed KYC to curb predatory loan apps: Report,https://www.medianama.com/2023/10/223-it-ministry-kyc-predatory-loan-apps/,KYC fraud,OTP and Authentication Fraud,KYC Fraud,THIRD-PARTY,NA-14191.txt,Keyword matched: KYC fraud
NA-14192,31-03-2026,Soubhik Sarkar,Medianama,medianama.com,17-05-2023,"Government launches Sanchar Saathi Portal, claims it will help prevent fraud and identity theft",https://www.medianama.com/2023/05/223-government-sanchar-saathi-portal-prevent-fraud/,KYC fraud,OTP and Authentication Fraud,KYC Fraud,THIRD-PARTY,NA-14192.txt,Keyword matched: KYC fraud
NA-14193,31-03-2026,Soubhik Sarkar,Medianama,medianama.com,23-09-2022,"Ashwini Vaishnaw on Draft Telecom Bill Regulating WhatsApp, Mandating KYC and Revealing Caller Identity",https://www.medianama.com/2022/09/223-ashwini-vaishnav-on-draft-telecom-bill-2/,KYC fraud,OTP and Authentication Fraud,KYC Fraud,THIRD-PARTY,NA-14193.txt,Keyword matched: KYC fraud
NA-14194,31-03-2026,Soubhik Sarkar,Medianama,medianama.com,14-10-2020,Mastercard partners with Signzy to offer video KYC services,https://www.medianama.com/2020/10/223-mastercard-video-kyc-signzy/,KYC fraud,OTP and Authentication Fraud,KYC Fraud,NEAR-MISS,NA-14194.txt,Keyword matched: KYC fraud
NA-14195,31-03-2026,Soubhik Sarkar,Medianama,medianama.com,22-09-2020,Insurance regulator IRDAI permits companies to conduct video KYC,https://www.medianama.com/2020/09/223-insurance-companies-video-kyc/,KYC fraud,OTP and Authentication Fraud,KYC Fraud,THIRD-PARTY,NA-14195.txt,Keyword matched: KYC fraud
NA-14196,31-03-2026,Soubhik Sarkar,Medianama,medianama.com,14-08-2020,Govt to launch digital lending platform Kashi and KYC platform KYC Setu,https://www.medianama.com/2020/08/223-kashi-kyc-setu/,KYC fraud,OTP and Authentication Fraud,KYC Fraud,THIRD-PARTY,NA-14196.txt,Keyword matched: KYC fraud
NA-14197,31-03-2026,Soubhik Sarkar,Medianama,medianama.com,08-12-2016,DoT fines operators Rs 2335.90 crore for violating KYC norms,https://www.medianama.com/2016/12/223-dot-fines-operators-kyc/,KYC fraud,OTP and Authentication Fraud,KYC Fraud,THIRD-PARTY,NA-14197.txt,Keyword matched: KYC fraud
NA-14198,31-03-2026,Soubhik Sarkar,Medianama,medianama.com,30-09-2011,RBI To Acknowledge UID As KYC For All Bank Accounts,https://www.medianama.com/2011/09/223-rbi-to-acknowledge-uid-as-kyc-for-all-bank-accounts/,KYC fraud,OTP and Authentication Fraud,KYC Fraud,THIRD-PARTY,NA-14198.txt,Keyword matched: KYC fraud
NA-14199,31-03-2026,Soubhik Sarkar,Medianama,medianama.com,16-03-2026,TRAI Proposes Safe Harbour Loss for Apps Filtering Commercial Calls,https://www.medianama.com/2026/03/223-trai-proposal-call-management-apps-call-blocking-rule/,KYC fraud,OTP and Authentication Fraud,KYC Fraud,THIRD-PARTY,NA-14199.txt,Keyword matched: KYC fraud
NA-14200,31-03-2026,Soubhik Sarkar,Medianama,medianama.com,16-01-2026,Questions to Consider Newsletter: January 2026 Edition,https://www.medianama.com/2026/01/223-questions-to-consider-newsletter-january-2026-edition/,KYC fraud,OTP and Authentication Fraud,KYC Fraud,THIRD-PARTY,NA-14200.txt,Keyword matched: KYC fraud
NA-14201,31-03-2026,Soubhik Sarkar,Medianama,medianama.com,17-12-2025,"From Cafés To Offices, How SIM Binding Directions Could Turn Messaging Into A Chore",https://www.medianama.com/2025/12/223-sim-binding-directions-messaging-chore/,KYC fraud,OTP and Authentication Fraud,KYC Fraud,THIRD-PARTY,NA-14201.txt,Keyword matched: KYC fraud
NA-14202,31-03-2026,Soubhik Sarkar,Medianama,medianama.com,03-12-2025,Age Verification Works Better For Age Bands Rather Than Exact Ages: Bureau CTO In Interview With MediaNama,https://www.medianama.com/2025/12/223-age-verification-age-bands-exact-ages-bureau-cto-interview-medianama/,KYC fraud,OTP and Authentication Fraud,KYC Fraud,THIRD-PARTY,NA-14202.txt,Keyword matched: KYC fraud
NA-14203,31-03-2026,Soubhik Sarkar,Medianama,medianama.com,08-10-2025,"RBI Deputy Governor Warns Of AI’s Threats, Highlighting Way Forward At Global Fintech Fest",https://www.medianama.com/2025/10/223-rbi-deputy-governor-ais-threats-way-forward-global-fintech-fest/,KYC fraud,OTP and Authentication Fraud,KYC Fraud,THIRD-PARTY,NA-14203.txt,Keyword matched: KYC fraud
NA-14204,31-03-2026,Soubhik Sarkar,Medianama,medianama.com,07-12-2022,Truecaller claims its government digital directory may tackle phone call scams in India,https://www.medianama.com/2022/12/223-truecaller-government-digital-directory/,KYC scam,OTP and Authentication Fraud,KYC Fraud,THIRD-PARTY,NA-14204.txt,Keyword matched: KYC scam
NA-14205,31-03-2026,Soubhik Sarkar,Medianama,medianama.com,30-10-2025,Government Wants Telcos To Implement Caller IDs By Default,https://www.medianama.com/2025/10/223-government-telcos-caller-ids-by-default/,KYC scam,OTP and Authentication Fraud,KYC Fraud,VICTIM,NA-14205.txt,Keyword matched: KYC scam
NA-14206,31-03-2026,Soubhik Sarkar,Medianama,medianama.com,18-03-2025,How to deal with AI generated calling spam,https://www.medianama.com/2025/03/223-how-to-deal-with-ai-generated-calling-spam/,KYC scam,OTP and Authentication Fraud,KYC Fraud,THIRD-PARTY,NA-14206.txt,Keyword matched: KYC scam
NA-14207,31-03-2026,Soubhik Sarkar,Medianama,medianama.com,17-12-2024,Govt uncertain on cryptocurrency regulation timeline; why it’s a problem for consumers,https://www.medianama.com/2024/12/223-govt-uncertain-cryptocurrency-regulation-timeline-why-its-a-problem-for-consumers/,KYC scam,OTP and Authentication Fraud,KYC Fraud,NEAR-MISS,NA-14207.txt,Keyword matched: KYC scam
NA-14208,31-03-2026,Soubhik Sarkar,Medianama,medianama.com,21-06-2024,C-DOT Presents AI-Based FRT System For SIM Card Verification At UN Event,https://www.medianama.com/2024/06/223-c-dot-presents-ai-based-frt-system-for-sim-card-verification-at-un-event/,KYC scam,OTP and Authentication Fraud,KYC Fraud,NEAR-MISS,NA-14208.txt,Keyword matched: KYC scam
NA-14209,31-03-2026,Soubhik Sarkar,Medianama,medianama.com,19-06-2024,"Airtel, Jio and Vi begin trials for caller IDs in Mumbai and Haryana: Report",https://www.medianama.com/2024/06/223-airtel-jio-vi-begin-caller-id-trials-mumbai-haryana/,KYC scam,OTP and Authentication Fraud,KYC Fraud,THIRD-PARTY,NA-14209.txt,Keyword matched: KYC scam
NA-14210,31-03-2026,Soubhik Sarkar,Medianama,medianama.com,30-05-2024,Bharti Airtel Fined ₹1.79 Lakh by DoT for Subscriber Verification Violations,https://www.medianama.com/2024/05/223-dot-fines-bharti-airtel-subscriber-verification-violations/,KYC scam,OTP and Authentication Fraud,KYC Fraud,THIRD-PARTY,NA-14210.txt,Keyword matched: KYC scam
NA-14211,31-03-2026,Soubhik Sarkar,Medianama,medianama.com,13-05-2024,"Department of Telecommunications issues directions to block 28,200 mobile handsets",https://www.medianama.com/2024/05/223-dept-telecom-issues-directions-block-28200-mobile-handsets/,KYC scam,OTP and Authentication Fraud,KYC Fraud,VICTIM,NA-14211.txt,Keyword matched: KYC scam
NA-14212,31-03-2026,Soubhik Sarkar,Medianama,medianama.com,07-05-2024,Here’s how AI is tackling money laundering through cryptocurrency,https://www.medianama.com/2024/05/223-elliptic-cryptocurrency-money-laundering/,KYC scam,OTP and Authentication Fraud,KYC Fraud,NEAR-MISS,NA-14212.txt,Keyword matched: KYC scam
NA-14213,31-03-2026,Soubhik Sarkar,Medianama,medianama.com,26-02-2024,TRAI Recommends revealing caller name to address spam calls,https://www.medianama.com/2024/02/223-trai-cnap-caller-name-spam-calls-2/,KYC scam,OTP and Authentication Fraud,KYC Fraud,THIRD-PARTY,NA-14213.txt,Keyword matched: KYC scam
NA-14214,31-03-2026,Soubhik Sarkar,Medianama,medianama.com,07-12-2023,"DoT detects 67 lakh suspected connections, disconnects around 55 lakh: All you need to know",https://www.medianama.com/2023/12/223-dot-removes-55-lakh-suspected-connections/,KYC scam,OTP and Authentication Fraud,KYC Fraud,THIRD-PARTY,NA-14214.txt,Keyword matched: KYC scam
NA-14215,31-03-2026,Soubhik Sarkar,Medianama,medianama.com,09-05-2023,"Agenda and Reading List: MarketsNama 2023, Delhi, 19th May #Ad",https://www.medianama.com/2023/05/223-agenda-reading-list-marketsnama-2023-delhi-19th-may-ad/,KYC scam,OTP and Authentication Fraud,KYC Fraud,THIRD-PARTY,NA-14215.txt,Keyword matched: KYC scam
NA-14216,31-03-2026,Soubhik Sarkar,Medianama,medianama.com,11-04-2023,Event report: Exploring Anonymity and User Verification,https://www.medianama.com/2023/04/223-event-report-anonymity-user-verification-23rd-march-2023-delhi-nama/,KYC scam,OTP and Authentication Fraud,KYC Fraud,THIRD-PARTY,NA-14216.txt,Keyword matched: KYC scam
NA-14217,31-03-2026,Soubhik Sarkar,Medianama,medianama.com,29-03-2023,How Do India’s Growing Verification Mandates Impact Companies and Industries? #NAMA,https://www.medianama.com/2023/03/223-verification-mandates-impact-companies-nama-2/,KYC scam,OTP and Authentication Fraud,KYC Fraud,THIRD-PARTY,NA-14217.txt,Keyword matched: KYC scam
NA-14218,31-03-2026,Soubhik Sarkar,Medianama,medianama.com,16-03-2023,"Reading List: Exploring User Verification, 23rd Mar, 2023, Delhi #Ad",https://www.medianama.com/2023/03/223-reading-list-exploring-user-verification-23-mar-2023-delhi-ad/,KYC scam,OTP and Authentication Fraud,KYC Fraud,THIRD-PARTY,NA-14218.txt,Keyword matched: KYC scam
NA-14219,31-03-2026,Soubhik Sarkar,Medianama,medianama.com,10-03-2023,Stakeholders highlight problems with Indian Telecom Regulator’s proposal to identify callers,https://www.medianama.com/2023/03/223-issues-wth-trai-caller-id-proposal-open-house-discussion/,KYC scam,OTP and Authentication Fraud,KYC Fraud,THIRD-PARTY,NA-14219.txt,Keyword matched: KYC scam
NA-14220,31-03-2026,Soubhik Sarkar,Medianama,medianama.com,10-03-2023,"Roundtable Announcement: Exploring User Verification, 23rd Mar, 2023, Delhi #Ad",https://www.medianama.com/2023/03/223-roundtable-exploring-user-verification-23rd-mar-2023-delhi-ad/,KYC scam,OTP and Authentication Fraud,KYC Fraud,THIRD-PARTY,NA-14220.txt,Keyword matched: KYC scam
NA-14221,31-03-2026,Soubhik Sarkar,Medianama,medianama.com,07-03-2023,MediaNama Daily: Can you afford to ignore the power of influencers?,https://www.medianama.com/2023/03/223-medianama-daily-can-you-afford-to-ignore-the-power-of-influencers-2/,KYC scam,OTP and Authentication Fraud,KYC Fraud,NEAR-MISS,NA-14221.txt,Keyword matched: KYC scam
NA-14222,31-03-2026,Soubhik Sarkar,Medianama,medianama.com,09-02-2023,Quick Take: Why Real-name identification is a waste of regulatory time and effort,https://www.medianama.com/2023/02/223-quick-take-real-name-identification-waste-regulatory-time-2/,KYC scam,OTP and Authentication Fraud,KYC Fraud,NEAR-MISS,NA-14222.txt,Keyword matched: KYC scam
NA-14223,31-03-2026,Soubhik Sarkar,Medianama,medianama.com,01-02-2023,How does Indian Telecom Watchdog’s caller ID proposal impact consumers?,https://www.medianama.com/2023/02/223-trai-telecom-caller-id-proposal-consumer-impact-cuts/,KYC scam,OTP and Authentication Fraud,KYC Fraud,VICTIM,NA-14223.txt,Keyword matched: KYC scam
NA-14224,31-03-2026,Soubhik Sarkar,Medianama,medianama.com,19-01-2023,What does Truecaller think about India’s Telecom Regulator’s plan to introduce Caller IDs?,https://www.medianama.com/2023/01/223-truecaller-submission-trais-paper-introduce-caller-id/,KYC scam,OTP and Authentication Fraud,KYC Fraud,THIRD-PARTY,NA-14224.txt,Keyword matched: KYC scam
NA-14225,31-03-2026,Soubhik Sarkar,Medianama,medianama.com,02-04-2018,Hacking group Lulzsec India alleges massive Aadhaar and PAN data breach,https://www.medianama.com/2018/04/223-hacking-group-lulzsec-india-alleges-massive-aadhaar-and-pan-data-breach/,Aadhaar KYC scam,OTP and Authentication Fraud,KYC Fraud,THIRD-PARTY,NA-14225.txt,Keyword matched: Aadhaar KYC scam
NA-14226,31-03-2026,Soubhik Sarkar,Medianama,medianama.com,06-02-2017,UIDAI shuts down 24 services for illegal Aadhaar data collection,https://www.medianama.com/2017/02/223-uidai-shuts-illegal-aadhaar-data-collection/,Aadhaar KYC scam,OTP and Authentication Fraud,KYC Fraud,THIRD-PARTY,NA-14226.txt,Keyword matched: Aadhaar KYC scam
NA-14227,31-03-2026,Soubhik Sarkar,Medianama,medianama.com,29-07-2016,"Aadhaar Watch: Drivers, DBT, Security Agencies, Investors & More",https://www.medianama.com/2016/07/223-aadhaar-watch/,Aadhaar KYC scam,OTP and Authentication Fraud,KYC Fraud,THIRD-PARTY,NA-14227.txt,Keyword matched: Aadhaar KYC scam
NA-14228,31-03-2026,Soubhik Sarkar,Medianama,medianama.com,12-04-2016,UIDAI asks ecommerce companies to stop enabling Aadhaar data collection,https://www.medianama.com/2016/04/223-uidai-aadhaar-warning/,Aadhaar KYC scam,OTP and Authentication Fraud,KYC Fraud,THIRD-PARTY,NA-14228.txt,Keyword matched: Aadhaar KYC scam
NA-14229,31-03-2026,Soubhik Sarkar,Medianama,medianama.com,01-02-2022,Elon Musk impersonators target Ministry of Rural Development’s verified Twitter handle,https://www.medianama.com/2022/02/223-elon-musk-scam-targets-ministry-rural-development-2/,Aadhaar KYC scam,OTP and Authentication Fraud,KYC Fraud,VICTIM,NA-14229.txt,Keyword matched: Aadhaar KYC scam
NA-14230,31-03-2026,Soubhik Sarkar,Medianama,medianama.com,16-08-2021,"UP man arrested for creating over 10,000 fake voter IDs after hacking Election Commission website",https://www.medianama.com/2021/08/223-up-man-fake-voter-id-hacking-election-commission-2/,Aadhaar KYC scam,OTP and Authentication Fraud,KYC Fraud,THIRD-PARTY,NA-14230.txt,Keyword matched: Aadhaar KYC scam
NA-14231,31-03-2026,Soubhik Sarkar,Medianama,medianama.com,24-11-2025,"IT Rules 2021 May Get an ‘Obscenity’ Amendment, Threatening Digital Expression",https://www.medianama.com/2025/11/223-it-rules-2021-obscenity-amendment-free-speech/,digital arrest,Digital Arrest Scam,Digital Arrest,NEAR-MISS,NA-14231.txt,Keyword matched: digital arrest
NA-14232,31-03-2026,Soubhik Sarkar,Medianama,medianama.com,18-11-2025,Telangana Police Arrest iBomma Operator in Major Piracy Crackdown,https://www.medianama.com/2025/11/223-telangana-police-bust-ibomma-piracy-site-racket/,digital arrest,Digital Arrest Scam,Digital Arrest,THIRD-PARTY,NA-14232.txt,Keyword matched: digital arrest
NA-14233,31-03-2026,Soubhik Sarkar,Medianama,medianama.com,07-07-2025,Andhra Pradesh HC Warns Magistrates On Arrests In Cases Linked To Social Media Posts,https://www.medianama.com/2025/07/223-andhra-pradesh-high-court-arrests-social-media-posts/,digital arrest,Digital Arrest Scam,Digital Arrest,THIRD-PARTY,NA-14233.txt,Keyword matched: digital arrest
NA-14234,31-03-2026,Soubhik Sarkar,Medianama,medianama.com,03-05-2025,Full List: Digital Censorship After Terrorist Attack in Kashmir,https://www.medianama.com/2025/05/223-pahalgam-attack-social-media-ban-list/,digital arrest,Digital Arrest Scam,Digital Arrest,THIRD-PARTY,NA-14234.txt,Keyword matched: digital arrest
NA-14235,31-03-2026,Soubhik Sarkar,Medianama,medianama.com,24-02-2025,MP Priyanka Chaturvedi on Freedom of Speech in the Digital Age,https://www.medianama.com/2025/02/223-mp-priyanka-chaturvedi-on-freedom-of-speech-in-the-digital-age/,digital arrest,Digital Arrest Scam,Digital Arrest,THIRD-PARTY,NA-14235.txt,Keyword matched: digital arrest
NA-14236,31-03-2026,Soubhik Sarkar,Medianama,medianama.com,16-12-2024,Telegram Moderation Sees Uptick Following CEO’s Arrest,https://www.medianama.com/2024/12/223-telegram-moderation-sees-uptick-following-ceos-arrest/,digital arrest,Digital Arrest Scam,Digital Arrest,THIRD-PARTY,NA-14236.txt,Keyword matched: digital arrest
NA-14237,31-03-2026,Soubhik Sarkar,Medianama,medianama.com,15-11-2024,Delhi Police Arrests West Bengal Man For Opening A WazirX Hack-Linked Fake Crypto Account,https://www.medianama.com/2024/11/223-delhi-police-arrests-west-bengal-man-for-opening-a-wazirx-hack-linked-fake-crypto-account/,digital arrest,Digital Arrest Scam,Digital Arrest,THIRD-PARTY,NA-14237.txt,Keyword matched: digital arrest
NA-14238,31-03-2026,Soubhik Sarkar,Medianama,medianama.com,26-08-2024,"India Launches Investigation Into Telegram for Extortion, Gambling After CEO’s Arrest in France",https://www.medianama.com/2024/08/223-india-launches-investigation-into-telegram-for-extortion-gambling-after-ceos-arrest/,digital arrest,Digital Arrest Scam,Digital Arrest,THIRD-PARTY,NA-14238.txt,Keyword matched: digital arrest
NA-14239,31-03-2026,Soubhik Sarkar,Medianama,medianama.com,10-06-2024,"Telangana Police Arrest Hacker for Breaching Hawk Eye App, Deny Sharing Hyderabad Hotel Data with Third Party",https://www.medianama.com/2024/06/223-telangana-police-arrest-hacker-for-breaching-hawk-eye-app-deny-sharing-hyderabad-hotel-data-with-third-party/,digital arrest,Digital Arrest Scam,Digital Arrest,THIRD-PARTY,NA-14239.txt,Keyword matched: digital arrest
NA-14240,31-03-2026,Soubhik Sarkar,Medianama,medianama.com,31-01-2024,Into the unknown: search and seizure of digital devices in India,https://www.medianama.com/2024/01/223-search-seizure-digital-devices-india/,digital arrest,Digital Arrest Scam,Digital Arrest,NEAR-MISS,NA-14240.txt,Keyword matched: digital arrest
NA-14241,31-03-2026,Soubhik Sarkar,Medianama,medianama.com,16-08-2023,How the Three Bills Overhauling India’s Criminal Law Impact the Digital Ecosystem,https://www.medianama.com/2023/08/223-criminal-law-replacement-bills-digital-ecosystem/,digital arrest,Digital Arrest Scam,Digital Arrest,VICTIM,NA-14241.txt,Keyword matched: digital arrest
NA-14242,31-03-2026,Soubhik Sarkar,Medianama,medianama.com,19-10-2022,Stop warrantless search of personal digital devices: media association appeals to SC for regulation,https://www.medianama.com/2022/10/223-stop-police-search-mobile-phones-plea-in-sc/,digital arrest,Digital Arrest Scam,Digital Arrest,THIRD-PARTY,NA-14242.txt,Keyword matched: digital arrest
NA-14243,31-03-2026,Soubhik Sarkar,Medianama,medianama.com,17-08-2022,"MeitY’s Digital India Act due in Winter Session, says report: OTT, metaverse in ambit",https://www.medianama.com/2022/08/223-meity-digital-india-act-regulate-ott-social-media-metaverse-2/,digital arrest,Digital Arrest Scam,Digital Arrest,THIRD-PARTY,NA-14243.txt,Keyword matched: digital arrest
NA-14244,31-03-2026,Soubhik Sarkar,Medianama,medianama.com,28-06-2022,"Alt-News Co-founder Mohammed Zubair Arrested: Critics Decry Selectively Targeting Journalists, Speech Online",https://www.medianama.com/2022/06/223-mohamad-zubair-arrested-journalist-tweet-alt-news/,digital arrest,Digital Arrest Scam,Digital Arrest,THIRD-PARTY,NA-14244.txt,Keyword matched: digital arrest
NA-14245,31-03-2026,Soubhik Sarkar,Medianama,medianama.com,17-06-2022,Pune Police accused of ‘hacking’ arrested activists’ phones in Bhima Koregaon case,https://www.medianama.com/2022/06/223-bhima-koregaon-pune-police-hacking/,digital arrest,Digital Arrest Scam,Digital Arrest,VICTIM,NA-14245.txt,Keyword matched: digital arrest
NA-14246,31-03-2026,Soubhik Sarkar,Medianama,medianama.com,24-01-2022,Four arrested by Delhi and Mumbai Police for lewd comments in Clubhouse room,https://www.medianama.com/2022/01/223-clubhouse-communal-comments-delhi-mumbai-police/,digital arrest,Digital Arrest Scam,Digital Arrest,THIRD-PARTY,NA-14246.txt,Keyword matched: digital arrest
NA-14247,31-03-2026,Soubhik Sarkar,Medianama,medianama.com,19-08-2021,Man arrested in Jharkhand after hacking Election Commission portal and issuing fake voter ID cards,https://www.medianama.com/2021/08/223-man-jharkhand-hacking-election-commission-2/,digital arrest,Digital Arrest Scam,Digital Arrest,THIRD-PARTY,NA-14247.txt,Keyword matched: digital arrest
NA-14248,31-03-2026,Soubhik Sarkar,Medianama,medianama.com,22-06-2021,"On the legality and constitutionality of the Information Technology (Intermediary Guidelines and Digital Media Ethics Code) Rules, 2021",https://www.medianama.com/2021/06/223-legality-constitutionality-of-it-rules/,digital arrest,Digital Arrest Scam,Digital Arrest,VICTIM,NA-14248.txt,Keyword matched: digital arrest
NA-14249,31-03-2026,Soubhik Sarkar,Medianama,medianama.com,08-05-2021,Police has arrested people for pirating Hotstar streams: Sunil Rayan,https://www.medianama.com/2021/05/223-police-has-arrested-people-for-pirating-hotstar-streams-sunil-rayan/,digital arrest,Digital Arrest Scam,Digital Arrest,THIRD-PARTY,NA-14249.txt,Keyword matched: digital arrest
NA-14250,31-03-2026,Soubhik Sarkar,Medianama,medianama.com,12-03-2021,RBI seeks industry inputs on regulating digital lending apps: Report,https://www.medianama.com/2021/03/223-rbi-working-group-consultation-digital-lending/,digital arrest,Digital Arrest Scam,Digital Arrest,THIRD-PARTY,NA-14250.txt,Keyword matched: digital arrest
NA-14251,31-03-2026,Soubhik Sarkar,Medianama,medianama.com,15-02-2021,Calling it a ‘toolkit case’ obscures Delhi Police’s ridiculous Google Docs arrest of Disha Ravi,https://www.medianama.com/2021/02/223-delhi-police-disha-ravi-3/,digital arrest,Digital Arrest Scam,Digital Arrest,THIRD-PARTY,NA-14251.txt,Keyword matched: digital arrest
NA-14252,31-03-2026,Soubhik Sarkar,Medianama,medianama.com,11-02-2021,"Rona Wilson’s computer compromised 2 years before arrest, attacker planted incriminating documents: Forensics report",https://www.medianama.com/2021/02/223-arrest-attacker-framed-surveilled-rona-wilson/,digital arrest,Digital Arrest Scam,Digital Arrest,THIRD-PARTY,NA-14252.txt,Keyword matched: digital arrest
NA-14253,31-03-2026,Soubhik Sarkar,Medianama,medianama.com,23-12-2020,RBI warns customers about predatory digital lending apps,https://www.medianama.com/2020/12/223-rbi-warn-predatory-digital-lending-apps/,digital arrest,Digital Arrest Scam,Digital Arrest,THIRD-PARTY,NA-14253.txt,Keyword matched: digital arrest
NA-14254,31-03-2026,Soubhik Sarkar,Medianama,medianama.com,27-08-2020,"Facebook group critical of monarchy banned ‘to protect Thai cyber sovereignty’, says Thai Digital Minister",https://www.medianama.com/2020/08/223-facebook-thailand-cyber-sovereignty/,digital arrest,Digital Arrest Scam,Digital Arrest,THIRD-PARTY,NA-14254.txt,Keyword matched: digital arrest
NA-14255,31-03-2026,Soubhik Sarkar,Medianama,medianama.com,09-01-2019,"State intervention in the development of Digital India – Sidharth Chopra, Nandita Saikia",https://www.medianama.com/2019/01/223-state-intervention-in-the-development-of-digital-india-sidharth-chopra-nandita-saikia/,digital arrest,Digital Arrest Scam,Digital Arrest,NEAR-MISS,NA-14255.txt,Keyword matched: digital arrest
NA-14256,31-03-2026,Soubhik Sarkar,Medianama,medianama.com,04-08-2017,Ola employee arrested for accessing Aadhaar KYC data; No case against KUA?,https://www.medianama.com/2017/08/223-ola-ekyc-aadhaar-police-bangalore/,digital arrest,Digital Arrest Scam,Digital Arrest,THIRD-PARTY,NA-14256.txt,Keyword matched: digital arrest
NA-14257,31-03-2026,Soubhik Sarkar,Medianama,medianama.com,01-02-2017,Live Blog: Budget 2017-18 and what it means for the digital ecosystem,https://www.medianama.com/2017/02/223-live-blog-budget-2017-18/,digital arrest,Digital Arrest Scam,Digital Arrest,THIRD-PARTY,NA-14257.txt,Keyword matched: digital arrest
NA-14258,31-03-2026,Soubhik Sarkar,Medianama,medianama.com,18-03-2016,Two people arrested in Madhya Pradesh for sharing content online,https://www.medianama.com/2016/03/223-madhya-pradesh-arrest-sharing-content/,digital arrest,Digital Arrest Scam,Digital Arrest,THIRD-PARTY,NA-14258.txt,Keyword matched: digital arrest
NA-14259,31-03-2026,Soubhik Sarkar,Medianama,medianama.com,05-08-2014,You can now be arrested for sharing “objectionable” content in Karnataka,https://www.medianama.com/2014/08/223-you-can-now-be-arrested-for-sharing-objectionable-content-in-karnataka/,digital arrest,Digital Arrest Scam,Digital Arrest,THIRD-PARTY,NA-14259.txt,Keyword matched: digital arrest
NA-14260,31-03-2026,Soubhik Sarkar,Medianama,medianama.com,27-01-2014,Teenager Arrested For Pirating Malayalam Movie On Facebook,https://www.medianama.com/2014/01/223-pirating-movie-facebook-arrested/,digital arrest,Digital Arrest Scam,Digital Arrest,THIRD-PARTY,NA-14260.txt,Keyword matched: digital arrest
NA-14261,31-03-2026,Soubhik Sarkar,Medianama,medianama.com,18-04-2013,Indian Government Plans Digital Central Monitoring System – CIS India,https://www.medianama.com/2013/04/223-indian-government-plans-digital-central-monitoring-system-cis-india/,digital arrest,Digital Arrest Scam,Digital Arrest,THIRD-PARTY,NA-14261.txt,Keyword matched: digital arrest
NA-14262,31-03-2026,Soubhik Sarkar,Medianama,medianama.com,22-11-2012,Updated: Questions That Report Of Arrests For Facebook Comment Raise About Indian Law,https://www.medianama.com/2012/11/223-questions-that-report-of-arrests-for-facebook-comment-raise-about-indian-law/,digital arrest,Digital Arrest Scam,Digital Arrest,THIRD-PARTY,NA-14262.txt,Keyword matched: digital arrest
NA-14263,31-03-2026,Soubhik Sarkar,Medianama,medianama.com,09-11-2012,World Economic Forum: Shaping Digital Media Governance,https://www.medianama.com/2012/11/223-world-economic-forum-shaping-digital-media-governance/,digital arrest,Digital Arrest Scam,Digital Arrest,THIRD-PARTY,NA-14263.txt,Keyword matched: digital arrest
NA-14264,31-03-2026,Soubhik Sarkar,Medianama,medianama.com,29-11-2011,Carrot & Stick: T-Series Gets Radiomaska.com MD Arrested; Takedown Notices To Dishant.com,https://www.medianama.com/2011/11/223-carrot-takedown-notices-to-dishant-com/,digital arrest,Digital Arrest Scam,Digital Arrest,THIRD-PARTY,NA-14264.txt,Keyword matched: digital arrest
NA-14265,31-03-2026,Soubhik Sarkar,Medianama,medianama.com,23-11-2010,Hyderabad Police Arrests Torrent Uploaders,https://www.medianama.com/2010/11/223-hyderabad-police-arrests-torrent-uploaders/,digital arrest,Digital Arrest Scam,Digital Arrest,THIRD-PARTY,NA-14265.txt,Keyword matched: digital arrest
NA-14266,31-03-2026,Soubhik Sarkar,Medianama,medianama.com,30-04-2010,Execs Of Sequoia Funded Guruji.com Arrested Over Alleged Copyright Violation In India,https://www.medianama.com/2010/04/223-execs-of-sequoia-funded-guruji-com-arrested-over-copyright-violation-in-india/,digital arrest,Digital Arrest Scam,Digital Arrest,THIRD-PARTY,NA-14266.txt,Keyword matched: digital arrest
NA-14267,31-03-2026,Soubhik Sarkar,Medianama,medianama.com,07-03-2026,"Arattai Plans SIM Binding, but has no Timeline",https://www.medianama.com/2026/03/223-arattai-sim-binding-dot-rules-no-timeline/,digital arrest,Digital Arrest Scam,Digital Arrest,THIRD-PARTY,NA-14267.txt,Keyword matched: digital arrest
NA-14268,31-03-2026,Soubhik Sarkar,Medianama,medianama.com,09-12-2025,Who Will Manage Consumer Interests When Consent Managers Fail?,https://www.medianama.com/2025/12/223-manage-consumer-interests-consent-managers/,digital arrest,Digital Arrest Scam,Digital Arrest,THIRD-PARTY,NA-14268.txt,Keyword matched: digital arrest
NA-14269,31-03-2026,Soubhik Sarkar,Medianama,medianama.com,27-12-2024,Video: Indian Govt Moves to Ban Unregulated Lending Amid Rising App Scams,https://www.medianama.com/2024/12/223-video-govt-draft-bill-unregulated-lending/,digital arrest scam,Digital Arrest Scam,Digital Arrest,THIRD-PARTY,NA-14269.txt,Keyword matched: digital arrest scam
NA-14270,31-03-2026,Soubhik Sarkar,Medianama,medianama.com,31-03-2025,X conflated takedown notices with blocking orders to avoid due diligence: Centre to Karnataka High Court,https://www.medianama.com/2025/03/223-x-conflated-takedown-notices-with-blocking-orders-to-avoid-due-diligence-centre-to-karnataka-high-court/,digital arrest scam,Digital Arrest Scam,Digital Arrest,THIRD-PARTY,NA-14270.txt,Keyword matched: digital arrest scam
NA-14271,31-03-2026,Soubhik Sarkar,Medianama,medianama.com,28-04-2025,MeitY To Consult Stakeholders To Curb Spam On OTT Platforms,https://www.medianama.com/2025/04/223-meity-stakeholders-spam-ott-platforms/,digital arrest scam,Digital Arrest Scam,Digital Arrest,THIRD-PARTY,NA-14271.txt,Keyword matched: digital arrest scam
NA-14272,31-03-2026,Soubhik Sarkar,Medianama,medianama.com,17-01-2025,"Shemaroo Wrote Off Rs 138 crore Of Inventory In 12 Months, Lost Rs 36.5 crore",https://www.medianama.com/2025/01/223-shemaroo-inventory-earnings-call/,digital arrest scam,Digital Arrest Scam,Digital Arrest,THIRD-PARTY,NA-14272.txt,Keyword matched: digital arrest scam
NA-14273,31-03-2026,Soubhik Sarkar,Medianama,medianama.com,26-12-2024,DoT Blocked 90% Of Spoofed International Calls In Two Months,https://www.medianama.com/2024/12/223-dot-blocked-90-percent-spoofed-calls-two-months/,digital arrest scam,Digital Arrest Scam,Digital Arrest,THIRD-PARTY,NA-14273.txt,Keyword matched: digital arrest scam
NA-14274,31-03-2026,Soubhik Sarkar,Medianama,medianama.com,06-12-2024,Government’s Response on the Spoofed Call Prevention System Has Us Asking More Questions,https://www.medianama.com/2024/12/223-government-monitoring-spoofed-call-prevention-system-sparks-more-questions/,digital arrest scam,Digital Arrest Scam,Digital Arrest,THIRD-PARTY,NA-14274.txt,Keyword matched: digital arrest scam
NA-14275,31-03-2026,Soubhik Sarkar,Medianama,medianama.com,24-10-2024,Indian spoofed calls prevention system blocks 1.35 crore calls amidst false positives concerns,https://www.medianama.com/2024/10/223-indian-spoofed-calls-prevention-system-blocks-1-35-crore-calls-amidst-false-positives-concerns/,digital arrest scam,Digital Arrest Scam,Digital Arrest,THIRD-PARTY,NA-14275.txt,Keyword matched: digital arrest scam
NA-14276,31-03-2026,Soubhik Sarkar,Medianama,medianama.com,30-09-2024,Report: Google Argues its Control over Ad-Tech Ensures Consumer Safety,https://www.medianama.com/2024/09/223-google-says-control-ad-tech-helps-consumer-safety-antitrust-trial/,digital arrest scam,Digital Arrest Scam,Digital Arrest,THIRD-PARTY,NA-14276.txt,Keyword matched: digital arrest scam
NA-14277,31-03-2026,Soubhik Sarkar,Medianama,medianama.com,05-07-2024,Govt Warns Against Fake Emails Bearing Police Signatures,https://www.medianama.com/2024/07/223-government-warns-fake-emails-polie-signature/,digital arrest scam,Digital Arrest Scam,Digital Arrest,THIRD-PARTY,NA-14277.txt,Keyword matched: digital arrest scam
NA-14278,31-03-2026,Soubhik Sarkar,Medianama,medianama.com,12-12-2023,Here’s Why We’re Worried about J&K police using facial recognition to catch terrorists,https://www.medianama.com/2023/12/223-jk-police-facial-recognition-terrorist-activity/,digital arrest scam,Digital Arrest Scam,Digital Arrest,THIRD-PARTY,NA-14278.txt,Keyword matched: digital arrest scam
NA-14279,31-03-2026,Soubhik Sarkar,Medianama,medianama.com,12-07-2017,BJP IT Cell Secretary Tarun Sengupta arrested in WB for spreading fake news,https://www.medianama.com/2017/07/223-bjp-it-cell-secretary-tarun-sengupta-arrested-fake-news-2/,fake arrest,Digital Arrest Scam,Digital Arrest,THIRD-PARTY,NA-14279.txt,Keyword matched: fake arrest
NA-14280,31-03-2026,Soubhik Sarkar,Medianama,medianama.com,06-09-2024,Telegram CEO Durov Vows to Boost Content Moderation After Arrest for Alleged Role in Criminal Activities,https://www.medianama.com/2024/09/223-telegram-ceo-pavel-durov-vows-increase-content-moderation-after-arrest/,fake arrest,Digital Arrest Scam,Digital Arrest,THIRD-PARTY,NA-14280.txt,Keyword matched: fake arrest
NA-14281,31-03-2026,Soubhik Sarkar,Medianama,medianama.com,03-09-2024,South Korea Investigates Telegram Over Alleged Role in Deepfake Porn Distribution,https://www.medianama.com/2024/09/223-south-korea-investigates-telegram-alleged-role-deepfake-porn-distribution/,fake arrest,Digital Arrest Scam,Digital Arrest,THIRD-PARTY,NA-14281.txt,Keyword matched: fake arrest
NA-14282,31-03-2026,Soubhik Sarkar,Medianama,medianama.com,20-08-2024,Kolkata Student Arrested for Instagram Post Threatening West Bengal CM,https://www.medianama.com/2024/08/223-kolkata-police-arrests-student-instagram-threat-west-bengal-cm/,fake arrest,Digital Arrest Scam,Digital Arrest,THIRD-PARTY,NA-14282.txt,Keyword matched: fake arrest
NA-14283,31-03-2026,Soubhik Sarkar,Medianama,medianama.com,01-05-2024,"BJP files complaint with ECI, raising concerns about deepfakes",https://www.medianama.com/2024/05/223-bjp-complaint-eci-deepfakes-amit-shah/,fake arrest,Digital Arrest Scam,Digital Arrest,THIRD-PARTY,NA-14283.txt,Keyword matched: fake arrest
NA-14284,31-03-2026,Soubhik Sarkar,Medianama,medianama.com,22-02-2024,Uniform KYC norms and measures to tackle fake loan apps discussed at Financial Stability Council meeting,https://www.medianama.com/2024/02/223-finanical-stability-council-kyc-norms-illegal-loan-apps-2/,fake arrest,Digital Arrest Scam,Digital Arrest,NEAR-MISS,NA-14284.txt,Keyword matched: fake arrest
NA-14285,31-03-2026,Soubhik Sarkar,Medianama,medianama.com,14-02-2024,MPs raise concerns in Lok Sabha about deepfakes,https://www.medianama.com/2024/02/223-lok-sabha-mps-concerns-deepfakes-regulation/,fake arrest,Digital Arrest Scam,Digital Arrest,THIRD-PARTY,NA-14285.txt,Keyword matched: fake arrest
NA-14286,31-03-2026,Soubhik Sarkar,Medianama,medianama.com,14-11-2023,Google sues AI scammers who ran fake Bard ads to spread malware,https://www.medianama.com/2023/11/223-google-fake-bard-scammers-lawsuit-2/,fake arrest,Digital Arrest Scam,Digital Arrest,THIRD-PARTY,NA-14286.txt,Keyword matched: fake arrest
NA-14287,31-03-2026,Soubhik Sarkar,Medianama,medianama.com,21-04-2023,"After Haryana police, Gujarat officials use ASTR to catch fake SIM-card holders",https://www.medianama.com/2023/04/223-gujarat-officials-astr-catch-fake-sim-card-holders/,fake arrest,Digital Arrest Scam,Digital Arrest,THIRD-PARTY,NA-14287.txt,Keyword matched: fake arrest
NA-14288,31-03-2026,Soubhik Sarkar,Medianama,medianama.com,07-03-2022,Russia enacts ‘fake news’ law with one eye on curbing independent reportage of Ukraine invasion,https://www.medianama.com/2022/03/223-russia-law-fake-news-ukraine-invasion-3/,fake arrest,Digital Arrest Scam,Digital Arrest,THIRD-PARTY,NA-14288.txt,Keyword matched: fake arrest
NA-14289,31-03-2026,Soubhik Sarkar,Medianama,medianama.com,09-02-2021,"Supreme Court stays arrest of journalists, Shashi Tharoor over ‘misleading’ reports and tweets",https://www.medianama.com/2021/02/223-supreme-court-journalists-shashi-thraroor/,fake arrest,Digital Arrest Scam,Digital Arrest,THIRD-PARTY,NA-14289.txt,Keyword matched: fake arrest
NA-14290,31-03-2026,Soubhik Sarkar,Medianama,medianama.com,25-05-2020,"Group admins will be held responsible for misinformation, fake news in Mumbai",https://www.medianama.com/2020/05/223-group-admins-misinformation-mumbai/,fake arrest,Digital Arrest Scam,Digital Arrest,THIRD-PARTY,NA-14290.txt,Keyword matched: fake arrest
NA-14291,31-03-2026,Soubhik Sarkar,Medianama,medianama.com,13-06-2019,UP police arrest 11 people for “inflammatory” posts about murder of 2-year-old girl,https://www.medianama.com/2019/06/223-up-police-arrest-11-people-for-inflammatory-posts-about-murder-of-2-year-old-girl-on-june-2/,fake arrest,Digital Arrest Scam,Digital Arrest,THIRD-PARTY,NA-14291.txt,Keyword matched: fake arrest
NA-14292,31-03-2026,Soubhik Sarkar,Medianama,medianama.com,18-03-2019,WhatsApp testing ‘search by image’ feature to combat fake news,https://www.medianama.com/2019/03/223-whatsapp-testing-search-by-image-feature-to-combat-fake-news/,fake arrest,Digital Arrest Scam,Digital Arrest,THIRD-PARTY,NA-14292.txt,Keyword matched: fake arrest
NA-14293,31-03-2026,Soubhik Sarkar,Medianama,medianama.com,08-02-2019,WhatsApp deletes 2M accounts per month to curb fake news; outlines how,https://www.medianama.com/2019/02/223-whatsapp-deleted-2-million-accounts-2/,fake arrest,Digital Arrest Scam,Digital Arrest,NEAR-MISS,NA-14293.txt,Keyword matched: fake arrest
NA-14294,31-03-2026,Soubhik Sarkar,Medianama,medianama.com,10-07-2018,"Aadhaar Digest: Bengaluru municipality, Delhi govt schools and an Uzbek national’s fake Aadhaar",https://www.medianama.com/2018/07/223-aadhaar-digest-bengaluru-municipality-delhi-govt-schools-and-an-uzbek-nationals-fake-aadhaar/,fake arrest,Digital Arrest Scam,Digital Arrest,THIRD-PARTY,NA-14294.txt,Keyword matched: fake arrest
NA-14295,31-03-2026,Soubhik Sarkar,Medianama,medianama.com,05-12-2025,"Delhi Police Oppose Bail For Students At India Gate Protest, Cite Instagram Posts With ‘Naxal Links’",https://www.medianama.com/2025/12/223-delhi-police-bail-students-india-gate-protest-instagram-posts-naxal-links/,fake arrest,Digital Arrest Scam,Digital Arrest,THIRD-PARTY,NA-14295.txt,Keyword matched: fake arrest
NA-14296,31-03-2026,Soubhik Sarkar,Medianama,medianama.com,27-11-2025,"Centre Plans New Rules for User-Generated Content, Solicitor General Tushar Mehta Informs Supreme Court",https://www.medianama.com/2025/11/223-mib-draft-rules-for-perverse-ugc-sg-mehta-informs-supreme-court/,fake arrest,Digital Arrest Scam,Digital Arrest,THIRD-PARTY,NA-14296.txt,Keyword matched: fake arrest
NA-14297,31-03-2026,Soubhik Sarkar,Medianama,medianama.com,23-07-2025,Telegram Blocked in Nepal for Money Laundering: Will It Follow TikTok’s Path and Return?,https://www.medianama.com/2025/07/223-nepal-telegram-app-money-laundering/,fake arrest,Digital Arrest Scam,Digital Arrest,THIRD-PARTY,NA-14297.txt,Keyword matched: fake arrest
NA-14298,31-03-2026,Soubhik Sarkar,Medianama,medianama.com,16-07-2025,Supreme Court Asks SIT In Mahmudabad Case To Only Focus On Social Media Posts,https://www.medianama.com/2025/07/223-sit-supreme-court-mahmudabad-case/,fake arrest,Digital Arrest Scam,Digital Arrest,THIRD-PARTY,NA-14298.txt,Keyword matched: fake arrest
NA-14299,31-03-2026,Soubhik Sarkar,Medianama,medianama.com,16-06-2025,Brazil SC’s Landmark Ruling Challenges Social Media Platforms’ Safe Harbour,https://www.medianama.com/2025/06/223-brazil-sc-ruling-social-media-safe-harbour/,fake arrest,Digital Arrest Scam,Digital Arrest,THIRD-PARTY,NA-14299.txt,Keyword matched: fake arrest
NA-14300,31-03-2026,Soubhik Sarkar,Medianama,medianama.com,09-06-2025,"Manipur Shuts Down Internet Again—Over 5,000 Hours Lost to Bans Since 2023",https://www.medianama.com/2025/06/223-manipur-internet-shutdown-june-2025-arambai-tenggol-cbi-arrest-protest/,fake arrest,Digital Arrest Scam,Digital Arrest,THIRD-PARTY,NA-14300.txt,Keyword matched: fake arrest
NA-14301,31-03-2026,Soubhik Sarkar,Medianama,medianama.com,05-06-2025,Fair Use and an Unfair Fight: On the issues that YouTube’s copyright strikes system has created,https://www.medianama.com/2025/06/223-air-use-and-unfair-fight-youtube-copyright-strikes/,fake arrest,Digital Arrest Scam,Digital Arrest,NEAR-MISS,NA-14301.txt,Keyword matched: fake arrest
NA-14302,31-03-2026,Soubhik Sarkar,Medianama,medianama.com,04-06-2025,Free Speech or Public Mischief: How common are public mischief cases in India?,https://www.medianama.com/2025/06/223-free-speech-or-public-mischief-india-under-section-353/,fake arrest,Digital Arrest Scam,Digital Arrest,THIRD-PARTY,NA-14302.txt,Keyword matched: fake arrest
NA-14303,31-03-2026,Soubhik Sarkar,Medianama,medianama.com,02-06-2025,What Can Be Called ‘Public Mischief’ Online? Why Section 353 of Bhartiya Nyaya Sanhita Raises Free Speech Fears,https://www.medianama.com/2025/06/223-section-353-bns-public-mischief-online/,fake arrest,Digital Arrest Scam,Digital Arrest,NEAR-MISS,NA-14303.txt,Keyword matched: fake arrest
NA-14304,31-03-2026,Soubhik Sarkar,Medianama,medianama.com,29-05-2025,"RTI: Government Withholds Details of Social Media Takedown Notices, Cites details of Section 79 instead",https://www.medianama.com/2025/05/223-government-denies-meta-youtube-takedown-rti/,fake arrest,Digital Arrest Scam,Digital Arrest,THIRD-PARTY,NA-14304.txt,Keyword matched: fake arrest
NA-14305,31-03-2026,Soubhik Sarkar,Medianama,medianama.com,28-05-2025,"Supreme Court Extends Interim Bail For Prof. Ali Khan Mahmudabad, Limits SIT Probe to 2 FIRs",https://www.medianama.com/2025/05/223-supreme-court-interim-bail-ali-khan-mahmudabad/,fake arrest,Digital Arrest Scam,Digital Arrest,THIRD-PARTY,NA-14305.txt,Keyword matched: fake arrest
NA-14306,31-03-2026,Soubhik Sarkar,Medianama,medianama.com,21-05-2025,"SC Grants Bail To Jailed Ashoka Prof, Directs SIT To Investigate",https://www.medianama.com/2025/05/223-sc-grants-bail-ashoka-professor-ali-khan-mahmudabad/,fake arrest,Digital Arrest Scam,Digital Arrest,THIRD-PARTY,NA-14306.txt,Keyword matched: fake arrest
NA-14307,31-03-2026,Soubhik Sarkar,Medianama,medianama.com,19-02-2025,DoT Orders Takedown of Apps and Content Enabling Caller ID Spoofing,https://www.medianama.com/2025/02/223-dot-asks-platforms-to-remove-caller-identification-tampering-apps-and-content/,video call arrest,Digital Arrest Scam,Digital Arrest,THIRD-PARTY,NA-14307.txt,Keyword matched: video call arrest
NA-14308,31-03-2026,Soubhik Sarkar,Medianama,medianama.com,16-07-2024,AT&T Paid To Remove Customers’ Data After A Data Breach Exposed Call Logs from 2022,https://www.medianama.com/2024/07/223-massive-data-breach-exposed-almost-all-att-customers-data/,video call arrest,Digital Arrest Scam,Digital Arrest,NEAR-MISS,NA-14308.txt,Keyword matched: video call arrest
NA-14309,31-03-2026,Soubhik Sarkar,Medianama,medianama.com,23-07-2021,"Karnataka HC quashes UP Police’s Sec 41A notice to Twitter India employee, calls it ‘arm twisting’",https://www.medianama.com/2021/07/223-karnataka-high-court-twitter-india-2/,video call arrest,Digital Arrest Scam,Digital Arrest,THIRD-PARTY,NA-14309.txt,Keyword matched: video call arrest
NA-14310,31-03-2026,Soubhik Sarkar,Medianama,medianama.com,31-05-2021,PUBG: Former Arunachal MP calls for ban on Battlegrounds India launch,https://www.medianama.com/2021/05/223-pubg-ninong-ering/,video call arrest,Digital Arrest Scam,Digital Arrest,NEAR-MISS,NA-14310.txt,Keyword matched: video call arrest
NA-14311,31-03-2026,Soubhik Sarkar,Medianama,medianama.com,19-02-2021,"Toolkit Investigation: Delhi Police calls websites, journalists and fact-checkers ‘allies’ of ‘conspirators’ behind Red Fort clashes",https://www.medianama.com/2021/02/223-delhi-police-toolkit-fir-4/,video call arrest,Digital Arrest Scam,Digital Arrest,THIRD-PARTY,NA-14311.txt,Keyword matched: video call arrest
NA-14312,31-03-2026,Soubhik Sarkar,Medianama,medianama.com,27-01-2020,"Personal Data Protection Bill, 2019: Looking at use of video recordings, facial recognition software and drones by police",https://www.medianama.com/2020/01/223-pdp-bill-2019-protests-facial-recognition-drones-surveillance/,video call arrest,Digital Arrest Scam,Digital Arrest,NEAR-MISS,NA-14312.txt,Keyword matched: video call arrest
NA-14313,31-03-2026,Soubhik Sarkar,Medianama,medianama.com,11-06-2019,"SC orders release of journalist arrested for tweet about UP CM, says fundamental rights ‘non-negotiable’",https://www.medianama.com/2019/06/223-sc-orders-release-of-journalist-arrested-for-tweet-about-up-cm-says-fundamental-rights-non-negotiable/,video call arrest,Digital Arrest Scam,Digital Arrest,THIRD-PARTY,NA-14313.txt,Keyword matched: video call arrest
NA-14314,31-03-2026,Soubhik Sarkar,Medianama,medianama.com,08-03-2018,"Only 10% women reported offensive calls to police, just 7% named & shamed on social media: Truecaller survey",https://www.medianama.com/2018/03/223-truecaller-survey-2018-unsolicited-calls-messages-to-women/,video call arrest,Digital Arrest Scam,Digital Arrest,NEAR-MISS,NA-14314.txt,Keyword matched: video call arrest
NA-14315,31-03-2026,Soubhik Sarkar,Medianama,medianama.com,31-05-2016,"On the right to offend, mimic & parody, and Tanmay Bhat’s SnapChat video controversy",https://www.medianama.com/2016/05/223-tanmay-bhat-sachin-tendulkar-mangeshkar-lata/,video call arrest,Digital Arrest Scam,Digital Arrest,THIRD-PARTY,NA-14315.txt,Keyword matched: video call arrest
NA-14316,31-03-2026,Soubhik Sarkar,Medianama,medianama.com,06-11-2012,Altruist & Airtel Named In Case Related To Phone Sex Service; Four Arrested: Report,https://www.medianama.com/2012/11/223-altruist-four-arrested-report/,video call arrest,Digital Arrest Scam,Digital Arrest,THIRD-PARTY,NA-14316.txt,Keyword matched: video call arrest
NA-14317,31-03-2026,Soubhik Sarkar,Medianama,medianama.com,12-01-2026,Iran’s Internet Shutdown Crosses 84 Hours Amid Deadly Protests,https://www.medianama.com/2026/01/223-iran-internet-shutdown-84-hours-deadly-protests/,video call arrest,Digital Arrest Scam,Digital Arrest,THIRD-PARTY,NA-14317.txt,Keyword matched: video call arrest
NA-14318,31-03-2026,Soubhik Sarkar,Medianama,medianama.com,06-01-2026,TellyTorrents Movie Piracy Case—A Tale of Evidence Missing in Action,https://www.medianama.com/2026/01/223-jabalpur-court-acquits-tellytorrents-site-operator-piracy-case/,video call arrest,Digital Arrest Scam,Digital Arrest,THIRD-PARTY,NA-14318.txt,Keyword matched: video call arrest
NA-14319,31-03-2026,Soubhik Sarkar,Medianama,medianama.com,01-10-2025,Explainer: Telangana Police Plan to Develop Surveillance Tools for Monitoring Private Messages and Online Content,https://www.medianama.com/2025/10/223-telangana-police-cyber-tools-tender-privacy-concerns/,video call arrest,Digital Arrest Scam,Digital Arrest,THIRD-PARTY,NA-14319.txt,Keyword matched: video call arrest
NA-14320,31-03-2026,Soubhik Sarkar,Medianama,medianama.com,22-08-2025,Assam Police Cracks Down On Journalist For Remark Against Chief Minister,https://www.medianama.com/2025/08/223-assam-police-journalist-chief-minister/,video call arrest,Digital Arrest Scam,Digital Arrest,THIRD-PARTY,NA-14320.txt,Keyword matched: video call arrest
NA-14321,31-03-2026,Soubhik Sarkar,Medianama,medianama.com,16-07-2025,"What Supreme Court’s Latest Hearings Mean for Online Free Speech: Satire, Podcasts, and More",https://www.medianama.com/2025/07/223-sc-guidelines-satire-podcasts-free-speech/,video call arrest,Digital Arrest Scam,Digital Arrest,THIRD-PARTY,NA-14321.txt,Keyword matched: video call arrest
NA-14322,31-03-2026,Soubhik Sarkar,Medianama,medianama.com,16-07-2025,Delhi HC Denies Bail to a Pahalgam Attack-Linked Terror Group Operative for Social Media Radicalisation,https://www.medianama.com/2025/07/223-delhi-hc-pahalgam-attack-terrorist-operative-social-media-violence/,video call arrest,Digital Arrest Scam,Digital Arrest,THIRD-PARTY,NA-14322.txt,Keyword matched: video call arrest
NA-14323,31-03-2026,Soubhik Sarkar,Medianama,medianama.com,02-04-2025,Takedown Notices Served for Over 1100 Posts In A Year—What India Deemed Inciting “Public Mischief” on X?,https://www.medianama.com/2025/04/223-india-ordered-x-to-takedown-1132-posts-half-of-it-for-public-mischief/,video call arrest,Digital Arrest Scam,Digital Arrest,THIRD-PARTY,NA-14323.txt,Keyword matched: video call arrest
NA-14324,31-03-2026,Soubhik Sarkar,Medianama,medianama.com,07-03-2025,"Youtube tightens rules around gambling content, but how will enforcement work?",https://www.medianama.com/2025/03/223-youtube-tightens-rules-around-gambling-content-but-how-will-enforcement-work/,video call arrest,Digital Arrest Scam,Digital Arrest,THIRD-PARTY,NA-14324.txt,Keyword matched: video call arrest
NA-14325,31-03-2026,Soubhik Sarkar,Medianama,medianama.com,24-02-2025,"Telegram Fined By Australian Watchdog For Delay In Reporting CSAM, Terrorism",https://www.medianama.com/2025/02/223-telegram-fined-by-australian-watchdog-for-delay-in-reporting-csam-terrorism/,video call arrest,Digital Arrest Scam,Digital Arrest,THIRD-PARTY,NA-14325.txt,Keyword matched: video call arrest
NA-14326,31-03-2026,Soubhik Sarkar,Medianama,medianama.com,21-02-2025,In Defence of Offence: On the Ranveer Allahbadia Controversy,https://www.medianama.com/2025/02/223-in-defence-of-offence-on-the-ranveer-allahbadia-controversy/,video call arrest,Digital Arrest Scam,Digital Arrest,NEAR-MISS,NA-14326.txt,Keyword matched: video call arrest
NA-14327,31-03-2026,Soubhik Sarkar,Medianama,medianama.com,11-02-2025,"YouTube Removes ‘India’s Got Latent’ Episode After Govt Directive, But Is It Legally Justified?",https://www.medianama.com/2025/02/223-youtube-removes-indias-got-latent-episode-following-govt-order/,video call arrest,Digital Arrest Scam,Digital Arrest,THIRD-PARTY,NA-14327.txt,Keyword matched: video call arrest
NA-14328,31-03-2026,Soubhik Sarkar,Medianama,medianama.com,06-12-2024,Telegram Partners with Internet Watch Foundation Amid Criticism Over Child Sexual Abuse Material Handling,https://www.medianama.com/2024/12/223-telegram-partners-internet-watch-foundation-child-sexual-abuse-material-handling/,video call arrest,Digital Arrest Scam,Digital Arrest,THIRD-PARTY,NA-14328.txt,Keyword matched: video call arrest
NA-14329,31-03-2026,Soubhik Sarkar,Medianama,medianama.com,15-07-2024,Old Methods of Misinformation Dominated 2024 Elections Despite AI Boom: Fact-checkers  #NAMA,https://www.medianama.com/2024/07/223-old-methods-misinformation-2024-election-testing-ground-future-fact-checkers-nama/,video call arrest,Digital Arrest Scam,Digital Arrest,THIRD-PARTY,NA-14329.txt,Keyword matched: video call arrest
NA-14330,31-03-2026,Soubhik Sarkar,Medianama,medianama.com,07-05-2024,Here’s Why We’re Worried About Kolkata Police Sending Legal notice to this X user,https://www.medianama.com/2024/05/223-kolkata-police-legal-notice-x-user/,video call arrest,Digital Arrest Scam,Digital Arrest,THIRD-PARTY,NA-14330.txt,Keyword matched: video call arrest
NA-14331,31-03-2026,Soubhik Sarkar,Medianama,medianama.com,06-02-2024,"Retweeting Alleged Defamatory Content Equals ‘Publication’, Social Media Reach Matters in Determining Impact: Delhi HC",https://www.medianama.com/2024/02/223-delhi-hc-retweeting-defamatory-content-publication-2/,video call arrest,Digital Arrest Scam,Digital Arrest,THIRD-PARTY,NA-14331.txt,Keyword matched: video call arrest
NA-14332,31-03-2026,Soubhik Sarkar,Medianama,medianama.com,03-10-2023,Court Watch: Which Tech Policy Cases Are India’s Court’s Hearing this October?,https://www.medianama.com/2023/10/223-court-watch-october-tech-policy-2/,video call arrest,Digital Arrest Scam,Digital Arrest,NEAR-MISS,NA-14332.txt,Keyword matched: video call arrest
NA-14333,31-03-2026,Soubhik Sarkar,Medianama,medianama.com,22-08-2023,Supreme Court Refuses To Act Against Madras HC Order Stating Citizens Must Exercise Caution While Posting On Social Media,https://www.medianama.com/2023/08/223-supreme-court-refuses-to-act-madras-hc-order-citizens-caution-social-media/,video call arrest,Digital Arrest Scam,Digital Arrest,THIRD-PARTY,NA-14333.txt,Keyword matched: video call arrest
NA-14334,31-03-2026,Soubhik Sarkar,Medianama,medianama.com,06-06-2023,Bombay HC Directs Netizens To Remove ‘Defamatory’ Posts on Adar Poonawalla and The Serum Institute,https://www.medianama.com/2023/06/223-bombay-hc-takedown-defamatory-posts-on-adar-poonawalla/,video call arrest,Digital Arrest Scam,Digital Arrest,THIRD-PARTY,NA-14334.txt,Keyword matched: video call arrest
NA-14335,31-03-2026,Soubhik Sarkar,Medianama,medianama.com,18-05-2023,Why did the UK’s Treasury Committee recommend regulating trading in crypto assets as gambling?,https://www.medianama.com/2023/05/223-uk-treasury-committee-trading-in-crypto-assets-as-gambling-2/,video call arrest,Digital Arrest Scam,Digital Arrest,THIRD-PARTY,NA-14335.txt,Keyword matched: video call arrest
NA-14336,31-03-2026,Soubhik Sarkar,Medianama,medianama.com,11-05-2023,Why Does the Delhi HC Think Search Engines Are Responsible For Taking Down Non-Consensual Intimate Images?,https://www.medianama.com/2023/05/223-search-engines-non-consensual-intimate-images-delhi-hc/,video call arrest,Digital Arrest Scam,Digital Arrest,VICTIM,NA-14336.txt,Keyword matched: video call arrest
NA-14337,31-03-2026,Soubhik Sarkar,Medianama,medianama.com,06-04-2023,Everything you need to know about Amazon India’s pact with Indian government,https://www.medianama.com/2023/04/223-amazon-stream-indian-governments-content/,video call arrest,Digital Arrest Scam,Digital Arrest,THIRD-PARTY,NA-14337.txt,Keyword matched: video call arrest
NA-14338,31-03-2026,Soubhik Sarkar,Medianama,medianama.com,02-02-2023,Court Watch: 12 Tech Policy Cases to Keep An Eye Out For This February,https://www.medianama.com/2023/02/223-court-watch-12-tech-policy-cases-february-3/,video call arrest,Digital Arrest Scam,Digital Arrest,NEAR-MISS,NA-14338.txt,Keyword matched: video call arrest
NA-14339,31-03-2026,Soubhik Sarkar,Medianama,medianama.com,23-01-2023,The curious case of Indian police’s attitude towards drones,https://www.medianama.com/2023/01/223-indian-police-drones/,video call arrest,Digital Arrest Scam,Digital Arrest,THIRD-PARTY,NA-14339.txt,Keyword matched: video call arrest
NA-14340,31-03-2026,Soubhik Sarkar,Medianama,medianama.com,06-01-2023,Explainer: Learn about Chennai’s Mega City Policing a.k.a. ‘Surveillance’ Project,https://www.medianama.com/2023/01/223-explainer-chennai-mega-city-policing-surveillance-project/,video call arrest,Digital Arrest Scam,Digital Arrest,THIRD-PARTY,NA-14340.txt,Keyword matched: video call arrest
NA-14341,31-03-2026,Soubhik Sarkar,Medianama,medianama.com,09-09-2022,Exclusive: Behaviour and protest monitoring a part of Jabalpur Municipal Corporation’s surveillance tender,https://www.medianama.com/2022/09/223-exclusive-jabalpur-tender-cctv-behaviour-monitoring-surveillance/,video call arrest,Digital Arrest Scam,Digital Arrest,THIRD-PARTY,NA-14341.txt,Keyword matched: video call arrest
NA-14342,31-03-2026,Soubhik Sarkar,Medianama,medianama.com,24-08-2022,"UK-Based Dissident Can Sue Saudi Arabia for Alleged Transnational Pegasus Attack, Rules UK High Court",https://www.medianama.com/2022/08/223-uk-dissident-case-against-saudi-arabia-pegasus-spyware-2/,video call arrest,Digital Arrest Scam,Digital Arrest,VICTIM,NA-14342.txt,Keyword matched: video call arrest
NA-14343,31-03-2026,Soubhik Sarkar,Medianama,medianama.com,22-08-2022,Deep dive: A Plea for privacy in the Kerala High Court stresses urgent need for privacy law in India,https://www.medianama.com/2022/08/223-kerala-hc-rape-accused-petition-privacy-right-to-be-forgotten-3/,video call arrest,Digital Arrest Scam,Digital Arrest,VICTIM,NA-14343.txt,Keyword matched: video call arrest
NA-14344,31-03-2026,Soubhik Sarkar,Medianama,medianama.com,10-08-2022,Opinion: Why Meta should encrypt Messenger by default,https://www.medianama.com/2022/08/223-opinion-why-meta-should-encrypt-messenger-by-default-2/,video call arrest,Digital Arrest Scam,Digital Arrest,THIRD-PARTY,NA-14344.txt,Keyword matched: video call arrest
NA-14345,31-03-2026,Soubhik Sarkar,Medianama,medianama.com,22-07-2022,New Report Suggests Pegasus Used to Target Pro-Democracy Protestors in Thailand,https://www.medianama.com/2022/07/223-pegasus-spyware-pro-democracy-thailand-report-3/,video call arrest,Digital Arrest Scam,Digital Arrest,VICTIM,NA-14345.txt,Keyword matched: video call arrest
NA-14346,31-03-2026,Soubhik Sarkar,Medianama,medianama.com,03-12-2025,"Singapore Directs Apple, Google to Prevent Government Agency Impersonation on Messaging Apps",https://www.medianama.com/2025/12/223-singapore-anti-spoofing-rules-apple-google/,police impersonation scam,Digital Arrest Scam,Impersonation Scam,THIRD-PARTY,NA-14346.txt,Keyword matched: police impersonation scam
NA-14347,31-03-2026,Soubhik Sarkar,Medianama,medianama.com,08-01-2026,YouTube Music Users Say They Can’t Escape AI-Generated Songs Despite Repeated Feedback,https://www.medianama.com/2026/01/223-youtube-music-ai-generated-songs-recommendations/,police impersonation scam,Digital Arrest Scam,Impersonation Scam,THIRD-PARTY,NA-14347.txt,Keyword matched: police impersonation scam
NA-14348,31-03-2026,Soubhik Sarkar,Medianama,medianama.com,06-02-2024,"Multinational firm falls prey to deepfake video meeting, loses $25 million:Report",https://www.medianama.com/2024/02/223-deepfake-video-hong-kong-firm-loses-usd-25-million/,police impersonation scam,Digital Arrest Scam,Impersonation Scam,THIRD-PARTY,NA-14348.txt,Keyword matched: police impersonation scam
NA-14349,31-03-2026,Soubhik Sarkar,Medianama,medianama.com,12-08-2016,CBI charges former ISRO chairman & Antrix execs over criminal conspiracy,https://www.medianama.com/2016/08/223-devas-antrix-isro-scam/,CBI fraud call,Digital Arrest Scam,Impersonation Scam,THIRD-PARTY,NA-14349.txt,Keyword matched: CBI fraud call
NA-14350,31-03-2026,Soubhik Sarkar,Medianama,medianama.com,20-12-2025,"ED Raids Dream11 Office, Co-Founder’s Premises As Part Of Rs 2,434 Crore Money Laundering Probe",https://www.medianama.com/2025/12/223-ed-dream11-rs-2434-crore-money-laundering-probe/,CBI fraud call,Digital Arrest Scam,Impersonation Scam,THIRD-PARTY,NA-14350.txt,Keyword matched: CBI fraud call
NA-14351,31-03-2026,Soubhik Sarkar,Medianama,medianama.com,04-08-2025,"Airtel Enters the Cloud Market, Rivals Jio with Data Sovereignty at its Core",https://www.medianama.com/2025/08/223-airtel-cloud-market-jio-data-sovereignty-core/,CBI fraud call,Digital Arrest Scam,Impersonation Scam,THIRD-PARTY,NA-14351.txt,Keyword matched: CBI fraud call
NA-14352,31-03-2026,Soubhik Sarkar,Medianama,medianama.com,02-08-2021,Exclusive: 340 police stations in Assam to come under CCTV surveillance in compliance with SC order,https://www.medianama.com/2021/08/223-police-stations-assam-cctv-surveillance-2/,CBI fraud call,Digital Arrest Scam,Impersonation Scam,VICTIM,NA-14352.txt,Keyword matched: CBI fraud call
NA-14353,31-03-2026,Soubhik Sarkar,Medianama,medianama.com,03-12-2020,"All police stations must be equipped with CCTV cameras, persons in custody have right to secure CCTV footage: SC",https://www.medianama.com/2020/12/223-cctv-mandatory-police-accountability-supreme-court/,CBI fraud call,Digital Arrest Scam,Impersonation Scam,VICTIM,NA-14353.txt,Keyword matched: CBI fraud call
NA-14354,31-03-2026,Soubhik Sarkar,Medianama,medianama.com,13-08-2019,"Here’s how tech giants profit from invading our privacy, and how we can start taking it back",https://www.medianama.com/2019/08/223-heres-how-tech-giants-profit-from-invading-our-privacy-and-how-we-can-start-taking-it-back-3/,CBI fraud call,Digital Arrest Scam,Impersonation Scam,VICTIM,NA-14354.txt,Keyword matched: CBI fraud call
NA-14355,31-03-2026,Soubhik Sarkar,Medianama,medianama.com,17-06-2019,MoS Anurag Thakur meets digital economy and start-up reps ahead of the budget; attendees and key talking points,https://www.medianama.com/2019/06/223-mos-anurag-thakur-meets-digital-economy-and-start-up-reps-ahead-of-the-budget-attendees-and-key-talking-points/,CBI fraud call,Digital Arrest Scam,Impersonation Scam,THIRD-PARTY,NA-14355.txt,Keyword matched: CBI fraud call
NA-14356,31-03-2026,Soubhik Sarkar,Medianama,medianama.com,26-11-2016,Top 10 stories of the week: November 21st to November 27th 2016,https://www.medianama.com/2016/11/223-top-10-stories-week-november-21st-november-27th-2016/,CBI fraud call,Digital Arrest Scam,Impersonation Scam,THIRD-PARTY,NA-14356.txt,Keyword matched: CBI fraud call
NA-14357,31-03-2026,Soubhik Sarkar,Medianama,medianama.com,22-08-2016,Update: Astro to order a forensic audit of AskMe Group parent Getit’s books,https://www.medianama.com/2016/08/223-astro-getit-forensic-audit/,CBI fraud call,Digital Arrest Scam,Impersonation Scam,THIRD-PARTY,NA-14357.txt,Keyword matched: CBI fraud call
NA-14358,31-03-2026,Soubhik Sarkar,Medianama,medianama.com,05-08-2016,AskMe won’t be able to pay employees until Astro buyout happens,https://www.medianama.com/2016/08/223-askme-group-astro-open-letter/,CBI fraud call,Digital Arrest Scam,Impersonation Scam,THIRD-PARTY,NA-14358.txt,Keyword matched: CBI fraud call
NA-14359,31-03-2026,Soubhik Sarkar,Medianama,medianama.com,24-12-2015,Privacy nightmare: Chennai & Hyderabad Municipal Corps list birth & death certificates online,https://www.medianama.com/2015/12/223-chennai-hyderabad-birth-death-certificates-online-user-privacy/,CBI fraud call,Digital Arrest Scam,Impersonation Scam,THIRD-PARTY,NA-14359.txt,Keyword matched: CBI fraud call
NA-14360,31-03-2026,Soubhik Sarkar,Medianama,medianama.com,26-04-2012,Updated: 133 Government Websites Hacked During Last 3 Months,https://www.medianama.com/2012/04/223-133-government-websites-hacked-during-last-3-months/,CBI fraud call,Digital Arrest Scam,Impersonation Scam,THIRD-PARTY,NA-14360.txt,Keyword matched: CBI fraud call
NA-14361,31-03-2026,Soubhik Sarkar,Medianama,medianama.com,03-07-2020,"India’s new draft e-commerce policy focuses on data, competition, counterfeiting, consumer protection",https://www.medianama.com/2020/07/223-second-draft-ecommerce-policy-india-2/,customs fraud call,Digital Arrest Scam,Impersonation Scam,THIRD-PARTY,NA-14361.txt,Keyword matched: customs fraud call
NA-14362,31-03-2026,Soubhik Sarkar,Medianama,medianama.com,28-02-2020,Vadodara City Police planning to use Clearview AI’s facial recognition software,https://www.medianama.com/2020/02/223-vadodara-police-facial-recognition-clearview-ai/,customs fraud call,Digital Arrest Scam,Impersonation Scam,THIRD-PARTY,NA-14362.txt,Keyword matched: customs fraud call
NA-14363,31-03-2026,Soubhik Sarkar,Medianama,medianama.com,28-02-2013,Budget 2013-14: Digital Business Expectations & Announcements – Live Updates,https://www.medianama.com/2013/02/223-budget-2013-14-live-updates/,customs fraud call,Digital Arrest Scam,Impersonation Scam,NEAR-MISS,NA-14363.txt,Keyword matched: customs fraud call
NA-14364,31-03-2026,Soubhik Sarkar,Medianama,medianama.com,08-08-2025,"Truecaller Q2 2025: AI, Subscriptions Grow Amid Tax and Ad Market Challenges",https://www.medianama.com/2025/08/223-truecaller-q2-fy25-revenue-growth-financials-ai-subscriptions/,TRAI scam call,Digital Arrest Scam,Impersonation Scam,THIRD-PARTY,NA-14364.txt,Keyword matched: TRAI scam call
NA-14365,31-03-2026,Soubhik Sarkar,Medianama,medianama.com,13-06-2025,"Apple to Block Spam by Filtering Calls & Messages in iOS 26 Update, Will It Lead to Missing Important Info?",https://www.medianama.com/2025/06/223-apple-block-spam-calls-messages-ios-26/,TRAI scam call,Digital Arrest Scam,Impersonation Scam,THIRD-PARTY,NA-14365.txt,Keyword matched: TRAI scam call
NA-14366,31-03-2026,Soubhik Sarkar,Medianama,medianama.com,28-10-2024,Truecaller to TRAI: Allow Telcos to Work With Third-Party Apps for AI-Based Spam Detection,https://www.medianama.com/2024/10/223-truecaller-trai-allow-telcos-third-party-apps-ai-based-spam-detection/,TRAI scam call,Digital Arrest Scam,Impersonation Scam,VICTIM,NA-14366.txt,Keyword matched: TRAI scam call
NA-14367,31-03-2026,Soubhik Sarkar,Medianama,medianama.com,07-10-2024,What will Truecaller do? Co-founder Nami Zarringhalam on impact of telco driven spam systems,https://www.medianama.com/2024/10/223-interview-truecaller-co-founder-nami-zarringhalam-spam-detection-telcos/,TRAI scam call,Digital Arrest Scam,Impersonation Scam,THIRD-PARTY,NA-14367.txt,Keyword matched: TRAI scam call
NA-14368,31-03-2026,Soubhik Sarkar,Medianama,medianama.com,08-08-2024,TRAI to Review and Strengthen Spam Regulations: TRAI Chairman Anil Kumar Lahoti,https://www.medianama.com/2024/08/223-trai-to-review-and-strengthen-spam-regulations-trai-chairman/,TRAI scam call,Digital Arrest Scam,Impersonation Scam,THIRD-PARTY,NA-14368.txt,Keyword matched: TRAI scam call
NA-14369,31-03-2026,Soubhik Sarkar,Medianama,medianama.com,25-06-2024,Video: Truecaller’s AI Voice Scanner: How Does it Work and What Are its Limitations?,https://www.medianama.com/2024/06/223-video-interview-truecaller-ai-voice-scanner/,TRAI scam call,Digital Arrest Scam,Impersonation Scam,THIRD-PARTY,NA-14369.txt,Keyword matched: TRAI scam call
NA-14370,31-03-2026,Soubhik Sarkar,Medianama,medianama.com,21-06-2024,Here’s what you need to know about the Consumer Affairs Department’s Draft Guidelines for Combating Spam Calls and Messages,https://www.medianama.com/2024/06/223-department-of-consumer-affars-guidelines-spam-calls-messages/,TRAI scam call,Digital Arrest Scam,Impersonation Scam,THIRD-PARTY,NA-14370.txt,Keyword matched: TRAI scam call
NA-14371,31-03-2026,Soubhik Sarkar,Medianama,medianama.com,30-05-2024,Truecaller launches an AI voice scanner that can tell users when they’re getting an AI-generated spam call,https://www.medianama.com/2024/05/223-truecaller-ai-voice-scanner-spam-call/,TRAI scam call,Digital Arrest Scam,Impersonation Scam,NEAR-MISS,NA-14371.txt,Keyword matched: TRAI scam call
NA-14372,31-03-2026,Soubhik Sarkar,Medianama,medianama.com,23-05-2024,Truecaller Partners with Microsoft for Personalized Voice AI Assistant,https://www.medianama.com/2024/05/223-truecaller-partners-with-microsoft-for-personalized-voice-ai-assistant/,TRAI scam call,Digital Arrest Scam,Impersonation Scam,THIRD-PARTY,NA-14372.txt,Keyword matched: TRAI scam call
NA-14373,31-03-2026,Soubhik Sarkar,Medianama,medianama.com,26-03-2024,Video: Why TRAI’s push for CNAP may backfire on people’s privacy?,https://www.medianama.com/2024/03/223-trais-push-cnap-backfire-privacy/,TRAI scam call,Digital Arrest Scam,Impersonation Scam,THIRD-PARTY,NA-14373.txt,Keyword matched: TRAI scam call
NA-14374,31-03-2026,Soubhik Sarkar,Medianama,medianama.com,28-02-2024,Revealing caller name does not pose privacy concerns: TRAI chairman,https://www.medianama.com/2024/02/223-revealing-caller-name-does-not-pose-privacy-concerns-trai/,TRAI scam call,Digital Arrest Scam,Impersonation Scam,VICTIM,NA-14374.txt,Keyword matched: TRAI scam call
NA-14375,31-03-2026,Soubhik Sarkar,Medianama,medianama.com,09-10-2023,Truecaller acquires fraud detection platform TrustCheckr,https://www.medianama.com/2023/10/223-truecaller-acquires-fraud-detection-platform-trustcheckr-2/,TRAI scam call,Digital Arrest Scam,Impersonation Scam,THIRD-PARTY,NA-14375.txt,Keyword matched: TRAI scam call
NA-14376,31-03-2026,Soubhik Sarkar,Medianama,medianama.com,21-06-2023,"WhatsApp announces two new privacy features: Silence Unknown Callers, Privacy Checkup",https://www.medianama.com/2023/06/223-whatsapp-silence-unknown-callers-privacy-checkup-2/,TRAI scam call,Digital Arrest Scam,Impersonation Scam,THIRD-PARTY,NA-14376.txt,Keyword matched: TRAI scam call
NA-14377,31-03-2026,Soubhik Sarkar,Medianama,medianama.com,10-05-2023,"WhatsApp Faces Surge in Spam Calls, Raises Concerns over Security and Hacking Attempts",https://www.medianama.com/2023/05/223-whatsapp-users-get-flooded-with-spam-calls/,TRAI scam call,Digital Arrest Scam,Impersonation Scam,THIRD-PARTY,NA-14377.txt,Keyword matched: TRAI scam call
NA-14378,31-03-2026,Soubhik Sarkar,Medianama,medianama.com,20-03-2023,What are the new measures taken by American telecom regulator on scam robotexts?,https://www.medianama.com/2023/03/223-american-telecom-regulator-us-fcc-robotexts-rules/,TRAI scam call,Digital Arrest Scam,Impersonation Scam,THIRD-PARTY,NA-14378.txt,Keyword matched: TRAI scam call
NA-14379,31-03-2026,Soubhik Sarkar,Medianama,medianama.com,13-02-2023,RTI: Telecom department says no data on robo calls in 2022 and here’s why it matters,https://www.medianama.com/2023/02/223-rti-no-data-robo-calls-2022-heres-why-it-matters-2/,TRAI scam call,Digital Arrest Scam,Impersonation Scam,THIRD-PARTY,NA-14379.txt,Keyword matched: TRAI scam call
NA-14380,31-03-2026,Soubhik Sarkar,Medianama,medianama.com,10-01-2023,Does the Government’s Proposed Caller Identification System Violate People’s Privacy?,https://www.medianama.com/2023/01/223-indian-govt-trai-proposed-caller-id-verification-system-privacy-2/,TRAI scam call,Digital Arrest Scam,Impersonation Scam,THIRD-PARTY,NA-14380.txt,Keyword matched: TRAI scam call
NA-14381,31-03-2026,Soubhik Sarkar,Medianama,medianama.com,23-09-2022,"The Draft Indian Telecommunication Bill Wants To Protect Users From Spam Calls, But Concerns remain",https://www.medianama.com/2022/09/223-indian-telecommunication-bill-2022-spam-calls-messages-2/,TRAI scam call,Digital Arrest Scam,Impersonation Scam,THIRD-PARTY,NA-14381.txt,Keyword matched: TRAI scam call
NA-14382,31-03-2026,Soubhik Sarkar,Medianama,medianama.com,04-12-2019,"Indians receive 26 spam calls and 61 spam texts a month, says Truecaller",https://www.medianama.com/2019/12/223-spam-calls-messages-truecaller-report/,TRAI scam call,Digital Arrest Scam,Impersonation Scam,THIRD-PARTY,NA-14382.txt,Keyword matched: TRAI scam call
NA-14383,31-03-2026,Soubhik Sarkar,Medianama,medianama.com,18-07-2017,"India most affected by spam calls, biggest spammers are telcos: Truecaller",https://www.medianama.com/2017/07/223-india-most-affected-by-spam-calls-2/,TRAI scam call,Digital Arrest Scam,Impersonation Scam,THIRD-PARTY,NA-14383.txt,Keyword matched: TRAI scam call
NA-14384,31-03-2026,Soubhik Sarkar,Medianama,medianama.com,27-04-2015,Update: But WHY? TRAI releases email IDs of EVERYONE who replied to net neutrality paper,https://www.medianama.com/2015/04/223-but-why-trai-releases-email-ids-of-everyone-who-replied-to-net-neutrality-paper/,TRAI scam call,Digital Arrest Scam,Impersonation Scam,THIRD-PARTY,NA-14384.txt,Keyword matched: TRAI scam call
NA-14385,31-03-2026,Soubhik Sarkar,Medianama,medianama.com,31-03-2015,TRAI regulations on VAS need more teeth – Amba Kak,https://www.medianama.com/2015/03/223-trai-regulations-on-vas-need-more-teeth-amba-kak/,TRAI scam call,Digital Arrest Scam,Impersonation Scam,NEAR-MISS,NA-14385.txt,Keyword matched: TRAI scam call
NA-14386,31-03-2026,Soubhik Sarkar,Medianama,medianama.com,21-06-2013,"Idea Cellular Q4 FY13 Concall: Declining VAS Revenue, ARPU At Rs 167",https://www.medianama.com/2013/06/223-idea-cellular-q4-fy13-concall-declining-vas-revenue-arpu-at-rs-167/,TRAI scam call,Digital Arrest Scam,Impersonation Scam,THIRD-PARTY,NA-14386.txt,Keyword matched: TRAI scam call
NA-14387,31-03-2026,Soubhik Sarkar,Medianama,medianama.com,30-11-2012,"TRAI Regulations For VAS Billing Should Apply To Mobile Web, Click To Buy",https://www.medianama.com/2012/11/223-trai-rules-on-mobile-purchases-should-apply-to-wap-too/,TRAI scam call,Digital Arrest Scam,Impersonation Scam,VICTIM,NA-14387.txt,Keyword matched: TRAI scam call
NA-14388,31-03-2026,Soubhik Sarkar,Medianama,medianama.com,16-10-2012,TRAI Issues Directive To Cancel 5923 Ported Mobile Numbers; Operator-Wise Breakup,https://www.medianama.com/2012/10/223-trai-issues-directive-to-cancel-5923-ported-mobile-numbers-operator-wise-breakup/,TRAI scam call,Digital Arrest Scam,Impersonation Scam,THIRD-PARTY,NA-14388.txt,Keyword matched: TRAI scam call
NA-14389,31-03-2026,Soubhik Sarkar,Medianama,medianama.com,09-04-2012,"News Digest: IPL, 2G Scam, Google & More",https://www.medianama.com/2012/04/223-news-digest-ipl-2g-scam-google-more/,TRAI scam call,Digital Arrest Scam,Impersonation Scam,THIRD-PARTY,NA-14389.txt,Keyword matched: TRAI scam call
NA-14390,31-03-2026,Soubhik Sarkar,Medianama,medianama.com,17-08-2011,SEBI Wants To Intercept E-Mails & Call Records,https://www.medianama.com/2011/08/223-sebi-wants-to-intercept-e-mails-call-records/,TRAI scam call,Digital Arrest Scam,Impersonation Scam,NEAR-MISS,NA-14390.txt,Keyword matched: TRAI scam call
NA-14391,31-03-2026,Soubhik Sarkar,Medianama,medianama.com,27-02-2026,"SEBI Mandates Disclosure of Registered Names, Numbers on Social Media for Regulated Entities",https://www.medianama.com/2026/02/223-sebi-mandates-registration-number-on-social-media/,ED scam call,Digital Arrest Scam,Impersonation Scam,THIRD-PARTY,NA-14391.txt,Keyword matched: ED scam call
NA-14392,31-03-2026,Soubhik Sarkar,Medianama,medianama.com,06-02-2026,"Meta Verified a Fake Instagram Account of HCL Tech Chairperson, Allowed It to Spread Deepfake Content",https://www.medianama.com/2026/02/223-meta-verified-fake-instagram-account-hcl-tech-chairperson-deepfake-content/,ED scam call,Digital Arrest Scam,Impersonation Scam,VICTIM,NA-14392.txt,Keyword matched: ED scam call
NA-14393,31-03-2026,Soubhik Sarkar,Medianama,medianama.com,24-12-2025,Explained: How Prompt Injections Put AI Browsers Like ChatGPT Atlas At Risk,https://www.medianama.com/2025/12/223-explained-prompt-injections-ai-browsers-chatgpt-atlas/,ED scam call,Digital Arrest Scam,Impersonation Scam,THIRD-PARTY,NA-14393.txt,Keyword matched: ED scam call
NA-14394,31-03-2026,Soubhik Sarkar,Medianama,medianama.com,22-05-2025,All You Need To Know About Maharashtra’s Aggregator Cabs Policy 2025,https://www.medianama.com/2025/05/223-maharashtra-aggregator-cabs-policy-2025/,ED scam call,Digital Arrest Scam,Impersonation Scam,THIRD-PARTY,NA-14394.txt,Keyword matched: ED scam call
NA-14395,31-03-2026,Soubhik Sarkar,Medianama,medianama.com,29-04-2025,How Delhi HC Upheld Fact-Based Critique of Consumer Products by Influencers in San Nutrition Case,https://www.medianama.com/2025/04/223-delhi-hc-influencers-fact-based-critique-products/,ED scam call,Digital Arrest Scam,Impersonation Scam,THIRD-PARTY,NA-14395.txt,Keyword matched: ED scam call
NA-14396,31-03-2026,Soubhik Sarkar,Medianama,medianama.com,21-01-2025,"Medianama Analysis: Is Differential Pricing Shaping Up as a Quick Commerce Trend? A look at Price Disparities across Blinkit, Instamart, and Zepto",https://www.medianama.com/2025/01/223-medianama-analysis-differential-pricing-instamart-blinkit-zepto/,ED scam call,Digital Arrest Scam,Impersonation Scam,THIRD-PARTY,NA-14396.txt,Keyword matched: ED scam call
NA-14397,31-03-2026,Soubhik Sarkar,Medianama,medianama.com,09-01-2025,"McAfee Launches AI-powered Deepfake Detector in India, But Only Targets Altered Audio",https://www.medianama.com/2025/01/223-mcafee-deepfake-detector-india-ai-altered-audio/,ED scam call,Digital Arrest Scam,Impersonation Scam,NEAR-MISS,NA-14397.txt,Keyword matched: ED scam call
NA-14398,31-03-2026,Soubhik Sarkar,Medianama,medianama.com,06-06-2025,Video: Shreya Ghoshal on her struggle to stop celeb-bait ads on X,https://www.medianama.com/2025/06/223-video-shreya-ghoshal-celeb-bait-ads-x-struggle/,video call scam,Digital Arrest Scam,Video Call Coercion,VICTIM,NA-14398.txt,Keyword matched: video call scam
NA-14399,31-03-2026,Soubhik Sarkar,Medianama,medianama.com,25-06-2024,What’s the takeaway from Fake Videos using Raghuram Rajan’s Identity?,https://www.medianama.com/2024/06/223-whats-the-takeaway-from-fake-videos-using-raghuram-rajans-identity/,video call scam,Digital Arrest Scam,Video Call Coercion,THIRD-PARTY,NA-14399.txt,Keyword matched: video call scam
NA-14400,31-03-2026,Soubhik Sarkar,Medianama,medianama.com,28-08-2023,Delhi HC Directs YouTubers to Take Down ‘Defamatory’ Videos On MBA Chai Wala Founder Praful Billore,https://www.medianama.com/2023/08/223-delhi-hc-youtubers-take-down-defamatory-videos-mba-chai-wala-praful-billore/,video call scam,Digital Arrest Scam,Video Call Coercion,THIRD-PARTY,NA-14400.txt,Keyword matched: video call scam
NA-14401,31-03-2026,Soubhik Sarkar,Medianama,medianama.com,26-08-2020,"Relying on automated takedowns, YouTube removed more videos in April-June than it ever has",https://www.medianama.com/2020/08/223-youtube-automated-removals-pandemic/,video call scam,Digital Arrest Scam,Video Call Coercion,THIRD-PARTY,NA-14401.txt,Keyword matched: video call scam
NA-14402,31-03-2026,Soubhik Sarkar,Medianama,medianama.com,23-02-2026,Delhi Court Bars AI Slop YouTube Channel From Reuploading the Vlogs as Shorts,https://www.medianama.com/2026/02/223-karl-rock-ai-shorts-takedown-delhi-court/,video call scam,Digital Arrest Scam,Video Call Coercion,THIRD-PARTY,NA-14402.txt,Keyword matched: video call scam
NA-14403,31-03-2026,Soubhik Sarkar,Medianama,medianama.com,22-01-2026,Meta Opens Threads To Advertising Globally As User Base Grows,https://www.medianama.com/2026/01/223-meta-threads-ads-global-rollout/,video call scam,Digital Arrest Scam,Video Call Coercion,NEAR-MISS,NA-14403.txt,Keyword matched: video call scam
NA-14404,31-03-2026,Soubhik Sarkar,Medianama,medianama.com,09-12-2025,"Deepfake Apps Spread Across Google Play Store, Exposing Gaps in MeitY’s Crackdown",https://www.medianama.com/2025/12/223-deepfake-apps-on-google-play/,video call scam,Digital Arrest Scam,Video Call Coercion,VICTIM,NA-14404.txt,Keyword matched: video call scam
NA-14405,31-03-2026,Soubhik Sarkar,Medianama,medianama.com,04-07-2025,"Apple’s iOS 26 Rolls Out FaceTime Nudity Detection and Spam Message Filters, But Questions Remain",https://www.medianama.com/2025/07/223-ios-26-facetime-nudity-detection/,video call scam,Digital Arrest Scam,Video Call Coercion,THIRD-PARTY,NA-14405.txt,Keyword matched: video call scam
NA-14406,31-03-2026,Soubhik Sarkar,Medianama,medianama.com,03-07-2025,MIB Seeks To Change Status Quo Within TRP Market,https://www.medianama.com/2025/07/223-mib-status-quo-trp-market/,video call scam,Digital Arrest Scam,Video Call Coercion,THIRD-PARTY,NA-14406.txt,Keyword matched: video call scam
NA-14407,31-03-2026,Soubhik Sarkar,Medianama,medianama.com,01-07-2025,Meta to Enforce SEBI Verification for Investment Ads Targeting Users in India: Here’s How,https://www.medianama.com/2025/07/223-meta-sebi-verification-indian-investment-ads/,video call scam,Digital Arrest Scam,Video Call Coercion,THIRD-PARTY,NA-14407.txt,Keyword matched: video call scam
NA-14408,31-03-2026,Soubhik Sarkar,Medianama,medianama.com,19-03-2025,Meta Promises To Fact-Check False Content Ahead of Australia Election,https://www.medianama.com/2025/03/223-meta-promises-fact-check-false-content-ahead-of-australia-election/,video call scam,Digital Arrest Scam,Video Call Coercion,THIRD-PARTY,NA-14408.txt,Keyword matched: video call scam
NA-14409,31-03-2026,Soubhik Sarkar,Medianama,medianama.com,13-03-2025,TikTok Gives Parents More Control Over Teen Accounts,https://www.medianama.com/2025/03/223-tiktok-gives-parents-more-control-over-teen-accounts-family-pairing/,video call scam,Digital Arrest Scam,Video Call Coercion,THIRD-PARTY,NA-14409.txt,Keyword matched: video call scam
NA-14410,31-03-2026,Soubhik Sarkar,Medianama,medianama.com,24-01-2025,"GIS, Drone Mapping, Digital Property Cards: Here’s how Center’s SVAMITVA Scheme Works",https://www.medianama.com/2025/01/223-government-distributes-65-lakh-property-cards-svamitva-scheme/,video call scam,Digital Arrest Scam,Video Call Coercion,THIRD-PARTY,NA-14410.txt,Keyword matched: video call scam
NA-14411,31-03-2026,Soubhik Sarkar,Medianama,medianama.com,04-12-2025,How Will Swiggy’s Short-Video Feeds Impact Restaurant Visibility On Dineout?,https://www.medianama.com/2025/12/223-swiggys-short-video-feed-restaurant-visibility-dineout/,video call blackmail,Digital Arrest Scam,Video Call Coercion,NEAR-MISS,NA-14411.txt,Keyword matched: video call blackmail
NA-14412,31-03-2026,Soubhik Sarkar,Medianama,medianama.com,06-08-2025,New Grok Image Generation Feature Sparks Deepfake Porn Concerns After Taylor Swift Video,https://www.medianama.com/2025/08/223-grok-image-generation-feature-deepfake-porn-taylor-swift/,video call blackmail,Digital Arrest Scam,Video Call Coercion,VICTIM,NA-14412.txt,Keyword matched: video call blackmail
NA-14413,31-03-2026,Soubhik Sarkar,Medianama,medianama.com,17-07-2025,Delhi Court Orders Unacademy To Stop Using ANI’s Copyright Content,https://www.medianama.com/2025/07/223-delhi-court-unacademy-ani-copyright-content/,video call blackmail,Digital Arrest Scam,Video Call Coercion,THIRD-PARTY,NA-14413.txt,Keyword matched: video call blackmail
NA-14414,31-03-2026,Soubhik Sarkar,Medianama,medianama.com,10-07-2025,Madras HC Orders MeitY to Take Down Non-Consensual Images in 48 Hours,https://www.medianama.com/2025/07/223-madras-hc-orders-meity-remove-non-consensual-images/,video call blackmail,Digital Arrest Scam,Video Call Coercion,VICTIM,NA-14414.txt,Keyword matched: video call blackmail
NA-14415,31-03-2026,Soubhik Sarkar,Medianama,medianama.com,10-06-2025,Meta Suspends Political Satirist ‘The Ranting Gola’ on Instagram Over Copyright Violations,https://www.medianama.com/2025/06/223-meta-satirist-ranting-gola-instagram-over-copyright/,video call blackmail,Digital Arrest Scam,Video Call Coercion,THIRD-PARTY,NA-14415.txt,Keyword matched: video call blackmail
NA-14416,31-03-2026,Soubhik Sarkar,Medianama,medianama.com,22-05-2025,How ANI’s Copyright Claims Could Undermine Fair Dealing Exceptions For News Reporting,https://www.medianama.com/2025/05/223-ani-copyright-strikes-youtubers-fair-use/,video call blackmail,Digital Arrest Scam,Video Call Coercion,NEAR-MISS,NA-14416.txt,Keyword matched: video call blackmail
NA-14417,31-03-2026,Soubhik Sarkar,Medianama,medianama.com,09-10-2023,"Unfair Competition Among ISPs, Unequal Access To Internet: Experts On How Network Usage Fees Threaten Net Neutrality",https://www.medianama.com/2023/10/223-unfair-competition-isps-unequal-access-network-usage-fees-2/,video call blackmail,Digital Arrest Scam,Video Call Coercion,NEAR-MISS,NA-14417.txt,Keyword matched: video call blackmail
NA-14418,31-03-2026,Soubhik Sarkar,Medianama,medianama.com,06-10-2023,Why countries should not mess with interconnection agreements,https://www.medianama.com/2023/10/223-countries-interconnection-agreements-2/,video call blackmail,Digital Arrest Scam,Video Call Coercion,THIRD-PARTY,NA-14418.txt,Keyword matched: video call blackmail
NA-14419,31-03-2026,Soubhik Sarkar,Medianama,medianama.com,24-07-2023,Apple App Store continues to feature predatory loan apps on top apps chart,https://www.medianama.com/2023/07/223-apple-app-store-predatory-loan-apps-continue-2/,video call blackmail,Digital Arrest Scam,Video Call Coercion,THIRD-PARTY,NA-14419.txt,Keyword matched: video call blackmail
NA-14420,31-03-2026,Soubhik Sarkar,Medianama,medianama.com,05-07-2023,Talking Points: Predatory Loan Apps Flourishing on Apple App Store,https://www.medianama.com/2023/07/223-predatory-loan-apps-apple-app-store/,video call blackmail,Digital Arrest Scam,Video Call Coercion,NEAR-MISS,NA-14420.txt,Keyword matched: video call blackmail
NA-14421,01-04-2026,Soubhik Sarkar,Medianama,medianama.com,20-04-2023,Online Abuse Won’t Stop Because Companies Stop Looking: Task Force Highlights Impact of E2E Encryption on Child Safety,https://www.medianama.com/2023/04/223-child-abuse-online-virtual-global-taskforce-e2e-encryption/,video call blackmail,Digital Arrest Scam,Video Call Coercion,THIRD-PARTY,NA-14421.txt,Keyword matched: video call blackmail
NA-14422,01-04-2026,Soubhik Sarkar,Medianama,medianama.com,10-04-2023,"Google to ban digital lending apps from accessing user photos, contacts, location",https://www.medianama.com/2023/04/223-google-ban-digital-lending-apps-access-user-photos/,video call blackmail,Digital Arrest Scam,Video Call Coercion,THIRD-PARTY,NA-14422.txt,Keyword matched: video call blackmail
NA-14423,01-04-2026,Soubhik Sarkar,Medianama,medianama.com,28-02-2023,MediaNama Daily: Data Privacy vs Education: A Dilemma?,https://www.medianama.com/2023/02/223-medianama-daily-data-privacy-vs-education-a-dilemma/,video call blackmail,Digital Arrest Scam,Video Call Coercion,THIRD-PARTY,NA-14423.txt,Keyword matched: video call blackmail
NA-14424,01-04-2026,Soubhik Sarkar,Medianama,medianama.com,11-01-2023,What are the different age verification methods available and why are they problematic?,https://www.medianama.com/2023/01/223-online-age-verification-solutions-privacy-issues-2/,video call blackmail,Digital Arrest Scam,Video Call Coercion,THIRD-PARTY,NA-14424.txt,Keyword matched: video call blackmail
NA-14425,01-04-2026,Soubhik Sarkar,Medianama,medianama.com,28-04-2022,Cannot allow Big Tech to unplug India from the internet: Rajeev Chandrasekhar,https://www.medianama.com/2022/04/223-india-unplug-internet-splinternet/,video call blackmail,Digital Arrest Scam,Video Call Coercion,THIRD-PARTY,NA-14425.txt,Keyword matched: video call blackmail
NA-14426,01-04-2026,Soubhik Sarkar,Medianama,medianama.com,10-07-2021,"After Tandav backlash, Vishal Bhardwaj show on IC 814 hijacking dropped by streaming platform",https://www.medianama.com/2021/07/223-vishal-bhardwaj-show-dropped-streaming/,video call blackmail,Digital Arrest Scam,Video Call Coercion,NEAR-MISS,NA-14426.txt,Keyword matched: video call blackmail
NA-14427,01-04-2026,Soubhik Sarkar,Medianama,medianama.com,26-11-2020,Objectionable images of rape victims on social media: Orissa HC makes a case for the right to be forgotten,https://www.medianama.com/2020/11/223-right-to-be-forgotten-orissa-hc/,video call blackmail,Digital Arrest Scam,Video Call Coercion,VICTIM,NA-14427.txt,Keyword matched: video call blackmail
NA-14428,01-04-2026,Soubhik Sarkar,Medianama,medianama.com,27-10-2020,Social media platforms should take all measures to not host child porn: Delhi High Court,https://www.medianama.com/2020/10/223-delhi-hc-social-media-child-porn-2/,video call blackmail,Digital Arrest Scam,Video Call Coercion,THIRD-PARTY,NA-14428.txt,Keyword matched: video call blackmail
NA-14429,01-04-2026,Soubhik Sarkar,Medianama,medianama.com,07-08-2020,Trump signs executive order banning US business with TikTok and WeChat,https://www.medianama.com/2020/08/223-tiktok-wechat-ban-usa/,video call blackmail,Digital Arrest Scam,Video Call Coercion,THIRD-PARTY,NA-14429.txt,Keyword matched: video call blackmail
NA-14430,01-04-2026,Soubhik Sarkar,Medianama,medianama.com,16-07-2013,Maybe It Is Time To Invest In Some Carrier Pigeons – Kushan Mitra,https://www.medianama.com/2013/07/223-maybe-it-is-time-to-invest-in-some-carrier-pigeons-kushan-mitra/,video call blackmail,Digital Arrest Scam,Video Call Coercion,NEAR-MISS,NA-14430.txt,Keyword matched: video call blackmail
NA-14431,01-04-2026,Soubhik Sarkar,Medianama,medianama.com,30-05-2025,Video Appears Disparaging: Delhi HC on Mohak Mangal ANI Video,https://www.medianama.com/2025/05/223-delhi-hc-ani-defamation-suit-against-mohak-mangal/,video call extortion,Digital Arrest Scam,Video Call Coercion,THIRD-PARTY,NA-14431.txt,Keyword matched: video call extortion
NA-14432,01-04-2026,Soubhik Sarkar,Medianama,medianama.com,18-10-2024,Instagram Launches New Safety Features to Protect Teens from Sextortion,https://www.medianama.com/2024/10/223-instagram-launches-new-safety-features-to-protect-teens-from-sextortion/,video call extortion,Digital Arrest Scam,Video Call Coercion,NEAR-MISS,NA-14432.txt,Keyword matched: video call extortion
NA-14433,01-04-2026,Soubhik Sarkar,Medianama,medianama.com,18-03-2026,Lawsuit Against xAI Raises Alarming Questions About Grok’s Child Sexual Abuse Safeguards,https://www.medianama.com/2026/03/223-grok-xai-class-action-child-abuse-lawsuit/,video call extortion,Digital Arrest Scam,Video Call Coercion,THIRD-PARTY,NA-14433.txt,Keyword matched: video call extortion
NA-14434,01-04-2026,Soubhik Sarkar,Medianama,medianama.com,13-01-2026,Explained: Why a Court Injunction Forced BookMyShow to Disable Telugu Film Ratings,https://www.medianama.com/2026/01/223-bookmyshow-disables-reviews-telugu-film-court-order/,video call extortion,Digital Arrest Scam,Video Call Coercion,THIRD-PARTY,NA-14434.txt,Keyword matched: video call extortion
NA-14435,01-04-2026,Soubhik Sarkar,Medianama,medianama.com,29-10-2025,"Meta, TikTok And Snapchat Agree To Comply With Australia’s Social Media Ban, But Doubt Efficacy",https://www.medianama.com/2025/10/223-australia-under-16-social-media-ban-meta-tiktok-snapchat/,video call extortion,Digital Arrest Scam,Video Call Coercion,THIRD-PARTY,NA-14435.txt,Keyword matched: video call extortion
NA-14436,01-04-2026,Soubhik Sarkar,Medianama,medianama.com,24-10-2025,Florida AG Escalates Roblox Probe With Criminal Subpoenas Over Child Safety Concerns,https://www.medianama.com/2025/10/223-florida-ag-roblox-probe-criminal-subpoenas-child-safety/,video call extortion,Digital Arrest Scam,Video Call Coercion,VICTIM,NA-14436.txt,Keyword matched: video call extortion
NA-14437,01-04-2026,Soubhik Sarkar,Medianama,medianama.com,26-08-2025,"Parliamentary Panel Seeks Tougher Deepfake Rules, Raises Practical Concerns on Enforcement",https://www.medianama.com/2025/08/223-parliamentary-committee-deepfake-rules/,video call extortion,Digital Arrest Scam,Video Call Coercion,THIRD-PARTY,NA-14437.txt,Keyword matched: video call extortion
NA-14438,01-04-2026,Soubhik Sarkar,Medianama,medianama.com,02-06-2025,What is the ‘Take It Down’ Act that the US passed to tackle non-consensual deepfakes?,https://www.medianama.com/2025/06/223-us-take-it-down-act-non-consensual-deepfakes/,video call extortion,Digital Arrest Scam,Video Call Coercion,VICTIM,NA-14438.txt,Keyword matched: video call extortion
NA-14439,01-04-2026,Soubhik Sarkar,Medianama,medianama.com,04-06-2024,"X Updates Guidelines, Allows Users To Post Consensual Adult Content On Its Platform",https://www.medianama.com/2024/06/223-x-allows-users-posting-consensual-adult-content/,video call extortion,Digital Arrest Scam,Video Call Coercion,THIRD-PARTY,NA-14439.txt,Keyword matched: video call extortion
NA-14440,01-04-2026,Soubhik Sarkar,Medianama,medianama.com,30-04-2024,Upcoming European Union probe to look at Meta’s failure to address Russian disinformation: Report,https://www.medianama.com/2024/04/223-meta-eu-probe-russian-disinformation/,video call extortion,Digital Arrest Scam,Video Call Coercion,THIRD-PARTY,NA-14440.txt,Keyword matched: video call extortion
NA-14441,01-04-2026,Soubhik Sarkar,Medianama,medianama.com,25-04-2024,Major AI companies pledge to tackle Child Sexual Abuse Material,https://www.medianama.com/2024/04/223-major-ai-companies-agree-principles-tackling-csam/,video call extortion,Digital Arrest Scam,Video Call Coercion,VICTIM,NA-14441.txt,Keyword matched: video call extortion
NA-14442,01-04-2026,Soubhik Sarkar,Medianama,medianama.com,21-09-2023,"Delhi HC Passes Order Disallowing Non-Permitted Use Of Anil Kapoor’s Name, Voice, Dialogue Through AI",https://www.medianama.com/2023/09/223-delhi-hc-unauthorised-use-anil-kapoor-name-voice/,video call extortion,Digital Arrest Scam,Video Call Coercion,THIRD-PARTY,NA-14442.txt,Keyword matched: video call extortion
NA-14443,01-04-2026,Soubhik Sarkar,Medianama,medianama.com,05-01-2023,Explained: Why in the world is India’s Telecom department using facial recognition on SIM users?,https://www.medianama.com/2023/01/223-explained-astr-sim-facial-recognition-2/,video call extortion,Digital Arrest Scam,Video Call Coercion,NEAR-MISS,NA-14443.txt,Keyword matched: video call extortion
NA-14444,01-04-2026,Soubhik Sarkar,Medianama,medianama.com,22-10-2020,Bombay HC reportedly asks govt for information about AI bot that can generate fake nude pictures of women,https://www.medianama.com/2020/10/223-bombay-hc-teleram-deepfake/,video call extortion,Digital Arrest Scam,Video Call Coercion,THIRD-PARTY,NA-14444.txt,Keyword matched: video call extortion
NA-14445,01-04-2026,Soubhik Sarkar,Medianama,medianama.com,08-08-2019,IIT Madras’s Kamakoti tells MediaNama how WhatsApp traceability is possible without undermining end-to-end encryption,https://www.medianama.com/2019/08/223-kamakoti-medianama-whatsapp-traceability-interview-2/,fake interrogation,Digital Arrest Scam,Video Call Coercion,NEAR-MISS,NA-14445.txt,Keyword matched: fake interrogation
NA-14446,01-04-2026,Soubhik Sarkar,Medianama,medianama.com,08-03-2011,BharatMatrimony Offers Facebook Integration; Why Would You Use It?,https://www.medianama.com/2011/03/223-bharatmatrimony-offers-facebook-integration-why-would-you-use-it/,fake interrogation,Digital Arrest Scam,Video Call Coercion,THIRD-PARTY,NA-14446.txt,Keyword matched: fake interrogation
NA-14447,01-04-2026,Soubhik Sarkar,Medianama,medianama.com,15-05-2025,"As DDoS and Phishing Surge Post-Pahalgam Attack, Which Other Threats Demand Attention?",https://www.medianama.com/2025/05/223-india-cyberattacks-after-pahalgam-terrorist-attack-cert-maharashtra-report/,phishing,"Phishing, Vishing, and Smishing",Phishing,THIRD-PARTY,NA-14447.txt,Keyword matched: phishing
NA-14448,01-04-2026,Soubhik Sarkar,Medianama,medianama.com,06-03-2025,YouTube Warns Users Against Phishing Attempts Through AI-Generated Videos of CEO Neal Mohan,https://www.medianama.com/2025/03/223-youtube-warns-users-against-phishing-attempts-through-ai-generated-videos-of-ceo-neal-mohan/,phishing,"Phishing, Vishing, and Smishing",Phishing,THIRD-PARTY,NA-14448.txt,Keyword matched: phishing
NA-14449,01-04-2026,Soubhik Sarkar,Medianama,medianama.com,27-08-2024,Meta Uncovers Iran-Backed Phishing Campaign Targeting 2024 US Presidential Campaign Officials,https://www.medianama.com/2024/08/223-meta-uncovers-iranian-phishing-campaign-targeting-us-presidential-campaign-officials/,phishing,"Phishing, Vishing, and Smishing",Phishing,NEAR-MISS,NA-14449.txt,Keyword matched: phishing
NA-14450,01-04-2026,Soubhik Sarkar,Medianama,medianama.com,08-03-2022,Google confirms phishing campaigns against Ukrainian organisations by Russian & Belarusian hacking groups,https://www.medianama.com/2022/03/223-phishing-campaigns-against-ukraine-organisations-2/,phishing,"Phishing, Vishing, and Smishing",Phishing,THIRD-PARTY,NA-14450.txt,Keyword matched: phishing
NA-14451,01-04-2026,Soubhik Sarkar,Medianama,medianama.com,24-11-2021,India one of the most affected by Russian govt-backed Gmail phishing campaign: Google,https://www.medianama.com/2021/11/223-google-report-gmail-phishing-campaign-india/,phishing,"Phishing, Vishing, and Smishing",Phishing,VICTIM,NA-14451.txt,Keyword matched: phishing
NA-14452,01-04-2026,Soubhik Sarkar,Medianama,medianama.com,24-07-2021,"Report alleges phishing attempts by Pakistan-linked group on India’s power, finance, and telecom units",https://www.medianama.com/2021/07/223-phishing-attempts-pakistan-group-india/,phishing,"Phishing, Vishing, and Smishing",Phishing,THIRD-PARTY,NA-14452.txt,Keyword matched: phishing
NA-14453,01-04-2026,Soubhik Sarkar,Medianama,medianama.com,22-06-2020,"CERT-In warns of phishing campaign against Indian citizens, businesses; North Korean group may be behind the campaign",https://www.medianama.com/2020/06/223-india-phising-warning/,phishing,"Phishing, Vishing, and Smishing",Phishing,VICTIM,NA-14453.txt,Keyword matched: phishing
NA-14454,01-04-2026,Soubhik Sarkar,Medianama,medianama.com,17-04-2020,Google saw over 18 million COVID-19 related daily malware and phishing emails last week,https://www.medianama.com/2020/04/223-phishing-scam-emails-google-coronavirus/,phishing,"Phishing, Vishing, and Smishing",Phishing,THIRD-PARTY,NA-14454.txt,Keyword matched: phishing
NA-14455,01-04-2026,Soubhik Sarkar,Medianama,medianama.com,15-03-2019,"Google removed 2.3B ads in 2018, 58.8M phishing ads; 143K election ads verified in US",https://www.medianama.com/2019/03/223-google-removed-2-3b-ads-in-2018-58-8m-phishing-ads-143k-election-ads-verified-in-us/,phishing,"Phishing, Vishing, and Smishing",Phishing,THIRD-PARTY,NA-14455.txt,Keyword matched: phishing
NA-14456,01-04-2026,Soubhik Sarkar,Medianama,medianama.com,23-08-2018,Microsoft shut suspicious & phishing domains tied to Russian group,https://www.medianama.com/2018/08/223-microsoft-takes-down-russia-domains/,phishing,"Phishing, Vishing, and Smishing",Phishing,THIRD-PARTY,NA-14456.txt,Keyword matched: phishing
NA-14457,01-04-2026,Soubhik Sarkar,Medianama,medianama.com,30-03-2026,"Cloudflare’s legal chief on AI, cybersecurity threats, and the rise of bot-driven internet traffic",https://www.medianama.com/2026/03/223-cloudflare-ai-cybersecurity-bot-traffic/,phishing,"Phishing, Vishing, and Smishing",Phishing,NEAR-MISS,NA-14457.txt,Keyword matched: phishing
NA-14458,01-04-2026,Soubhik Sarkar,Medianama,medianama.com,25-03-2026,"Cloudflare’s legal chief on CSAM frameworks, trusted reporters, and the limits of enforcement models",https://www.medianama.com/2026/03/223-csam-enforcement-cloudflare-interview/,phishing,"Phishing, Vishing, and Smishing",Phishing,THIRD-PARTY,NA-14458.txt,Keyword matched: phishing
NA-14459,01-04-2026,Soubhik Sarkar,Medianama,medianama.com,23-03-2026,RTI: What happened at the meeting when Govt asked for smartphone source code?,https://www.medianama.com/2026/03/223-rti-smartphone-source-code-meeting-india/,phishing,"Phishing, Vishing, and Smishing",Phishing,THIRD-PARTY,NA-14459.txt,Keyword matched: phishing
NA-14460,01-04-2026,Soubhik Sarkar,Medianama,medianama.com,11-12-2025,"OpenAI Warns Its AI Models Could Find Zero-Days, Adds New Cybersecurity Layers",https://www.medianama.com/2025/12/223-openai-ai-models-zero-days-cybersecurity-layers/,phishing,"Phishing, Vishing, and Smishing",Phishing,NEAR-MISS,NA-14460.txt,Keyword matched: phishing
NA-14461,01-04-2026,Soubhik Sarkar,Medianama,medianama.com,09-12-2025,Gartner Advises to Block AI Browsers for Prioritising ‘User Experience Over Security’,https://www.medianama.com/2025/12/223-gartner-block-ai-browsers-user-experience-security/,phishing,"Phishing, Vishing, and Smishing",Phishing,THIRD-PARTY,NA-14461.txt,Keyword matched: phishing
NA-14462,01-04-2026,Soubhik Sarkar,Medianama,medianama.com,28-11-2025,Mixpanel Breach Compromises OpenAI API User Information,https://www.medianama.com/2025/11/223-openai-mixpanel-api-data-breach/,phishing,"Phishing, Vishing, and Smishing",Phishing,THIRD-PARTY,NA-14462.txt,Keyword matched: phishing
NA-14463,01-04-2026,Soubhik Sarkar,Medianama,medianama.com,19-11-2025,TRAI Mandates Six Standardized Tags for Commercial SMS to Combat Fraud,https://www.medianama.com/2025/11/223-trai-pre-tagged-sms-templates/,phishing,"Phishing, Vishing, and Smishing",Phishing,THIRD-PARTY,NA-14463.txt,Keyword matched: phishing
NA-14464,01-04-2026,Soubhik Sarkar,Medianama,medianama.com,11-11-2025,"Hackers Using AI Tools like Gemini to Make Self-Writing Malware That Evades Detection, Says Google",https://www.medianama.com/2025/11/223-hackers-ai-gemini-malware-detection-google/,phishing,"Phishing, Vishing, and Smishing",Phishing,NEAR-MISS,NA-14464.txt,Keyword matched: phishing
NA-14465,01-04-2026,Soubhik Sarkar,Medianama,medianama.com,30-09-2025,Why CERT-In Is Warning Startups and IT Companies About Dune-Inspired Malware ‘Shai-Hulud’,https://www.medianama.com/2025/09/223-cert-in-shai-hulud-malware-javascript-npm/,phishing,"Phishing, Vishing, and Smishing",Phishing,THIRD-PARTY,NA-14465.txt,Keyword matched: phishing
NA-14466,01-04-2026,Soubhik Sarkar,Medianama,medianama.com,26-09-2025,Jio Tells Govt It Wants To Offer MNV Services Through Mutual Agreements,https://www.medianama.com/2025/09/223-jio-mnv-services-mutual-agreements/,phishing,"Phishing, Vishing, and Smishing",Phishing,THIRD-PARTY,NA-14466.txt,Keyword matched: phishing
NA-14467,01-04-2026,Soubhik Sarkar,Medianama,medianama.com,09-09-2025,"Explained: Nepal’s Social Media Bill Mandating Licensing, Removing Safe Harbor, And User Anonymity",https://www.medianama.com/2025/09/223-nepal-social-media-ban-digital-speech-rights-impact-safe-harbor-user-anonymity/,phishing,"Phishing, Vishing, and Smishing",Phishing,THIRD-PARTY,NA-14467.txt,Keyword matched: phishing
NA-14468,01-04-2026,Soubhik Sarkar,Medianama,medianama.com,16-08-2025,"AI in Finance: RBI Committee Calls for Sector-Specific Models, AI Sandbox Etc.",https://www.medianama.com/2025/08/223-rbi-committee-sector-specific-models-ai/,phishing,"Phishing, Vishing, and Smishing",Phishing,THIRD-PARTY,NA-14468.txt,Keyword matched: phishing
NA-14469,01-04-2026,Soubhik Sarkar,Medianama,medianama.com,25-07-2025,Draft telecom policy 2025 paves way for new satcom operators but with tighter security rules,https://www.medianama.com/2025/07/223-draft-telecom-policy-2025-satcom-entry-security/,phishing,"Phishing, Vishing, and Smishing",Phishing,THIRD-PARTY,NA-14469.txt,Keyword matched: phishing
NA-14470,01-04-2026,Soubhik Sarkar,Medianama,medianama.com,19-07-2025,"OpenAI Integrates AI Agent ‘Operator’ into ChatGPT, Flags Privacy and Safety Concerns",https://www.medianama.com/2025/07/223-openai-chatgpt-operator-agent-integration/,phishing,"Phishing, Vishing, and Smishing",Phishing,NEAR-MISS,NA-14470.txt,Keyword matched: phishing
NA-14471,01-04-2026,Soubhik Sarkar,Medianama,medianama.com,04-07-2025,New Charges for WhatsApp Business: What They Are & Why They Matter,https://www.medianama.com/2025/07/223-whatsapp-business-per-message-pricing-india/,phishing,"Phishing, Vishing, and Smishing",Phishing,THIRD-PARTY,NA-14471.txt,Keyword matched: phishing
NA-14472,01-04-2026,Soubhik Sarkar,Medianama,medianama.com,16-04-2025,What is Universal Acceptance? India Tests Hindi URLs in Govt Sites,https://www.medianama.com/2025/04/223-universal-acceptance-india-tests-hindi-urls-govt/,phishing,"Phishing, Vishing, and Smishing",Phishing,THIRD-PARTY,NA-14472.txt,Keyword matched: phishing
NA-14473,01-04-2026,Soubhik Sarkar,Medianama,medianama.com,18-02-2025,"Satcom at risk? CERT-In warns of AI and IoT-related cyber threats in advisory, urges on encryption control",https://www.medianama.com/2025/02/223-satcom-at-risk-cert-in-warns-of-ai-and-iot-related-cyber-threats-in-advisory-urges-on-encryption-control/,phishing,"Phishing, Vishing, and Smishing",Phishing,NEAR-MISS,NA-14473.txt,Keyword matched: phishing
NA-14474,01-04-2026,Soubhik Sarkar,Medianama,medianama.com,13-01-2025,Microsoft Sues Hackers Over Misuse of Azure OpenAI Services to Generate “Harmful” Images,https://www.medianama.com/2025/01/223-microsoft-sues-hackers-misuse-azure-openai-service/,phishing,"Phishing, Vishing, and Smishing",Phishing,THIRD-PARTY,NA-14474.txt,Keyword matched: phishing
NA-14475,01-04-2026,Soubhik Sarkar,Medianama,medianama.com,27-06-2024,China Backed Hacker Group Behind 2022 AIIMS Attack: Report,https://www.medianama.com/2024/06/223-china-backed-hacker-group-behind-aiims-attack-report/,phishing attack,"Phishing, Vishing, and Smishing",Phishing,THIRD-PARTY,NA-14475.txt,Keyword matched: phishing attack
NA-14476,01-04-2026,Soubhik Sarkar,Medianama,medianama.com,10-03-2022,Chinese state-sponsored cyberattacks on six US states should be a wake-up call for India,https://www.medianama.com/2022/03/223-china-apt41-cyberattacks-us-states-3/,phishing attack,"Phishing, Vishing, and Smishing",Phishing,VICTIM,NA-14476.txt,Keyword matched: phishing attack
NA-14477,01-04-2026,Soubhik Sarkar,Medianama,medianama.com,19-10-2021,"Acer India hit by ransomware attack, over 60 GB of files and databases stolen",https://www.medianama.com/2021/10/223-acer-india-servers-hacked-ransomware/,phishing attack,"Phishing, Vishing, and Smishing",Phishing,THIRD-PARTY,NA-14477.txt,Keyword matched: phishing attack
NA-14478,01-04-2026,Soubhik Sarkar,Medianama,medianama.com,13-08-2021,"Tech giants Amazon, Google, and Microsoft partner with US cyber team to counter ransomware attacks",https://www.medianama.com/2021/08/223-amazon-google-us-counter-ransomware/,phishing attack,"Phishing, Vishing, and Smishing",Phishing,THIRD-PARTY,NA-14478.txt,Keyword matched: phishing attack
NA-14479,01-04-2026,Soubhik Sarkar,Medianama,medianama.com,18-09-2020,Cyber attacks on critical infrastructure increased during pandemic: Ajit Doval,https://www.medianama.com/2020/09/223-cybersecurity-pandemic-ajit-doval/,phishing attack,"Phishing, Vishing, and Smishing",Phishing,VICTIM,NA-14479.txt,Keyword matched: phishing attack
NA-14480,01-04-2026,Soubhik Sarkar,Medianama,medianama.com,19-06-2020,"State-based cyber actor is attacking Australian organisations, says Aussie PM",https://www.medianama.com/2020/06/223-australia-cyber-attack/,phishing attack,"Phishing, Vishing, and Smishing",Phishing,VICTIM,NA-14480.txt,Keyword matched: phishing attack
NA-14481,01-04-2026,Soubhik Sarkar,Medianama,medianama.com,16-06-2020,Another coordinated spyware attack on Bhima Koregaon activists uncovered,https://www.medianama.com/2020/06/223-netwire-bhima-koregaon-amnesty/,phishing attack,"Phishing, Vishing, and Smishing",Phishing,VICTIM,NA-14481.txt,Keyword matched: phishing attack
NA-14482,01-04-2026,Soubhik Sarkar,Medianama,medianama.com,27-11-2019,"101-500 Indian users targeted by govt-backed attackers between Jul-Sep 2019, says Google",https://www.medianama.com/2019/11/223-indian-google-users-attacked-by-govt-backed-groups-2/,phishing attack,"Phishing, Vishing, and Smishing",Phishing,THIRD-PARTY,NA-14482.txt,Keyword matched: phishing attack
NA-14483,01-04-2026,Soubhik Sarkar,Medianama,medianama.com,21-06-2019,Microsoft patches flaw in Outlook app for Android that could have led to spoofing attacks,https://www.medianama.com/2019/06/223-microsoft-patches-flaw-in-outlook-app-for-android-that-could-have-led-to-spoofing-attacks/,phishing attack,"Phishing, Vishing, and Smishing",Phishing,VICTIM,NA-14483.txt,Keyword matched: phishing attack
NA-14484,01-04-2026,Soubhik Sarkar,Medianama,medianama.com,03-08-2017,37 incidents of ransomware attacks reported in India till June 2017: CERT-In,https://www.medianama.com/2017/08/223-ransomware-india-wannacry-petya/,phishing attack,"Phishing, Vishing, and Smishing",Phishing,THIRD-PARTY,NA-14484.txt,Keyword matched: phishing attack
NA-14485,01-04-2026,Soubhik Sarkar,Medianama,medianama.com,11-07-2017,"Cyber War stories from startups: ransomware attacks, network level breaches – #NAMAcloud",https://www.medianama.com/2017/07/223-ransomware-cyber-war-stories-2/,phishing attack,"Phishing, Vishing, and Smishing",Phishing,VICTIM,NA-14485.txt,Keyword matched: phishing attack
NA-14486,01-04-2026,Soubhik Sarkar,Medianama,medianama.com,28-05-2024,Pakistan Backed Hacker Group Targeted Indian Defence Sector: Blackberry Report,https://www.medianama.com/2024/05/223-pakistan-hacker-indian-defence-blackberry-report/,phishing attack,"Phishing, Vishing, and Smishing",Phishing,THIRD-PARTY,NA-14486.txt,Keyword matched: phishing attack
NA-14487,01-04-2026,Soubhik Sarkar,Medianama,medianama.com,31-03-2022,"Ransomware incidents in India doubled in 2021 at 132, up from 54 in 2020: MeitY in Parliament",https://www.medianama.com/2022/03/223-ransomware-incidents-india-meity-parliament/,phishing attack,"Phishing, Vishing, and Smishing",Phishing,VICTIM,NA-14487.txt,Keyword matched: phishing attack
NA-14488,01-04-2026,Soubhik Sarkar,Medianama,medianama.com,02-09-2024,Explained: WazirX decision to allow partial withdrawals muddies the waters for users,https://www.medianama.com/2024/09/223-questions-wazirx-blocking-34-percent-inr-wallets/,phishing attack,"Phishing, Vishing, and Smishing",Phishing,THIRD-PARTY,NA-14488.txt,Keyword matched: phishing attack
NA-14489,01-04-2026,Soubhik Sarkar,Medianama,medianama.com,22-05-2024,From Crisis to Control: How the Digital Personal Data Protection Law Curbs Data Breaches,https://www.medianama.com/2024/05/223-dpdp-act-data-breaches/,phishing attack,"Phishing, Vishing, and Smishing",Phishing,THIRD-PARTY,NA-14489.txt,Keyword matched: phishing attack
NA-14490,01-04-2026,Soubhik Sarkar,Medianama,medianama.com,04-04-2024,Meta Advocates for Responsible Development and Openness in AI Models: Insights from US Govt’s Consultation,https://www.medianama.com/2024/04/223-meta-us-govt-consultation-responsible-open-ai-models/,phishing attack,"Phishing, Vishing, and Smishing",Phishing,THIRD-PARTY,NA-14490.txt,Keyword matched: phishing attack
NA-14491,01-04-2026,Soubhik Sarkar,Medianama,medianama.com,06-09-2023,"Jharkhand AYUSH Portal Reportedly Breached, Records Of 3.2 Lakh Patients Exposed",https://www.medianama.com/2023/09/223-jharkhand-ayush-portal-breached/,phishing attack,"Phishing, Vishing, and Smishing",Phishing,THIRD-PARTY,NA-14491.txt,Keyword matched: phishing attack
NA-14492,01-04-2026,Soubhik Sarkar,Medianama,medianama.com,15-05-2023,India’s Telecom Authority issues directives on misuse of message templates,https://www.medianama.com/2023/05/223-trai-directives-message-templates/,phishing attack,"Phishing, Vishing, and Smishing",Phishing,THIRD-PARTY,NA-14492.txt,Keyword matched: phishing attack
NA-14493,01-04-2026,Soubhik Sarkar,Medianama,medianama.com,26-12-2022,Explained: What Happened with LastPass and Why it Shouldn’t Scare you from Using Password Managers,https://www.medianama.com/2022/12/223-explainer-lastpass-data-breach-3/,phishing attack,"Phishing, Vishing, and Smishing",Phishing,NEAR-MISS,NA-14493.txt,Keyword matched: phishing attack
NA-14494,01-04-2026,Soubhik Sarkar,Medianama,medianama.com,13-10-2022,"Data of 1.2 million Cardholders leaked, Including SBI, American Express, Finserv Customers",https://www.medianama.com/2022/10/223-1-2-million-cardholders-data-leaked-biden-cash-3/,phishing attack,"Phishing, Vishing, and Smishing",Phishing,THIRD-PARTY,NA-14494.txt,Keyword matched: phishing attack
NA-14495,01-04-2026,Soubhik Sarkar,Medianama,medianama.com,02-09-2022,"20 Million US Health Records Breached, Mostly Due to Hacking: Why India should worry about it",https://www.medianama.com/2022/09/223-20-million-us-health-data-records-breached-hackers-india/,phishing attack,"Phishing, Vishing, and Smishing",Phishing,THIRD-PARTY,NA-14495.txt,Keyword matched: phishing attack
NA-14496,01-04-2026,Soubhik Sarkar,Medianama,medianama.com,23-08-2022,Summary: Consultation paper on Leveraging Artificial Intelligence and Big Data in Telecom Sector,https://www.medianama.com/2022/08/223-summary-dot-consultation-paper-ai-big-data-telecom/,phishing attack,"Phishing, Vishing, and Smishing",Phishing,THIRD-PARTY,NA-14496.txt,Keyword matched: phishing attack
NA-14497,01-04-2026,Soubhik Sarkar,Medianama,medianama.com,16-08-2022,"TLDR: Zoom MacOs loophole, Chinese apps submit algorithms, Signal breach, data localization, US FTC, more",https://www.medianama.com/2022/08/223-tldr-chinese-app-algorithms-data-localization-signal-zoom-mac-3/,phishing attack,"Phishing, Vishing, and Smishing",Phishing,THIRD-PARTY,NA-14497.txt,Keyword matched: phishing attack
NA-14498,01-04-2026,Soubhik Sarkar,Medianama,medianama.com,03-06-2022,Ransomware and human exploitation the two biggest threat patterns to cybersecurity: Verizon report,https://www.medianama.com/2022/06/223-summary-verizon-data-breach-investigations-report-2022/,phishing attack,"Phishing, Vishing, and Smishing",Phishing,VICTIM,NA-14498.txt,Keyword matched: phishing attack
NA-14499,01-04-2026,Soubhik Sarkar,Medianama,medianama.com,24-05-2022,Fact check: Do other countries have lesser than 6 hours to report cybersecurity incidents?,https://www.medianama.com/2022/05/223-analysis-6-hour-cybersecurity-incidents-timeline-4/,phishing attack,"Phishing, Vishing, and Smishing",Phishing,NEAR-MISS,NA-14499.txt,Keyword matched: phishing attack
NA-14500,01-04-2026,Soubhik Sarkar,Medianama,medianama.com,23-05-2022,"TLDR: Coinswitch, Visa, Flipkart, Huawei, Google Chat, DoT, UPI, telecom, crypto",https://www.medianama.com/2022/05/223-coinswitch-visa-flipkart-huawei-google-tldr-4/,phishing attack,"Phishing, Vishing, and Smishing",Phishing,THIRD-PARTY,NA-14500.txt,Keyword matched: phishing attack
NA-14501,01-04-2026,Soubhik Sarkar,Medianama,medianama.com,29-04-2022,CERT-In wants cybersecurity incidents reported within 6 hours,https://www.medianama.com/2022/04/223-summary-cert-in-cybersecurity-directions-2/,phishing attack,"Phishing, Vishing, and Smishing",Phishing,THIRD-PARTY,NA-14501.txt,Keyword matched: phishing attack
NA-14502,01-04-2026,Soubhik Sarkar,Medianama,medianama.com,04-02-2022,"YouTube plans to integrate NFTs with its platform in the future, does not specify timeline",https://www.medianama.com/2022/02/223-youtube-integrate-nft-2022-plans/,phishing attack,"Phishing, Vishing, and Smishing",Phishing,NEAR-MISS,NA-14502.txt,Keyword matched: phishing attack
NA-14503,01-04-2026,Soubhik Sarkar,Medianama,medianama.com,25-11-2021,Malicious actors hacked Google Cloud platforms to mine cryptocurrencies: Report,https://www.medianama.com/2021/11/223-google-cloud-platforms-hijacked-cryptomining/,phishing attack,"Phishing, Vishing, and Smishing",Phishing,VICTIM,NA-14503.txt,Keyword matched: phishing attack
NA-14504,01-04-2026,Soubhik Sarkar,Medianama,medianama.com,07-10-2021,"Text message routing company Syniverse’s data breach and why it matters, briefly explained",https://www.medianama.com/2021/10/223-explained-syniverse-telecom-hack/,phishing attack,"Phishing, Vishing, and Smishing",Phishing,THIRD-PARTY,NA-14504.txt,Keyword matched: phishing attack
NA-14505,01-04-2026,Soubhik Sarkar,Medianama,medianama.com,15-03-2021,What we know about National Cyber Coordination Centre from IT Committee report,https://www.medianama.com/2021/03/223-national-cybersecurity-coordination-centre-budget-estimate-2/,phishing attack,"Phishing, Vishing, and Smishing",Phishing,THIRD-PARTY,NA-14505.txt,Keyword matched: phishing attack
NA-14506,01-04-2026,Soubhik Sarkar,Medianama,medianama.com,22-02-2021,"Crimes Involving Cryptocurrencies Fall By Half To $10 Billion, India ranks high on illicit darknet activity",https://www.medianama.com/2021/02/223-crypto-crime-2020-falls-india-hotspot-darknet-4/,phishing attack,"Phishing, Vishing, and Smishing",Phishing,THIRD-PARTY,NA-14506.txt,Keyword matched: phishing attack
NA-14507,01-04-2026,Soubhik Sarkar,Medianama,medianama.com,08-08-2020,What are ‘offensive cyber capabilities’? — by Gunjan Chawla and Vagisha Srivastava,https://www.medianama.com/2020/08/223-what-are-offensive-cyber-capabilities/,phishing attack,"Phishing, Vishing, and Smishing",Phishing,THIRD-PARTY,NA-14507.txt,Keyword matched: phishing attack
NA-14508,01-04-2026,Soubhik Sarkar,Medianama,medianama.com,11-07-2020,"Dunzo database breached, phone numbers and email addresses compromised",https://www.medianama.com/2020/07/223-dunzo-data-breach-2/,phishing attack,"Phishing, Vishing, and Smishing",Phishing,NEAR-MISS,NA-14508.txt,Keyword matched: phishing attack
NA-14509,01-04-2026,Soubhik Sarkar,Medianama,medianama.com,07-05-2020,Recommendations for improving cybersecurity governance in India,https://www.medianama.com/2020/05/223-recommendations-improve-cybersecurity-governance-india/,phishing attack,"Phishing, Vishing, and Smishing",Phishing,THIRD-PARTY,NA-14509.txt,Keyword matched: phishing attack
NA-14510,01-04-2026,Soubhik Sarkar,Medianama,medianama.com,14-02-2020,"Workshop: Digital Security and Privacy for Journalists, Activists, and Lawyers at Nullcon2020 #Ad",https://www.medianama.com/2020/02/223-protecting-at-risk-individuals-and-groups-journalists-public-interest-activists-and-lawyers-ad/,phishing attack,"Phishing, Vishing, and Smishing",Phishing,THIRD-PARTY,NA-14510.txt,Keyword matched: phishing attack
NA-14511,01-04-2026,Soubhik Sarkar,Medianama,medianama.com,02-05-2019,"Securing Electoral Infrastructure: How Alert is India’s Election Chowkidaar – Varsha Rao, CCG-NLUD",https://www.medianama.com/2019/05/223-securing-electoral-infrastructure-how-alert-is-indias-election-chowkidaar-varsha-rao-ccg-nlud/,phishing attack,"Phishing, Vishing, and Smishing",Phishing,THIRD-PARTY,NA-14511.txt,Keyword matched: phishing attack
NA-14512,01-04-2026,Soubhik Sarkar,Medianama,medianama.com,25-07-2017,"27,482 cyber security threat incidents in India till June 2017: CERT-In",https://www.medianama.com/2017/07/223-india-witnessed-27482-cyber-security-threat-2/,phishing attack,"Phishing, Vishing, and Smishing",Phishing,THIRD-PARTY,NA-14512.txt,Keyword matched: phishing attack
NA-14513,01-04-2026,Soubhik Sarkar,Medianama,medianama.com,27-01-2017,"Facebook rolls out USB based physical key logins using Yubico, FIDO",https://www.medianama.com/2017/01/223-facebook-usb-key-login-2/,phishing attack,"Phishing, Vishing, and Smishing",Phishing,THIRD-PARTY,NA-14513.txt,Keyword matched: phishing attack
NA-14514,01-04-2026,Soubhik Sarkar,Medianama,medianama.com,11-08-2016,Union Bank of India’s app allows users to control credit card transactions,https://www.medianama.com/2016/08/223-union-bank-ucontrol-app/,phishing attack,"Phishing, Vishing, and Smishing",Phishing,THIRD-PARTY,NA-14514.txt,Keyword matched: phishing attack
NA-14515,01-04-2026,Soubhik Sarkar,Medianama,medianama.com,18-07-2014,Indian Govt probing unauthorised digital certificates issued by NICCA,https://www.medianama.com/2014/07/223-indian-govt-unauthorised-digital-certificates-nicca/,phishing attack,"Phishing, Vishing, and Smishing",Phishing,THIRD-PARTY,NA-14515.txt,Keyword matched: phishing attack
NA-14516,01-04-2026,Soubhik Sarkar,Medianama,medianama.com,13-11-2009,"News Digest: Google-AdMob, Tanla-Zed, Murdoch, Saankhya Labs, PSTL & More",https://www.medianama.com/2009/11/223-news-digest-google-admob-tanla-zed-murdoch-saankhya-labs-pstl-more/,phishing attack,"Phishing, Vishing, and Smishing",Phishing,THIRD-PARTY,NA-14516.txt,Keyword matched: phishing attack
NA-14517,01-04-2026,Soubhik Sarkar,Medianama,medianama.com,27-01-2020,"3,000 official government email IDs from ISRO, MEA, SEBI compromised: Report",https://www.medianama.com/2020/01/223-breached-government-email-ids-isro-mea-sebi/,phishing email,"Phishing, Vishing, and Smishing",Phishing,VICTIM,NA-14517.txt,Keyword matched: phishing email
NA-14518,01-04-2026,Soubhik Sarkar,Medianama,medianama.com,17-10-2023,Lawyer Raises Concerns Over Security of Devices Seized in Bhima Koregaon Investigation: Report,https://www.medianama.com/2023/10/223-anand-grover-bhima-koregaon-seized-devices-security/,phishing email,"Phishing, Vishing, and Smishing",Phishing,THIRD-PARTY,NA-14518.txt,Keyword matched: phishing email
NA-14519,01-04-2026,Soubhik Sarkar,Medianama,medianama.com,12-04-2023,"China Proposes Rules Regulating Generative AI, Responses Generated Should Align with “Core Socialist Values”",https://www.medianama.com/2023/04/223-china-proposes-rules-regulating-generative-ai/,phishing email,"Phishing, Vishing, and Smishing",Phishing,THIRD-PARTY,NA-14519.txt,Keyword matched: phishing email
NA-14520,01-04-2026,Soubhik Sarkar,Medianama,medianama.com,04-04-2023,Europol Report Highlights Criminal Use Cases of Generative AI Models Such as ChatGPT,https://www.medianama.com/2023/04/223-europol-report-generative-ai-models/,phishing email,"Phishing, Vishing, and Smishing",Phishing,THIRD-PARTY,NA-14520.txt,Keyword matched: phishing email
NA-14521,01-04-2026,Soubhik Sarkar,Medianama,medianama.com,24-03-2023,"US govt warns businesses of ‘AI deception’, calls for mitigating risks before launching AI products",https://www.medianama.com/2023/03/223-us-govt-ftc-business-ai-artificial-intelligence-deception-3/,phishing email,"Phishing, Vishing, and Smishing",Phishing,THIRD-PARTY,NA-14521.txt,Keyword matched: phishing email
NA-14522,01-04-2026,Soubhik Sarkar,Medianama,medianama.com,04-04-2022,How Nigerian hackers exploited vulnerabilities in a Hyderabad bank and came away with crores of rupees,https://www.medianama.com/2022/04/223-nigerian-hackers-hyderabad-bank-crores-rupees/,phishing email,"Phishing, Vishing, and Smishing",Phishing,NEAR-MISS,NA-14522.txt,Keyword matched: phishing email
NA-14523,01-04-2026,Soubhik Sarkar,Medianama,medianama.com,11-02-2022,"Bhima Koregaon accused Rona Wilson was targeted not just by Pegasus, but two other threat actors: Report",https://www.medianama.com/2022/02/223-rona-wilson-targeted-two-other-threat-actors/,phishing email,"Phishing, Vishing, and Smishing",Phishing,VICTIM,NA-14523.txt,Keyword matched: phishing email
NA-14524,01-04-2026,Soubhik Sarkar,Medianama,medianama.com,24-09-2021,"Malware programs with remote access targeted Indian govt, defence personnel: Report",https://www.medianama.com/2021/09/223-rat-malware-targeted-indian-govt/,phishing email,"Phishing, Vishing, and Smishing",Phishing,VICTIM,NA-14524.txt,Keyword matched: phishing email
NA-14525,01-04-2026,Soubhik Sarkar,Medianama,medianama.com,05-08-2021,Measures and policies to strengthen the cybersecurity of health data and healthcare infrastructure – #NAMA,https://www.medianama.com/2021/08/223-measures-policies-cybersecurity-healthcare/,phishing email,"Phishing, Vishing, and Smishing",Phishing,THIRD-PARTY,NA-14525.txt,Keyword matched: phishing email
NA-14526,01-04-2026,Soubhik Sarkar,Medianama,medianama.com,20-10-2020,"Iranian-American businessman accuses two Indian firms of hacking, stealing his data",https://www.medianama.com/2020/10/223-iranian-american-business-belltrox-cyberroot-hack-for-hire/,phishing email,"Phishing, Vishing, and Smishing",Phishing,NEAR-MISS,NA-14526.txt,Keyword matched: phishing email
NA-14527,01-04-2026,Soubhik Sarkar,Medianama,medianama.com,21-07-2020,"8 months after deadline, DoT reminds govt websites to submit security audit certificates",https://www.medianama.com/2020/07/223-dot-security-audit-certificates/,phishing email,"Phishing, Vishing, and Smishing",Phishing,THIRD-PARTY,NA-14527.txt,Keyword matched: phishing email
NA-14528,01-04-2026,Soubhik Sarkar,Medianama,medianama.com,08-07-2020,"Firefox Send, used to target human rights activists in India, temporarily suspended by Mozilla",https://www.medianama.com/2020/07/223-firefox-send-suspended-2/,phishing email,"Phishing, Vishing, and Smishing",Phishing,VICTIM,NA-14528.txt,Keyword matched: phishing email
NA-14529,01-04-2026,Soubhik Sarkar,Medianama,medianama.com,19-06-2020,Interview: How Amnesty investigated the spying campaign against Bhima Koregaon activists,https://www.medianama.com/2020/06/223-interview-etienne-maynier-amnesty-bhima-koregaon/,phishing email,"Phishing, Vishing, and Smishing",Phishing,VICTIM,NA-14529.txt,Keyword matched: phishing email
NA-14530,01-04-2026,Soubhik Sarkar,Medianama,medianama.com,27-11-2019,"‘Less than 3,000 Indians affected by the OnePlus data breach,’ says CERT-In",https://www.medianama.com/2019/11/223-oneplus-data-breach-cert-2/,phishing email,"Phishing, Vishing, and Smishing",Phishing,THIRD-PARTY,NA-14530.txt,Keyword matched: phishing email
NA-14531,01-04-2026,Soubhik Sarkar,Medianama,medianama.com,25-09-2018,Updated: CEO response; Zoho uses public DNS to go live after domain provider blocks it,https://www.medianama.com/2018/09/223-zoho-blocked-public-dns-to-go-live-2/,phishing email,"Phishing, Vishing, and Smishing",Phishing,NEAR-MISS,NA-14531.txt,Keyword matched: phishing email
NA-14532,01-04-2026,Soubhik Sarkar,Medianama,medianama.com,08-11-2024,Microsoft Launches Multi-Agent AI System Magentic-One,https://www.medianama.com/2024/11/223-microsoft-launches-magentic-one-multi-agent-ai-system/,phishing email,"Phishing, Vishing, and Smishing",Phishing,NEAR-MISS,NA-14532.txt,Keyword matched: phishing email
NA-14533,01-04-2026,Soubhik Sarkar,Medianama,medianama.com,28-08-2024,Biden Admin Pressured Meta to Demote Info on COVID-19 and Corruption Charges: Mark Zuckerberg,https://www.medianama.com/2024/08/223-biden-admin-meta-demote-info-covid-19-mark-zuckerberg/,phishing email,"Phishing, Vishing, and Smishing",Phishing,NEAR-MISS,NA-14533.txt,Keyword matched: phishing email
NA-14534,01-04-2026,Soubhik Sarkar,Medianama,medianama.com,16-07-2024,"Apple Sent 3 Warnings To Politicians, Activists About Mercenary Spyware This Month",https://www.medianama.com/2024/07/223-apple-notification-spyware-attack-kc-venugopal-iltija-mufti/,phishing email,"Phishing, Vishing, and Smishing",Phishing,NEAR-MISS,NA-14534.txt,Keyword matched: phishing email
NA-14535,01-04-2026,Soubhik Sarkar,Medianama,medianama.com,30-05-2024,OpenAI Forms Safety Committee Amid Employee Resignations and Safety Concerns,https://www.medianama.com/2024/05/223-openai-safety-committee-amid-employee-resignations-concerns/,phishing email,"Phishing, Vishing, and Smishing",Phishing,THIRD-PARTY,NA-14535.txt,Keyword matched: phishing email
NA-14536,01-04-2026,Soubhik Sarkar,Medianama,medianama.com,09-04-2024,"electronics brand boAt hit with data leak, personal info of 7.5 million customers up for sale",https://www.medianama.com/2024/04/223-boat-data-leak-customers-data-sale-dark-web/,phishing email,"Phishing, Vishing, and Smishing",Phishing,THIRD-PARTY,NA-14536.txt,Keyword matched: phishing email
NA-14537,01-04-2026,Soubhik Sarkar,Medianama,medianama.com,11-07-2023,Summary: CERT-In’s cybersecurity guidelines for government entities,https://www.medianama.com/2023/07/223-cert-in-cybersecurity-guidelines-government-entities/,phishing email,"Phishing, Vishing, and Smishing",Phishing,THIRD-PARTY,NA-14537.txt,Keyword matched: phishing email
NA-14538,01-04-2026,Soubhik Sarkar,Medianama,medianama.com,03-07-2023,“Negligence comes at a cost!”: RBI imposes fine on AP Mahesh Bank for lax cybersecurity practices,https://www.medianama.com/2023/07/223-rbi-fine-ap-mahesh-bank-cybersecurity-practices/,phishing email,"Phishing, Vishing, and Smishing",Phishing,THIRD-PARTY,NA-14538.txt,Keyword matched: phishing email
NA-14539,01-04-2026,Soubhik Sarkar,Medianama,medianama.com,29-08-2022,"Akasa Air suffers data breach, airline says issue resolved and affected users notified",https://www.medianama.com/2022/08/223-akasa-air-data-breach-august-3/,phishing email,"Phishing, Vishing, and Smishing",Phishing,THIRD-PARTY,NA-14539.txt,Keyword matched: phishing email
NA-14540,01-04-2026,Soubhik Sarkar,Medianama,medianama.com,08-06-2022,How India can improve its cybersecurity directions  #NAMA,https://www.medianama.com/2022/06/223-cybersecurity-directions-cert-rountable-discussion-nama/,phishing email,"Phishing, Vishing, and Smishing",Phishing,THIRD-PARTY,NA-14540.txt,Keyword matched: phishing email
NA-14541,01-04-2026,Soubhik Sarkar,Medianama,medianama.com,08-10-2024,Google Testing Blue Tick Marks in Search Amid Rising Fake Websites,https://www.medianama.com/2024/10/223-google-testing-blue-tick-marks-in-search-amid-rising-fake-websites/,fake website,"Phishing, Vishing, and Smishing",Phishing,THIRD-PARTY,NA-14541.txt,Keyword matched: fake website
NA-14542,01-04-2026,Soubhik Sarkar,Medianama,medianama.com,05-03-2026,Inconsistent ISP Blocking: Why Legitimate Websites Get Blocked in India,https://www.medianama.com/2026/03/223-isp-website-blocking-india-report/,fake website,"Phishing, Vishing, and Smishing",Phishing,NEAR-MISS,NA-14542.txt,Keyword matched: fake website
NA-14543,01-04-2026,Soubhik Sarkar,Medianama,medianama.com,15-01-2026,"X Announces Grok Can No Longer Edit Real People’s Images, But Website Still Allows It",https://www.medianama.com/2026/01/223-x-bans-grok-sexual-image-edits-website-still-allows/,fake website,"Phishing, Vishing, and Smishing",Phishing,THIRD-PARTY,NA-14543.txt,Keyword matched: fake website
NA-14544,01-04-2026,Soubhik Sarkar,Medianama,medianama.com,12-01-2026,"Grok Limits Image Generation On X To Premium Users, But Use For Non-Consensual Deepfakes Still Widespread",https://www.medianama.com/2026/01/223-grok-limits-image-generation-x-premium-users-non-consensual-deepfakes/,fake website,"Phishing, Vishing, and Smishing",Phishing,THIRD-PARTY,NA-14544.txt,Keyword matched: fake website
NA-14545,01-04-2026,Soubhik Sarkar,Medianama,medianama.com,07-11-2025,"Video: Regulating for Deepfakes in India, Impact on Businesses session, Nov 5",https://www.medianama.com/2025/11/223-video-indias-deepfake-rules-business-impact/,fake website,"Phishing, Vishing, and Smishing",Phishing,THIRD-PARTY,NA-14545.txt,Keyword matched: fake website
NA-14546,01-04-2026,Soubhik Sarkar,Medianama,medianama.com,16-06-2025,Meta Sues Nudify App Over Non-Conseual Deepfake Porn Ads On Its Platforms,https://www.medianama.com/2025/06/223-meta-nudify-app-non-conseual-deepfake-porn-ads/,fake website,"Phishing, Vishing, and Smishing",Phishing,THIRD-PARTY,NA-14546.txt,Keyword matched: fake website
NA-14547,01-04-2026,Soubhik Sarkar,Medianama,medianama.com,09-05-2025,"‘The Wire’ Website Blocked Across ISPs in India, Publication Cites ‘Blatant Censorship’",https://www.medianama.com/2025/05/223-isps-across-india-block-the-wire-website-censorship-concerns/,fake website,"Phishing, Vishing, and Smishing",Phishing,THIRD-PARTY,NA-14547.txt,Keyword matched: fake website
NA-14548,01-04-2026,Soubhik Sarkar,Medianama,medianama.com,10-04-2025,"With YouTube’s Backing, US Senators Reintroduce Bill To Protect Voice, Likeness From Deepfakes",https://www.medianama.com/2025/04/223-youtube-backing-us-senators-anti-deepfake-bill/,fake website,"Phishing, Vishing, and Smishing",Phishing,THIRD-PARTY,NA-14548.txt,Keyword matched: fake website
NA-14549,01-04-2026,Soubhik Sarkar,Medianama,medianama.com,10-03-2025,"Rogue Websites on the Rise? JioStar, Warner Bros. File IP Cases Against Domains in Delhi HC",https://www.medianama.com/2025/03/223-jiostar-warner-bros-file-ip-cases-against-rogue-websites/,fake website,"Phishing, Vishing, and Smishing",Phishing,NEAR-MISS,NA-14549.txt,Keyword matched: fake website
NA-14550,01-04-2026,Soubhik Sarkar,Medianama,medianama.com,07-03-2025,"Website Vikatan, Blocked for PM Modi’s Cartoon, Wins Interim Relief in Court Battle",https://www.medianama.com/2025/03/223-vikatan-wins-interim-relief-governments-blocking-order/,fake website,"Phishing, Vishing, and Smishing",Phishing,THIRD-PARTY,NA-14550.txt,Keyword matched: fake website
NA-14551,01-04-2026,Soubhik Sarkar,Medianama,medianama.com,17-02-2025,"Tamil Website Vikatan Inaccessible After It Posted Cartoon of PM Modi, No Official Takedown Order Confirmed",https://www.medianama.com/2025/02/223-website-vikatan-inaccessible-cartoon-pm-modi-takedown-order/,fake website,"Phishing, Vishing, and Smishing",Phishing,THIRD-PARTY,NA-14551.txt,Keyword matched: fake website
NA-14552,01-04-2026,Soubhik Sarkar,Medianama,medianama.com,27-12-2024,Delhi HC Issues John Doe Order Against Websites Copying RummyCircle,https://www.medianama.com/2024/12/223-delhi-hc-john-doe-order-websites-copying-rummycircle-trademark/,fake website,"Phishing, Vishing, and Smishing",Phishing,THIRD-PARTY,NA-14552.txt,Keyword matched: fake website
NA-14553,01-04-2026,Soubhik Sarkar,Medianama,medianama.com,25-10-2024,"US Trade Commission’s Rule Banning Fake Reviews, Review Suppression Tactics Comes Into Effect",https://www.medianama.com/2024/10/223-ftc-enforces-new-rule-banning-fake-reviews-review-suppression-tactics/,fake website,"Phishing, Vishing, and Smishing",Phishing,THIRD-PARTY,NA-14553.txt,Keyword matched: fake website
NA-14554,01-04-2026,Soubhik Sarkar,Medianama,medianama.com,05-09-2024,"Deepfake Analysis Unit report: most media alterations done with basic tools, only 2% deepfakes",https://www.medianama.com/2024/09/223-deepfake-analysis-unit-report-most-media-alterations-done-with-basic-tools-only-2-deepfakes/,fake website,"Phishing, Vishing, and Smishing",Phishing,THIRD-PARTY,NA-14554.txt,Keyword matched: fake website
NA-14555,01-04-2026,Soubhik Sarkar,Medianama,medianama.com,13-06-2024,India’s National Stock Exchange Cautions Investors Against Fake Videos of CEO,https://www.medianama.com/2024/06/223-indias-national-stock-exchange-cautions-investors-ceo-deepfakes/,fake website,"Phishing, Vishing, and Smishing",Phishing,THIRD-PARTY,NA-14555.txt,Keyword matched: fake website
NA-14556,01-04-2026,Soubhik Sarkar,Medianama,medianama.com,12-04-2024,Hackers Use Fake Facebook Ads to Distribute Malware Of AI Tools Like Midjourney,https://www.medianama.com/2024/04/223-hackers-fake-facebook-ads-malware/,fake website,"Phishing, Vishing, and Smishing",Phishing,NEAR-MISS,NA-14556.txt,Keyword matched: fake website
NA-14557,01-04-2026,Soubhik Sarkar,Medianama,medianama.com,08-02-2024,Generative AI can now create fake IDs,https://www.medianama.com/2024/02/223-onlyfake-generative-ai-fake-id/,fake website,"Phishing, Vishing, and Smishing",Phishing,THIRD-PARTY,NA-14557.txt,Keyword matched: fake website
NA-14558,01-04-2026,Soubhik Sarkar,Medianama,medianama.com,23-01-2024,"Suspend Website Promising Customers Free Ram Temple Prasad While Using Protected Khadi Marks, Rules Delhi HC",https://www.medianama.com/2024/01/223-delhi-hc-suspends-site-ram-mandir-prasad-3/,fake website,"Phishing, Vishing, and Smishing",Phishing,THIRD-PARTY,NA-14558.txt,Keyword matched: fake website
NA-14559,01-04-2026,Soubhik Sarkar,Medianama,medianama.com,23-01-2024,How can the government and companies regulate spread of deep fakes? #NAMA,https://www.medianama.com/2024/01/223-government-companies-regulate-deep-fakes-nama/,fake website,"Phishing, Vishing, and Smishing",Phishing,THIRD-PARTY,NA-14559.txt,Keyword matched: fake website
NA-14560,01-04-2026,Soubhik Sarkar,Medianama,medianama.com,19-01-2024,E-commerce platforms will soon have to mandatorily implement systems to prevent fake reviews,https://www.medianama.com/2024/01/223-ecommerce-reviews-framework-mandatory/,fake website,"Phishing, Vishing, and Smishing",Phishing,NEAR-MISS,NA-14560.txt,Keyword matched: fake website
NA-14561,01-04-2026,Soubhik Sarkar,Medianama,medianama.com,19-01-2024,Misusing Authorisation to Issue PAN Detrimental to National Interest: Bombay HC Restrains Websites from Infringing on UTIITSL’s Trademarks,https://www.medianama.com/2024/01/223-bombay-hc-websites-infringing-utiitsl-trademarks/,fake website,"Phishing, Vishing, and Smishing",Phishing,THIRD-PARTY,NA-14561.txt,Keyword matched: fake website
NA-14562,01-04-2026,Soubhik Sarkar,Medianama,medianama.com,19-01-2024,FIR Filed Against Owner of Gaming Platform Hosting Sachin Tendulkar Deep Fake: Report,https://www.medianama.com/2024/01/223-fir-sachin-tendulkar-deep-fake-gaming-site-2/,fake website,"Phishing, Vishing, and Smishing",Phishing,THIRD-PARTY,NA-14562.txt,Keyword matched: fake website
NA-14563,01-04-2026,Soubhik Sarkar,Medianama,medianama.com,18-01-2024,Video: Deep Fakes and Democracy,https://www.medianama.com/2024/01/223-video-medianama-deep-fakes-democracy-2/,fake website,"Phishing, Vishing, and Smishing",Phishing,THIRD-PARTY,NA-14563.txt,Keyword matched: fake website
NA-14564,01-04-2026,Soubhik Sarkar,Medianama,medianama.com,16-01-2024,"RBI governor says list of official digital lending apps published on MeitY website, but we couldn’t locate it",https://www.medianama.com/2024/01/223-rbi-governor-digital-lending-apps-list-meity-website/,fake website,"Phishing, Vishing, and Smishing",Phishing,THIRD-PARTY,NA-14564.txt,Keyword matched: fake website
NA-14565,01-04-2026,Soubhik Sarkar,Medianama,medianama.com,21-12-2023,Amul Issues Public Interest Notice Regarding Fake ‘Sharam Cheese’ Viral Post,https://www.medianama.com/2023/12/223-amul-public-notice-sharam-cheese-viral-post/,fake website,"Phishing, Vishing, and Smishing",Phishing,THIRD-PARTY,NA-14565.txt,Keyword matched: fake website
NA-14566,01-04-2026,Soubhik Sarkar,Medianama,medianama.com,11-12-2023,Interview: Advocate Chaitanya Rohilla on why he filed a petition against deepfakes at the Delhi High Court,https://www.medianama.com/2023/12/223-chaitanya-rohilla-petition-deepfakes-delhi-hc/,fake website,"Phishing, Vishing, and Smishing",Phishing,THIRD-PARTY,NA-14566.txt,Keyword matched: fake website
NA-14567,01-04-2026,Soubhik Sarkar,Medianama,medianama.com,13-11-2023,Microsoft to help combat deepfakes in the run up to 2024 elections,https://www.medianama.com/2023/11/223-microsoft-help-combat-deepfakes-2024-elections/,fake website,"Phishing, Vishing, and Smishing",Phishing,THIRD-PARTY,NA-14567.txt,Keyword matched: fake website
NA-14568,01-04-2026,Soubhik Sarkar,Medianama,medianama.com,01-09-2023,Fake Signal and Telegram found on Google Play and Samsung Galaxy store,https://www.medianama.com/2023/09/223-fake-signal-and-telegram-on-google-play-and-samsung-galaxy-store/,fake website,"Phishing, Vishing, and Smishing",Phishing,VICTIM,NA-14568.txt,Keyword matched: fake website
NA-14569,01-04-2026,Soubhik Sarkar,Medianama,medianama.com,30-05-2023,"US Lawyer uses ChatGPT for case research, ends up citing fake cases in legal brief",https://www.medianama.com/2023/05/223-lawyer-chatgpt-cite-fake-cases-us-court-2/,fake website,"Phishing, Vishing, and Smishing",Phishing,THIRD-PARTY,NA-14569.txt,Keyword matched: fake website
NA-14570,01-04-2026,Soubhik Sarkar,Medianama,medianama.com,24-05-2023,AI being used to populate content farms that pass off as news websites: NewsGuard report,https://www.medianama.com/2023/05/223-ai-content-farms-as-news-websites-newsguard-report/,fake website,"Phishing, Vishing, and Smishing",Phishing,THIRD-PARTY,NA-14570.txt,Keyword matched: fake website
NA-14571,01-04-2026,Soubhik Sarkar,Medianama,medianama.com,13-01-2023,"Report: A closer look at India’s website blocking practices, and everything that’s wrong with it",https://www.medianama.com/2023/01/223-indias-website-blocking-practices/,fake website,"Phishing, Vishing, and Smishing",Phishing,THIRD-PARTY,NA-14571.txt,Keyword matched: fake website
NA-14572,01-04-2026,Soubhik Sarkar,Medianama,medianama.com,13-01-2023,Indian government cracks down on six YouTube channels for ‘spreading fake news’,https://www.medianama.com/2023/01/223-six-youtube-channels-spreading-fake-news-fact-check-unit-2/,fake website,"Phishing, Vishing, and Smishing",Phishing,NEAR-MISS,NA-14572.txt,Keyword matched: fake website
NA-14573,01-04-2026,Soubhik Sarkar,Medianama,medianama.com,06-01-2023,An Account Called “Election Commission of India” Asks Google To Take Down Porn Websites,https://www.medianama.com/2023/01/223-account-eci-asks-google-take-down-porn-2/,fake website,"Phishing, Vishing, and Smishing",Phishing,THIRD-PARTY,NA-14573.txt,Keyword matched: fake website
NA-14574,01-04-2026,Soubhik Sarkar,Medianama,medianama.com,18-08-2022,India’s I&B ministry blocks eight YouTube channels for ‘spreading fake news’,https://www.medianama.com/2022/08/223-india-ib-ministry-eight-websites-channels-blocked-fake-news-2/,fake website,"Phishing, Vishing, and Smishing",Phishing,THIRD-PARTY,NA-14574.txt,Keyword matched: fake website
NA-14575,01-04-2026,Soubhik Sarkar,Medianama,medianama.com,30-05-2022,India to develop framework to check fake reviews on e-commerce platforms,https://www.medianama.com/2022/05/223-framework-fake-reviews-e-commerce/,fake website,"Phishing, Vishing, and Smishing",Phishing,THIRD-PARTY,NA-14575.txt,Keyword matched: fake website
NA-14576,01-04-2026,Soubhik Sarkar,Medianama,medianama.com,06-04-2022,Ministry of Information and Broadcasting blocks 22 YouTube channels for spreading fake news and disinformation,https://www.medianama.com/2022/04/223-mib-blocks-youtube-channels-2/,fake website,"Phishing, Vishing, and Smishing",Phishing,THIRD-PARTY,NA-14576.txt,Keyword matched: fake website
NA-14577,01-04-2026,Soubhik Sarkar,Medianama,medianama.com,11-03-2022,"DGCA warns of fake drone pilot training organisations, says such bodies will be penalised",https://www.medianama.com/2022/03/223-dgca-fake-drone-pilot-training-organisations-2/,fake website,"Phishing, Vishing, and Smishing",Phishing,THIRD-PARTY,NA-14577.txt,Keyword matched: fake website
NA-14578,01-04-2026,Soubhik Sarkar,Medianama,medianama.com,02-08-2021,"Six cases of fake news penalised in 2020, action taken against 12 TV channels for showing false programmes: I&B Ministry",https://www.medianama.com/2021/08/223-fake-news-penalised-2020-ib-ministry/,fake website,"Phishing, Vishing, and Smishing",Phishing,THIRD-PARTY,NA-14578.txt,Keyword matched: fake website
NA-14579,01-04-2026,Soubhik Sarkar,Medianama,medianama.com,12-10-2020,Airtel uses specially configured routers to block websites: Why you should care,https://www.medianama.com/2020/10/223-airtel-middleboxes-web-censorship/,fake website,"Phishing, Vishing, and Smishing",Phishing,THIRD-PARTY,NA-14579.txt,Keyword matched: fake website
NA-14580,01-04-2026,Soubhik Sarkar,Medianama,medianama.com,05-05-2020,The darknet – a wild west for fake coronavirus ‘cures’? The reality is more complicated (and regulated),https://www.medianama.com/2020/05/223-darknet-fake-coronavirus-cures-complicated-regulated-reality/,fake website,"Phishing, Vishing, and Smishing",Phishing,THIRD-PARTY,NA-14580.txt,Keyword matched: fake website
NA-14581,01-04-2026,Soubhik Sarkar,Medianama,medianama.com,02-04-2020,UP Police files FIRs against editor of The Wire for allegedly spreading fake news against CM Adityanath,https://www.medianama.com/2020/04/223-the-wire-fir-adityanath-2/,fake website,"Phishing, Vishing, and Smishing",Phishing,THIRD-PARTY,NA-14581.txt,Keyword matched: fake website
NA-14582,01-04-2026,Soubhik Sarkar,Medianama,medianama.com,18-11-2019,I&B to combat fake news with FACT module: Report,https://www.medianama.com/2019/11/223-fake-news-mib/,fake website,"Phishing, Vishing, and Smishing",Phishing,THIRD-PARTY,NA-14582.txt,Keyword matched: fake website
NA-14583,01-04-2026,Soubhik Sarkar,Medianama,medianama.com,16-10-2019,California bans political deepfakes during elections and non-consensual pornographic deepfakes,https://www.medianama.com/2019/10/223-california-deepfakes-ban-2/,fake website,"Phishing, Vishing, and Smishing",Phishing,THIRD-PARTY,NA-14583.txt,Keyword matched: fake website
NA-14584,01-04-2026,Soubhik Sarkar,Medianama,medianama.com,16-08-2019,Zomato files complaint after fake call centres dupe their customers of money: Report,https://www.medianama.com/2019/08/223-zomato-files-complaint-after-fake-call-centres-dupe-their-customers-of-money-report-3/,fake website,"Phishing, Vishing, and Smishing",Phishing,VICTIM,NA-14584.txt,Keyword matched: fake website
NA-14585,01-04-2026,Soubhik Sarkar,Medianama,medianama.com,14-08-2019,The Lowdown: the ‘Anti-False Content Act’ to address fake news that was introduced in the Philippines,https://www.medianama.com/2019/08/223-the-lowdown-the-anti-false-content-act-to-address-fake-news-that-was-introduced-in-the-philippines-3/,fake website,"Phishing, Vishing, and Smishing",Phishing,THIRD-PARTY,NA-14585.txt,Keyword matched: fake website
NA-14586,01-04-2026,Soubhik Sarkar,Medianama,medianama.com,07-08-2019,"The Consumer Protection Bill 2019 doesn’t address fake goods on Amazon, Flipkart, argue MPs in Parliament",https://www.medianama.com/2019/08/223-the-consumer-protection-bill-2019-doesnt-address-fake-goods-on-amazon-flipkart-argue-mps-in-parliament-2/,fake website,"Phishing, Vishing, and Smishing",Phishing,THIRD-PARTY,NA-14586.txt,Keyword matched: fake website
NA-14587,01-04-2026,Soubhik Sarkar,Medianama,medianama.com,07-10-2014,DoT asked to block low-cost calling app WePhone for spoofing caller ID,https://www.medianama.com/2014/10/223-dot-block-calling-app-wephone/,spoof website,"Phishing, Vishing, and Smishing",Phishing,THIRD-PARTY,NA-14587.txt,Keyword matched: spoof website
NA-14588,01-04-2026,Soubhik Sarkar,Medianama,medianama.com,04-11-2025,Govt Issues Fresh High-Risk Warning For Google Chrome Desktop App,https://www.medianama.com/2025/11/223-govt-high-risk-warning-google-chrome-desktop-app/,spoof website,"Phishing, Vishing, and Smishing",Phishing,VICTIM,NA-14588.txt,Keyword matched: spoof website
NA-14589,01-04-2026,Soubhik Sarkar,Medianama,medianama.com,06-05-2025,India’s New Satellite Security Rules Demand Monitoring and Lawful Interception from Satcom Operators,https://www.medianama.com/2025/05/223-india-satellite-security-rules-lawful-interception-satcom-operators/,spoof website,"Phishing, Vishing, and Smishing",Phishing,THIRD-PARTY,NA-14589.txt,Keyword matched: spoof website
NA-14590,01-04-2026,Soubhik Sarkar,Medianama,medianama.com,04-05-2023,"Multiple cyber threats targeted at military personnel in India, Pakistan taken down: Meta",https://www.medianama.com/2023/05/223-meta-takedown-cyber-threats-india-pakistan/,spoof website,"Phishing, Vishing, and Smishing",Phishing,VICTIM,NA-14590.txt,Keyword matched: spoof website
NA-14591,01-04-2026,Soubhik Sarkar,Medianama,medianama.com,16-12-2022,Meta Reports How Spyware Firms Target Activists and Journalists on its Platforms,https://www.medianama.com/2022/12/223-meta-report-spyware-firms-target-activists-and-journalists-platforms-4/,spoof website,"Phishing, Vishing, and Smishing",Phishing,THIRD-PARTY,NA-14591.txt,Keyword matched: spoof website
NA-14592,01-04-2026,Soubhik Sarkar,Medianama,medianama.com,06-09-2022,Summary: What are RBI’s new rules for digital lending apps and service providers?,https://www.medianama.com/2022/09/223-summary-rbi-rules-digital-lending-apps/,spoof website,"Phishing, Vishing, and Smishing",Phishing,THIRD-PARTY,NA-14592.txt,Keyword matched: spoof website
NA-14593,01-04-2026,Soubhik Sarkar,Medianama,medianama.com,29-07-2022,"Parliament Questions: Tracking manipulative apps, social media misuse, not Centre’s duty: MeitY",https://www.medianama.com/2022/07/223-parliament-watch-meity-social-media-cybercrimes-india-3/,spoof website,"Phishing, Vishing, and Smishing",Phishing,THIRD-PARTY,NA-14593.txt,Keyword matched: spoof website
NA-14594,01-04-2026,Soubhik Sarkar,Medianama,medianama.com,23-06-2022,Why did Microsoft and Adobe push out security updates back to back?,https://www.medianama.com/2022/06/223-india-cert-in-microsoft-adobe-security-bug/,spoof website,"Phishing, Vishing, and Smishing",Phishing,VICTIM,NA-14594.txt,Keyword matched: spoof website
NA-14595,01-04-2026,Soubhik Sarkar,Medianama,medianama.com,08-04-2022,China-backed hackers targetted power stations in Ladakh through compromised IP cameras,https://www.medianama.com/2022/04/223-china-backed-hackers-power-stations-ladakh/,spoof website,"Phishing, Vishing, and Smishing",Phishing,VICTIM,NA-14595.txt,Keyword matched: spoof website
NA-14596,01-04-2026,Soubhik Sarkar,Medianama,medianama.com,02-11-2021,What does the Indian government’s FAQs on IT Rules 2021 fail to answer?,https://www.medianama.com/2021/11/223-it-rules-faqs-government-failed-clarify/,spoof website,"Phishing, Vishing, and Smishing",Phishing,NEAR-MISS,NA-14596.txt,Keyword matched: spoof website
NA-14597,01-04-2026,Soubhik Sarkar,Medianama,medianama.com,22-01-2020,Research exposed multiple security vulnerabilities on TikTok: Report,https://www.medianama.com/2020/01/223-research-exposed-multiple-security-vulnerabilities-on-tiktok-report/,spoof website,"Phishing, Vishing, and Smishing",Phishing,VICTIM,NA-14597.txt,Keyword matched: spoof website
NA-14598,01-04-2026,Soubhik Sarkar,Medianama,medianama.com,27-08-2019,"Kamakoti’s proposals will erode user privacy, says IIT Bombay expert in IFF submission",https://www.medianama.com/2019/08/223-iff-response-kamakoti-submission-traceability-2-2/,spoof website,"Phishing, Vishing, and Smishing",Phishing,NEAR-MISS,NA-14598.txt,Keyword matched: spoof website
NA-14599,01-04-2026,Soubhik Sarkar,Medianama,medianama.com,16-07-2019,Vulnerability in WhatsApp and Telegram for Android exposes users’ media files,https://www.medianama.com/2019/07/223-vulnerability-in-whatsapp-and-telegram-for-android-exposes-users-media-files/,spoof website,"Phishing, Vishing, and Smishing",Phishing,THIRD-PARTY,NA-14599.txt,Keyword matched: spoof website
NA-14600,01-04-2026,Soubhik Sarkar,Medianama,medianama.com,09-07-2019,Permission denied? Thousands of Android apps still collect critical data without consent: Study,https://www.medianama.com/2019/07/223-permission-denied-thousands-of-android-apps-still-collect-critical-data-without-consent-study/,spoof website,"Phishing, Vishing, and Smishing",Phishing,THIRD-PARTY,NA-14600.txt,Keyword matched: spoof website
NA-14601,01-04-2026,Soubhik Sarkar,Medianama,medianama.com,08-04-2019,Xiaomi warned about critical flaw in its two Android browsers but does nothing,https://www.medianama.com/2019/04/223-xiaomi-warned-about-critical-flaw-in-its-two-android-browsers-but-does-nothing-2/,spoof website,"Phishing, Vishing, and Smishing",Phishing,THIRD-PARTY,NA-14601.txt,Keyword matched: spoof website
NA-14602,01-04-2026,Soubhik Sarkar,Medianama,medianama.com,15-05-2017,CERT-in’s advisory for WannaCry ransomware as offices reopen after weekend,https://www.medianama.com/2017/05/223-cert-in-ransomware-advisory/,spoof website,"Phishing, Vishing, and Smishing",Phishing,THIRD-PARTY,NA-14602.txt,Keyword matched: spoof website
NA-14603,01-04-2026,Soubhik Sarkar,Medianama,medianama.com,13-04-2017,"To curb misinformation, Facebook ramps up efforts to weed out fake profiles",https://www.medianama.com/2017/04/223-facebook-fake-profiles/,spoof website,"Phishing, Vishing, and Smishing",Phishing,NEAR-MISS,NA-14603.txt,Keyword matched: spoof website
NA-14604,01-04-2026,Soubhik Sarkar,Medianama,medianama.com,07-04-2017,Facebook will start paying fact-checkers to fight fake news,https://www.medianama.com/2017/04/223-facebook-pays-fact-checkers/,spoof website,"Phishing, Vishing, and Smishing",Phishing,THIRD-PARTY,NA-14604.txt,Keyword matched: spoof website
NA-14605,01-04-2026,Soubhik Sarkar,Medianama,medianama.com,01-03-2017,Dealing with Fake News,https://www.medianama.com/2017/03/223-dealing-fake-news/,spoof website,"Phishing, Vishing, and Smishing",Phishing,THIRD-PARTY,NA-14605.txt,Keyword matched: spoof website
NA-14606,01-04-2026,Soubhik Sarkar,Medianama,medianama.com,11-10-2014,Weekly Digest (03rd-10th October 2014),https://www.medianama.com/2014/10/223-weekly-digest-03rd-10th-october-2014/,spoof website,"Phishing, Vishing, and Smishing",Phishing,THIRD-PARTY,NA-14606.txt,Keyword matched: spoof website
NA-14607,01-04-2026,Soubhik Sarkar,Medianama,medianama.com,28-04-2014,India has the slowest high-speed broadband adoption internationally: Akamai,https://www.medianama.com/2014/04/223-broadband-adoption-india-akamai/,spoof website,"Phishing, Vishing, and Smishing",Phishing,THIRD-PARTY,NA-14607.txt,Keyword matched: spoof website
NA-14608,01-04-2026,Soubhik Sarkar,Medianama,medianama.com,15-02-2013,DoT Issues Orders To Block 78 URLs; 73 URLs With IIPM Content,https://www.medianama.com/2013/02/223-dot-block-iipm/,spoof website,"Phishing, Vishing, and Smishing",Phishing,THIRD-PARTY,NA-14608.txt,Keyword matched: spoof website
NA-14609,01-04-2026,Soubhik Sarkar,Medianama,medianama.com,11-09-2012,Updated: Cartoonist Aseem Trivedi Arrested Following Alleged Offensive Cartoons,https://www.medianama.com/2012/09/223-cartoonist-aseem-trivedi-arrested-following-alleged-offensive-cartoons/,spoof website,"Phishing, Vishing, and Smishing",Phishing,NEAR-MISS,NA-14609.txt,Keyword matched: spoof website
NA-14610,01-04-2026,Soubhik Sarkar,Medianama,medianama.com,21-06-2011,"News Digest: Anil Ambani, BSNL, Kotak, Invoicera & More",https://www.medianama.com/2011/06/223-news-digest-anil-ambani-bsnl-kotak-invoicera-2/,spoof website,"Phishing, Vishing, and Smishing",Phishing,THIRD-PARTY,NA-14610.txt,Keyword matched: spoof website
NA-14611,01-04-2026,Soubhik Sarkar,Medianama,medianama.com,05-04-2011,"Sholay Gets Injunction Restraining Vodafone From Offering Its Ringtones, Caller Tunes",https://www.medianama.com/2011/04/223-sholay-vodafone-sippy/,spoof website,"Phishing, Vishing, and Smishing",Phishing,THIRD-PARTY,NA-14611.txt,Keyword matched: spoof website
NA-14612,01-04-2026,Soubhik Sarkar,Medianama,medianama.com,18-03-2011,Updated: ZipDial’s Toll-Free Customer Mobile Verification & Issues,https://www.medianama.com/2011/03/223-zipdial-launches-toll-free-customer-mobile-verification-with-flipkart-myntra-tutorvista-2/,spoof website,"Phishing, Vishing, and Smishing",Phishing,THIRD-PARTY,NA-14612.txt,Keyword matched: spoof website
NA-14613,01-04-2026,Soubhik Sarkar,Medianama,medianama.com,30-12-2008,Update: Story On Rediff Launching Pakistan Site Incorrect; Our Apologies,https://www.medianama.com/2008/12/223-rediff-launches-pakistan-site-office-in-lahore/,spoof website,"Phishing, Vishing, and Smishing",Phishing,THIRD-PARTY,NA-14613.txt,Keyword matched: spoof website
NA-14614,01-04-2026,Soubhik Sarkar,Medianama,medianama.com,12-02-2018,SBI Buddy registered users grew 4.88% QoQ to 12.5 million in Q3FY18,https://www.medianama.com/2018/02/223-sbi-earnings-december-2017-sbi-buddy/,vishing,"Phishing, Vishing, and Smishing",Vishing,THIRD-PARTY,NA-14614.txt,Keyword matched: vishing
NA-14615,01-04-2026,Soubhik Sarkar,Medianama,medianama.com,10-11-2017,SBI Buddy registered users grew 11.13% QoQ to 11.92 million,https://www.medianama.com/2017/11/223-sbi-earnings-september-2017-2/,vishing,"Phishing, Vishing, and Smishing",Vishing,THIRD-PARTY,NA-14615.txt,Keyword matched: vishing
NA-14616,01-04-2026,Soubhik Sarkar,Medianama,medianama.com,22-08-2017,"HDFC Bank launches a POS with UPI, BharatQR and other methods",https://www.medianama.com/2017/08/223-hdfc-bank-digipos/,vishing,"Phishing, Vishing, and Smishing",Vishing,THIRD-PARTY,NA-14616.txt,Keyword matched: vishing
NA-14617,01-04-2026,Soubhik Sarkar,Medianama,medianama.com,14-08-2017,SBI Buddy wallet has 10.73 million registered users,https://www.medianama.com/2017/08/223-sbi-earnings-june-2017/,vishing,"Phishing, Vishing, and Smishing",Vishing,THIRD-PARTY,NA-14617.txt,Keyword matched: vishing
NA-14618,01-04-2026,Soubhik Sarkar,Medianama,medianama.com,24-05-2017,SBI Buddy has a total registered user base of 10.52 million,https://www.medianama.com/2017/05/223-sbi-earnings-march-2017/,vishing,"Phishing, Vishing, and Smishing",Vishing,THIRD-PARTY,NA-14618.txt,Keyword matched: vishing
NA-14619,01-04-2026,Soubhik Sarkar,Medianama,medianama.com,10-02-2017,SBI Buddy wallet hits 5.27 million registrations at December 2016 end,https://www.medianama.com/2017/02/223-sbi-buddy-wallet-hits-5-27-million-registrations-december-2016-end/,vishing,"Phishing, Vishing, and Smishing",Vishing,THIRD-PARTY,NA-14619.txt,Keyword matched: vishing
NA-14620,01-04-2026,Soubhik Sarkar,Medianama,medianama.com,16-01-2017,Updated: ICICI’s blocking of PhonePe VPA’s raises questions about governance of NPCI & UPI,https://www.medianama.com/2017/01/223-icicis-phonepe-governance-npci-upi/,vishing,"Phishing, Vishing, and Smishing",Vishing,NEAR-MISS,NA-14620.txt,Keyword matched: vishing
NA-14621,01-04-2026,Soubhik Sarkar,Medianama,medianama.com,11-06-2016,Weekly Digest (03rd-10th June 2016),https://www.medianama.com/2016/06/223-weekly-digest-03rd-10th-june-2016/,vishing,"Phishing, Vishing, and Smishing",Vishing,THIRD-PARTY,NA-14621.txt,Keyword matched: vishing
NA-14622,01-04-2026,Soubhik Sarkar,Medianama,medianama.com,03-12-2024,"After Airtel, Vodafone Idea Launches AI-Powered Spam Filter",https://www.medianama.com/2024/12/223-vodafone-idea-launches-ai-powered-spam-detection-filter/,voice phishing,"Phishing, Vishing, and Smishing",Vishing,THIRD-PARTY,NA-14622.txt,Keyword matched: voice phishing
NA-14623,01-04-2026,Soubhik Sarkar,Medianama,medianama.com,05-09-2023,Here’s what consumer organizations have to say on TRAI’s consultation on OTT regulation,https://www.medianama.com/2023/09/223-consumer-organizations-trai-consultation-on-ott-regulation/,voice phishing,"Phishing, Vishing, and Smishing",Vishing,NEAR-MISS,NA-14623.txt,Keyword matched: voice phishing
NA-14624,01-04-2026,Soubhik Sarkar,Medianama,medianama.com,28-03-2023,India’s telecom regulator doubles down on its efforts to curb spam,https://www.medianama.com/2023/03/223-trai-spam-telcos-ucc-2/,voice phishing,"Phishing, Vishing, and Smishing",Vishing,THIRD-PARTY,NA-14624.txt,Keyword matched: voice phishing
NA-14625,01-04-2026,Soubhik Sarkar,Medianama,medianama.com,07-04-2020,Democracy under the influence: Paradigms of state responsibility for cyber influence operations on elections,https://www.medianama.com/2020/04/223-cyber-influence-on-elections-cyberbrics/,voice phishing,"Phishing, Vishing, and Smishing",Vishing,VICTIM,NA-14625.txt,Keyword matched: voice phishing
NA-14626,01-04-2026,Soubhik Sarkar,Medianama,medianama.com,06-11-2017,"Twitter publishes new rules, rule breakers may face account suspension",https://www.medianama.com/2017/11/223-twitter-rules-2/,voice phishing,"Phishing, Vishing, and Smishing",Vishing,THIRD-PARTY,NA-14626.txt,Keyword matched: voice phishing
NA-14627,01-04-2026,Soubhik Sarkar,Medianama,medianama.com,13-01-2026,Why AI Practitioners Say The Deepfakes Draft Amendment To IT Rules May Be Technically Unworkable,https://www.medianama.com/2026/01/223-ai-practitioners-deepfakes-draft-amendment-it-rules-technically-unworkable/,fraud call,"Phishing, Vishing, and Smishing",Vishing,NEAR-MISS,NA-14627.txt,Keyword matched: fraud call
NA-14628,01-04-2026,Soubhik Sarkar,Medianama,medianama.com,19-03-2025,Amazon Sues US Consumer Watchdog Over Product Recall Orders,https://www.medianama.com/2025/03/223-amazon-sues-us-consumer-watchdog-product-recall-orders/,fraud call,"Phishing, Vishing, and Smishing",Vishing,THIRD-PARTY,NA-14628.txt,Keyword matched: fraud call
NA-14629,01-04-2026,Soubhik Sarkar,Medianama,medianama.com,10-12-2024,Airtel to TRAI: Address Spam on Calling and Messaging Platforms,https://www.medianama.com/2024/12/223-airtel-urges-trai-address-spam-on-calling-messaging-platforms/,fraud call,"Phishing, Vishing, and Smishing",Vishing,THIRD-PARTY,NA-14629.txt,Keyword matched: fraud call
NA-14630,01-04-2026,Soubhik Sarkar,Medianama,medianama.com,09-10-2024,"Truecaller Appoints Seema Jindal as Public Affairs Head, Telecom",https://www.medianama.com/2024/10/223-truecaller-appoints-seema-jindal-as-public-affairs-head-telecom/,fraud call,"Phishing, Vishing, and Smishing",Vishing,THIRD-PARTY,NA-14630.txt,Keyword matched: fraud call
NA-14631,01-04-2026,Soubhik Sarkar,Medianama,medianama.com,02-09-2024,Indian government’s draft rules on telecom cybersecurity calls for OTT traffic data to be monitored,https://www.medianama.com/2024/09/223-indian-governments-draft-rules-on-telecom-cybersecurity-calls-for-ott-traffic-data-to-be-monitored/,fraud call,"Phishing, Vishing, and Smishing",Vishing,THIRD-PARTY,NA-14631.txt,Keyword matched: fraud call
NA-14632,01-04-2026,Soubhik Sarkar,Medianama,medianama.com,13-06-2024,SEBI bans former news anchor for fraudulent trading activities,https://www.medianama.com/2024/06/223-sebi-bans-news-anchor-fraudulent-trading-activities/,fraud call,"Phishing, Vishing, and Smishing",Vishing,THIRD-PARTY,NA-14632.txt,Keyword matched: fraud call
NA-14633,01-04-2026,Soubhik Sarkar,Medianama,medianama.com,11-06-2024,New York Attorney General Sues Two Crypto Firms For Billion-Dollar Fraud,https://www.medianama.com/2024/06/223-new-york-attorney-general-sues-crypto-firms/,fraud call,"Phishing, Vishing, and Smishing",Vishing,VICTIM,NA-14633.txt,Keyword matched: fraud call
NA-14634,01-04-2026,Soubhik Sarkar,Medianama,medianama.com,10-02-2026,"Kunal Kamra Challenges Sahyog Portal in Bombay HC, Calls It a ‘Parallel Blocking Regime’",https://www.medianama.com/2026/02/223-kunal-kamra-sahyog-portal-challenge/,fake bank call,"Phishing, Vishing, and Smishing",Vishing,NEAR-MISS,NA-14634.txt,Keyword matched: fake bank call
NA-14635,01-04-2026,Soubhik Sarkar,Medianama,medianama.com,10-11-2025,Is Detection A Better Alternative To Labelling Deepfakes? #NAMA,https://www.medianama.com/2025/11/223-is-detection-alternative-labelling-deepfakes/,fake bank call,"Phishing, Vishing, and Smishing",Vishing,THIRD-PARTY,NA-14635.txt,Keyword matched: fake bank call
NA-14636,01-04-2026,Soubhik Sarkar,Medianama,medianama.com,30-08-2024,Starlink Bank Accounts Frozen in Brazil Amidst Misinformation Battle Against X Platform,https://www.medianama.com/2024/08/223-starlink-bank-accounts-frozen-in-brazil-amidst-misinformation-battle-against-x-platform/,fake bank call,"Phishing, Vishing, and Smishing",Vishing,NEAR-MISS,NA-14636.txt,Keyword matched: fake bank call
NA-14637,01-04-2026,Soubhik Sarkar,Medianama,medianama.com,18-04-2024,"UK to Criminalize Non-Consensual Deepfake Creation, Jail Terms Possible",https://www.medianama.com/2024/04/223-uk-criminalize-non-consensual-deepfake-creation-jail-possible/,fake bank call,"Phishing, Vishing, and Smishing",Vishing,VICTIM,NA-14637.txt,Keyword matched: fake bank call
NA-14638,01-04-2026,Soubhik Sarkar,Medianama,medianama.com,07-02-2024,"Event Report: Deep Fakes and Democracy, January 17, 2024",https://www.medianama.com/2024/02/223-event-report-deep-fakes-and-democracy/,fake bank call,"Phishing, Vishing, and Smishing",Vishing,THIRD-PARTY,NA-14638.txt,Keyword matched: fake bank call
NA-14639,01-04-2026,Soubhik Sarkar,Medianama,medianama.com,01-02-2024,DEFIANCE Act: New bill proposed in the US to curb non-consensual AI porn and deepfakes,https://www.medianama.com/2024/02/223-defiance-act-ai-generated-porn-2/,fake bank call,"Phishing, Vishing, and Smishing",Vishing,VICTIM,NA-14639.txt,Keyword matched: fake bank call
NA-14640,01-04-2026,Soubhik Sarkar,Medianama,medianama.com,06-09-2023,Explained: What’s the controversy around finfluencers and fake profit and loss screenshots,https://www.medianama.com/2023/09/223-explained-finfluencers-fake-profit-and-loss-screenshots/,fake bank call,"Phishing, Vishing, and Smishing",Vishing,THIRD-PARTY,NA-14640.txt,Keyword matched: fake bank call
NA-14641,01-04-2026,Soubhik Sarkar,Medianama,medianama.com,06-12-2021,"Banks should create a loan platform as seamless as UPI, urges Ashwini Vaishnaw",https://www.medianama.com/2021/12/223-upi-lending-platform-it-minister/,fake bank call,"Phishing, Vishing, and Smishing",Vishing,VICTIM,NA-14641.txt,Keyword matched: fake bank call
NA-14642,01-04-2026,Soubhik Sarkar,Medianama,medianama.com,06-04-2021,Meesho becomes unicorn after raising $300 million in Softbank-led round,https://www.medianama.com/2021/04/223-meesho-raises-300m/,fake bank call,"Phishing, Vishing, and Smishing",Vishing,THIRD-PARTY,NA-14642.txt,Keyword matched: fake bank call
NA-14643,01-04-2026,Soubhik Sarkar,Medianama,medianama.com,03-10-2018,Truecaller’s new in-app chat to fight spam and misinformation,https://www.medianama.com/2018/10/223-truecaller-chat-service-spam-misinformation-3/,fake bank call,"Phishing, Vishing, and Smishing",Vishing,THIRD-PARTY,NA-14643.txt,Keyword matched: fake bank call
NA-14644,01-04-2026,Soubhik Sarkar,Medianama,medianama.com,04-06-2018,IIT Delhi study shows how fake news could be fought,https://www.medianama.com/2018/06/223-iit-delhi-fake-news-study/,fake bank call,"Phishing, Vishing, and Smishing",Vishing,THIRD-PARTY,NA-14644.txt,Keyword matched: fake bank call
NA-14645,01-04-2026,Soubhik Sarkar,Medianama,medianama.com,20-02-2017,What to read to understand the Fake News issue,https://www.medianama.com/2017/02/223-read-understand-fake-news-issue/,fake bank call,"Phishing, Vishing, and Smishing",Vishing,NEAR-MISS,NA-14645.txt,Keyword matched: fake bank call
NA-14646,01-04-2026,Soubhik Sarkar,Medianama,medianama.com,15-06-2015,ShopClues launches financing platform for merchants called Capital Wings,https://www.medianama.com/2015/06/223-shopclues-launches-financing-platform-for-merchants-called-capital-wings/,fake bank call,"Phishing, Vishing, and Smishing",Vishing,THIRD-PARTY,NA-14646.txt,Keyword matched: fake bank call
NA-14647,01-04-2026,Soubhik Sarkar,Medianama,medianama.com,20-11-2014,Fake e-commerce site BigSop busted by Bangalore Police after Twitter complaints,https://www.medianama.com/2014/11/223-fake-e-commerce-site-bigsop-busted-by-bangalore-police-after-twitter-complaints/,fake bank call,"Phishing, Vishing, and Smishing",Vishing,VICTIM,NA-14647.txt,Keyword matched: fake bank call
NA-14648,01-04-2026,Soubhik Sarkar,Medianama,medianama.com,22-10-2014,How Amazon India deals with Fake Products,https://www.medianama.com/2014/10/223-amazon-india-fake/,fake bank call,"Phishing, Vishing, and Smishing",Vishing,THIRD-PARTY,NA-14648.txt,Keyword matched: fake bank call
NA-14649,01-04-2026,Soubhik Sarkar,Medianama,medianama.com,22-07-2014,India’s Payment Banks: What’s not in there – Anand Raman,https://www.medianama.com/2014/07/223-indias-payment-banks-whats-not-in-there/,fake bank call,"Phishing, Vishing, and Smishing",Vishing,NEAR-MISS,NA-14649.txt,Keyword matched: fake bank call
NA-14650,01-04-2026,Soubhik Sarkar,Medianama,medianama.com,04-09-2013,MouthShut Launches Verified Reviews To Prevent Fake Online Reviews,https://www.medianama.com/2013/09/223-mouthshut-verified-reviews/,fake bank call,"Phishing, Vishing, and Smishing",Vishing,THIRD-PARTY,NA-14650.txt,Keyword matched: fake bank call
NA-14651,01-04-2026,Soubhik Sarkar,Medianama,medianama.com,20-12-2012,Faisal Farooqui On MouthShut.com’s Deletion Of 4100 Fake Profiles & Paid Accounts For Brands,https://www.medianama.com/2012/12/223-faisal-farooqui-on-mouthshut-coms-deletion-of-4100-fake-profiles-paid-accounts-for-brands/,fake bank call,"Phishing, Vishing, and Smishing",Vishing,THIRD-PARTY,NA-14651.txt,Keyword matched: fake bank call
NA-14652,01-04-2026,Soubhik Sarkar,Medianama,medianama.com,09-05-2012,"Around 50,000 Aadhaar Cards Sent Back Due To Fake Addresses: Report",https://www.medianama.com/2012/05/223-around-50000-aadhaar-cards-sent-back-due-to-non-existing-addresses-report/,fake bank call,"Phishing, Vishing, and Smishing",Vishing,THIRD-PARTY,NA-14652.txt,Keyword matched: fake bank call
NA-14653,01-04-2026,Soubhik Sarkar,Medianama,medianama.com,18-03-2026,"Razorpay Launches AI Agent Studio, But Questions Loom Over Dark Patterns, Price Discrimination",https://www.medianama.com/2026/03/223-razorpay-launches-ai-agent-studio-questions-loom-dark-patterns-price-discrimination/,fake bank call,"Phishing, Vishing, and Smishing",Vishing,NEAR-MISS,NA-14653.txt,Keyword matched: fake bank call
NA-14654,01-04-2026,Soubhik Sarkar,Medianama,medianama.com,26-02-2026,AI Agent vs AI Agent: India Cannot Referee This Match Without Rules,https://www.medianama.com/2026/02/223-india-agentic-ai-governance-gap/,fake bank call,"Phishing, Vishing, and Smishing",Vishing,THIRD-PARTY,NA-14654.txt,Keyword matched: fake bank call
NA-14655,01-04-2026,Soubhik Sarkar,Medianama,medianama.com,25-02-2026,Comprehensive Policy Overview Of The India AI Impact Summit,https://www.medianama.com/2026/02/223-comprehensive-policy-overview-india-ai-impact-summit/,fake bank call,"Phishing, Vishing, and Smishing",Vishing,THIRD-PARTY,NA-14655.txt,Keyword matched: fake bank call
NA-14656,01-04-2026,Soubhik Sarkar,Medianama,medianama.com,21-02-2026,India AI Impact Summit 2026: The Real Policy Shifts You Shouldn’t Miss,https://www.medianama.com/2026/02/223-india-ai-impact-summit-policy-signals/,fake bank call,"Phishing, Vishing, and Smishing",Vishing,THIRD-PARTY,NA-14656.txt,Keyword matched: fake bank call
NA-14657,01-04-2026,Soubhik Sarkar,Medianama,medianama.com,12-02-2026,What the M.M. Naravane Memoir Controversy Reveals About E-Commerce Platform Liability,https://www.medianama.com/2026/02/223-naravane-memoir-penguin-controversy-explained-e-commerce-platform-liability/,fake bank call,"Phishing, Vishing, and Smishing",Vishing,THIRD-PARTY,NA-14657.txt,Keyword matched: fake bank call
NA-14658,01-04-2026,Soubhik Sarkar,Medianama,medianama.com,08-12-2025,"Inside SEBI’s Crackdown on Avadhut Sathe, Who Duped Investors of Rs 546 Crore Through Courses",https://www.medianama.com/2025/12/223-sebi-bans-avadhut-sathe-546-crore-unlawful-gains/,fake bank call,"Phishing, Vishing, and Smishing",Vishing,THIRD-PARTY,NA-14658.txt,Keyword matched: fake bank call
NA-14659,01-04-2026,Soubhik Sarkar,Medianama,medianama.com,11-11-2025,"MeitY SOP Outlines How to Report Non-Consensual Intimate Imagery, Mandates Action from Intermediaries in 24 hrs",https://www.medianama.com/2025/11/223-meity-sop-non-consensual-intimate-imagery-intermediaries/,fake bank call,"Phishing, Vishing, and Smishing",Vishing,VICTIM,NA-14659.txt,Keyword matched: fake bank call
NA-14660,01-04-2026,Soubhik Sarkar,Medianama,medianama.com,06-11-2025,"Explainer: What MeitY’s AI Governance Guidelines Say About Liability, Regulation & Responsible Innovation",https://www.medianama.com/2025/11/223-meity-ai-governance-liability-regulation-innovation/,fake bank call,"Phishing, Vishing, and Smishing",Vishing,THIRD-PARTY,NA-14660.txt,Keyword matched: fake bank call
NA-14661,01-04-2026,Soubhik Sarkar,Medianama,medianama.com,28-09-2012,Updated: ValueFirst Files Case Against Former CEO Kumar Apurva For 7Cr Fraud On The Way2SMS Deal,https://www.medianama.com/2012/09/223-exclusive-valuefirst-ceo-kumar-apurva-resigns/,SMS fraud,"Phishing, Vishing, and Smishing",Smishing,NEAR-MISS,NA-14661.txt,Keyword matched: SMS fraud
NA-14662,01-04-2026,Soubhik Sarkar,Medianama,medianama.com,09-09-2025,Congress SMS Block Exposes Murky Content Approval Process for Promotional Messages,https://www.medianama.com/2025/09/223-trai-protest-sms-templates-blocked-congress/,SMS fraud,"Phishing, Vishing, and Smishing",Smishing,THIRD-PARTY,NA-14662.txt,Keyword matched: SMS fraud
NA-14663,01-04-2026,Soubhik Sarkar,Medianama,medianama.com,16-05-2025,"New Airtel Network-Level System Blocks Malicious Links on WhatsApp, SMS, Emails",https://www.medianama.com/2025/05/223-new-airtel-network-level-system-blocks-malicious-links-whatsapp/,SMS fraud,"Phishing, Vishing, and Smishing",Smishing,NEAR-MISS,NA-14663.txt,Keyword matched: SMS fraud
NA-14664,01-04-2026,Soubhik Sarkar,Medianama,medianama.com,02-05-2023,India’s Telecom Regulator mandates use of AI spam filters for calls and SMS,https://www.medianama.com/2023/05/223-trai-mandate-ai-spam-filters-calls-sms-2/,SMS fraud,"Phishing, Vishing, and Smishing",Smishing,THIRD-PARTY,NA-14664.txt,Keyword matched: SMS fraud
NA-14665,01-04-2026,Soubhik Sarkar,Medianama,medianama.com,09-03-2021,Telecom regulator defers roll-out of SMS ‘scrubbing’ system by 7 days,https://www.medianama.com/2021/03/223-trai-defers-sms-scrubbing/,SMS fraud,"Phishing, Vishing, and Smishing",Smishing,THIRD-PARTY,NA-14665.txt,Keyword matched: SMS fraud
NA-14666,01-04-2026,Soubhik Sarkar,Medianama,medianama.com,26-09-2016,"SEBI may ban trading tips from SMSes, email & online games",https://www.medianama.com/2016/09/223-sebi-cautions-investors/,SMS fraud,"Phishing, Vishing, and Smishing",Smishing,THIRD-PARTY,NA-14666.txt,Keyword matched: SMS fraud
NA-14667,01-04-2026,Soubhik Sarkar,Medianama,medianama.com,23-02-2016,Transport ministry lets anyone get owner info of any vehicle via SMS,https://www.medianama.com/2016/02/223-number-for-vehicle-owner-verification/,SMS fraud,"Phishing, Vishing, and Smishing",Smishing,THIRD-PARTY,NA-14667.txt,Keyword matched: SMS fraud
NA-14668,01-04-2026,Soubhik Sarkar,Medianama,medianama.com,14-11-2014,Mobile VAS Fraud is back,https://www.medianama.com/2014/11/223-mobile-vas-fraud-is-back/,SMS fraud,"Phishing, Vishing, and Smishing",Smishing,THIRD-PARTY,NA-14668.txt,Keyword matched: SMS fraud
NA-14669,01-04-2026,Soubhik Sarkar,Medianama,medianama.com,16-06-2014,"SEBI Bars Proprieter of Fullonoption.com; Promo using WhatsApp, SMS",https://www.medianama.com/2014/06/223-sebi-fullonoption/,SMS fraud,"Phishing, Vishing, and Smishing",Smishing,THIRD-PARTY,NA-14669.txt,Keyword matched: SMS fraud
NA-14670,01-04-2026,Soubhik Sarkar,Medianama,medianama.com,19-02-2014,Kumar Apoorv Joins Way2SMS & 160by2 As Group CEO,https://www.medianama.com/2014/02/223-kumar-apoorv-way2sms-160by2-ceo/,SMS fraud,"Phishing, Vishing, and Smishing",Smishing,THIRD-PARTY,NA-14670.txt,Keyword matched: SMS fraud
NA-14671,01-04-2026,Soubhik Sarkar,Medianama,medianama.com,12-12-2013,"Charge Customers For SMS Alerts On Usage Basis, RBI Tells Banks",https://www.medianama.com/2013/12/223-bank-sms-charges/,SMS fraud,"Phishing, Vishing, and Smishing",Smishing,THIRD-PARTY,NA-14671.txt,Keyword matched: SMS fraud
NA-14672,01-04-2026,Soubhik Sarkar,Medianama,medianama.com,18-01-2013,ValueFirst & Way2SMS Settle: Reverse Acquisition Deal,https://www.medianama.com/2013/01/223-valuefirst-way2sms/,SMS fraud,"Phishing, Vishing, and Smishing",Smishing,THIRD-PARTY,NA-14672.txt,Keyword matched: SMS fraud
NA-14673,01-04-2026,Soubhik Sarkar,Medianama,medianama.com,28-06-2012,Updated: OnMobile Probing Fraud By CEO Arvind Rao: Report; Company Denies,https://www.medianama.com/2012/06/223-onmobile-fraud-arvind-rao/,SMS fraud,"Phishing, Vishing, and Smishing",Smishing,THIRD-PARTY,NA-14673.txt,Keyword matched: SMS fraud
NA-14674,01-04-2026,Soubhik Sarkar,Medianama,medianama.com,28-11-2025,Who Really Owns Digi Yatra? New Allegation Against KPMG Revives Debate In Delhi HC,https://www.medianama.com/2025/11/223-who-really-owns-digi-yatra-kpmg-delhi-hc/,SMS scam,"Phishing, Vishing, and Smishing",Smishing,THIRD-PARTY,NA-14674.txt,Keyword matched: SMS scam
NA-14675,01-04-2026,Soubhik Sarkar,Medianama,medianama.com,16-07-2025,"Telcos Implement Suffixes To Commercial Messages, But Do Users Understand Them?",https://www.medianama.com/2025/07/223-telcos-suffixes-commercial-messages-users/,SMS scam,"Phishing, Vishing, and Smishing",Smishing,THIRD-PARTY,NA-14675.txt,Keyword matched: SMS scam
NA-14676,01-04-2026,Soubhik Sarkar,Medianama,medianama.com,09-03-2021,"TRAI-mandated spam filters catch OTP messages, hobbling SMS delivery",https://www.medianama.com/2021/03/223-trai-spam-filters-otp/,phishing SMS,"Phishing, Vishing, and Smishing",Smishing,THIRD-PARTY,NA-14676.txt,Keyword matched: phishing SMS
NA-14677,01-04-2026,Soubhik Sarkar,Medianama,medianama.com,23-01-2012,TRAI Issues Directives To Tackle SMS Spam From International Numbers,https://www.medianama.com/2012/01/223-trai-issues-directives-to-tackle-sms-spam-from-international-numbers/,phishing SMS,"Phishing, Vishing, and Smishing",Smishing,THIRD-PARTY,NA-14677.txt,Keyword matched: phishing SMS
NA-14678,01-04-2026,Soubhik Sarkar,Medianama,medianama.com,23-10-2024,"BSNL Launches Free National Wi-Fi Roaming, Fiber-Based TV, and Direct-to-Device Satellite Connectivity",https://www.medianama.com/2024/10/223-bsnl-launches-free-national-wi-fi-roaming-fiber-tv-direct-to-device-satellite-connectivity/,phishing SMS,"Phishing, Vishing, and Smishing",Smishing,THIRD-PARTY,NA-14678.txt,Keyword matched: phishing SMS
NA-14679,01-04-2026,Soubhik Sarkar,Medianama,medianama.com,21-10-2024,Telcos Urge India’s Telecom Regulator to Bring Comm Platforms like WhatsApp Under Spam Regulations,https://www.medianama.com/2024/10/223-telcos-urge-indias-telecom-regulator-to-bring-comm-platforms-like-whatsapp-under-spam-regulations/,phishing SMS,"Phishing, Vishing, and Smishing",Smishing,THIRD-PARTY,NA-14679.txt,Keyword matched: phishing SMS
NA-14680,01-04-2026,Soubhik Sarkar,Medianama,medianama.com,19-07-2024,Telecom Department Suspends Two Telemarketers for Sending Malicious Messages,https://www.medianama.com/2024/07/223-telecom-dept-cracks-down-on-telemarketers-for-malicious-sms/,phishing SMS,"Phishing, Vishing, and Smishing",Smishing,THIRD-PARTY,NA-14680.txt,Keyword matched: phishing SMS
NA-14681,01-04-2026,Soubhik Sarkar,Medianama,medianama.com,31-05-2023,Indian telecom regulator warns principal entities to comply with directives on spam or risk being blocked,https://www.medianama.com/2023/05/223-trai-warns-entities-directives-on-spam/,phishing SMS,"Phishing, Vishing, and Smishing",Smishing,THIRD-PARTY,NA-14681.txt,Keyword matched: phishing SMS
NA-14682,01-04-2026,Soubhik Sarkar,Medianama,medianama.com,17-02-2023,How is India’s telecom regulator looking to curb spam messages?,https://www.medianama.com/2023/02/223-india-telecom-regulator-trai-curb-spam-messages/,phishing SMS,"Phishing, Vishing, and Smishing",Smishing,THIRD-PARTY,NA-14682.txt,Keyword matched: phishing SMS
NA-14683,01-04-2026,Soubhik Sarkar,Medianama,medianama.com,16-02-2023,How many spam calls does an average Indian receive daily?,https://www.medianama.com/2023/02/223-how-many-spam-calls-average-indian-daily-2/,phishing SMS,"Phishing, Vishing, and Smishing",Smishing,THIRD-PARTY,NA-14683.txt,Keyword matched: phishing SMS
NA-14684,01-04-2026,Soubhik Sarkar,Medianama,medianama.com,22-12-2022,Ransomware Cases Have Grown over Time with Modern Tactics: MeitY in Parliament,https://www.medianama.com/2022/12/223-ransomware-cases-grown-modern-tactics-parliament-3/,phishing SMS,"Phishing, Vishing, and Smishing",Smishing,THIRD-PARTY,NA-14684.txt,Keyword matched: phishing SMS
NA-14685,01-04-2026,Soubhik Sarkar,Medianama,medianama.com,18-06-2022,"Deep Dive: Nagaland to use facial recognition for teacher’s attendance, but what are the issues at stake?",https://www.medianama.com/2022/06/223-nagaland-facial-recognition-schools-teachers-attendance-2/,phishing SMS,"Phishing, Vishing, and Smishing",Smishing,THIRD-PARTY,NA-14685.txt,Keyword matched: phishing SMS
NA-14686,01-04-2026,Soubhik Sarkar,Medianama,medianama.com,13-05-2022,Google did not forget about privacy at I/O 2022,https://www.medianama.com/2022/05/223-google-privacy-i-o-developer-conference-2022-2/,phishing SMS,"Phishing, Vishing, and Smishing",Smishing,THIRD-PARTY,NA-14686.txt,Keyword matched: phishing SMS
NA-14687,01-04-2026,Soubhik Sarkar,Medianama,medianama.com,25-03-2022,"Google has been sending data from calls and messages on Android to its servers, research finds",https://www.medianama.com/2022/03/223-google-data-collection-calls-messages-android-research-2/,phishing SMS,"Phishing, Vishing, and Smishing",Smishing,THIRD-PARTY,NA-14687.txt,Keyword matched: phishing SMS
NA-14688,01-04-2026,Soubhik Sarkar,Medianama,medianama.com,22-08-2025,"Kissht Seeks Rs 1,000 Cr In IPO; But Bad Loans Weigh Its Operations With 2.89% GNPAs In FY25",https://www.medianama.com/2025/08/223-kissht-rs-1000-cr-ipo-bad-loans-2-89-gnpas-fy25/,loan app fraud,Online Lending and Loan App Fraud,Loan App Fraud,THIRD-PARTY,NA-14688.txt,Keyword matched: loan app fraud
NA-14689,01-04-2026,Soubhik Sarkar,Medianama,medianama.com,02-04-2024,Reserve Bank of India To Set Up Digital India Trust Agency To Tackle Illegal Loan App Menace: Report,https://www.medianama.com/2024/04/223-digital-lending-apps-india-authorized-new-agency/,loan app fraud,Online Lending and Loan App Fraud,Loan App Fraud,THIRD-PARTY,NA-14689.txt,Keyword matched: loan app fraud
NA-14690,01-04-2026,Soubhik Sarkar,Medianama,medianama.com,19-10-2023,"Sharing whitelist of legitimate digital lending apps could adversely affect financial, economic system of the country: RBI",https://www.medianama.com/2023/10/223-whitelist-digital-lending-apps-rbi-rti/,loan app fraud,Online Lending and Loan App Fraud,Loan App Fraud,THIRD-PARTY,NA-14690.txt,Keyword matched: loan app fraud
NA-14691,01-04-2026,Soubhik Sarkar,Medianama,medianama.com,21-08-2023,Ed-Tech Company Skill-Lync Faces Allegations Of Loan Fraud Amid False Promises: Report,https://www.medianama.com/2023/08/223-ed-tech-company-skill-lync-allegations-of-loan-fraud-report/,loan app fraud,Online Lending and Loan App Fraud,Loan App Fraud,THIRD-PARTY,NA-14691.txt,Keyword matched: loan app fraud
NA-14692,01-04-2026,Soubhik Sarkar,Medianama,medianama.com,15-03-2023,What is India’s approach to regulating the FinTech sector? RBI Deputy Governor explains,https://www.medianama.com/2023/03/223-regulating-fintech-sector-india-approach/,loan app fraud,Online Lending and Loan App Fraud,Loan App Fraud,THIRD-PARTY,NA-14692.txt,Keyword matched: loan app fraud
NA-14693,01-04-2026,Soubhik Sarkar,Medianama,medianama.com,13-02-2023,Four questions that remain despite Indian govt revoking ban on some lending apps,https://www.medianama.com/2023/02/223-digital-lending-apps-ban-revoked/,loan app fraud,Online Lending and Loan App Fraud,Loan App Fraud,THIRD-PARTY,NA-14693.txt,Keyword matched: loan app fraud
NA-14694,01-04-2026,Soubhik Sarkar,Medianama,medianama.com,01-11-2022,"MHA Asks States, UTs To Take Strict Action Against illegal Lending Apps, Offers Support",https://www.medianama.com/2022/11/223-mha-letter-strict-action-chinese-illegal-lending-apps-2/,loan app fraud,Online Lending and Loan App Fraud,Loan App Fraud,THIRD-PARTY,NA-14694.txt,Keyword matched: loan app fraud
NA-14695,01-04-2026,Soubhik Sarkar,Medianama,medianama.com,28-09-2022,India’s Enforcement Directorate freezes accounts of Coda in probe related to gaming apps,https://www.medianama.com/2022/09/223-india-enforcement-directorate-coda/,loan app fraud,Online Lending and Loan App Fraud,Loan App Fraud,THIRD-PARTY,NA-14695.txt,Keyword matched: loan app fraud
NA-14696,01-04-2026,Soubhik Sarkar,Medianama,medianama.com,21-09-2022,"TLDR: Fintech, Gaming and gambling, GST on crypto, Texas social media law, Iran, Apple, WhatsApp",https://www.medianama.com/2022/09/223-tldr-fintech-gambling-gst-crypto-amazon-apple-more/,loan app fraud,Online Lending and Loan App Fraud,Loan App Fraud,THIRD-PARTY,NA-14696.txt,Keyword matched: loan app fraud
NA-14697,01-04-2026,Soubhik Sarkar,Medianama,medianama.com,22-07-2022,Why MP Karti Chidambaram wants a Serious Fraud probe into Byju’s,https://www.medianama.com/2022/07/223-mp-karti-chidambaram-sfio-fraud-byjus-ed-tech-3/,loan app fraud,Online Lending and Loan App Fraud,Loan App Fraud,THIRD-PARTY,NA-14697.txt,Keyword matched: loan app fraud
NA-14698,01-04-2026,Soubhik Sarkar,Medianama,medianama.com,04-02-2021,MEITY says Chinese lending app fiasco is a state subject,https://www.medianama.com/2021/02/223-meity-chinese-lending-apps-states-3/,loan app fraud,Online Lending and Loan App Fraud,Loan App Fraud,THIRD-PARTY,NA-14698.txt,Keyword matched: loan app fraud
NA-14699,01-04-2026,Soubhik Sarkar,Medianama,medianama.com,28-10-2020,India’s first crypto neo-bank will offer deposits and loans from January,https://www.medianama.com/2020/10/223-crypto-neobank-unicas-india-2/,loan app fraud,Online Lending and Loan App Fraud,Loan App Fraud,THIRD-PARTY,NA-14699.txt,Keyword matched: loan app fraud
NA-14700,01-04-2026,Soubhik Sarkar,Medianama,medianama.com,26-02-2026,Explained: How the RBI Draft Amendments Seek to Curb Dark Patterns in Banking,https://www.medianama.com/2026/02/223-rbi-dark-patterns-draft-2026/,loan app fraud,Online Lending and Loan App Fraud,Loan App Fraud,THIRD-PARTY,NA-14700.txt,Keyword matched: loan app fraud
NA-14701,01-04-2026,Soubhik Sarkar,Medianama,medianama.com,11-02-2021,"Interview: ‘India should bite into the $1 trillion crypto opportunity’, says Nischal Shetty of WazirX",https://www.medianama.com/2021/02/223-india-crypto-opportunity-nischal-shetty-2/,instant loan scam,Online Lending and Loan App Fraud,Loan App Fraud,THIRD-PARTY,NA-14701.txt,Keyword matched: instant loan scam
NA-14702,01-04-2026,Soubhik Sarkar,Medianama,medianama.com,10-07-2023,"After Extortion Complaints, Bihar Police Requests IT Min to Block 100+ Gaming, Gambling, and Loan Apps",https://www.medianama.com/2023/07/223-bihar-police-requests-it-min-to-block-100-apps/,loan app harassment,Online Lending and Loan App Fraud,Loan App Fraud,THIRD-PARTY,NA-14702.txt,Keyword matched: loan app harassment
NA-14703,01-04-2026,Soubhik Sarkar,Medianama,medianama.com,23-08-2022,"Predatory loan apps: Chartered Accountants under scrutiny, IT Ministry in consultation with Google Play Store",https://www.medianama.com/2022/08/223-predatory-loan-apps-chartered-accountants-meity-playstore/,loan app harassment,Online Lending and Loan App Fraud,Loan App Fraud,THIRD-PARTY,NA-14703.txt,Keyword matched: loan app harassment
NA-14704,01-04-2026,Soubhik Sarkar,Medianama,medianama.com,09-02-2022,Exclusive: MobiKwik accused of using tactics similar to Chinese loan apps for securing repayment,https://www.medianama.com/2022/02/223-exclusive-mobikwik-loan-defaulter-allegations/,loan app harassment,Online Lending and Loan App Fraud,Loan App Fraud,VICTIM,NA-14704.txt,Keyword matched: loan app harassment
NA-14705,01-04-2026,Soubhik Sarkar,Medianama,medianama.com,30-11-2021,Exclusive: RBI received 4000 complaints about lending apps since the pandemic began,https://www.medianama.com/2021/11/223-exclusive-rbi-digital-lending-apps-complaints/,loan app harassment,Online Lending and Loan App Fraud,Loan App Fraud,THIRD-PARTY,NA-14705.txt,Keyword matched: loan app harassment
NA-14706,01-04-2026,Soubhik Sarkar,Medianama,medianama.com,09-09-2021,How will Google regulate predatory lending apps that are still harassing Indians?,https://www.medianama.com/2021/09/223-google-loan-app-regulations-2/,loan app harassment,Online Lending and Loan App Fraud,Loan App Fraud,THIRD-PARTY,NA-14706.txt,Keyword matched: loan app harassment
NA-14707,01-04-2026,Soubhik Sarkar,Medianama,medianama.com,03-02-2021,Supreme Court directs petitioner to approach government over Chinese lending apps: Report,https://www.medianama.com/2021/02/223-supreme-court-government-chinese-lending-apps-3/,loan app harassment,Online Lending and Loan App Fraud,Loan App Fraud,THIRD-PARTY,NA-14707.txt,Keyword matched: loan app harassment
NA-14708,01-04-2026,Soubhik Sarkar,Medianama,medianama.com,18-11-2020,Google pulls 5 unauthorised lending apps from Play Store: Report,https://www.medianama.com/2020/11/223-google-pulls-unauthorised-lending-apps-from-play-store/,loan app harassment,Online Lending and Loan App Fraud,Loan App Fraud,THIRD-PARTY,NA-14708.txt,Keyword matched: loan app harassment
NA-14709,01-04-2026,Soubhik Sarkar,Medianama,medianama.com,05-02-2019,"NAMA Digest 3: Developments at WhatsApp, Paytm, BSNL, Grofers and more",https://www.medianama.com/2019/02/223-namadigest-3-2/,loan app harassment,Online Lending and Loan App Fraud,Loan App Fraud,THIRD-PARTY,NA-14709.txt,Keyword matched: loan app harassment
NA-14710,01-04-2026,Soubhik Sarkar,Medianama,medianama.com,04-10-2025,Why Don’t Generative AI Models Understand Caste?,https://www.medianama.com/2025/10/223-ai-models-caste-india/,loan app harassment,Online Lending and Loan App Fraud,Loan App Fraud,THIRD-PARTY,NA-14710.txt,Keyword matched: loan app harassment
NA-14711,01-04-2026,Soubhik Sarkar,Medianama,medianama.com,08-09-2025,"PhysicsWallah Plans To Raise Rs 3,820 Crore As It Goes For IPO",https://www.medianama.com/2025/09/223-physicswallah-rs-3820-crore-ipo/,loan app harassment,Online Lending and Loan App Fraud,Loan App Fraud,THIRD-PARTY,NA-14711.txt,Keyword matched: loan app harassment
NA-14712,01-04-2026,Soubhik Sarkar,Medianama,medianama.com,24-02-2025,Views: India’s Hasty AI Adoption in Governance Could Deepen the Existing Social Divisions,https://www.medianama.com/2025/02/223-views-india-ai-adoption-governance-social-divisions/,loan app harassment,Online Lending and Loan App Fraud,Loan App Fraud,NEAR-MISS,NA-14712.txt,Keyword matched: loan app harassment
NA-14713,01-04-2026,Soubhik Sarkar,Medianama,medianama.com,24-12-2024,Ola and Uber SOS Features Questioned After Gurugram Safety Incident,https://www.medianama.com/2024/12/223-ola-and-uber-sos-features-questioned-after-gurugram-safety-incident/,loan app harassment,Online Lending and Loan App Fraud,Loan App Fraud,NEAR-MISS,NA-14713.txt,Keyword matched: loan app harassment
NA-14714,01-04-2026,Soubhik Sarkar,Medianama,medianama.com,06-11-2024,"In a First, India Uses Digital Crop Survey Data in Kharif Estimates for 2024-25",https://www.medianama.com/2024/11/223-in-a-first-india-uses-digital-crop-survey-data-in-kharif-estimates-for-2024-25/,loan app harassment,Online Lending and Loan App Fraud,Loan App Fraud,THIRD-PARTY,NA-14714.txt,Keyword matched: loan app harassment
NA-14715,01-04-2026,Soubhik Sarkar,Medianama,medianama.com,07-04-2023,MediaNama Daily: New Rules to Play By,https://www.medianama.com/2023/04/223-medianama-daily-new-rules-to-play-by/,loan app harassment,Online Lending and Loan App Fraud,Loan App Fraud,THIRD-PARTY,NA-14715.txt,Keyword matched: loan app harassment
NA-14716,01-04-2026,Soubhik Sarkar,Medianama,medianama.com,14-02-2023,India’s central bank cancels licenses of two financial companies for digital lending malpractices,https://www.medianama.com/2023/02/223-nbfc-license-cancelled-digital-lending-2/,loan app harassment,Online Lending and Loan App Fraud,Loan App Fraud,THIRD-PARTY,NA-14716.txt,Keyword matched: loan app harassment
NA-14717,01-04-2026,Soubhik Sarkar,Medianama,medianama.com,10-02-2023,Explainer: Why India’s digital lending industry is worried,https://www.medianama.com/2023/02/223-explainer-digital-lending-app-bans/,loan app harassment,Online Lending and Loan App Fraud,Loan App Fraud,THIRD-PARTY,NA-14717.txt,Keyword matched: loan app harassment
NA-14718,01-04-2026,Soubhik Sarkar,Medianama,medianama.com,10-02-2023,Ed-Tech companies use ads to exploit parents’ guilt: Karti Chidambaram writes to ASCI,https://www.medianama.com/2023/02/223-ed-tech-karti-chidambaram-letter-asci/,loan app harassment,Online Lending and Loan App Fraud,Loan App Fraud,THIRD-PARTY,NA-14718.txt,Keyword matched: loan app harassment
NA-14719,01-04-2026,Soubhik Sarkar,Medianama,medianama.com,26-05-2022,RBI cancels registrations of five NBFCs for predatory lending practices,https://www.medianama.com/2022/05/223-rbi-cancels-registrations-five-nbfcs-predatory-lending/,loan app harassment,Online Lending and Loan App Fraud,Loan App Fraud,THIRD-PARTY,NA-14719.txt,Keyword matched: loan app harassment
NA-14720,01-04-2026,Soubhik Sarkar,Medianama,medianama.com,25-04-2022,What’s new in RBI’s guidelines for credit cards and debit cards,https://www.medianama.com/2022/04/223-rbi-guidelines-credit-debit-cards/,loan app harassment,Online Lending and Loan App Fraud,Loan App Fraud,THIRD-PARTY,NA-14720.txt,Keyword matched: loan app harassment
NA-14721,01-04-2026,Soubhik Sarkar,Medianama,medianama.com,30-05-2020,Top 10 stories of the week: May 25th to May 31st 2020,https://www.medianama.com/2020/05/223-top-10-stories-of-the-week-may-25th-to-may-31st-2020/,loan app harassment,Online Lending and Loan App Fraud,Loan App Fraud,THIRD-PARTY,NA-14721.txt,Keyword matched: loan app harassment
NA-14722,01-04-2026,Soubhik Sarkar,Medianama,medianama.com,27-08-2019,Angel tax will not be levied on DPIIT registered startups: Nirmala Sitharaman,https://www.medianama.com/2019/08/223-angel-tax-will-not-be-levied-on-dpiit-registered-startups-nirmala-sitharaman-2/,loan app harassment,Online Lending and Loan App Fraud,Loan App Fraud,THIRD-PARTY,NA-14722.txt,Keyword matched: loan app harassment
NA-14723,01-04-2026,Soubhik Sarkar,Medianama,medianama.com,10-04-2019,Tech manifestos 2019: DMK will regulate social media and scrap the Niti Aayog if voted to power,https://www.medianama.com/2019/04/223-tech-manifestos-2019-dmk-2/,loan app harassment,Online Lending and Loan App Fraud,Loan App Fraud,THIRD-PARTY,NA-14723.txt,Keyword matched: loan app harassment
NA-14724,01-04-2026,Soubhik Sarkar,Medianama,medianama.com,24-10-2018,Uber seeks Bombay HC help to run smoothly during driver strike,https://www.medianama.com/2018/10/223-uber-seeks-bombay-hc-help-driver-strike/,loan app harassment,Online Lending and Loan App Fraud,Loan App Fraud,THIRD-PARTY,NA-14724.txt,Keyword matched: loan app harassment
NA-14725,01-04-2026,Soubhik Sarkar,Medianama,medianama.com,23-11-2017,The opportunities and pitfalls of the Bharat Bill Payment System (BBPS),https://www.medianama.com/2017/11/223-bbps-explainer-2/,loan app harassment,Online Lending and Loan App Fraud,Loan App Fraud,THIRD-PARTY,NA-14725.txt,Keyword matched: loan app harassment
NA-14726,01-04-2026,Soubhik Sarkar,Medianama,medianama.com,09-10-2017,Lowdown: Operational guidelines for P2P lending platforms and MediaNama’s take,https://www.medianama.com/2017/10/223-p2p-lending-guidelines/,loan app harassment,Online Lending and Loan App Fraud,Loan App Fraud,THIRD-PARTY,NA-14726.txt,Keyword matched: loan app harassment
NA-14727,01-04-2026,Soubhik Sarkar,Medianama,medianama.com,13-06-2017,Jaguar Land Rover invests $25 million in Lyft,https://www.medianama.com/2017/06/223-jaguar-land-rover-invests-25-million-in-lyft/,loan app harassment,Online Lending and Loan App Fraud,Loan App Fraud,THIRD-PARTY,NA-14727.txt,Keyword matched: loan app harassment
NA-14728,01-04-2026,Soubhik Sarkar,Medianama,medianama.com,10-07-2014,"Budget 2014-15 Live: The Digital Industry updates: Rs 10,00 Crore Startup fund, FDI In Insurance, E-commerce platforms",https://www.medianama.com/2014/07/223-budget-2014-15-live-the-digital-industry-updates-smart-cities/,loan app harassment,Online Lending and Loan App Fraud,Loan App Fraud,THIRD-PARTY,NA-14728.txt,Keyword matched: loan app harassment
NA-14729,01-04-2026,Soubhik Sarkar,Medianama,medianama.com,08-02-2023,How much money was seized by the Indian state while investigating illegal loan apps?,https://www.medianama.com/2023/02/223-money-seized-by-state-investigating-illegal-loan-apps/,illegal loan app,Online Lending and Loan App Fraud,Loan App Fraud,THIRD-PARTY,NA-14729.txt,Keyword matched: illegal loan app
NA-14730,01-04-2026,Soubhik Sarkar,Medianama,medianama.com,02-12-2025,"MeitY Blocked 87 Illegal Lending Apps Under IT Act, Reveals a Lok Sabha Reply",https://www.medianama.com/2025/12/223-meity-87-illegal-lending-apps-it-act/,illegal loan app,Online Lending and Loan App Fraud,Loan App Fraud,THIRD-PARTY,NA-14730.txt,Keyword matched: illegal loan app
NA-14731,01-04-2026,Soubhik Sarkar,Medianama,medianama.com,09-02-2023,Whitelist of approved digital lending apps sent to app stores: Finance Ministry,https://www.medianama.com/2023/02/223-whitelist-digital-lending-apps/,illegal loan app,Online Lending and Loan App Fraud,Loan App Fraud,THIRD-PARTY,NA-14731.txt,Keyword matched: illegal loan app
NA-14732,01-04-2026,Soubhik Sarkar,Medianama,medianama.com,09-09-2022,RBI Will Issue Whitelist of Lending Apps Allowed On Google Play and Apple App Store: Finance Ministry,https://www.medianama.com/2022/09/223-rbi-lending-apps-white-list-app-stores/,illegal loan app,Online Lending and Loan App Fraud,Loan App Fraud,THIRD-PARTY,NA-14732.txt,Keyword matched: illegal loan app
NA-14733,01-04-2026,Soubhik Sarkar,Medianama,medianama.com,15-07-2022,Summary: CCI orders antitrust investigation into movie ticketing app BookMyShow,https://www.medianama.com/2022/07/223-summary-cci-investigation-bookmyshow/,illegal loan app,Online Lending and Loan App Fraud,Loan App Fraud,THIRD-PARTY,NA-14733.txt,Keyword matched: illegal loan app
NA-14734,01-04-2026,Soubhik Sarkar,Medianama,medianama.com,07-06-2022,"Paytm merges wallet and postpaid balance, users call out app’s ‘dark pattern’ design",https://www.medianama.com/2022/06/223-paytm-dark-pattern-bnpl-wallet-postpaid/,illegal loan app,Online Lending and Loan App Fraud,Loan App Fraud,THIRD-PARTY,NA-14734.txt,Keyword matched: illegal loan app
NA-14735,01-04-2026,Soubhik Sarkar,Medianama,medianama.com,12-11-2021,Future Retail Independent Directors ask CCI to revoke approval of Amazon’s investment in Future Coupons,https://www.medianama.com/2021/11/223-future-retail-independent-directors-cci-letter-2/,illegal loan app,Online Lending and Loan App Fraud,Loan App Fraud,THIRD-PARTY,NA-14735.txt,Keyword matched: illegal loan app
NA-14736,01-04-2026,Soubhik Sarkar,Medianama,medianama.com,19-10-2021,Quran and Bible apps removed by Apple at the behest of Chinese authorities,https://www.medianama.com/2021/10/223-apple-quran-bible-app-removed-china-2/,illegal loan app,Online Lending and Loan App Fraud,Loan App Fraud,THIRD-PARTY,NA-14736.txt,Keyword matched: illegal loan app
NA-14737,01-04-2026,Soubhik Sarkar,Medianama,medianama.com,30-10-2019,"Bombay HC finds Home Ministry’s interception orders illegal, says procedural safeguards mandatory",https://www.medianama.com/2019/10/223-bombay-hc-interception/,illegal loan app,Online Lending and Loan App Fraud,Loan App Fraud,THIRD-PARTY,NA-14737.txt,Keyword matched: illegal loan app
NA-14738,01-04-2026,Soubhik Sarkar,Medianama,medianama.com,02-01-2018,Spice Digital invests Rs 25 crore in P2P lending company AnyTimeLoan,https://www.medianama.com/2018/01/223-spice-digital-invests-rs-25-crore-in-p2p-lending-company-any-time-loan-2/,illegal loan app,Online Lending and Loan App Fraud,Loan App Fraud,THIRD-PARTY,NA-14738.txt,Keyword matched: illegal loan app
NA-14739,01-04-2026,Soubhik Sarkar,Medianama,medianama.com,13-03-2015,Social crowdfunding startup BitGiving appoints co-founder Ishita Anand as CEO,https://www.medianama.com/2015/03/223-social-crowdfunding-startup-bitgiving-appoints-co-founder-ishita-anand-as-ceo/,illegal loan app,Online Lending and Loan App Fraud,Loan App Fraud,THIRD-PARTY,NA-14739.txt,Keyword matched: illegal loan app
NA-14740,01-04-2026,Soubhik Sarkar,Medianama,medianama.com,06-06-2025,Flipkart Becomes First E-Commerce Giant to Receive NBFC Licence from RBI,https://www.medianama.com/2025/06/223-flipkart-nbfc-license-to-offer-loans-credit/,illegal loan app,Online Lending and Loan App Fraud,Loan App Fraud,THIRD-PARTY,NA-14740.txt,Keyword matched: illegal loan app
NA-14741,01-04-2026,Soubhik Sarkar,Medianama,medianama.com,22-04-2024,RBI directs payment companies to monitor suspicious transactions during elections,https://www.medianama.com/2024/04/223-rbi-payment-companies-suspicious-transactions-elections/,illegal loan app,Online Lending and Loan App Fraud,Loan App Fraud,NEAR-MISS,NA-14741.txt,Keyword matched: illegal loan app
NA-14742,01-04-2026,Soubhik Sarkar,Medianama,medianama.com,09-02-2023,Medianama Daily: IT Ministry’s online gaming googly in Parliament,https://www.medianama.com/2023/02/223-medianama-daily-it-ministry-online-gaming-googly-parliament-3/,illegal loan app,Online Lending and Loan App Fraud,Loan App Fraud,THIRD-PARTY,NA-14742.txt,Keyword matched: illegal loan app
NA-14743,01-04-2026,Soubhik Sarkar,Medianama,medianama.com,13-03-2026,"BookMyShow’s ‘Exclusive and Refusal to Deal’ Contracts With Cinemas Not Abuse, Says India’s Competition Watchdog",https://www.medianama.com/2026/03/223-bookmyshows-exclusive-refusal-deal-contracts-cinemas-not-abuse-says-indias-competition-watchdog/,illegal loan app,Online Lending and Loan App Fraud,Loan App Fraud,THIRD-PARTY,NA-14743.txt,Keyword matched: illegal loan app
NA-14744,01-04-2026,Soubhik Sarkar,Medianama,medianama.com,21-11-2025,Can The DPDP Act Protect Citizens From CCTV Surveillance?,https://www.medianama.com/2025/11/223-dpdp-act-citizens-cctv-surveillance/,illegal loan app,Online Lending and Loan App Fraud,Loan App Fraud,VICTIM,NA-14744.txt,Keyword matched: illegal loan app
NA-14745,01-04-2026,Soubhik Sarkar,Medianama,medianama.com,27-08-2025,"Google to Ban Android APK Sideloading, Sparking Criticism Over User Choice and Developer Freedom",https://www.medianama.com/2025/08/223-google-blocks-android-apk-sideloading-2026/,illegal loan app,Online Lending and Loan App Fraud,Loan App Fraud,THIRD-PARTY,NA-14745.txt,Keyword matched: illegal loan app
NA-14746,01-04-2026,Soubhik Sarkar,Medianama,medianama.com,20-12-2024,"Indian Govt Releases Draft Bill To Ban Unregulated Lending: Jail Terms, Fines Outlined",https://www.medianama.com/2024/12/223-indian-govt-releases-draft-bill-ban-unregulated-lending-jail-term-fines/,illegal loan app,Online Lending and Loan App Fraud,Loan App Fraud,THIRD-PARTY,NA-14746.txt,Keyword matched: illegal loan app
NA-14747,01-04-2026,Soubhik Sarkar,Medianama,medianama.com,05-12-2024,"Centre Blocked 692 Gambling Sites Between 2022-2024, Says MoS IT in Lok Sabha",https://www.medianama.com/2024/12/223-centre-blocked-692-gambling-sites-2022-2024/,illegal loan app,Online Lending and Loan App Fraud,Loan App Fraud,NEAR-MISS,NA-14747.txt,Keyword matched: illegal loan app
NA-14748,01-04-2026,Soubhik Sarkar,Medianama,medianama.com,28-10-2024,Centre says 95% of Rural Indian Land Records Digitised,https://www.medianama.com/2024/10/223-government-95-percent-rural-indian-land-records-digitised/,illegal loan app,Online Lending and Loan App Fraud,Loan App Fraud,THIRD-PARTY,NA-14748.txt,Keyword matched: illegal loan app
NA-14749,01-04-2026,Soubhik Sarkar,Medianama,medianama.com,30-10-2023,Only certain apps can access user photo library under new Google Play policy,https://www.medianama.com/2023/10/223-google-play-restrictions-photos-videos-access/,loan app blackmail,Online Lending and Loan App Fraud,Loan App Extortion,THIRD-PARTY,NA-14749.txt,Keyword matched: loan app blackmail
NA-14750,01-04-2026,Soubhik Sarkar,Medianama,medianama.com,09-05-2023,RBI refuses to share whitelist of digital lending apps citing confidentiality: RTI,https://www.medianama.com/2023/05/223-rbi-whitelist-digital-lending-apps-rti/,loan app blackmail,Online Lending and Loan App Fraud,Loan App Extortion,THIRD-PARTY,NA-14750.txt,Keyword matched: loan app blackmail
NA-14751,01-04-2026,Soubhik Sarkar,Medianama,medianama.com,27-02-2023,Google refused to share details of lending app that blackmailed borrowers: Chennai police,https://www.medianama.com/2023/02/223-google-lending-app-wonder-loan/,loan app blackmail,Online Lending and Loan App Fraud,Loan App Extortion,THIRD-PARTY,NA-14751.txt,Keyword matched: loan app blackmail
NA-14752,01-04-2026,Soubhik Sarkar,Medianama,medianama.com,21-03-2024,New US Legislation Targets Data Brokers’ Transactions with Adversary Nations,https://www.medianama.com/2024/03/223-new-us-legislation-targets-data-brokers-transactions-adversary-nations/,loan app blackmail,Online Lending and Loan App Fraud,Loan App Extortion,THIRD-PARTY,NA-14752.txt,Keyword matched: loan app blackmail
NA-14753,01-04-2026,Soubhik Sarkar,Medianama,medianama.com,04-08-2023,"Fifteen major concerns with India’s Digital Personal Data Protection Bill, 2023",https://www.medianama.com/2023/08/223-major-concerns-india-data-protection-bill-2023-2/,loan app blackmail,Online Lending and Loan App Fraud,Loan App Extortion,VICTIM,NA-14753.txt,Keyword matched: loan app blackmail
NA-14754,01-04-2026,Soubhik Sarkar,Medianama,medianama.com,19-08-2024,Delhi High Court Ruling on App Ban in Kashmir Raises Concerns Over Legal Precedents,https://www.medianama.com/2024/08/223-delhi-hc-briar-app-ban-jammu-kashmir-national-security/,loan app threat,Online Lending and Loan App Fraud,Loan App Extortion,THIRD-PARTY,NA-14754.txt,Keyword matched: loan app threat
NA-14755,01-04-2026,Soubhik Sarkar,Medianama,medianama.com,12-09-2023,“Counting on Judges to Support Libraries”: Internet Archive Appeals Verdict Against its Open Library,https://www.medianama.com/2023/09/223-libraries-internet-archive-appeals-open-library/,loan app threat,Online Lending and Loan App Fraud,Loan App Extortion,THIRD-PARTY,NA-14755.txt,Keyword matched: loan app threat
NA-14756,01-04-2026,Soubhik Sarkar,Medianama,medianama.com,11-03-2022,"tl;dr Twitter builds site on Tor, Google buys Mandiant, CCI clears Amazon’s purchase, Gig app collects data for US Military, and more",https://www.medianama.com/2022/03/223-tldr-twitter-tor-google-mandiant-cci-amazon-hyderabad-police-2/,loan app threat,Online Lending and Loan App Fraud,Loan App Extortion,THIRD-PARTY,NA-14756.txt,Keyword matched: loan app threat
NA-14757,01-04-2026,Soubhik Sarkar,Medianama,medianama.com,10-02-2021,"RBI received 1,500 complaints against digital loan apps, over 100,000 digital transactions complaints",https://www.medianama.com/2021/02/223-rbi-received-1500-complaints-digital-loan-apps-2/,loan app threat,Online Lending and Loan App Fraud,Loan App Extortion,THIRD-PARTY,NA-14757.txt,Keyword matched: loan app threat
NA-14758,01-04-2026,Soubhik Sarkar,Medianama,medianama.com,02-02-2021,#NAMA: Does Artificial Intelligence threaten privacy? Do the government’s data protection laws have adequate safeguards?,https://www.medianama.com/2021/02/223-nama-artificial-intelligence-threaten-privacy-data-protection-3/,loan app threat,Online Lending and Loan App Fraud,Loan App Extortion,THIRD-PARTY,NA-14758.txt,Keyword matched: loan app threat
NA-14759,01-04-2026,Soubhik Sarkar,Medianama,medianama.com,19-08-2019,"85 adware apps removed from Google Play Store, but after being downloaded over 8 million times",https://www.medianama.com/2019/08/223-85-adware-apps-removed-google-play-store-3/,loan app threat,Online Lending and Loan App Fraud,Loan App Extortion,THIRD-PARTY,NA-14759.txt,Keyword matched: loan app threat
NA-14760,01-04-2026,Soubhik Sarkar,Medianama,medianama.com,16-07-2019,More than 150 fake Jio apps on Play Store deliver ads under the garb of free data,https://www.medianama.com/2019/07/223-more-than-150-fake-jio-apps-on-play-store-deliver-ads-under-the-garb-of-free-data/,loan app threat,Online Lending and Loan App Fraud,Loan App Extortion,THIRD-PARTY,NA-14760.txt,Keyword matched: loan app threat
NA-14761,01-04-2026,Soubhik Sarkar,Medianama,medianama.com,29-01-2026,Consumer And Pricing Data Gives Us An Edge Over LLMs: CarTrade Founder,https://www.medianama.com/2026/01/223-cartrade-data-edge-over-llms-ai-search/,loan app threat,Online Lending and Loan App Fraud,Loan App Extortion,THIRD-PARTY,NA-14761.txt,Keyword matched: loan app threat
NA-14762,01-04-2026,Soubhik Sarkar,Medianama,medianama.com,04-09-2025,Logistics Firm LEAP India’s IPO Filing Reveals Heavy Reliance on Pallet Pooling Revenue,https://www.medianama.com/2025/09/223-leap-india-rs-2400-crore-ipo/,loan app threat,Online Lending and Loan App Fraud,Loan App Extortion,NEAR-MISS,NA-14762.txt,Keyword matched: loan app threat
NA-14763,01-04-2026,Soubhik Sarkar,Medianama,medianama.com,14-08-2025,"India’s First AI Unicorn Fractal Analytics Files for Rs 4900 Cr IPO to Scale AI, Debt Repayment",https://www.medianama.com/2025/08/223-india-ai-unicorn-fractal-analytics-rs-4900-cr-ipo/,loan app threat,Online Lending and Loan App Fraud,Loan App Extortion,THIRD-PARTY,NA-14763.txt,Keyword matched: loan app threat
NA-14764,01-04-2026,Soubhik Sarkar,Medianama,medianama.com,05-03-2025,"Delhi HC Blocks Site Leaking Niva Bupa Data, Asks Authority to Disclose Hacker’s Details",https://www.medianama.com/2025/03/223-delhi-hc-blocks-site-leaking-niva-bupa-data-asks-authority-to-disclose-hackers-details/,loan app threat,Online Lending and Loan App Fraud,Loan App Extortion,THIRD-PARTY,NA-14764.txt,Keyword matched: loan app threat
NA-14765,01-04-2026,Soubhik Sarkar,Medianama,medianama.com,03-03-2025,"Google to Use Satellite Imagery for AgriStack, But Land Rights and Data Concerns Loom",https://www.medianama.com/2025/03/223-google-to-use-satellite-imagery-for-agristack/,loan app threat,Online Lending and Loan App Fraud,Loan App Extortion,THIRD-PARTY,NA-14765.txt,Keyword matched: loan app threat
NA-14766,01-04-2026,Soubhik Sarkar,Medianama,medianama.com,04-11-2024,Centre Launches Namo Drone Didi Scheme Guidelines,https://www.medianama.com/2024/11/223-centre-launches-namo-drone-didi-scheme-guidelines/,loan app threat,Online Lending and Loan App Fraud,Loan App Extortion,THIRD-PARTY,NA-14766.txt,Keyword matched: loan app threat
NA-14767,01-04-2026,Soubhik Sarkar,Medianama,medianama.com,05-08-2024,RBI currency and finance report underlines the necessity of regulatory alignment of fintech and banks,https://www.medianama.com/2024/08/223-rbi-currency-and-finance-report-underlines-the-necessity-of-regulatory-alignment-of-fintech-and-banks/,loan app threat,Online Lending and Loan App Fraud,Loan App Extortion,THIRD-PARTY,NA-14767.txt,Keyword matched: loan app threat
NA-14768,01-04-2026,Soubhik Sarkar,Medianama,medianama.com,02-08-2024,RBI Warns of Big Tech Dominance and Risks of AI Deployment in Financial Market,https://www.medianama.com/2024/08/223-big-tech-companies-dominate-ai-adversely-affect-job-market-rbi/,loan app threat,Online Lending and Loan App Fraud,Loan App Extortion,THIRD-PARTY,NA-14768.txt,Keyword matched: loan app threat
NA-14769,01-04-2026,Soubhik Sarkar,Medianama,medianama.com,02-08-2024,Ola Electric Aims to Raise Rs 5500 Crore from IPO; Highlights Supply Chain Risks and Reliance on Subsidies,https://www.medianama.com/2024/08/223-ola-electric-targets-rs-5500-crore-ipo/,loan app threat,Online Lending and Loan App Fraud,Loan App Extortion,NEAR-MISS,NA-14769.txt,Keyword matched: loan app threat
NA-14770,01-04-2026,Soubhik Sarkar,Medianama,medianama.com,08-07-2024,Deep Dive: The Internet Archive Lawsuit And Its Impact on Digital Libraries,https://www.medianama.com/2024/07/223-deep-dive-the-internet-archive-lawsuit-and-its-impact-on-digital-libraries/,loan app threat,Online Lending and Loan App Fraud,Loan App Extortion,THIRD-PARTY,NA-14770.txt,Keyword matched: loan app threat
NA-14771,01-04-2026,Soubhik Sarkar,Medianama,medianama.com,09-04-2024,U.S. Offers $6.6 Billion Fund to Taiwan Semiconductor Manufacturing Company for Arizona Chip Plant Expansion,https://www.medianama.com/2024/04/223-us-tsmc-arizona-semiconductor-plant-expansion/,loan app threat,Online Lending and Loan App Fraud,Loan App Extortion,THIRD-PARTY,NA-14771.txt,Keyword matched: loan app threat
NA-14772,01-04-2026,Soubhik Sarkar,Medianama,medianama.com,14-11-2023,“Our Plan Is Not To Shut Down”: Pillup Founder Ankur Solanki Explores Regulations the E-Pharma Sector Needs,https://www.medianama.com/2023/11/223-interview-pillup-ankur-solanki-e-pharma-regulations-2/,loan app threat,Online Lending and Loan App Fraud,Loan App Extortion,THIRD-PARTY,NA-14772.txt,Keyword matched: loan app threat
NA-14773,01-04-2026,Soubhik Sarkar,Medianama,medianama.com,25-08-2023,Special Newsletter: MarketsNama—August Edition,https://www.medianama.com/2023/08/223-special-newsletter-marketsnama-august-edition/,loan app threat,Online Lending and Loan App Fraud,Loan App Extortion,THIRD-PARTY,NA-14773.txt,Keyword matched: loan app threat
NA-14774,01-04-2026,Soubhik Sarkar,Medianama,medianama.com,18-08-2023,"Walmart Earnings: US giant confident about future of Flipkart, Myntra, Phonepe",https://www.medianama.com/2023/08/223-walmart-earnings-flipkart-phonepe-myntra-2/,loan app threat,Online Lending and Loan App Fraud,Loan App Extortion,THIRD-PARTY,NA-14774.txt,Keyword matched: loan app threat
NA-14775,01-04-2026,Soubhik Sarkar,Medianama,medianama.com,03-08-2023,"How India’s Digital Personal Data Protection Bill, 2023, deals with Cross-Border Transfers of Personal Data",https://www.medianama.com/2023/08/223-dpdp-bill-2023-cross-border-data-flow/,loan app threat,Online Lending and Loan App Fraud,Loan App Extortion,THIRD-PARTY,NA-14775.txt,Keyword matched: loan app threat
NA-14776,01-04-2026,Soubhik Sarkar,Medianama,medianama.com,03-08-2023,"Summary: India’s Digital Personal Data Protection (DPDP) Act, 2023",https://www.medianama.com/2023/08/223-summary-india-digital-personal-data-protection-bill-2023/,loan app threat,Online Lending and Loan App Fraud,Loan App Extortion,THIRD-PARTY,NA-14776.txt,Keyword matched: loan app threat
NA-14777,01-04-2026,Soubhik Sarkar,Medianama,medianama.com,08-10-2016,Top 10 stories of the week: October 03rd to October 09th 2016,https://www.medianama.com/2016/10/223-top-10-stories-week-october-03rd-october-09th-2016/,morphed photos loan,Online Lending and Loan App Fraud,Loan App Extortion,THIRD-PARTY,NA-14777.txt,Keyword matched: morphed photos loan
NA-14778,01-04-2026,Soubhik Sarkar,Medianama,medianama.com,21-07-2021,"Swiggy completes $1.25 billion funding round, shifts focus to non-food businesses",https://www.medianama.com/2021/07/223-swiggy-funding-softbank-prosus-3/,recovery agent threat,Online Lending and Loan App Fraud,Loan App Extortion,THIRD-PARTY,NA-14778.txt,Keyword matched: recovery agent threat
NA-14779,01-04-2026,Soubhik Sarkar,Medianama,medianama.com,19-06-2019,NY-based company’s confidential data compromised in Mumbai: Report,https://www.medianama.com/2019/06/223-ny-based-companys-confidential-data-compromised-in-mumbai-report/,recovery agent threat,Online Lending and Loan App Fraud,Loan App Extortion,THIRD-PARTY,NA-14779.txt,Keyword matched: recovery agent threat
NA-14780,01-04-2026,Soubhik Sarkar,Medianama,medianama.com,26-04-2019,Digital and card payments accounted for 28% of complaints to banking ombudsman in 2017-18,https://www.medianama.com/2019/04/223-digital-and-card-payments-accounted-for-28-of-complaints-to-banking-ombudsman-in-2017-18-2/,recovery agent threat,Online Lending and Loan App Fraud,Loan App Extortion,THIRD-PARTY,NA-14780.txt,Keyword matched: recovery agent threat
NA-14781,01-04-2026,Soubhik Sarkar,Medianama,medianama.com,22-02-2021,SEBI tells promoters to square crypto-currency investment before IPO,https://www.medianama.com/2021/02/223-sebi-cryptocurrency-ipo-4/,investment scam,Investment and Trading Fraud,Investment Scam,THIRD-PARTY,NA-14781.txt,Keyword matched: investment scam
NA-14782,01-04-2026,Soubhik Sarkar,Medianama,medianama.com,03-10-2013,2G Scam: Loop Investor KHML Files $1.4B Intl Arbitration Case Against Indian Govt,https://www.medianama.com/2013/10/223-2g-scam-loop-investor-khml-1-4b-intl-arbitration-case-against-indian-govt/,investment scam,Investment and Trading Fraud,Investment Scam,THIRD-PARTY,NA-14782.txt,Keyword matched: investment scam
NA-14783,01-04-2026,Soubhik Sarkar,Medianama,medianama.com,18-06-2012,MTS India To Discontinue Its Investment In Voice Business,https://www.medianama.com/2012/06/223-mts-india-to-discontinue-its-investment-in-voice-business/,investment scam,Investment and Trading Fraud,Investment Scam,THIRD-PARTY,NA-14783.txt,Keyword matched: investment scam
NA-14784,01-04-2026,Soubhik Sarkar,Medianama,medianama.com,22-02-2012,"2G Scam Digest: DoT, S Tel, Idea Cellular, Loop Telecom, Essar Group",https://www.medianama.com/2012/02/223-2g-scam-digest-dot-s-tel-idea-cellular-loop-telecom-essar-group/,investment scam,Investment and Trading Fraud,Investment Scam,THIRD-PARTY,NA-14784.txt,Keyword matched: investment scam
NA-14785,01-04-2026,Soubhik Sarkar,Medianama,medianama.com,10-02-2012,2G Scam Verdict: Etisalat Writes Of $827 Million As Impairment Charge,https://www.medianama.com/2012/02/223-2g-scam-verdict-etisalat-writes-of-827-million-as-impairment-charge/,investment scam,Investment and Trading Fraud,Investment Scam,THIRD-PARTY,NA-14785.txt,Keyword matched: investment scam
NA-14786,01-04-2026,Soubhik Sarkar,Medianama,medianama.com,03-10-2011,"News Digest: 2G Scam, BSNL, Nokia, Walmart, Milestone Interactive & More",https://www.medianama.com/2011/10/223-news-digest-2g-scam-bsnl-nokia-walmart-milestone-interactive-more/,investment scam,Investment and Trading Fraud,Investment Scam,THIRD-PARTY,NA-14786.txt,Keyword matched: investment scam
NA-14787,01-04-2026,Soubhik Sarkar,Medianama,medianama.com,15-04-2020,FBI warns people of surge in cryptocurrency-related fraud during COVID-19,https://www.medianama.com/2020/04/223-fbi-cryptocurrency-fraud-surge/,investment scam,Investment and Trading Fraud,Investment Scam,THIRD-PARTY,NA-14787.txt,Keyword matched: investment scam
NA-14788,01-04-2026,Soubhik Sarkar,Medianama,medianama.com,26-03-2026,"SEBI asks Google to verify stock trading apps, use AI to track finfluencers",https://www.medianama.com/2026/03/223-sebi-google-verify-stock-trading-apps-use-ai-track-finfluencers/,investment scam,Investment and Trading Fraud,Investment Scam,THIRD-PARTY,NA-14788.txt,Keyword matched: investment scam
NA-14789,01-04-2026,Soubhik Sarkar,Medianama,medianama.com,31-12-2025,Meta Expands AI Portfolio As It Acquires Agentic AI Company Manus,https://www.medianama.com/2025/12/223-meta-ai-portfolio-agentic-ai-company-manus/,investment scam,Investment and Trading Fraud,Investment Scam,THIRD-PARTY,NA-14789.txt,Keyword matched: investment scam
NA-14790,01-04-2026,Soubhik Sarkar,Medianama,medianama.com,04-12-2025,Ola Pauses Food Delivery Business Again: What Does This Mean?,https://www.medianama.com/2025/12/223-ola-food-delivery-business-accountability-ondc/,investment scam,Investment and Trading Fraud,Investment Scam,THIRD-PARTY,NA-14790.txt,Keyword matched: investment scam
NA-14791,01-04-2026,Soubhik Sarkar,Medianama,medianama.com,02-09-2025,"EaseMyTrip’s Future Uncertain as Leadership Resigns, Revenues Plunge 19%, and Stock Price Falls 96%",https://www.medianama.com/2025/09/223-easemytrip-prashant-pitti-resigns-md/,investment scam,Investment and Trading Fraud,Investment Scam,NEAR-MISS,NA-14791.txt,Keyword matched: investment scam
NA-14792,01-04-2026,Soubhik Sarkar,Medianama,medianama.com,18-08-2025,Parliamentary Standing Committee on Finance to Study Virtual Digital Assets,https://www.medianama.com/2025/08/223-parliamentary-standing-committee-on-finance-to-study-virtual-digital-assets/,investment scam,Investment and Trading Fraud,Investment Scam,THIRD-PARTY,NA-14792.txt,Keyword matched: investment scam
NA-14793,01-04-2026,Soubhik Sarkar,Medianama,medianama.com,02-01-2018,MediaNama’s take on the Finance ministry likening Bitcoin trading to a Ponzi scheme,https://www.medianama.com/2018/01/223-bitcoin-warning-ministry-of-finance-india-ponzi-scheme-2/,Ponzi scheme,Investment and Trading Fraud,Investment Scam,THIRD-PARTY,NA-14793.txt,Keyword matched: Ponzi scheme
NA-14794,01-04-2026,Soubhik Sarkar,Medianama,medianama.com,20-02-2024,EGI Seeks Journalistic Exemption in India’s New Data Protection Act,https://www.medianama.com/2024/02/223-editors-urges-ministry-exempt-journalists-provisions-data-protection-act-2/,Ponzi scheme,Investment and Trading Fraud,Investment Scam,THIRD-PARTY,NA-14794.txt,Keyword matched: Ponzi scheme
NA-14795,01-04-2026,Soubhik Sarkar,Medianama,medianama.com,22-12-2022,"Private cryptocurrency will trigger the “next financial crisis”, says Indian central bank’s governor",https://www.medianama.com/2022/12/223-rbi-governor-private-crypto-next-financial-crisis/,Ponzi scheme,Investment and Trading Fraud,Investment Scam,THIRD-PARTY,NA-14795.txt,Keyword matched: Ponzi scheme
NA-14796,01-04-2026,Soubhik Sarkar,Medianama,medianama.com,20-12-2022,“Someone doesn’t care enough to give us a proper data protection bill”: Alok Prasanna Kumar of Vidhi Centre,https://www.medianama.com/2022/12/223-dpdp-bill-2022-alokk-prasanna-kumar-data-protection-board-3/,Ponzi scheme,Investment and Trading Fraud,Investment Scam,THIRD-PARTY,NA-14796.txt,Keyword matched: Ponzi scheme
NA-14797,01-04-2026,Soubhik Sarkar,Medianama,medianama.com,21-03-2022,The legal anatomy of cryptocurrency regulation in India,https://www.medianama.com/2022/03/223-cryptocurrency-regulation-india-legal-anatomy-2/,Ponzi scheme,Investment and Trading Fraud,Investment Scam,THIRD-PARTY,NA-14797.txt,Keyword matched: Ponzi scheme
NA-14798,01-04-2026,Soubhik Sarkar,Medianama,medianama.com,17-02-2022,"NYSE files trademark to build an exchange for all things crypto, NFTs, and metaverse",https://www.medianama.com/2022/02/223-nyse-trademark-crypto-nft-exchange/,Ponzi scheme,Investment and Trading Fraud,Investment Scam,THIRD-PARTY,NA-14798.txt,Keyword matched: Ponzi scheme
NA-14799,01-04-2026,Soubhik Sarkar,Medianama,medianama.com,15-02-2022,India’s most advisable option for dealing with cryptocurrencies is to ban them: RBI Deputy Governor,https://www.medianama.com/2022/02/223-crypto-ban-rbi-deputy-governor-speech-2/,Ponzi scheme,Investment and Trading Fraud,Investment Scam,THIRD-PARTY,NA-14799.txt,Keyword matched: Ponzi scheme
NA-14800,01-04-2026,Soubhik Sarkar,Medianama,medianama.com,17-11-2021,PIL in Bombay HC over lack of grievance redressal mechanism by crypto exchanges,https://www.medianama.com/2021/11/223-cryptocurrency-exchanges-regulation-pil-bombay-hc/,Ponzi scheme,Investment and Trading Fraud,Investment Scam,VICTIM,NA-14800.txt,Keyword matched: Ponzi scheme
NA-14801,01-04-2026,Soubhik Sarkar,Medianama,medianama.com,01-06-2021,On the chaotic status of cryptocurrencies in India: how did we get here?,https://www.medianama.com/2021/06/223-crypto-currencies-chaos-rbi-ipl-exchange-india/,Ponzi scheme,Investment and Trading Fraud,Investment Scam,THIRD-PARTY,NA-14801.txt,Keyword matched: Ponzi scheme
NA-14802,01-04-2026,Soubhik Sarkar,Medianama,medianama.com,22-03-2021,Government wants to block IP addresses of crypto-exchanges post moratorium: Report,https://www.medianama.com/2021/03/223-goverment-block-ip-crypto-3/,Ponzi scheme,Investment and Trading Fraud,Investment Scam,NEAR-MISS,NA-14802.txt,Keyword matched: Ponzi scheme
NA-14803,01-04-2026,Soubhik Sarkar,Medianama,medianama.com,17-03-2021,"Interview: ‘Bitcoins will be used by sovereigns in the future’ – Rahul Pagidipati, ZebPay",https://www.medianama.com/2021/03/223-zebpay-bitcoin-cryptos-interview/,Ponzi scheme,Investment and Trading Fraud,Investment Scam,NEAR-MISS,NA-14803.txt,Keyword matched: Ponzi scheme
NA-14804,01-04-2026,Soubhik Sarkar,Medianama,medianama.com,23-11-2020,"Delhi HC orders removal of tweets, video about WhiteHat Jr in defamation suit: Report",https://www.medianama.com/2020/11/223-delhi-hc-whitehat-injunction/,Ponzi scheme,Investment and Trading Fraud,Investment Scam,THIRD-PARTY,NA-14804.txt,Keyword matched: Ponzi scheme
NA-14805,01-04-2026,Soubhik Sarkar,Medianama,medianama.com,03-06-2020,WhatsApp questions the suitability of petitioner who filed a PIL against WhatsApp Pay,https://www.medianama.com/2020/06/223-whatsapp-pay-affidavit-good-governance-chambers/,Ponzi scheme,Investment and Trading Fraud,Investment Scam,THIRD-PARTY,NA-14805.txt,Keyword matched: Ponzi scheme
NA-14806,01-04-2026,Soubhik Sarkar,Medianama,medianama.com,10-09-2019,#NAMABootcamp: Timeline of Cryptocurrency Regulation in India,https://www.medianama.com/2019/09/223-timeline-of-cryptocurrency-regulation-in-india/,Ponzi scheme,Investment and Trading Fraud,Investment Scam,THIRD-PARTY,NA-14806.txt,Keyword matched: Ponzi scheme
NA-14807,01-04-2026,Soubhik Sarkar,Medianama,medianama.com,27-05-2019,"Facebook planning to launch its own cryptocurrency, GlobalCoin, by 2020: report",https://www.medianama.com/2019/05/223-facebook-planning-to-launch-its-own-cryptocurrency-globalcoin-by-2020-report/,Ponzi scheme,Investment and Trading Fraud,Investment Scam,THIRD-PARTY,NA-14807.txt,Keyword matched: Ponzi scheme
NA-14808,01-04-2026,Soubhik Sarkar,Medianama,medianama.com,01-04-2019,Pakistan shuts down nine firms dealing in cryptocurrency,https://www.medianama.com/2019/04/223-pakistan-shuts-down-nine-firms-dealing-in-cryptocurrency-2/,Ponzi scheme,Investment and Trading Fraud,Investment Scam,THIRD-PARTY,NA-14808.txt,Keyword matched: Ponzi scheme
NA-14809,01-04-2026,Soubhik Sarkar,Medianama,medianama.com,27-06-2018,Facebook partially reverses cryptocurrency ad ban,https://www.medianama.com/2018/06/223-facebook-partially-reverses-cryptocurrency-ad-ban/,Ponzi scheme,Investment and Trading Fraud,Investment Scam,NEAR-MISS,NA-14809.txt,Keyword matched: Ponzi scheme
NA-14810,01-04-2026,Soubhik Sarkar,Medianama,medianama.com,05-04-2018,RBI issues directive banning regulated enties from dealing with cryptocurrencies,https://www.medianama.com/2018/04/223-rbi-cryptocurrencies-ban/,Ponzi scheme,Investment and Trading Fraud,Investment Scam,THIRD-PARTY,NA-14810.txt,Keyword matched: Ponzi scheme
NA-14811,01-04-2026,Soubhik Sarkar,Medianama,medianama.com,14-03-2018,"HDFC, Citi Bank cards block purchasing of cryptocurrencies like bitcoins",https://www.medianama.com/2018/03/223-hdfc-citi-bank-cryptocurrencies-bitcoins-blocked/,Ponzi scheme,Investment and Trading Fraud,Investment Scam,THIRD-PARTY,NA-14811.txt,Keyword matched: Ponzi scheme
NA-14812,01-04-2026,Soubhik Sarkar,Medianama,medianama.com,16-02-2018,Hidden code for cryptomining discovered in 19 Google Play apps,https://www.medianama.com/2018/02/223-hidden-code-cryptomining-discovered-19-google-play-apps/,Ponzi scheme,Investment and Trading Fraud,Investment Scam,NEAR-MISS,NA-14812.txt,Keyword matched: Ponzi scheme
NA-14813,01-04-2026,Soubhik Sarkar,Medianama,medianama.com,01-02-2018,Budget 2018-19: How digital payments and cryptocurrencies are affected,https://www.medianama.com/2018/02/223-budget-2018-19-digital-payments-and-cryptocurrencies/,Ponzi scheme,Investment and Trading Fraud,Investment Scam,THIRD-PARTY,NA-14813.txt,Keyword matched: Ponzi scheme
NA-14814,01-04-2026,Soubhik Sarkar,Medianama,medianama.com,20-12-2013,"Yahoo India 2013 Trends: Sunny Leone, Narendra Modi, Raghuram Rajan, Virat Kohli",https://www.medianama.com/2013/12/223-yahoo-india-2013-trends/,Ponzi scheme,Investment and Trading Fraud,Investment Scam,THIRD-PARTY,NA-14814.txt,Keyword matched: Ponzi scheme
NA-14815,01-04-2026,Soubhik Sarkar,Medianama,medianama.com,12-04-2024,Delhi High Court Orders ‘Tata Restart’ Website Takedown for Trademark Infringement,https://www.medianama.com/2024/04/223-delhi-high-court-orders-tata-restart-website-takedown-for-trademark-infringement/,Ponzi scheme,Investment and Trading Fraud,Investment Scam,THIRD-PARTY,NA-14815.txt,Keyword matched: Ponzi scheme
NA-14816,01-04-2026,Soubhik Sarkar,Medianama,medianama.com,24-04-2023,"No plans to regulate financial influencers, but citizens must exercise strong caution: Nirmala Sitharaman",https://www.medianama.com/2023/04/223-financial-influencers-regulation-no-plans-3/,Ponzi scheme,Investment and Trading Fraud,Investment Scam,THIRD-PARTY,NA-14816.txt,Keyword matched: Ponzi scheme
NA-14817,01-04-2026,Soubhik Sarkar,Medianama,medianama.com,08-07-2019,"Facebook’s Libra cryptocurrency is a ‘useful wake-up call’ for regulators, says European Central Bank policymaker",https://www.medianama.com/2019/07/223-facebooks-libra-cryptocurrency-is-a-useful-wake-up-call-for-regulators-says-european-central-bank-policymaker/,Ponzi scheme,Investment and Trading Fraud,Investment Scam,THIRD-PARTY,NA-14817.txt,Keyword matched: Ponzi scheme
NA-14818,01-04-2026,Soubhik Sarkar,Medianama,medianama.com,12-04-2022,Why India should regulate online gaming sector with a uniform policy instead of banning it,https://www.medianama.com/2022/04/223-india-online-gaming-regulations-aigf-panel-discussion/,online investment fraud,Investment and Trading Fraud,Investment Scam,THIRD-PARTY,NA-14818.txt,Keyword matched: online investment fraud
NA-14819,01-04-2026,Soubhik Sarkar,Medianama,medianama.com,16-01-2019,Shashi Tharoor introduces bill to regulate the online gambling; what about regulating promotions?,https://www.medianama.com/2019/01/223-shashi-tharoor-introduces-bill-to-regulate-the-online-gambling-what-about-regulating-promotions/,online investment fraud,Investment and Trading Fraud,Investment Scam,THIRD-PARTY,NA-14819.txt,Keyword matched: online investment fraud
NA-14820,01-04-2026,Soubhik Sarkar,Medianama,medianama.com,10-10-2016,SEBI paper wants to curb stock tips on social media and online games,https://www.medianama.com/2016/10/223-sebi-social-media-stock-tips/,online investment fraud,Investment and Trading Fraud,Investment Scam,THIRD-PARTY,NA-14820.txt,Keyword matched: online investment fraud
NA-14821,01-04-2026,Soubhik Sarkar,Medianama,medianama.com,01-12-2014,India finalizes guidelines for online bill payment system for repetitive payments,https://www.medianama.com/2014/12/223-bharat-bill-payment-system-india/,online investment fraud,Investment and Trading Fraud,Investment Scam,THIRD-PARTY,NA-14821.txt,Keyword matched: online investment fraud
NA-14822,01-04-2026,Soubhik Sarkar,Medianama,medianama.com,04-05-2012,On Google’s New Metrics For Online Ads,https://www.medianama.com/2012/05/223-on-googles-new-metrics-for-online-ads/,online investment fraud,Investment and Trading Fraud,Investment Scam,NEAR-MISS,NA-14822.txt,Keyword matched: online investment fraud
NA-14823,01-04-2026,Soubhik Sarkar,Medianama,medianama.com,19-08-2011,"E-commerce Valuations In India: The Burn Will Hit You, Not The Fraud",https://www.medianama.com/2011/08/223-e-commerce-valuations-in-india-the-burn-will-hit-you-not-the-fraud-2/,online investment fraud,Investment and Trading Fraud,Investment Scam,NEAR-MISS,NA-14823.txt,Keyword matched: online investment fraud
NA-14824,01-04-2026,Soubhik Sarkar,Medianama,medianama.com,02-02-2026,"Meesho Absorbs Losses to Build Internal Logistics, Eyes Ad-Led Growth: Q3FY26 Earnings",https://www.medianama.com/2026/02/223-meesho-losses-internal-logistics-ad-led-growth-q3fy26-earnings/,online investment fraud,Investment and Trading Fraud,Investment Scam,THIRD-PARTY,NA-14824.txt,Keyword matched: online investment fraud
NA-14825,01-04-2026,Soubhik Sarkar,Medianama,medianama.com,12-12-2025,ED Attaches Over Rs 117 Cr Properties in Money Laundering Case Against Opinion Trading Firm Probo,https://www.medianama.com/2025/12/223-ed-117-cr-properties-money-laundering-opinion-trading-probo/,online investment fraud,Investment and Trading Fraud,Investment Scam,VICTIM,NA-14825.txt,Keyword matched: online investment fraud
NA-14826,01-04-2026,Soubhik Sarkar,Medianama,medianama.com,23-09-2025,Are Offshore Platforms A Bigger Problem Than India’s RMG Sector? #NAMA,https://www.medianama.com/2025/09/223-offshore-platforms-bigger-problem-indias-rmg-sector-nama/,online investment fraud,Investment and Trading Fraud,Investment Scam,NEAR-MISS,NA-14826.txt,Keyword matched: online investment fraud
NA-14827,01-04-2026,Soubhik Sarkar,Medianama,medianama.com,26-06-2025,Are YouTube’s content takedowns in accordance with Indian law?,https://www.medianama.com/2025/06/223-youtube-content-takedowns-indian-law/,online investment fraud,Investment and Trading Fraud,Investment Scam,NEAR-MISS,NA-14827.txt,Keyword matched: online investment fraud
NA-14828,01-04-2026,Soubhik Sarkar,Medianama,medianama.com,30-04-2025,Betting or Trading? SEBI Warns Investors That Opinion Trading Apps Mimic Stock Platforms Without Oversight,https://www.medianama.com/2025/04/223-sebi-opinion-trading-apps-unregulated-warns-investors/,online investment fraud,Investment and Trading Fraud,Investment Scam,THIRD-PARTY,NA-14828.txt,Keyword matched: online investment fraud
NA-14829,01-04-2026,Soubhik Sarkar,Medianama,medianama.com,03-04-2025,Does Maharashtra Need a Separate Cybersecurity Corporation When a Cyber Cell Exists?,https://www.medianama.com/2025/04/223-does-maharashtra-need-a-separate-cybersecurity-corporation-when-a-cyber-cell-exists/,online investment fraud,Investment and Trading Fraud,Investment Scam,THIRD-PARTY,NA-14829.txt,Keyword matched: online investment fraud
NA-14830,01-04-2026,Soubhik Sarkar,Medianama,medianama.com,24-03-2025,SEBI Tightens Social Media Ad Rules for Registered Intermediaries,https://www.medianama.com/2025/03/223-sebi-tightens-social-media-ad-rules-for-registered-intermediaries/,online investment fraud,Investment and Trading Fraud,Investment Scam,VICTIM,NA-14830.txt,Keyword matched: online investment fraud
NA-14831,01-04-2026,Soubhik Sarkar,Medianama,medianama.com,03-08-2020,US charges three people including minor for Twitter crypto scam,https://www.medianama.com/2020/08/223-us-twitter-hack-crypto-scam/,crypto scam,Investment and Trading Fraud,Investment Scam,THIRD-PARTY,NA-14831.txt,Keyword matched: crypto scam
NA-14832,01-04-2026,Soubhik Sarkar,Medianama,medianama.com,20-07-2020,"Twitter crypto scam: 130 accounts targeted, 45 hacked, data of 8 users downloaded",https://www.medianama.com/2020/07/223-twitter-crypto-scam-update/,crypto scam,Investment and Trading Fraud,Investment Scam,THIRD-PARTY,NA-14832.txt,Keyword matched: crypto scam
NA-14833,01-04-2026,Soubhik Sarkar,Medianama,medianama.com,22-07-2025,Government Admits No Real-Time Tracking Of Cryptocurrency Transactions In Lok Sabha,https://www.medianama.com/2025/07/223-govt-no-real-time-tracking-crypto-transactions-lok-sabha/,crypto scam,Investment and Trading Fraud,Investment Scam,THIRD-PARTY,NA-14833.txt,Keyword matched: crypto scam
NA-14834,01-04-2026,Soubhik Sarkar,Medianama,medianama.com,25-05-2023,Key Takeaways: Global securities watchdog issues recommendations on global crypto regulation,https://www.medianama.com/2023/05/223-global-securities-watchdog-recommendations-crypto-regulation/,crypto scam,Investment and Trading Fraud,Investment Scam,THIRD-PARTY,NA-14834.txt,Keyword matched: crypto scam
NA-14835,01-04-2026,Soubhik Sarkar,Medianama,medianama.com,08-08-2022,Trading in the grey: the precarious case of crypto-exchanges under e-commerce regulation,https://www.medianama.com/2022/08/223-regulating-crypto-currency-exhanges-ecommerce-rules-grey-area-2/,crypto scam,Investment and Trading Fraud,Investment Scam,THIRD-PARTY,NA-14835.txt,Keyword matched: crypto scam
NA-14836,01-04-2026,Soubhik Sarkar,Medianama,medianama.com,08-07-2022,What Are the Consumer Protection Concerns With Crypto-assets?,https://www.medianama.com/2022/07/223-addressing-the-consumer-protection-concerns-associated-with-crypto-assets/,crypto scam,Investment and Trading Fraud,Investment Scam,VICTIM,NA-14836.txt,Keyword matched: crypto scam
NA-14837,01-04-2026,Soubhik Sarkar,Medianama,medianama.com,20-04-2022,"Beware North Korean hackers targeting crypto firms, says US",https://www.medianama.com/2022/04/223-north-korean-hackers-target-crypto-firms-advisory/,crypto scam,Investment and Trading Fraud,Investment Scam,VICTIM,NA-14837.txt,Keyword matched: crypto scam
NA-14838,01-04-2026,Soubhik Sarkar,Medianama,medianama.com,13-12-2021,Russian botnet Glupteba targeted India for maliciously mining cryptocurrency: Google,https://www.medianama.com/2021/12/223-botnet-targeted-india-google-report/,crypto scam,Investment and Trading Fraud,Investment Scam,THIRD-PARTY,NA-14838.txt,Keyword matched: crypto scam
NA-14839,01-04-2026,Soubhik Sarkar,Medianama,medianama.com,21-09-2021,What does the Litecoin-Walmart Partnership Hoax tell us about the need for crypto regulations?,https://www.medianama.com/2021/09/223-litecoin-hoax-crypto-regulations/,crypto scam,Investment and Trading Fraud,Investment Scam,THIRD-PARTY,NA-14839.txt,Keyword matched: crypto scam
NA-14840,01-04-2026,Soubhik Sarkar,Medianama,medianama.com,21-08-2021,India ranks second in cryptocurrency adoption in the world: Report,https://www.medianama.com/2021/08/223-india-ranks-second-cryptocurrency-adoption-2/,crypto scam,Investment and Trading Fraud,Investment Scam,THIRD-PARTY,NA-14840.txt,Keyword matched: crypto scam
NA-14841,01-04-2026,Soubhik Sarkar,Medianama,medianama.com,25-02-2021,Unicas’ cryptocurrency based neo-bank is now in three states,https://www.medianama.com/2021/02/223-unicas-cryptocurrency-neo-bank-delhi-3/,crypto scam,Investment and Trading Fraud,Investment Scam,THIRD-PARTY,NA-14841.txt,Keyword matched: crypto scam
NA-14842,01-04-2026,Soubhik Sarkar,Medianama,medianama.com,19-02-2021,Crypto-currency trades will attract Income Tax and GST: Report,https://www.medianama.com/2021/02/223-crypto-trades-attract-income-tax-gst-4/,crypto scam,Investment and Trading Fraud,Investment Scam,THIRD-PARTY,NA-14842.txt,Keyword matched: crypto scam
NA-14843,01-04-2026,Soubhik Sarkar,Medianama,medianama.com,16-02-2021,IAMAI Questions Governments’ Pre-Emptive Ban On ‘Private’ Cryptos,https://www.medianama.com/2021/02/223-iamai-questions-government-ban-cryptos-encourages-digital-currency/,crypto scam,Investment and Trading Fraud,Investment Scam,THIRD-PARTY,NA-14843.txt,Keyword matched: crypto scam
NA-14844,01-04-2026,Soubhik Sarkar,Medianama,medianama.com,12-02-2021,"RBI Can Monitor Rupee-Crypto Transactions If Exchanges Access CBDCs, says Industry",https://www.medianama.com/2021/02/223-rbi-cbdc-monitoring-crypto-exchanges/,crypto scam,Investment and Trading Fraud,Investment Scam,THIRD-PARTY,NA-14844.txt,Keyword matched: crypto scam
NA-14845,01-04-2026,Soubhik Sarkar,Medianama,medianama.com,09-02-2021,"Crypto-currency bill being finalised, will introduce in Parliament soon, says Anurag Thakur",https://www.medianama.com/2021/02/223-crypto-currency-bill-being-finalised-will-introduce-in-parliament-soon-says-anurag-thakur/,crypto scam,Investment and Trading Fraud,Investment Scam,THIRD-PARTY,NA-14845.txt,Keyword matched: crypto scam
NA-14846,01-04-2026,Soubhik Sarkar,Medianama,medianama.com,01-02-2021,Panic grips Indian crypto-exchanges after government proposes a ban,https://www.medianama.com/2021/02/223-panic-grips-indian-crypto-exchanges/,crypto scam,Investment and Trading Fraud,Investment Scam,THIRD-PARTY,NA-14846.txt,Keyword matched: crypto scam
NA-14847,01-04-2026,Soubhik Sarkar,Medianama,medianama.com,05-03-2020,"With SC verdict, cryptocurrency exchanges in Indian begin to integrate bank services once again",https://www.medianama.com/2020/03/223-surpeme-court-rbi-cryptocurrencies-ban-2/,crypto scam,Investment and Trading Fraud,Investment Scam,THIRD-PARTY,NA-14847.txt,Keyword matched: crypto scam
NA-14848,01-04-2026,Soubhik Sarkar,Medianama,medianama.com,10-09-2019,"Everything you wanted to know about Cryptocurrencies, explained | #NAMA Bootcamp",https://www.medianama.com/2019/09/223-cryptocurrencies-explained/,crypto scam,Investment and Trading Fraud,Investment Scam,THIRD-PARTY,NA-14848.txt,Keyword matched: crypto scam
NA-14849,01-04-2026,Soubhik Sarkar,Medianama,medianama.com,09-09-2019,Ajeet Khurana explains what makes people wary of Bitcoin at #NAMABootcamp on Understanding Cryptocurrencies,https://www.medianama.com/2019/09/223-namabootcamp-cryptocurrencies-ajeet-khurana-comments/,crypto scam,Investment and Trading Fraud,Investment Scam,THIRD-PARTY,NA-14849.txt,Keyword matched: crypto scam
NA-14850,01-04-2026,Soubhik Sarkar,Medianama,medianama.com,24-07-2019,"Cryptocurrency ban bill: Finance Ministry wants to ban cryptocurrency, encourage blockchain",https://www.medianama.com/2019/07/223-cryptocurrency-ban-bill-finance-ministry-wants-to-ban-cryptocurrency-encourage-blockchain/,crypto scam,Investment and Trading Fraud,Investment Scam,THIRD-PARTY,NA-14850.txt,Keyword matched: crypto scam
NA-14851,01-04-2026,Soubhik Sarkar,Medianama,medianama.com,13-05-2019,"Facebook relaxes policy for advertising crypto news, education and events; bans ‘contract for difference’ ads",https://www.medianama.com/2019/05/223-facebook-relaxes-policy-for-advertising-crypto-news-education-and-events-bans-contract-for-difference-ads/,crypto scam,Investment and Trading Fraud,Investment Scam,THIRD-PARTY,NA-14851.txt,Keyword matched: crypto scam
NA-14852,01-04-2026,Soubhik Sarkar,Medianama,medianama.com,01-04-2019,Bing blocked more than five million crypto ads in 2018,https://www.medianama.com/2019/04/223-bing-blocked-more-than-five-million-crypto-ads-in-2018-2/,crypto scam,Investment and Trading Fraud,Investment Scam,THIRD-PARTY,NA-14852.txt,Keyword matched: crypto scam
NA-14853,01-04-2026,Soubhik Sarkar,Medianama,medianama.com,16-02-2022,"Hackers take over Sansad TV’s YouTube channel, rename it to Ethereum",https://www.medianama.com/2022/02/223-sansad-tv-youtube-channel-hacked-renamed-ethereum-2/,crypto scam,Investment and Trading Fraud,Investment Scam,THIRD-PARTY,NA-14853.txt,Keyword matched: crypto scam
NA-14854,01-04-2026,Soubhik Sarkar,Medianama,medianama.com,08-04-2025,Impersonation Crackdown: Why X Wants Labels Up Front Now,https://www.medianama.com/2025/04/223-x-parody-account-rules-2025/,crypto scam,Investment and Trading Fraud,Investment Scam,THIRD-PARTY,NA-14854.txt,Keyword matched: crypto scam
NA-14855,01-04-2026,Soubhik Sarkar,Medianama,medianama.com,27-03-2023,Summary: All you need to know about social media user complaints in January 2023,https://www.medianama.com/2023/03/223-social-media-user-complaints-january-2023-2/,crypto scam,Investment and Trading Fraud,Investment Scam,THIRD-PARTY,NA-14855.txt,Keyword matched: crypto scam
NA-14856,01-04-2026,Soubhik Sarkar,Medianama,medianama.com,25-03-2023,MediaNama Daily: Caught red-handed,https://www.medianama.com/2023/03/223-medianama-daily-caught-red-handed-3/,crypto scam,Investment and Trading Fraud,Investment Scam,THIRD-PARTY,NA-14856.txt,Keyword matched: crypto scam
NA-14857,01-04-2026,Soubhik Sarkar,Medianama,medianama.com,21-02-2023,Summary: Transparency reports show social media user complaints continue to rise,https://www.medianama.com/2023/02/223-summary-transparency-reports-social-media/,crypto scam,Investment and Trading Fraud,Investment Scam,THIRD-PARTY,NA-14857.txt,Keyword matched: crypto scam
NA-14858,01-04-2026,Soubhik Sarkar,Medianama,medianama.com,19-01-2023,"Summary: Understanding Transparency report trends for Twitter, Facebook, and others",https://www.medianama.com/2023/01/223-summary-transparency-report-twitter-google-others/,crypto scam,Investment and Trading Fraud,Investment Scam,THIRD-PARTY,NA-14858.txt,Keyword matched: crypto scam
NA-14859,01-04-2026,Soubhik Sarkar,Medianama,medianama.com,12-01-2023,Here’s everything you need to know about WazirX’s report on its Proof of Reserves,https://www.medianama.com/2023/01/223-wazirxs-report-its-proof-of-reserves/,crypto scam,Investment and Trading Fraud,Investment Scam,THIRD-PARTY,NA-14859.txt,Keyword matched: crypto scam
NA-14860,01-04-2026,Soubhik Sarkar,Medianama,medianama.com,26-12-2024,Russian Companies Reportedly Using Bitcoin In International Trade: How Would USA React?,https://www.medianama.com/2024/12/223-russia-using-bitcoin-international-trade-reports-how-would-usa-react/,bitcoin fraud,Investment and Trading Fraud,Investment Scam,THIRD-PARTY,NA-14860.txt,Keyword matched: bitcoin fraud
NA-14861,01-04-2026,Soubhik Sarkar,Medianama,medianama.com,17-12-2024,Jetking Makes Bitcoin Primary Treasury Reserve Asset; Share Prices Surge,https://www.medianama.com/2024/12/223-jetking-makes-bitcoin-primary-treasury-reserve-asset-share-prices-surge/,bitcoin fraud,Investment and Trading Fraud,Investment Scam,THIRD-PARTY,NA-14861.txt,Keyword matched: bitcoin fraud
NA-14862,01-04-2026,Soubhik Sarkar,Medianama,medianama.com,11-01-2024,US securities regulator approves Bitcoin ETFs a decade after it was first proposed,https://www.medianama.com/2024/01/223-us-sec-approves-bitcoin-etfs/,bitcoin fraud,Investment and Trading Fraud,Investment Scam,THIRD-PARTY,NA-14862.txt,Keyword matched: bitcoin fraud
NA-14863,01-04-2026,Soubhik Sarkar,Medianama,medianama.com,29-12-2023,India’s Grievance Appellate Committee Directs Meta to Take Down “Fake” Interview of Karan Thapar Promoting Bitcoin and Get-Rich-Quick Schemes,https://www.medianama.com/2023/12/223-gac-meta-take-down-fake-interview-karan-thapar/,bitcoin fraud,Investment and Trading Fraud,Investment Scam,VICTIM,NA-14863.txt,Keyword matched: bitcoin fraud
NA-14864,01-04-2026,Soubhik Sarkar,Medianama,medianama.com,22-10-2020,PayPal will start supporting bitcoin and other cryptocurrencies on its platform,https://www.medianama.com/2020/10/223-paypal-supprts-cryptocurrency/,bitcoin fraud,Investment and Trading Fraud,Investment Scam,THIRD-PARTY,NA-14864.txt,Keyword matched: bitcoin fraud
NA-14865,01-04-2026,Soubhik Sarkar,Medianama,medianama.com,22-11-2024,Gary Gensler To Resign As SEC Chief On Trump Inauguration,https://www.medianama.com/2024/11/223-gary-gensler-to-resign-as-sec-chief-on-trump-inauguration/,bitcoin fraud,Investment and Trading Fraud,Investment Scam,THIRD-PARTY,NA-14865.txt,Keyword matched: bitcoin fraud
NA-14866,01-04-2026,Soubhik Sarkar,Medianama,medianama.com,21-11-2024,BJP Used Deepfake Audio to Target Opposition in Maharashtra Election,https://www.medianama.com/2024/11/223-bjp-used-deepfake-audio-to-target-opposition-in-maharashtra-election/,bitcoin fraud,Investment and Trading Fraud,Investment Scam,THIRD-PARTY,NA-14866.txt,Keyword matched: bitcoin fraud
NA-14867,01-04-2026,Soubhik Sarkar,Medianama,medianama.com,14-11-2024,"With Proposed SEBI Regulations, Platforms Must Use AI to Detect Securities content, But Will It Work? #Nama",https://www.medianama.com/2024/11/223-nama-sebi-rules-ai-detect-securities-content/,bitcoin fraud,Investment and Trading Fraud,Investment Scam,NEAR-MISS,NA-14867.txt,Keyword matched: bitcoin fraud
NA-14868,01-04-2026,Soubhik Sarkar,Medianama,medianama.com,15-10-2024,A Critique of RBI Governor Shaktikanta Das’ Comments on AI and Big Tech Dominance Risks,https://www.medianama.com/2024/10/223-critique-of-rbi-governor-comments-on-ai-big-tech-dominance-risks/,bitcoin fraud,Investment and Trading Fraud,Investment Scam,THIRD-PARTY,NA-14868.txt,Keyword matched: bitcoin fraud
NA-14869,01-04-2026,Soubhik Sarkar,Medianama,medianama.com,29-05-2024,"US House of Reps Passes Crypto Regulation Bill, Faces Criticism From SEC and Biden",https://www.medianama.com/2024/05/223-us-congress-passes-crypto-regulation-bill/,bitcoin fraud,Investment and Trading Fraud,Investment Scam,THIRD-PARTY,NA-14869.txt,Keyword matched: bitcoin fraud
NA-14870,01-04-2026,Soubhik Sarkar,Medianama,medianama.com,13-01-2023,Will you be protected under law if an FTX-like situation were to happen in India?,https://www.medianama.com/2023/01/223-deep-dive-ftx-like-collapse-indian-crypto-space/,bitcoin fraud,Investment and Trading Fraud,Investment Scam,VICTIM,NA-14870.txt,Keyword matched: bitcoin fraud
NA-14871,01-04-2026,Soubhik Sarkar,Medianama,medianama.com,12-01-2023,"MediaNama Daily: Thomas & Friends, and a Camera",https://www.medianama.com/2023/01/223-medianama-daily-thomas-friends-camera/,bitcoin fraud,Investment and Trading Fraud,Investment Scam,THIRD-PARTY,NA-14871.txt,Keyword matched: bitcoin fraud
NA-14872,01-04-2026,Soubhik Sarkar,Medianama,medianama.com,26-12-2022,Brazil has a law in place now to regulate crypto assets,https://www.medianama.com/2022/12/223-brazil-law-regulate-crypto-assets-2/,bitcoin fraud,Investment and Trading Fraud,Investment Scam,THIRD-PARTY,NA-14872.txt,Keyword matched: bitcoin fraud
NA-14873,01-04-2026,Soubhik Sarkar,Medianama,medianama.com,08-08-2022,US looks to provide customer protections to crypto investors in this new bill,https://www.medianama.com/2022/08/223-summary-digital-commodities-consumer-protection-act-2022-2/,bitcoin fraud,Investment and Trading Fraud,Investment Scam,THIRD-PARTY,NA-14873.txt,Keyword matched: bitcoin fraud
NA-14874,01-04-2026,Soubhik Sarkar,Medianama,medianama.com,09-02-2022,Nandan Nilekani suggests India’s CBDC should have anonymity to avoid concerns of surveillance: Report,https://www.medianama.com/2022/02/223-nandan-nilekani-cbdc-anonymity-avoid-surveillance/,bitcoin fraud,Investment and Trading Fraud,Investment Scam,THIRD-PARTY,NA-14874.txt,Keyword matched: bitcoin fraud
NA-14875,01-04-2026,Soubhik Sarkar,Medianama,medianama.com,03-02-2022,"PM Modi announces digital rupee will be interchangeable with physical cash, offering glimpse into India’s plan for CBDCs",https://www.medianama.com/2022/02/223-pm-modi-digital-rupee-interchangeable-physical-cash/,bitcoin fraud,Investment and Trading Fraud,Investment Scam,THIRD-PARTY,NA-14875.txt,Keyword matched: bitcoin fraud
NA-14876,01-04-2026,Soubhik Sarkar,Medianama,medianama.com,12-01-2022,Twitter account of Ministry of Information and Broadcasting briefly hacked,https://www.medianama.com/2022/01/223-information-broadcasting-ministry-twitter-hacked/,bitcoin fraud,Investment and Trading Fraud,Investment Scam,THIRD-PARTY,NA-14876.txt,Keyword matched: bitcoin fraud
NA-14877,01-04-2026,Soubhik Sarkar,Medianama,medianama.com,13-12-2021,IMF calls for level-playing field in global regulatory framework for crypto assets,https://www.medianama.com/2021/12/223-imf-global-framework-crypto-assets/,bitcoin fraud,Investment and Trading Fraud,Investment Scam,THIRD-PARTY,NA-14877.txt,Keyword matched: bitcoin fraud
NA-14878,01-04-2026,Soubhik Sarkar,Medianama,medianama.com,02-12-2021,Summary: Esya Centre-ORF report on regulation of crypto assets in India,https://www.medianama.com/2021/12/223-crypto-regulations-esya-centre-report-summary/,bitcoin fraud,Investment and Trading Fraud,Investment Scam,THIRD-PARTY,NA-14878.txt,Keyword matched: bitcoin fraud
NA-14879,01-04-2026,Soubhik Sarkar,Medianama,medianama.com,26-11-2021,"How cryptocurrencies get their value, are we in a bubble, and can crypto be regulated? Raghuram Rajan answers",https://www.medianama.com/2021/11/223-raghuram-rajan-interview-cryptocurrencies-regulation/,bitcoin fraud,Investment and Trading Fraud,Investment Scam,THIRD-PARTY,NA-14879.txt,Keyword matched: bitcoin fraud
NA-14880,01-04-2026,Soubhik Sarkar,Medianama,medianama.com,28-09-2021,Why is China’s crypto ban its most severe one? and other FAQs on the latest measures,https://www.medianama.com/2021/09/223-china-cryptocurrency-ban-faq/,bitcoin fraud,Investment and Trading Fraud,Investment Scam,THIRD-PARTY,NA-14880.txt,Keyword matched: bitcoin fraud
NA-14881,01-04-2026,Soubhik Sarkar,Medianama,medianama.com,31-08-2021,"When it comes to crypto assets as currency, risks outweigh benefits: IMF warns",https://www.medianama.com/2021/08/223-crypto-asset-inadvisable-imf-3/,bitcoin fraud,Investment and Trading Fraud,Investment Scam,THIRD-PARTY,NA-14881.txt,Keyword matched: bitcoin fraud
NA-14882,01-04-2026,Soubhik Sarkar,Medianama,medianama.com,26-04-2021,Government Should Do The Heavy Lifting And Regulate Crypto-Currencies,https://www.medianama.com/2021/04/223-government-crypto-currencies-regulations/,bitcoin fraud,Investment and Trading Fraud,Investment Scam,THIRD-PARTY,NA-14882.txt,Keyword matched: bitcoin fraud
NA-14883,01-04-2026,Soubhik Sarkar,Medianama,medianama.com,14-04-2021,5 Things To Know About Coinbases’ Listing on NASDAQ,https://www.medianama.com/2021/04/223-coinbases-listing-nasdaq-highlights/,bitcoin fraud,Investment and Trading Fraud,Investment Scam,THIRD-PARTY,NA-14883.txt,Keyword matched: bitcoin fraud
NA-14884,01-04-2026,Soubhik Sarkar,Medianama,medianama.com,24-03-2021,Everything you need to know about the Non-Fungible-Token craze,https://www.medianama.com/2021/03/223-all-about-nfts/,bitcoin fraud,Investment and Trading Fraud,Investment Scam,NEAR-MISS,NA-14884.txt,Keyword matched: bitcoin fraud
NA-14885,01-04-2026,Soubhik Sarkar,Medianama,medianama.com,22-03-2021,Coinbase fined $6.5 million for inaccurate reporting,https://www.medianama.com/2021/03/223-coinbase-fined-misleading-reporting-3/,bitcoin fraud,Investment and Trading Fraud,Investment Scam,THIRD-PARTY,NA-14885.txt,Keyword matched: bitcoin fraud
NA-14886,01-04-2026,Soubhik Sarkar,Medianama,medianama.com,16-05-2020,"COVID-19 apps used by states not properly tested, says India’s National Cyber Security Coordinator",https://www.medianama.com/2020/05/223-covid19-apps-states-not-properly-tested-rajesh-pant/,bitcoin fraud,Investment and Trading Fraud,Investment Scam,THIRD-PARTY,NA-14886.txt,Keyword matched: bitcoin fraud
NA-14887,01-04-2026,Soubhik Sarkar,Medianama,medianama.com,01-02-2010,Updated: JustDial Accuses Infomedia18’s Askme.in Of Database Theft,https://www.medianama.com/2010/02/223-justdial-accuses-infomedia18s-askme-in-of-database-theft-askme-shuts-down/,stock market scam,Investment and Trading Fraud,Stock Market Fraud,THIRD-PARTY,NA-14887.txt,Keyword matched: stock market scam
NA-14888,01-04-2026,Soubhik Sarkar,Medianama,medianama.com,04-01-2024,Platforms Must Focus on Ethical User Interface Design: ASCI CEO Manisha Kapoor on Dark Patterns guidelines,https://www.medianama.com/2024/01/223-interview-asci-ceo-dark-patterns-guidelines/,stock market scam,Investment and Trading Fraud,Stock Market Fraud,VICTIM,NA-14888.txt,Keyword matched: stock market scam
NA-14889,01-04-2026,Soubhik Sarkar,Medianama,medianama.com,20-12-2023,Exploring the Intricacies of Graphical User Interface (GUI) Copyright: Insights from Hulm Entm’t vs. Fantasy Sports case,https://www.medianama.com/2023/12/223-graphical-user-interface-copyright-hulm-vs-fantasy-sports/,stock market scam,Investment and Trading Fraud,Stock Market Fraud,THIRD-PARTY,NA-14889.txt,Keyword matched: stock market scam
NA-14890,01-04-2026,Soubhik Sarkar,Medianama,medianama.com,14-09-2023,WhatsApp launches Telegram-like Channels feature,https://www.medianama.com/2023/09/223-whatsapp-launches-channels/,stock market scam,Investment and Trading Fraud,Stock Market Fraud,THIRD-PARTY,NA-14890.txt,Keyword matched: stock market scam
NA-14891,01-04-2026,Soubhik Sarkar,Medianama,medianama.com,17-03-2023,"What measures are taken to prevent fraudulent ads? US asks social media, video streaming platforms",https://www.medianama.com/2023/03/223-us-order-social-media-video-platforms-fraudulent-ads-3/,stock market scam,Investment and Trading Fraud,Stock Market Fraud,THIRD-PARTY,NA-14891.txt,Keyword matched: stock market scam
NA-14892,01-04-2026,Soubhik Sarkar,Medianama,medianama.com,04-03-2023,"MediaNama Daily: Pump and Dump, and YouTube",https://www.medianama.com/2023/03/223-medianama-daily-pump-dump-youtube/,stock market scam,Investment and Trading Fraud,Stock Market Fraud,THIRD-PARTY,NA-14892.txt,Keyword matched: stock market scam
NA-14893,01-04-2026,Soubhik Sarkar,Medianama,medianama.com,21-11-2022,"India’s second-largest depository, CDSL, detects malware in its systems but claims no data was compromised",https://www.medianama.com/2022/11/223-cdsl-discloses-malware-detected-no-data-loss-securities/,stock market scam,Investment and Trading Fraud,Stock Market Fraud,THIRD-PARTY,NA-14893.txt,Keyword matched: stock market scam
NA-14894,01-04-2026,Soubhik Sarkar,Medianama,medianama.com,09-05-2022,Xiaomi accuses Enforcement Directorate of coercing its top executives: Report,https://www.medianama.com/2022/05/223-ed-xiaomi-india-raid-fema-case-3/,stock market scam,Investment and Trading Fraud,Stock Market Fraud,THIRD-PARTY,NA-14894.txt,Keyword matched: stock market scam
NA-14895,01-04-2026,Soubhik Sarkar,Medianama,medianama.com,10-11-2021,Data of over 7 million Robinhood customers breached in cyber attack,https://www.medianama.com/2021/11/223-robinhood-data-breach-customers-affected/,stock market scam,Investment and Trading Fraud,Stock Market Fraud,VICTIM,NA-14895.txt,Keyword matched: stock market scam
NA-14896,01-04-2026,Soubhik Sarkar,Medianama,medianama.com,08-10-2014,Indian govt to look into Flipkart’s Big Billion Screw-up,https://www.medianama.com/2014/10/223-indian-govt-flipkart-big-billion-sale-screw-up/,stock market scam,Investment and Trading Fraud,Stock Market Fraud,THIRD-PARTY,NA-14896.txt,Keyword matched: stock market scam
NA-14897,01-04-2026,Soubhik Sarkar,Medianama,medianama.com,30-06-2012,Weekly Digest (22nd-29th June 2012),https://www.medianama.com/2012/06/223-weekly-digest-22nd-29th-june-2012/,stock market scam,Investment and Trading Fraud,Stock Market Fraud,THIRD-PARTY,NA-14897.txt,Keyword matched: stock market scam
NA-14898,01-04-2026,Soubhik Sarkar,Medianama,medianama.com,07-04-2011,"Morning Digest 07-04-2011:Homeshop18,Airtel,BSNL,Zoom,HTC,YouTube,Motorola",https://www.medianama.com/2011/04/223-morning-digest-07-04-2011homeshop18airtelbsnlzoomhtcyoutubemotorola/,stock market scam,Investment and Trading Fraud,Stock Market Fraud,THIRD-PARTY,NA-14898.txt,Keyword matched: stock market scam
NA-14899,01-04-2026,Soubhik Sarkar,Medianama,medianama.com,04-10-2010,"Morning Digest: Apple, Microsoft, RCOM, BJP, Facebook, Search, BlindType",https://www.medianama.com/2010/10/223-morning-digest-apple-microsoft-rcom-bjp-facebook-search-blindtype/,stock market scam,Investment and Trading Fraud,Stock Market Fraud,THIRD-PARTY,NA-14899.txt,Keyword matched: stock market scam
NA-14900,01-04-2026,Soubhik Sarkar,Medianama,medianama.com,02-02-2010,Pyramid Saimira Posts Net Loss Of Rs. 36.4M,https://www.medianama.com/2010/02/223-pyramid-saimira-posts-net-loss-of-rs-36-4m/,stock market scam,Investment and Trading Fraud,Stock Market Fraud,THIRD-PARTY,NA-14900.txt,Keyword matched: stock market scam
NA-14901,01-04-2026,Soubhik Sarkar,Medianama,medianama.com,24-04-2009,"Pyramid Saimira Promoter PS Saminathan, 230 Barred From Trading",https://www.medianama.com/2009/04/223-pyramid-saimira-promoter-ps-saminathan-230-barred-from-trading/,stock market scam,Investment and Trading Fraud,Stock Market Fraud,VICTIM,NA-14901.txt,Keyword matched: stock market scam
NA-14902,01-04-2026,Soubhik Sarkar,Medianama,medianama.com,20-06-2025,How Did SEBI Investigate Sanjiv Bhasin’s Stock Manipulation?,https://www.medianama.com/2025/06/223-sebi-bars-sanjiv-bhasin-stock-manipulation/,demat fraud,Investment and Trading Fraud,Stock Market Fraud,THIRD-PARTY,NA-14902.txt,Keyword matched: demat fraud
NA-14903,01-04-2026,Soubhik Sarkar,Medianama,medianama.com,05-11-2019,Examining the recommendations of the Steering committee report on fintech related issue,https://www.medianama.com/2019/11/223-fintech-committee-report-2/,demat fraud,Investment and Trading Fraud,Stock Market Fraud,THIRD-PARTY,NA-14903.txt,Keyword matched: demat fraud
NA-14904,01-04-2026,Soubhik Sarkar,Medianama,medianama.com,19-06-2014,SEBI proposes Rs 10 Cr limit for equity-based crowdfunding; only accredited investors,https://www.medianama.com/2014/06/223-crowdfunding-sebi-proposal/,demat fraud,Investment and Trading Fraud,Stock Market Fraud,THIRD-PARTY,NA-14904.txt,Keyword matched: demat fraud
NA-14905,01-04-2026,Soubhik Sarkar,Medianama,medianama.com,04-11-2024,"Reading list: SEBI Platform & Influencer Regulations, Nov 8, Virtual Event #Ad",https://www.medianama.com/2024/11/223-reading-list-sebi-platform-influencer-regulations-november-8/,pump and dump,Investment and Trading Fraud,Stock Market Fraud,THIRD-PARTY,NA-14905.txt,Keyword matched: pump and dump
NA-14906,01-04-2026,Soubhik Sarkar,Medianama,medianama.com,02-07-2024,SEBI bans regulated entities from having any monetary connection with financial influencers,https://www.medianama.com/2024/07/223-sebi-bans-regulated-monetary-connection-financial-influencers/,pump and dump,Investment and Trading Fraud,Stock Market Fraud,THIRD-PARTY,NA-14906.txt,Keyword matched: pump and dump
NA-14907,01-04-2026,Soubhik Sarkar,Medianama,medianama.com,11-09-2023,Video: Here’s Why Finfluencer PR Sundar Was Fined Rs 6 Crores By SEBI,https://www.medianama.com/2023/09/223-video-why-finfluencer-pr-sundar-fined-rs-6-crores-by-sebi/,pump and dump,Investment and Trading Fraud,Stock Market Fraud,THIRD-PARTY,NA-14907.txt,Keyword matched: pump and dump
NA-14908,01-04-2026,Soubhik Sarkar,Medianama,medianama.com,01-06-2023,"Sayonara to those without certification, says influencer platform Rigi to financial influencers",https://www.medianama.com/2023/06/223-certification-sebi-influencer-platform-rigi-financial-influencers/,pump and dump,Investment and Trading Fraud,Stock Market Fraud,THIRD-PARTY,NA-14908.txt,Keyword matched: pump and dump
NA-14909,01-04-2026,Soubhik Sarkar,Medianama,medianama.com,30-05-2023,Five talking points: SEBI’s action against financial influencer Sundar,https://www.medianama.com/2023/05/223-talking-points-sebi-financial-influencer-sundar/,pump and dump,Investment and Trading Fraud,Stock Market Fraud,THIRD-PARTY,NA-14909.txt,Keyword matched: pump and dump
NA-14910,01-04-2026,Soubhik Sarkar,Medianama,medianama.com,29-05-2023,Why India’s stock market regulator went after finfluencer PR Sundar,https://www.medianama.com/2023/05/223-sebi-finfluencer-pr-sundar-masun-consultancy/,pump and dump,Investment and Trading Fraud,Stock Market Fraud,THIRD-PARTY,NA-14910.txt,Keyword matched: pump and dump
NA-14911,01-04-2026,Soubhik Sarkar,Medianama,medianama.com,19-05-2023,Key Takeaways from European Union’s Markets in Crypto Assets Regulations,https://www.medianama.com/2023/05/223-takeaways-eu-markets-crypto-assets-regulations-2/,pump and dump,Investment and Trading Fraud,Stock Market Fraud,THIRD-PARTY,NA-14911.txt,Keyword matched: pump and dump
NA-14912,01-04-2026,Soubhik Sarkar,Medianama,medianama.com,20-02-2026,“We Are Moving From AI Systems That Recommend to That Act”: Mastercard on Agentic AI,https://www.medianama.com/2026/02/223-ai-systems-recommend-act-mastercard-agentic-ai/,task fraud,Investment and Trading Fraud,Task Scam,NEAR-MISS,NA-14912.txt,Keyword matched: task fraud
NA-14913,01-04-2026,Soubhik Sarkar,Medianama,medianama.com,19-02-2026,Explained: How SAHI And BODH Shape AI Use In India’s Healthcare,https://www.medianama.com/2026/02/223-explained-sahi-bodh-ai-use-india-healthcare/,task fraud,Investment and Trading Fraud,Task Scam,NEAR-MISS,NA-14913.txt,Keyword matched: task fraud
NA-14914,01-04-2026,Soubhik Sarkar,Medianama,medianama.com,27-01-2026,"Class Action Lawsuit Alleges WhatsApp Can Access Encrypted Chats, Breaches Users’ Privacy",https://www.medianama.com/2026/01/223-class-action-lawsuit-whatsapp-users-privacy-encryption/,task fraud,Investment and Trading Fraud,Task Scam,THIRD-PARTY,NA-14914.txt,Keyword matched: task fraud
NA-14915,01-04-2026,Soubhik Sarkar,Medianama,medianama.com,12-12-2025,Private Member’s Bill Proposes Criminal Penalties And Consent Requirements For Deepfakes,https://www.medianama.com/2025/12/223-private-members-bill-criminal-penalties-consent-requirements-deepfakes/,task fraud,Investment and Trading Fraud,Task Scam,VICTIM,NA-14915.txt,Keyword matched: task fraud
NA-14916,01-04-2026,Soubhik Sarkar,Medianama,medianama.com,11-12-2025,US Department of Defense Launches GenAI.mil Platform With Google’s Gemini,https://www.medianama.com/2025/12/223-us-genai-mil-ai-platform-google-gemini/,task fraud,Investment and Trading Fraud,Task Scam,THIRD-PARTY,NA-14916.txt,Keyword matched: task fraud
NA-14917,01-04-2026,Soubhik Sarkar,Medianama,medianama.com,26-11-2025,"Deezer Sees 50,000 AI-Generated Song Uploads Daily, Over 90% Users Can’t Identify Them",https://www.medianama.com/2025/11/223-ai-music-34-daily-uploads-deezer-50k-ai-songs/,task fraud,Investment and Trading Fraud,Task Scam,NEAR-MISS,NA-14917.txt,Keyword matched: task fraud
NA-14918,01-04-2026,Soubhik Sarkar,Medianama,medianama.com,18-09-2025,"Italy Passes Landmark AI Law With Rules on Privacy, Oversight and Child Safety",https://www.medianama.com/2025/09/223-italy-ai-law-privacy-oversight-safety/,task fraud,Investment and Trading Fraud,Task Scam,NEAR-MISS,NA-14918.txt,Keyword matched: task fraud
NA-14919,01-04-2026,Soubhik Sarkar,Medianama,medianama.com,02-05-2025,Visa and Mastercard Let AI Agents Spend for You: But What’s the Risk?,https://www.medianama.com/2025/05/223-ai-payments-india-visa-mastercard-legal-gaps/,task fraud,Investment and Trading Fraud,Task Scam,NEAR-MISS,NA-14919.txt,Keyword matched: task fraud
NA-14920,01-04-2026,Soubhik Sarkar,Medianama,medianama.com,10-12-2024,"Amid Losses, Ecom Express Pursues Rs.2,600 Cr IPO to Drive Tech and Expansion",https://www.medianama.com/2024/12/223-amid-losses-ecom-express-pursues-%e2%82%b92600-cr-ipo-to-drive-tech-and-expansion/,task fraud,Investment and Trading Fraud,Task Scam,THIRD-PARTY,NA-14920.txt,Keyword matched: task fraud
NA-14921,01-04-2026,Soubhik Sarkar,Medianama,medianama.com,09-12-2024,Govt Hints at Self-Regulatory Approach In Response to MPs Question on AI regulation,https://www.medianama.com/2024/12/223-govt-hints-at-self-regulatory-approach-in-response-to-mps-question-on-ai-regulation/,task fraud,Investment and Trading Fraud,Task Scam,THIRD-PARTY,NA-14921.txt,Keyword matched: task fraud
NA-14922,01-04-2026,Soubhik Sarkar,Medianama,medianama.com,27-11-2024,Data Loss and Downtime: All Is Not Well With Indian IT Ministry’s AI-Focused AIRAWAT Project,https://www.medianama.com/2024/11/223-all-is-not-well-with-it-ministry-ai-platform-airawat/,task fraud,Investment and Trading Fraud,Task Scam,THIRD-PARTY,NA-14922.txt,Keyword matched: task fraud
NA-14923,01-04-2026,Soubhik Sarkar,Medianama,medianama.com,05-11-2024,Coinbase Alleges FDIC Told Banks to Halt Crypto Services in Operation “Chokepoint 2.0”,https://www.medianama.com/2024/11/223-coinbase-says-us-fdic-directedbanks-halt-crypto-services/,task fraud,Investment and Trading Fraud,Task Scam,THIRD-PARTY,NA-14923.txt,Keyword matched: task fraud
NA-14924,01-04-2026,Soubhik Sarkar,Medianama,medianama.com,05-07-2024,AI Skills and Employment: How GenAI is Reshaping India’s Job Sectors,https://www.medianama.com/2024/07/223-skills-employment-how-gen-ai-reshaping-india-job-sectors/,task fraud,Investment and Trading Fraud,Task Scam,THIRD-PARTY,NA-14924.txt,Keyword matched: task fraud
NA-14925,01-04-2026,Soubhik Sarkar,Medianama,medianama.com,03-06-2024,Summary: RBI shares framework for Self-Regulatory Organisation(s) in the FinTech Sector,https://www.medianama.com/2024/06/223-summary-rbi-shares-framework-for-self-regulatory-organisations-in-the-fintech-sector/,task fraud,Investment and Trading Fraud,Task Scam,THIRD-PARTY,NA-14925.txt,Keyword matched: task fraud
NA-14926,01-04-2026,Soubhik Sarkar,Medianama,medianama.com,03-05-2024,Here’s What a Recent Amnesty Report Says About Algorithmic Decision-Making in India; What it Missed,https://www.medianama.com/2024/05/223-heres-what-a-recent-amnesty-report-says-about-algorithmic-decision-making-in-india-what-it-missed/,task fraud,Investment and Trading Fraud,Task Scam,NEAR-MISS,NA-14926.txt,Keyword matched: task fraud
NA-14927,01-04-2026,Soubhik Sarkar,Medianama,medianama.com,04-04-2024,US Govt’s Policy for AI Governance Lays out Minimum Practices for Safety and Rights Standards: Summary,https://www.medianama.com/2024/04/223-us-govts-policy-ai-governance-minimum-practices-safety-rights-summary/,task fraud,Investment and Trading Fraud,Task Scam,THIRD-PARTY,NA-14927.txt,Keyword matched: task fraud
NA-14928,01-04-2026,Soubhik Sarkar,Medianama,medianama.com,13-03-2024,Kerala HC Expert Advisor Calls for Guidelines on Influencer Movie Reviews Amid Review Bombing Concerns: Report,https://www.medianama.com/2024/03/223-kerala-hc-expert-advisor-call-guidelines-influencer-movie-reviews/,task fraud,Investment and Trading Fraud,Task Scam,THIRD-PARTY,NA-14928.txt,Keyword matched: task fraud
NA-14929,01-04-2026,Soubhik Sarkar,Medianama,medianama.com,23-02-2024,Microsoft Announces Automation of Risk Identification Process for Generative AI Systems,https://www.medianama.com/2024/02/223-microsoft-automation-risk-identification-process-generative-ai-2/,task fraud,Investment and Trading Fraud,Task Scam,THIRD-PARTY,NA-14929.txt,Keyword matched: task fraud
NA-14930,01-04-2026,Soubhik Sarkar,Medianama,medianama.com,02-02-2024,How Can Organisations Responsibly Implement Generative AI Use Cases at Scale? World Economic Forum Publishes A Guide,https://www.medianama.com/2024/02/223-orgs-responsible-generative-ai-use-cases-wef-guide-2/,task fraud,Investment and Trading Fraud,Task Scam,THIRD-PARTY,NA-14930.txt,Keyword matched: task fraud
NA-14931,01-04-2026,Soubhik Sarkar,Medianama,medianama.com,24-01-2024,"World Economic Forum’s AI Governance Alliance Publishes Framework for Safeguarding AI Models, Mitigating Risks Throughout AI Lifecycle",https://www.medianama.com/2024/01/223-wef-ai-model-safeguard-framework/,task fraud,Investment and Trading Fraud,Task Scam,THIRD-PARTY,NA-14931.txt,Keyword matched: task fraud
NA-14932,01-04-2026,Soubhik Sarkar,Medianama,medianama.com,07-12-2023,Data Protection Bill rules to be released by end of December: IT Minister of State Rajeev Chandrasekhar Says,https://www.medianama.com/2023/12/223-data-protection-bill-rules-rajeev-chandrasekhar/,task fraud,Investment and Trading Fraud,Task Scam,NEAR-MISS,NA-14932.txt,Keyword matched: task fraud
NA-14933,01-04-2026,Soubhik Sarkar,Medianama,medianama.com,22-08-2023,Special Newsletter: 11 Talking Points—July Edition,https://www.medianama.com/2023/08/223-special-newsletter-11-talking-points-july-edition/,task fraud,Investment and Trading Fraud,Task Scam,NEAR-MISS,NA-14933.txt,Keyword matched: task fraud
NA-14934,01-04-2026,Soubhik Sarkar,Medianama,medianama.com,17-08-2023,Is Worldcoin’s collection of biometric data legal in India?,https://www.medianama.com/2023/08/223-is-worldcoin-collection-of-biometric-data-legal-in-india-2/,task fraud,Investment and Trading Fraud,Task Scam,THIRD-PARTY,NA-14934.txt,Keyword matched: task fraud
NA-14935,01-04-2026,Soubhik Sarkar,Medianama,medianama.com,02-08-2023,Special Newsletter: AINext — July Edition,https://www.medianama.com/2023/08/223-special-newsletter-ainext-july/,task fraud,Investment and Trading Fraud,Task Scam,NEAR-MISS,NA-14935.txt,Keyword matched: task fraud
NA-14936,01-04-2026,Soubhik Sarkar,Medianama,medianama.com,01-08-2023,Google Sued (Again) for Monopolistic Ad-Tech Ecosystem—This Time by USA Today Owner Gannett,https://www.medianama.com/2023/08/223-google-sued-for-monopolistic-ad-tech-ecosystem-gannett/,task fraud,Investment and Trading Fraud,Task Scam,THIRD-PARTY,NA-14936.txt,Keyword matched: task fraud
NA-14937,01-04-2026,Soubhik Sarkar,Medianama,medianama.com,25-07-2023,Why are Jana Sena Party members in Andhra Pradesh tweeting #MyDataMyPrivacy,https://www.medianama.com/2023/07/223-jana-sena-party-andhra-pradesh-my-data-my-privacy-2/,task fraud,Investment and Trading Fraud,Task Scam,THIRD-PARTY,NA-14937.txt,Keyword matched: task fraud
NA-14938,01-04-2026,Soubhik Sarkar,Medianama,medianama.com,23-06-2023,“US and India Recognize the Potential of DPI”: 16 Indo-US Tech Collaborations from Modi’s Stateside Visit,https://www.medianama.com/2023/06/223-16-indo-us-tech-collaborations-from-modi-visit/,task fraud,Investment and Trading Fraud,Task Scam,THIRD-PARTY,NA-14938.txt,Keyword matched: task fraud
NA-14939,01-04-2026,Soubhik Sarkar,Medianama,medianama.com,31-03-2023,Global body for AI policy asks US Trade Commission to halt OpenAI from releasing new GPT models,https://www.medianama.com/2023/03/223-ai-policy-group-urges-block-openais-new-gpt-models-3/,task fraud,Investment and Trading Fraud,Task Scam,THIRD-PARTY,NA-14939.txt,Keyword matched: task fraud
NA-14940,01-04-2026,Soubhik Sarkar,Medianama,medianama.com,14-02-2024,Reliance suggests light tough regulatory framework for 5G ecosystem: TRAI consultation on 5G,https://www.medianama.com/2024/02/223-jio-suggests-light-tough-regulatory-framework-for-5g-ecosystem-2/,part time job scam,Investment and Trading Fraud,Task Scam,THIRD-PARTY,NA-14940.txt,Keyword matched: part time job scam
NA-14941,01-04-2026,Soubhik Sarkar,Medianama,medianama.com,30-09-2022,Why India Should Think About Harms of Deanonymisation in Non-Personal Data Governance and Privacy Law,https://www.medianama.com/2022/09/223-deanonymization-risks-npd-privacy-law-india/,part time job scam,Investment and Trading Fraud,Task Scam,NEAR-MISS,NA-14941.txt,Keyword matched: part time job scam
NA-14942,01-04-2026,Soubhik Sarkar,Medianama,medianama.com,05-08-2021,2021 is going to be the year of ransomware: National Cybersecurity Coordinator Lt Gen (Dr) Rajesh Pant – #NAMA,https://www.medianama.com/2021/08/223-2021-year-of-ransomware-cybersecurity-rajesh-pant/,part time job scam,Investment and Trading Fraud,Task Scam,VICTIM,NA-14942.txt,Keyword matched: part time job scam
NA-14943,01-04-2026,Soubhik Sarkar,Medianama,medianama.com,02-05-2017,Around 130-135M Aadhaar Numbers published on 4 sites alone,https://www.medianama.com/2017/05/223-aadhaar-numbers-data-leak/,part time job scam,Investment and Trading Fraud,Task Scam,THIRD-PARTY,NA-14943.txt,Keyword matched: part time job scam
NA-14944,01-04-2026,Soubhik Sarkar,Medianama,medianama.com,09-06-2016,How not to get conned by fake software audits – Pricebaba,https://www.medianama.com/2016/06/223-how-not-to-get-conned-by-fake-software-audits-pricebaba/,part time job scam,Investment and Trading Fraud,Task Scam,THIRD-PARTY,NA-14944.txt,Keyword matched: part time job scam
NA-14945,01-04-2026,Soubhik Sarkar,Medianama,medianama.com,19-01-2013,Weekly Digest (11th-18th January 2012),https://www.medianama.com/2013/01/223-weekly-digest-11th-18th-january-2012/,part time job scam,Investment and Trading Fraud,Task Scam,THIRD-PARTY,NA-14945.txt,Keyword matched: part time job scam
NA-14946,01-04-2026,Soubhik Sarkar,Medianama,medianama.com,08-12-2012,Weekly Digest (30th-7th December 2012),https://www.medianama.com/2012/12/223-weekly-digest-30th-7th-december-2012/,part time job scam,Investment and Trading Fraud,Task Scam,THIRD-PARTY,NA-14946.txt,Keyword matched: part time job scam
NA-14947,01-04-2026,Soubhik Sarkar,Medianama,medianama.com,27-07-2012,"News Digest: MakeMyTrip, Zee News, Trai, Telenor, Qualcomm Ventures & More",https://www.medianama.com/2012/07/223-news-digest-makemytrip-zee-news-trai-telenor-qualcomm-ventures-more/,part time job scam,Investment and Trading Fraud,Task Scam,THIRD-PARTY,NA-14947.txt,Keyword matched: part time job scam
NA-14948,01-04-2026,Soubhik Sarkar,Medianama,medianama.com,14-04-2012,Weekly Digest (6th-13th April 2012),https://www.medianama.com/2012/04/223-weekly-digest-6th-13th-april-2012/,part time job scam,Investment and Trading Fraud,Task Scam,THIRD-PARTY,NA-14948.txt,Keyword matched: part time job scam
NA-14949,01-04-2026,Soubhik Sarkar,Medianama,medianama.com,27-02-2012,Weekly Digest (17th-24th February 2012),https://www.medianama.com/2012/02/223-weekly-digest-17th-24th-february-2012/,part time job scam,Investment and Trading Fraud,Task Scam,THIRD-PARTY,NA-14949.txt,Keyword matched: part time job scam
NA-14950,01-04-2026,Soubhik Sarkar,Medianama,medianama.com,11-02-2012,Weekly Digest (3rd-10th February 2012),https://www.medianama.com/2012/02/223-weekly-digest-3rd-10th-february-2012/,part time job scam,Investment and Trading Fraud,Task Scam,THIRD-PARTY,NA-14950.txt,Keyword matched: part time job scam
NA-14951,01-04-2026,Soubhik Sarkar,Medianama,medianama.com,26-11-2011,Weekly Digest (18th-25th November 2011),https://www.medianama.com/2011/11/223-weekly-digest-18th-25th-november-2011/,part time job scam,Investment and Trading Fraud,Task Scam,THIRD-PARTY,NA-14951.txt,Keyword matched: part time job scam
NA-14952,01-04-2026,Soubhik Sarkar,Medianama,medianama.com,06-06-2011,Weekly Digest (27th-3rd June 2011),https://www.medianama.com/2011/06/223-weekly-digest-27th-3rd-june-2011-2/,part time job scam,Investment and Trading Fraud,Task Scam,THIRD-PARTY,NA-14952.txt,Keyword matched: part time job scam
NA-14953,01-04-2026,Soubhik Sarkar,Medianama,medianama.com,16-05-2011,Weekly Digest (6th-13th May 2011),https://www.medianama.com/2011/05/223-weekly-digest-6th-13th-may-2011/,part time job scam,Investment and Trading Fraud,Task Scam,THIRD-PARTY,NA-14953.txt,Keyword matched: part time job scam
NA-14954,01-04-2026,Soubhik Sarkar,Medianama,medianama.com,11-04-2011,Five Things That The New Star News Website Needs To Add,https://www.medianama.com/2011/04/223-five-things-that-the-new-star-news-website-needs-to-add-2/,part time job scam,Investment and Trading Fraud,Task Scam,THIRD-PARTY,NA-14954.txt,Keyword matched: part time job scam
NA-14955,01-04-2026,Soubhik Sarkar,Medianama,medianama.com,14-02-2011,Weekly Digest (4th-11th February 2011),https://www.medianama.com/2011/02/223-weekly-digest-4th-11th-february-2011/,part time job scam,Investment and Trading Fraud,Task Scam,THIRD-PARTY,NA-14955.txt,Keyword matched: part time job scam
NA-14956,01-04-2026,Soubhik Sarkar,Medianama,medianama.com,29-03-2009,Weekly Digest (20th-27th Mar 2009),https://www.medianama.com/2009/03/223-weekly-digest-20th-27th-mar-2009/,part time job scam,Investment and Trading Fraud,Task Scam,THIRD-PARTY,NA-14956.txt,Keyword matched: part time job scam
NA-14957,01-04-2026,Soubhik Sarkar,Medianama,medianama.com,24-03-2009,#IndiaVotes09: Congress (I) Promises Broadband For All Villages; In Favor Of PSU Listing,https://www.medianama.com/2009/03/223-indiavotes09-congress-i-promises-broadband-for-all-villages-in-favor-of-psu-listing/,part time job scam,Investment and Trading Fraud,Task Scam,NEAR-MISS,NA-14957.txt,Keyword matched: part time job scam
NA-14958,01-04-2026,Soubhik Sarkar,Medianama,medianama.com,02-06-2011,"2G Scam Digest: Pleas Dismissed; Maran, Aircel & Sun; ADAG",https://www.medianama.com/2011/06/223-2g-scam-digest-pleas-dismissed-maran-aircel-adag/,work from home scam,Investment and Trading Fraud,Task Scam,THIRD-PARTY,NA-14958.txt,Keyword matched: work from home scam
NA-14959,01-04-2026,Soubhik Sarkar,Medianama,medianama.com,09-05-2011,Network18 Launches FirstPost.com; Review & Suggestions,https://www.medianama.com/2011/05/223-firstpost-network18-2/,work from home scam,Investment and Trading Fraud,Task Scam,NEAR-MISS,NA-14959.txt,Keyword matched: work from home scam
NA-14960,01-04-2026,Soubhik Sarkar,Medianama,medianama.com,29-01-2026,"Meta Set To Roll Out Subscriptions On Instagram, Facebook And WhatsApp: What This Means",https://www.medianama.com/2026/01/223-meta-premium-subscriptions-instagram-facebook-whatsapp/,work from home scam,Investment and Trading Fraud,Task Scam,THIRD-PARTY,NA-14960.txt,Keyword matched: work from home scam
NA-14961,01-04-2026,Soubhik Sarkar,Medianama,medianama.com,08-04-2025,IPL Fever Fuels Rise in Illegal Gambling: Chhattisgarh HC Cracks Down,https://www.medianama.com/2025/04/223-ipl-fever-illegal-gambling-chhattisgarh-hc/,work from home scam,Investment and Trading Fraud,Task Scam,THIRD-PARTY,NA-14961.txt,Keyword matched: work from home scam
NA-14962,01-04-2026,Soubhik Sarkar,Medianama,medianama.com,17-03-2025,Copyright or Controversy? Google’s Gemini 2.0 AI Can Remove Image Watermarks with Ease,https://www.medianama.com/2025/03/223-googles-gemini-2-0-ai-can-remove-image-watermarks-with-ease/,work from home scam,Investment and Trading Fraud,Task Scam,THIRD-PARTY,NA-14962.txt,Keyword matched: work from home scam
NA-14963,01-04-2026,Soubhik Sarkar,Medianama,medianama.com,19-04-2024,"Explainer: Unpacking the Digi Yatra Controversy, And Some Questions That Remain Unanswered",https://www.medianama.com/2024/04/223-explainer-digi-yatra-under-scrutiny-yet-again/,work from home scam,Investment and Trading Fraud,Task Scam,NEAR-MISS,NA-14963.txt,Keyword matched: work from home scam
NA-14964,01-04-2026,Soubhik Sarkar,Medianama,medianama.com,07-12-2023,Google announces its next generation AI model Gemini,https://www.medianama.com/2023/12/223-google-announces-ai-model-gemini/,work from home scam,Investment and Trading Fraud,Task Scam,THIRD-PARTY,NA-14964.txt,Keyword matched: work from home scam
NA-14965,01-04-2026,Soubhik Sarkar,Medianama,medianama.com,05-12-2023,Australia antitrust regulator calls for new competition law for digital platforms,https://www.medianama.com/2023/12/223-australia-competition-law-digital-paltforms/,work from home scam,Investment and Trading Fraud,Task Scam,THIRD-PARTY,NA-14965.txt,Keyword matched: work from home scam
NA-14966,01-04-2026,Soubhik Sarkar,Medianama,medianama.com,05-04-2023,MediaNama Daily: Section 69A: Where domains (may) go to die.,https://www.medianama.com/2023/04/223-medianama-daily-section-69a-where-domains-go-to-die-2/,work from home scam,Investment and Trading Fraud,Task Scam,NEAR-MISS,NA-14966.txt,Keyword matched: work from home scam
NA-14967,01-04-2026,Soubhik Sarkar,Medianama,medianama.com,02-12-2024,Bluesky Imposes Rules to Crack Down on Impersonating Accounts,https://www.medianama.com/2024/12/223-bluesky-imposes-rules-crack-down-account-impersonation/,Telegram task scam,Investment and Trading Fraud,Task Scam,THIRD-PARTY,NA-14967.txt,Keyword matched: Telegram task scam
NA-14968,01-04-2026,Soubhik Sarkar,Medianama,medianama.com,01-09-2009,"Orkut Interview Part 1: Zeitgeist, ID Theft, Indic Languages, Partnerships, Trends & More",https://www.medianama.com/2009/09/223-orkut-interview-part-1-zeitgeist-plans-indic-languages-more/,identity theft,Identity Theft and Data Breach,Identity Theft,THIRD-PARTY,NA-14968.txt,Keyword matched: identity theft
NA-14969,01-04-2026,Soubhik Sarkar,Medianama,medianama.com,07-04-2023,"No way to deactivate Aadhaar of deceased persons, says IT Ministry",https://www.medianama.com/2023/04/223-deactivate-aadhaar-deceased-persons/,identity theft,Identity Theft and Data Breach,Identity Theft,THIRD-PARTY,NA-14969.txt,Keyword matched: identity theft
NA-14970,01-04-2026,Soubhik Sarkar,Medianama,medianama.com,02-03-2026,‘Citizen 360°’ Plan: Why Chennai Is Building A Unified AI System for Citizen Profiling,https://www.medianama.com/2026/03/223-citizen-360-plan-chennai-unified-ai-system-citizen-profiling/,identity theft,Identity Theft and Data Breach,Identity Theft,THIRD-PARTY,NA-14970.txt,Keyword matched: identity theft
NA-14971,01-04-2026,Soubhik Sarkar,Medianama,medianama.com,02-12-2025,What Permissions Does Sanchar Saathi Need From Your Smartphone?,https://www.medianama.com/2025/12/223-permissions-sanchar-saathi-smartphone/,identity theft,Identity Theft and Data Breach,Identity Theft,NEAR-MISS,NA-14971.txt,Keyword matched: identity theft
NA-14972,01-04-2026,Soubhik Sarkar,Medianama,medianama.com,25-11-2025,Policy issues that the Bandana Girl incident raises,https://www.medianama.com/2025/11/223-policy-issues-that-the-bandana-girl-incident-raises/,identity theft,Identity Theft and Data Breach,Identity Theft,VICTIM,NA-14972.txt,Keyword matched: identity theft
NA-14973,01-04-2026,Soubhik Sarkar,Medianama,medianama.com,13-10-2025,Can the Draft Labour Policy’s Universal Social Security Fix Gig Workers’ Financial Woes?,https://www.medianama.com/2025/10/223-draft-labour-policy-universal-social-security-india-gig-workers/,identity theft,Identity Theft and Data Breach,Identity Theft,THIRD-PARTY,NA-14973.txt,Keyword matched: identity theft
NA-14974,01-04-2026,Soubhik Sarkar,Medianama,medianama.com,10-09-2025,Former WhatsApp Security Head Sues Meta Over Alleged Security Flaws On Messaging App,https://www.medianama.com/2025/09/223-former-whatsapp-security-head-meta-security-flaws/,identity theft,Identity Theft and Data Breach,Identity Theft,NEAR-MISS,NA-14974.txt,Keyword matched: identity theft
NA-14975,01-04-2026,Soubhik Sarkar,Medianama,medianama.com,22-01-2025,Explained: What is the Entity Locker and How is it Different from DigiLocker?,https://www.medianama.com/2025/01/223-explainer-what-is-entity-locker-difference-digi-locker/,identity theft,Identity Theft and Data Breach,Identity Theft,THIRD-PARTY,NA-14975.txt,Keyword matched: identity theft
NA-14976,01-04-2026,Soubhik Sarkar,Medianama,medianama.com,09-10-2024,"MoneyGram Data Breach Exposes Names, Bank Accounts, and IDs of Customers",https://www.medianama.com/2024/10/223-moneygram-data-breach-exposes-names-bank-accounts-and-ids-of-customers/,identity theft,Identity Theft and Data Breach,Identity Theft,THIRD-PARTY,NA-14976.txt,Keyword matched: identity theft
NA-14977,01-04-2026,Soubhik Sarkar,Medianama,medianama.com,18-04-2024,Puducherry FOSS Community Demands Adoption of Open-Source Software By Govt Institutions,https://www.medianama.com/2024/04/223-puducherry-foss-community-demands-adoption-open-source-software/,identity theft,Identity Theft and Data Breach,Identity Theft,THIRD-PARTY,NA-14977.txt,Keyword matched: identity theft
NA-14978,01-04-2026,Soubhik Sarkar,Medianama,medianama.com,31-10-2023,Data breach: Aadhaar and passport details of 815 million Indians listed for sale,https://www.medianama.com/2023/10/223-aadhaar-815-million-indian-data-breach-2/,identity theft,Identity Theft and Data Breach,Identity Theft,VICTIM,NA-14978.txt,Keyword matched: identity theft
NA-14979,01-04-2026,Soubhik Sarkar,Medianama,medianama.com,20-10-2023,"UK Court blocks Information Commissioner’s Office from fining ClearView, says it falls outside its regulatory scope",https://www.medianama.com/2023/10/223-uk-court-information-commissioners-office-clearview-gdpr-2/,identity theft,Identity Theft and Data Breach,Identity Theft,THIRD-PARTY,NA-14979.txt,Keyword matched: identity theft
NA-14980,01-04-2026,Soubhik Sarkar,Medianama,medianama.com,22-09-2023,UK asks Meta to not roll out end to end encryption on Instagram and Messenger,https://www.medianama.com/2023/09/223-uk-meta-encryption-instagram-messenger/,identity theft,Identity Theft and Data Breach,Identity Theft,VICTIM,NA-14980.txt,Keyword matched: identity theft
NA-14981,01-04-2026,Soubhik Sarkar,Medianama,medianama.com,16-06-2023,A Summary of Department of Consumer Affairs’ Stakeholder Consultation on Dark Patterns,https://www.medianama.com/2023/06/223-summary-government-consultation-dark-patterns-2/,identity theft,Identity Theft and Data Breach,Identity Theft,THIRD-PARTY,NA-14981.txt,Keyword matched: identity theft
NA-14982,01-04-2026,Soubhik Sarkar,Medianama,medianama.com,17-05-2023,Google to delete accounts that have been inactive for two years,https://www.medianama.com/2023/05/223-google-to-delete-accounts-that-have-been-inactive-for-two-years-2/,identity theft,Identity Theft and Data Breach,Identity Theft,THIRD-PARTY,NA-14982.txt,Keyword matched: identity theft
NA-14983,01-04-2026,Soubhik Sarkar,Medianama,medianama.com,15-05-2023,Google to launch dark web monitoring for all Gmail users in the US,https://www.medianama.com/2023/05/223-google-launch-dark-web-monitoring-gmail-users-us/,identity theft,Identity Theft and Data Breach,Identity Theft,VICTIM,NA-14983.txt,Keyword matched: identity theft
NA-14984,01-04-2026,Soubhik Sarkar,Medianama,medianama.com,09-05-2023,IT Ministry’s proposed amendments allow private entities to use Aadhaar authentication to provide services,https://www.medianama.com/2023/05/223-it-ministry-amendments-aadhaar-authentication-private-entities-2/,identity theft,Identity Theft and Data Breach,Identity Theft,THIRD-PARTY,NA-14984.txt,Keyword matched: identity theft
NA-14985,01-04-2026,Soubhik Sarkar,Medianama,medianama.com,09-07-2019,"US federal agencies need better online identity verification processes, says Government Accountability Office",https://www.medianama.com/2019/07/223-us-federal-agencies-need-better-online-identity-verification-processes-says-government-accountability-office/,identity fraud,Identity Theft and Data Breach,Identity Theft,THIRD-PARTY,NA-14985.txt,Keyword matched: identity fraud
NA-14986,01-04-2026,Soubhik Sarkar,Medianama,medianama.com,23-04-2019,EU votes for common identity repository with biometric data of non-EU citizens,https://www.medianama.com/2019/04/223-eu-votes-for-common-identity-repository-with-biometric-data-of-non-eu-citizens-2/,identity fraud,Identity Theft and Data Breach,Identity Theft,THIRD-PARTY,NA-14986.txt,Keyword matched: identity fraud
NA-14987,01-04-2026,Soubhik Sarkar,Medianama,medianama.com,08-11-2013,"Two Years Later, Indian Govt Responds To Identity Project Concerns Raised By Standing Committee",https://www.medianama.com/2013/11/223-two-years-later-indian-govt-responds-to-identity-project-concerns-raised-by-standing-committee/,identity fraud,Identity Theft and Data Breach,Identity Theft,NEAR-MISS,NA-14987.txt,Keyword matched: identity fraud
NA-14988,01-04-2026,Soubhik Sarkar,Medianama,medianama.com,17-07-2025,The Aadhaar Deactivation Backlog For Deceased People: Millions of Dead Still Counted?,https://www.medianama.com/2025/07/223-uidais-aadhaar-deactivation-crisis/,identity fraud,Identity Theft and Data Breach,Identity Theft,THIRD-PARTY,NA-14988.txt,Keyword matched: identity fraud
NA-14989,01-04-2026,Soubhik Sarkar,Medianama,medianama.com,18-11-2024,Musk’s X Sues California’s Deepfake Law; Lessons from India’s AI-Powered Election Campaigns,https://www.medianama.com/2024/11/223-musks-x-sues-californias-deepfake-law-lessons-from-indias-ai-powered-election-campaigns/,identity fraud,Identity Theft and Data Breach,Identity Theft,THIRD-PARTY,NA-14989.txt,Keyword matched: identity fraud
NA-14990,01-04-2026,Soubhik Sarkar,Medianama,medianama.com,21-10-2024,Defence Ministry launches framework to integrate trustworthy AI into defence operations,https://www.medianama.com/2024/10/223-department-defene-ai-integration-framework-responsible-ai/,identity fraud,Identity Theft and Data Breach,Identity Theft,THIRD-PARTY,NA-14990.txt,Keyword matched: identity fraud
NA-14991,01-04-2026,Soubhik Sarkar,Medianama,medianama.com,17-06-2024,"DRDO Collaborates with Startup on AI Authentication Tool for Defence, Law Enforcement and more",https://www.medianama.com/2024/06/223-drdo-collaborates-startup-defence-law-enforcement/,identity fraud,Identity Theft and Data Breach,Identity Theft,THIRD-PARTY,NA-14991.txt,Keyword matched: identity fraud
NA-14992,01-04-2026,Soubhik Sarkar,Medianama,medianama.com,28-08-2023,12 countries write an open letter to tackle data scraping: Here’s all you need to know,https://www.medianama.com/2023/08/223-tackle-data-scraping-privacy-watchdogs/,identity fraud,Identity Theft and Data Breach,Identity Theft,THIRD-PARTY,NA-14992.txt,Keyword matched: identity fraud
NA-14993,01-04-2026,Soubhik Sarkar,Medianama,medianama.com,11-05-2018,"Constitutional Validity of Aadhaar, Day 38: “Dhool chehre pe thi, aur aina saaf karta raha”",https://www.medianama.com/2018/05/223-constitutional-validity-of-aadhaar-day-38-dhool-chehre-pe-thi-aur-aina-saaf-karta-raha/,identity fraud,Identity Theft and Data Breach,Identity Theft,THIRD-PARTY,NA-14993.txt,Keyword matched: identity fraud
NA-14994,01-04-2026,Soubhik Sarkar,Medianama,medianama.com,10-05-2018,"Constitutional Validity of Aadhaar, Day 37: “Is Aadhaar really for the oppressed?”",https://www.medianama.com/2018/05/223-constitutional-validity-of-aadhaar-day-37-is-aadhaar-really-for-the-oppressed/,identity fraud,Identity Theft and Data Breach,Identity Theft,VICTIM,NA-14994.txt,Keyword matched: identity fraud
NA-14995,01-04-2026,Soubhik Sarkar,Medianama,medianama.com,20-03-2018,French security researcher releases source code for an ‘Aadhaar Search Engine’,https://www.medianama.com/2018/03/223-elliot-alderson-releases-source-for-an-aadhaar-search-engine/,identity fraud,Identity Theft and Data Breach,Identity Theft,THIRD-PARTY,NA-14995.txt,Keyword matched: identity fraud
NA-14996,01-04-2026,Soubhik Sarkar,Medianama,medianama.com,15-03-2018,"Constitutional Validity of Aadhaar, Day 17: ‘Collection of biometric information is the complete anathema to proportionality’",https://www.medianama.com/2018/03/223-constitutional-validity-of-aadhaar-day-17-collection-of-biometric-information-is-the-complete-anathema-to-proportionality/,identity fraud,Identity Theft and Data Breach,Identity Theft,THIRD-PARTY,NA-14996.txt,Keyword matched: identity fraud
NA-14997,01-04-2026,Soubhik Sarkar,Medianama,medianama.com,09-02-2018,"Constitutional Validity of Aadhaar, Day 9",https://www.medianama.com/2018/02/223-constitutional-validity-of-aadhaar-day-9/,identity fraud,Identity Theft and Data Breach,Identity Theft,THIRD-PARTY,NA-14997.txt,Keyword matched: identity fraud
NA-14998,01-04-2026,Soubhik Sarkar,Medianama,medianama.com,06-02-2018,"Constitutional Validity of Aadhaar, Day 6: State “puffery” in Claims of Aadhaar benefits",https://www.medianama.com/2018/02/223-constitutional-validity-aadhaar-day-6-state-puffery-claims-aadhaar-benefits/,identity fraud,Identity Theft and Data Breach,Identity Theft,NEAR-MISS,NA-14998.txt,Keyword matched: identity fraud
NA-14999,01-04-2026,Soubhik Sarkar,Medianama,medianama.com,07-05-2013,Will Matrimonial Site iBluebottle Work With Member Eligibility Criteria?,https://www.medianama.com/2013/05/223-ibluebottle-exclusive-membership-criteria/,identity fraud,Identity Theft and Data Breach,Identity Theft,THIRD-PARTY,NA-14999.txt,Keyword matched: identity fraud
NA-15000,01-04-2026,Soubhik Sarkar,Medianama,medianama.com,19-12-2022,No cases of misuse of Aadhaar brought to UIDAI’s notice: Rajeev Chandrasekhar in Parliament,https://www.medianama.com/2022/12/223-no-misuse-aadhaar-uidai-rajeev-chandrasekhar-parliament-3/,Aadhaar misuse,Identity Theft and Data Breach,Identity Theft,THIRD-PARTY,NA-15000.txt,Keyword matched: Aadhaar misuse
NA-15001,01-04-2026,Soubhik Sarkar,Medianama,medianama.com,21-02-2019,Aadhaar operator’s biometrics were stolen and misused repeatedly: report,https://www.medianama.com/2019/02/223-aadhaar-operator-biometrics-stolen-huffpost-2/,Aadhaar misuse,Identity Theft and Data Breach,Identity Theft,NEAR-MISS,NA-15001.txt,Keyword matched: Aadhaar misuse
NA-15002,01-04-2026,Soubhik Sarkar,Medianama,medianama.com,14-09-2018,Delhi HC registers suo motu PIL over misuse of Aadhaar verification,https://www.medianama.com/2018/09/223-delhi-hc-registers-suo-motu-pil-over-misuse-of-aadhaar-verification-2/,Aadhaar misuse,Identity Theft and Data Breach,Identity Theft,THIRD-PARTY,NA-15002.txt,Keyword matched: Aadhaar misuse
NA-15003,01-04-2026,Soubhik Sarkar,Medianama,medianama.com,13-03-2018,Government denies misuse of Aadhaar data in Lok Sabha,https://www.medianama.com/2018/03/223-government-denies-misuse-of-aadhaar-data-in-lok-sabha/,Aadhaar misuse,Identity Theft and Data Breach,Identity Theft,THIRD-PARTY,NA-15003.txt,Keyword matched: Aadhaar misuse
NA-15004,01-04-2026,Soubhik Sarkar,Medianama,medianama.com,20-03-2026,"Apple, Samsung, Google push back govt’s demand to pre-install apps like Aadhaar",https://www.medianama.com/2026/03/223-apple-samsung-google-push-back-pre-install-apps-aadhaar/,Aadhaar misuse,Identity Theft and Data Breach,Identity Theft,THIRD-PARTY,NA-15004.txt,Keyword matched: Aadhaar misuse
NA-15005,01-04-2026,Soubhik Sarkar,Medianama,medianama.com,21-03-2025,The Fine Line Between Voluntary and Mandatory: Aadhaar-Voter ID Link Explained,https://www.medianama.com/2025/03/223-the-fine-line-between-voluntary-and-mandatory-aadhaar-voter-id-link-explained/,Aadhaar misuse,Identity Theft and Data Breach,Identity Theft,NEAR-MISS,NA-15005.txt,Keyword matched: Aadhaar misuse
NA-15006,01-04-2026,Soubhik Sarkar,Medianama,medianama.com,07-11-2023,Plea In Kerala HC Highlights Privacy And Legal Concerns With Mandate To Collect Aadhaar For Tracking Education Data,https://www.medianama.com/2023/11/223-kerala-hc-petition-aadhaar-education-udise/,Aadhaar misuse,Identity Theft and Data Breach,Identity Theft,THIRD-PARTY,NA-15006.txt,Keyword matched: Aadhaar misuse
NA-15007,01-04-2026,Soubhik Sarkar,Medianama,medianama.com,22-05-2023,Use of Aadhaar by private entities can cause commercial exploitation of people’s data: Rethink Aadhaar and others,https://www.medianama.com/2023/05/223-rethink-aadhaar-flag-aadhaar-use-private-2/,Aadhaar misuse,Identity Theft and Data Breach,Identity Theft,THIRD-PARTY,NA-15007.txt,Keyword matched: Aadhaar misuse
NA-15008,01-04-2026,Soubhik Sarkar,Medianama,medianama.com,07-04-2023,Why a new deadline for Aadhaar-Voter ID linkage if it is not mandatory?,https://www.medianama.com/2023/04/223-new-deadline-aadhaar-voter-id-linkage/,Aadhaar misuse,Identity Theft and Data Breach,Identity Theft,THIRD-PARTY,NA-15008.txt,Keyword matched: Aadhaar misuse
NA-15009,01-04-2026,Soubhik Sarkar,Medianama,medianama.com,25-11-2022,Unique Identification Authority of India (UIDAI) says verify Aadhaar as ID proof using QR,https://www.medianama.com/2022/11/223-uidai-says-verify-aadhar-as-id-proof-qr-code/,Aadhaar misuse,Identity Theft and Data Breach,Identity Theft,THIRD-PARTY,NA-15009.txt,Keyword matched: Aadhaar misuse
NA-15010,01-04-2026,Soubhik Sarkar,Medianama,medianama.com,01-02-2022,"Data Protection Bill: Possibility of misuse of Right to be Forgotten, overlap with Right to Erasure and more #NAMA",https://www.medianama.com/2022/02/223-data-protection-bill-misuse-right-to-be-forgotten-2/,Aadhaar misuse,Identity Theft and Data Breach,Identity Theft,THIRD-PARTY,NA-15010.txt,Keyword matched: Aadhaar misuse
NA-15011,01-04-2026,Soubhik Sarkar,Medianama,medianama.com,06-01-2022,Your Aadhaar data can now be shared among government ministries but in limited form,https://www.medianama.com/2022/01/223-uidai-partial-aadhaar-data-sharing-allowed/,Aadhaar misuse,Identity Theft and Data Breach,Identity Theft,NEAR-MISS,NA-15011.txt,Keyword matched: Aadhaar misuse
NA-15012,01-04-2026,Soubhik Sarkar,Medianama,medianama.com,01-10-2021,"Madurai cops want weapons dealers to collect Aadhaar, personal information of buyers",https://www.medianama.com/2021/10/223-madurai-police-aadhaar-collection/,Aadhaar misuse,Identity Theft and Data Breach,Identity Theft,NEAR-MISS,NA-15012.txt,Keyword matched: Aadhaar misuse
NA-15013,01-04-2026,Soubhik Sarkar,Medianama,medianama.com,08-06-2021,A Sleight of Hand: Understanding The Government’s Push For Linking Aadhaar With CoWIN,https://www.medianama.com/2021/06/223-national-health-id-aadhaar-cowin-vaccination/,Aadhaar misuse,Identity Theft and Data Breach,Identity Theft,THIRD-PARTY,NA-15013.txt,Keyword matched: Aadhaar misuse
NA-15014,01-04-2026,Soubhik Sarkar,Medianama,medianama.com,01-06-2021,New draft Aadhaar authentication regulations recognise offline verification,https://www.medianama.com/2021/06/223-draft-aadhaar-authentication-regulations-2021/,Aadhaar misuse,Identity Theft and Data Breach,Identity Theft,THIRD-PARTY,NA-15014.txt,Keyword matched: Aadhaar misuse
NA-15015,01-04-2026,Soubhik Sarkar,Medianama,medianama.com,29-04-2021,Citizens in desperate need of Covid-19 aid publish their Aadhaar number on social media,https://www.medianama.com/2021/04/223-covid-19-sos-aadhaar-twitter/,Aadhaar misuse,Identity Theft and Data Breach,Identity Theft,THIRD-PARTY,NA-15015.txt,Keyword matched: Aadhaar misuse
NA-15016,01-04-2026,Soubhik Sarkar,Medianama,medianama.com,07-04-2021,Delhi Police closes case against The Tribune and Rachna Khaira for ‘Aadhaar for sale’ report,https://www.medianama.com/2021/04/223-delhi-police-tribune-rachna-khaira/,Aadhaar misuse,Identity Theft and Data Breach,Identity Theft,THIRD-PARTY,NA-15016.txt,Keyword matched: Aadhaar misuse
NA-15017,01-04-2026,Soubhik Sarkar,Medianama,medianama.com,25-03-2021,BJP allegedly accessed voter Aadhaar details for targeted campaigning,https://www.medianama.com/2021/03/223-madras-hc-bjp-voter-aadhaar/,Aadhaar misuse,Identity Theft and Data Breach,Identity Theft,THIRD-PARTY,NA-15017.txt,Keyword matched: Aadhaar misuse
NA-15018,01-04-2026,Soubhik Sarkar,Medianama,medianama.com,18-03-2021,Parliament: Election Commission claims tight ‘airgap’ between electoral rolls and Aadhaar database,https://www.medianama.com/2021/03/223-election-commission-aadhaar-voter-linkage-security-2/,Aadhaar misuse,Identity Theft and Data Breach,Identity Theft,THIRD-PARTY,NA-15018.txt,Keyword matched: Aadhaar misuse
NA-15019,01-04-2026,Soubhik Sarkar,Medianama,medianama.com,05-11-2020,"Telangana govt can’t insist on collecting Aadhaar, caste details on land records portal, declares High Court",https://www.medianama.com/2020/11/223-telangana-cannot-collect-aadhaar-caste-details-for-dharani/,Aadhaar misuse,Identity Theft and Data Breach,Identity Theft,THIRD-PARTY,NA-15019.txt,Keyword matched: Aadhaar misuse
NA-15020,01-04-2026,Soubhik Sarkar,Medianama,medianama.com,22-09-2020,"Over 40,000 fraudulent Aadhaar numbers cancelled as of Aug 2020: MEITY",https://www.medianama.com/2020/09/223-fraudulent-aadhaaar-cancelled-parliament-meity/,Aadhaar misuse,Identity Theft and Data Breach,Identity Theft,THIRD-PARTY,NA-15020.txt,Keyword matched: Aadhaar misuse
NA-15021,01-04-2026,Soubhik Sarkar,Medianama,medianama.com,04-03-2020,SpringRole verifies IDs like Aadhaar and Voter ID via WhatsApp; Privacy and legal concerns,https://www.medianama.com/2020/03/223-springverify-verify-aaddhaar-pan-voter-id-privacy-legal-concerns-2/,Aadhaar misuse,Identity Theft and Data Breach,Identity Theft,THIRD-PARTY,NA-15021.txt,Keyword matched: Aadhaar misuse
NA-15022,01-04-2026,Soubhik Sarkar,Medianama,medianama.com,27-11-2019,Aadhaar Watch: Running report of Aadhaar-related questions in Parliament Winter Session 2019,https://www.medianama.com/2019/11/223-aadhaar-tracker-parliament-winter-2019-2/,Aadhaar misuse,Identity Theft and Data Breach,Identity Theft,THIRD-PARTY,NA-15022.txt,Keyword matched: Aadhaar misuse
NA-15023,01-04-2026,Soubhik Sarkar,Medianama,medianama.com,23-08-2019,Against Facebook-Aadhaar linking,https://www.medianama.com/2019/08/223-against-facebook-aadhaar-linking-3/,Aadhaar misuse,Identity Theft and Data Breach,Identity Theft,THIRD-PARTY,NA-15023.txt,Keyword matched: Aadhaar misuse
NA-15024,01-04-2026,Soubhik Sarkar,Medianama,medianama.com,16-08-2019,"NDHB “severely infringes” privacy principles, doesn’t say patient is owner of data, no safeguards for EHR misuse: SFLC",https://www.medianama.com/2019/08/223-sflc-comments-on-national-digital-health-blueprint-3/,Aadhaar misuse,Identity Theft and Data Breach,Identity Theft,THIRD-PARTY,NA-15024.txt,Keyword matched: Aadhaar misuse
NA-15025,01-04-2026,Soubhik Sarkar,Medianama,medianama.com,15-08-2019,Key Differences Between the U.S. Social Security System and India’s Aadhaar System,https://www.medianama.com/2019/08/223-differences-between-the-u-s-social-security-system-and-indias-aadhaar-system-3/,Aadhaar misuse,Identity Theft and Data Breach,Identity Theft,THIRD-PARTY,NA-15025.txt,Keyword matched: Aadhaar misuse
NA-15026,01-04-2026,Soubhik Sarkar,Medianama,medianama.com,23-05-2019,Aadhaar PIL in Delhi HC: Shamnad Basheer calls for committee to ascertain extent of Aadhaar data breaches,https://www.medianama.com/2019/05/223-shamnad-basheer-comittee-for-aadhaar-damages/,Aadhaar misuse,Identity Theft and Data Breach,Identity Theft,THIRD-PARTY,NA-15026.txt,Keyword matched: Aadhaar misuse
NA-15027,01-04-2026,Soubhik Sarkar,Medianama,medianama.com,22-04-2019,"IT Grids had Aadhaar data from other states too, including 2 crore records from Punjab: Reports",https://www.medianama.com/2019/04/223-it-grids-had-aadhaar-data-from-other-states-too-including-2-crore-records-from-punjab-reports-2/,Aadhaar misuse,Identity Theft and Data Breach,Identity Theft,THIRD-PARTY,NA-15027.txt,Keyword matched: Aadhaar misuse
NA-15028,01-04-2026,Soubhik Sarkar,Medianama,medianama.com,15-04-2019,Delhi HC seeks Centre’s response to petition challenging Aadhaar Ordinance,https://www.medianama.com/2019/04/223-delhi-hc-seeks-centres-response-to-petition-challenging-aadhaar-ordinance-2/,Aadhaar misuse,Identity Theft and Data Breach,Identity Theft,THIRD-PARTY,NA-15028.txt,Keyword matched: Aadhaar misuse
NA-15029,01-04-2026,Soubhik Sarkar,Medianama,medianama.com,08-04-2019,"Supreme Court refuses to entertain challenge to Aadhaar ordinance, tells petitioners to approach high court",https://www.medianama.com/2019/04/223-supreme-court-refuses-to-entertain-challenge-to-aadhaar-ordinance-tells-petitioners-to-approach-high-court-2/,Aadhaar misuse,Identity Theft and Data Breach,Identity Theft,THIRD-PARTY,NA-15029.txt,Keyword matched: Aadhaar misuse
NA-15030,01-04-2026,Soubhik Sarkar,Medianama,medianama.com,03-04-2019,"Tech manifestos 2019: Congress promises digital rights, voluntary Aadhaar, reduced regulation, Sovereign fund, and more",https://www.medianama.com/2019/04/223-tech-manifestos-2019-congress-2/,Aadhaar misuse,Identity Theft and Data Breach,Identity Theft,NEAR-MISS,NA-15030.txt,Keyword matched: Aadhaar misuse
NA-15031,01-04-2026,Soubhik Sarkar,Medianama,medianama.com,29-03-2019,"Tech manifestos 2019: CPI(M) on e-commerce regulation, surveillance, Aadhaar, and ‘Livable Cities’",https://www.medianama.com/2019/03/223-tech-manifestos-2019-cpim/,Aadhaar misuse,Identity Theft and Data Breach,Identity Theft,THIRD-PARTY,NA-15031.txt,Keyword matched: Aadhaar misuse
NA-15032,01-04-2026,Soubhik Sarkar,Medianama,medianama.com,20-03-2019,Lawyer petitions Supreme Court to quash ‘undemocratic’ Aadhaar ordinance,https://www.medianama.com/2019/03/223-lawyer-petitions-supreme-court-to-quash-undemocratic-aadhaar-ordinance/,Aadhaar misuse,Identity Theft and Data Breach,Identity Theft,THIRD-PARTY,NA-15032.txt,Keyword matched: Aadhaar misuse
NA-15033,01-04-2026,Soubhik Sarkar,Medianama,medianama.com,15-02-2019,"Aadhaar data leak PIL: Centre denies data breach, says security systems adequate",https://www.medianama.com/2019/02/223-centre-denial-aadhaar-data-breach-2/,Aadhaar misuse,Identity Theft and Data Breach,Identity Theft,THIRD-PARTY,NA-15033.txt,Keyword matched: Aadhaar misuse
NA-15034,01-04-2026,Soubhik Sarkar,Medianama,medianama.com,03-12-2018,Is Aadhaar the only reason for the cancellation of eSign Mandates?,https://www.medianama.com/2018/12/223-is-aadhaar-the-only-reason-for-cancellation-of-esign-mandates-2/,Aadhaar misuse,Identity Theft and Data Breach,Identity Theft,THIRD-PARTY,NA-15034.txt,Keyword matched: Aadhaar misuse
NA-15035,01-04-2026,Soubhik Sarkar,Medianama,medianama.com,20-11-2018,Delhi HC gives UIDAI a 4 week extension in damages due to the Aadhaar data breach case,https://www.medianama.com/2018/11/223-uidai-aadhaar-data-breach-delhi-hc-shamnad-basheer/,Aadhaar misuse,Identity Theft and Data Breach,Identity Theft,THIRD-PARTY,NA-15035.txt,Keyword matched: Aadhaar misuse
NA-15036,01-04-2026,Soubhik Sarkar,Medianama,medianama.com,22-10-2018,"Aadhaar digest: Masked numbers, fintech exemption and AePS",https://www.medianama.com/2018/10/223-aadhaar-digest-masked-numbers-fintech-exemption-and-aeps/,Aadhaar misuse,Identity Theft and Data Breach,Identity Theft,THIRD-PARTY,NA-15036.txt,Keyword matched: Aadhaar misuse
NA-15037,01-04-2026,Soubhik Sarkar,Medianama,medianama.com,18-09-2018,"Aadhaar Watch: Assam, Delhi HC petition, PDS grains diversion and more",https://www.medianama.com/2018/09/223-aadhaar-watch-assam-uidai-pds-delhihc-2/,Aadhaar misuse,Identity Theft and Data Breach,Identity Theft,THIRD-PARTY,NA-15037.txt,Keyword matched: Aadhaar misuse
NA-15038,01-04-2026,Soubhik Sarkar,Medianama,medianama.com,27-07-2018,Govt of India says law of abetment applies to social media platforms if they do not act on large scale misuse,https://www.medianama.com/2018/07/223-govt-law-abetment-social-media-fake-news/,Aadhaar misuse,Identity Theft and Data Breach,Identity Theft,THIRD-PARTY,NA-15038.txt,Keyword matched: Aadhaar misuse
NA-15039,01-04-2026,Soubhik Sarkar,Medianama,medianama.com,02-07-2018,"SIM card dealer created own Aadhaar database, activated 6000 SIM cards: Report",https://www.medianama.com/2018/07/223-sim-card-dealer-created-own-aadhaar-database-activated-6000-sim-cards-report-2/,Aadhaar misuse,Identity Theft and Data Breach,Identity Theft,NEAR-MISS,NA-15039.txt,Keyword matched: Aadhaar misuse
NA-15040,01-04-2026,Soubhik Sarkar,Medianama,medianama.com,21-05-2018,Prof. Shamnad Basheer files PIL seeking ‘exemplary damages’ for Aadhaar Data Leaks,https://www.medianama.com/2018/05/223-aadhaar-pil-data-leaks/,Aadhaar misuse,Identity Theft and Data Breach,Identity Theft,NEAR-MISS,NA-15040.txt,Keyword matched: Aadhaar misuse
NA-15041,01-04-2026,Soubhik Sarkar,Medianama,medianama.com,07-05-2018,FSMI expresses concern about Aadhaar Enrolment Software security,https://www.medianama.com/2018/05/223-fsmi-expresses-concern-about-aadhaar-enrolment-software-security/,Aadhaar misuse,Identity Theft and Data Breach,Identity Theft,THIRD-PARTY,NA-15041.txt,Keyword matched: Aadhaar misuse
NA-15042,01-04-2026,Soubhik Sarkar,Medianama,medianama.com,03-05-2018,UIDAI denies reports of Aadhaar Enrolment Software being tampered,https://www.medianama.com/2018/05/223-uidai-denies-reports-of-aadhaar-enrolment-software-being-tampered/,Aadhaar misuse,Identity Theft and Data Breach,Identity Theft,THIRD-PARTY,NA-15042.txt,Keyword matched: Aadhaar misuse
NA-15043,01-04-2026,Soubhik Sarkar,Medianama,medianama.com,01-05-2018,Cracked Aadhaar enrollment and updation software for sale on the black market: Report,https://www.medianama.com/2018/05/223-cracked-aadhaar-enrollment-and-updation-software-2/,Aadhaar misuse,Identity Theft and Data Breach,Identity Theft,THIRD-PARTY,NA-15043.txt,Keyword matched: Aadhaar misuse
NA-15044,01-04-2026,Soubhik Sarkar,Medianama,medianama.com,18-04-2018,Constitutional Validity of Aadhaar: Day 29,https://www.medianama.com/2018/04/223-constitutional-validity-of-aadhaar-day-29/,Aadhaar misuse,Identity Theft and Data Breach,Identity Theft,NEAR-MISS,NA-15044.txt,Keyword matched: Aadhaar misuse
NA-15045,01-04-2026,Soubhik Sarkar,Medianama,medianama.com,09-12-2025,Snapdeal Parent Company Acevector Files Updated DRHP With SEBI For Rs 300 Crore IPO,https://www.medianama.com/2025/12/223-acevector-snapdeal-parent-rs-300-cr-ipo-filing-udrhp/,PAN fraud,Identity Theft and Data Breach,Identity Theft,THIRD-PARTY,NA-15045.txt,Keyword matched: PAN fraud
NA-15046,01-04-2026,Soubhik Sarkar,Medianama,medianama.com,03-06-2025,"Urban Company Faces Worker Union Campaign Ahead of Rs 1,900 Crore IPO",https://www.medianama.com/2025/06/223-urban-company-worker-union-campaign-ipo/,PAN fraud,Identity Theft and Data Breach,Identity Theft,THIRD-PARTY,NA-15046.txt,Keyword matched: PAN fraud
NA-15047,01-04-2026,Soubhik Sarkar,Medianama,medianama.com,22-05-2025,"Protean’s Q4 Earnings Show First Drop in PAN Issuance in Four Years, Down 12% in FY25",https://www.medianama.com/2025/05/223-protean-egov-pan-card-issuance-drop-fy25/,PAN fraud,Identity Theft and Data Breach,Identity Theft,THIRD-PARTY,NA-15047.txt,Keyword matched: PAN fraud
NA-15048,01-04-2026,Soubhik Sarkar,Medianama,medianama.com,22-04-2025,Airtel Expands Anti-Spam Feature With Regional Language Support,https://www.medianama.com/2025/04/223-airtel-ai-spam-alerts-feature-2025/,PAN fraud,Identity Theft and Data Breach,Identity Theft,THIRD-PARTY,NA-15048.txt,Keyword matched: PAN fraud
NA-15049,01-04-2026,Soubhik Sarkar,Medianama,medianama.com,01-10-2024,Why every telecom company may soon launch AI based spam prevention,https://www.medianama.com/2024/10/223-telecom-companies-ai-ml-spam-prevention/,PAN fraud,Identity Theft and Data Breach,Identity Theft,THIRD-PARTY,NA-15049.txt,Keyword matched: PAN fraud
NA-15050,01-04-2026,Soubhik Sarkar,Medianama,medianama.com,29-07-2024,"RBI Digest: New Regulatory Sandbox Cohort, Penalty On Three Payment Companies And More",https://www.medianama.com/2024/07/223-rbi-digest-guidelines-liquidity-cover-ratio-regulatory-sandbox-cohort-penalty/,PAN fraud,Identity Theft and Data Breach,Identity Theft,THIRD-PARTY,NA-15050.txt,Keyword matched: PAN fraud
NA-15051,01-04-2026,Soubhik Sarkar,Medianama,medianama.com,06-02-2026,"Substack Suffers Data Breach, Users’ Emails And Phone Numbers Compromised",https://www.medianama.com/2026/02/223-substack-data-email-phone-number-breach/,data breach,Identity Theft and Data Breach,Data Breach,NEAR-MISS,NA-15051.txt,Keyword matched: data breach
NA-15052,01-04-2026,Soubhik Sarkar,Medianama,medianama.com,14-11-2025,Companies to Notify the Data Protection Board of a Data Breach ‘Without Delay’ Under the DPDP Rules 2025,https://www.medianama.com/2025/11/223-data-breach-reporting-timeline-of-dpdp-rules-2025-explained/,data breach,Identity Theft and Data Breach,Data Breach,THIRD-PARTY,NA-15052.txt,Keyword matched: data breach
NA-15053,01-04-2026,Soubhik Sarkar,Medianama,medianama.com,29-10-2025,‘Stealer Logs’ & ‘Credential Stuffing Lists’ Data Breach Leaks 183M Email Passwords,https://www.medianama.com/2025/10/223-stealer-logs-credential-stuffing-data-breach-leaks-183m-email-passwords/,data breach,Identity Theft and Data Breach,Data Breach,THIRD-PARTY,NA-15053.txt,Keyword matched: data breach
NA-15054,01-04-2026,Soubhik Sarkar,Medianama,medianama.com,22-10-2025,Bombay HC Tells DoT to Block  Medusa Accounts After Generali Insurance Data Breach,https://www.medianama.com/2025/10/223-bombay-hc-dot-hacker-medusa-data-breach/,data breach,Identity Theft and Data Breach,Data Breach,VICTIM,NA-15054.txt,Keyword matched: data breach
NA-15055,01-04-2026,Soubhik Sarkar,Medianama,medianama.com,28-07-2025,"Tea Dating App Suffers Data Breach Leaking 72000 Images, Despite Safety Promise",https://www.medianama.com/2025/07/223-tea-dating-app-data-breach-72000-images-safety-promise/,data breach,Identity Theft and Data Breach,Data Breach,THIRD-PARTY,NA-15055.txt,Keyword matched: data breach
NA-15056,01-04-2026,Soubhik Sarkar,Medianama,medianama.com,14-02-2025,Should India adopt a threshold-based data breach reporting? #NAMA,https://www.medianama.com/2025/02/223-india-needs-a-threshold-based-data-breach-reporting/,data breach,Identity Theft and Data Breach,Data Breach,VICTIM,NA-15056.txt,Keyword matched: data breach
NA-15057,01-04-2026,Soubhik Sarkar,Medianama,medianama.com,06-02-2025,Are India’s draft data protection rules sufficient to defend against health data breaches?,https://www.medianama.com/2025/02/223-are-indias-draft-data-protection-rules-sufficient-to-defend-against-health-data-breaches/,data breach,Identity Theft and Data Breach,Data Breach,THIRD-PARTY,NA-15057.txt,Keyword matched: data breach
NA-15058,01-04-2026,Soubhik Sarkar,Medianama,medianama.com,04-01-2025,"DPDP Rules 2025 Mandate Encryption, Logs, and Timely Reporting in Case of Data Breaches",https://www.medianama.com/2025/01/223-dpdp-rules-2025-encryption-logs-timely-reporting-data-breaches/,data breach,Identity Theft and Data Breach,Data Breach,THIRD-PARTY,NA-15058.txt,Keyword matched: data breach
NA-15059,01-04-2026,Soubhik Sarkar,Medianama,medianama.com,27-11-2024,HDFC Life Insurance Reports Data Breach Amid Rising Cybersecurity Threats to Indian Insurers,https://www.medianama.com/2024/11/223-hdfc-life-insurance-reports-data-breach-regulatory-filing/,data breach,Identity Theft and Data Breach,Data Breach,THIRD-PARTY,NA-15059.txt,Keyword matched: data breach
NA-15060,01-04-2026,Soubhik Sarkar,Medianama,medianama.com,29-10-2024,Star Health CISO Cleared of Collusion in Massive Data Breach Investigation,https://www.medianama.com/2024/10/223-star-health-ciso-cleared-of-collusion-in-massive-data-breach-investigation/,data breach,Identity Theft and Data Breach,Data Breach,THIRD-PARTY,NA-15060.txt,Keyword matched: data breach
NA-15061,01-04-2026,Soubhik Sarkar,Medianama,medianama.com,10-10-2024,"Star Health Insurance Confirms Data Breach, Names Telegram and Cloudflare in Legal Battle",https://www.medianama.com/2024/10/223-star-health-insurance-confirms-data-breach-names-telegram-and-cloudflare-in-legal-battle/,data breach,Identity Theft and Data Breach,Data Breach,THIRD-PARTY,NA-15061.txt,Keyword matched: data breach
NA-15062,01-04-2026,Soubhik Sarkar,Medianama,medianama.com,03-10-2024,"Despite Two Major Data Breach Incidents in 2022-2024, Swiggy Plans to Collect More User Data",https://www.medianama.com/2024/10/223-despite-two-major-data-breach-incidents-in-2022-2024-swiggy-plans-to-collect-more-user-data/,data breach,Identity Theft and Data Breach,Data Breach,THIRD-PARTY,NA-15062.txt,Keyword matched: data breach
NA-15063,01-04-2026,Soubhik Sarkar,Medianama,medianama.com,23-09-2024,"Star Health Data Breach: Hacker Offers 31 Million Users’ Data for Sale on Telegram, Using Chatbots",https://www.medianama.com/2024/09/223-star-health-data-breach-31-million-users-data-exposed-chatbots-offer-samples-on-telegram/,data breach,Identity Theft and Data Breach,Data Breach,THIRD-PARTY,NA-15063.txt,Keyword matched: data breach
NA-15064,01-04-2026,Soubhik Sarkar,Medianama,medianama.com,06-05-2024,Tamil Nadu Police Facial Recognition Portal Data Breach Exposes Over 50000 Users’ Details,https://www.medianama.com/2024/05/223-tamil-nadu-police-facial-recognition-portal-data-breach-exposes-over-50000-users-details/,data breach,Identity Theft and Data Breach,Data Breach,THIRD-PARTY,NA-15064.txt,Keyword matched: data breach
NA-15065,01-04-2026,Soubhik Sarkar,Medianama,medianama.com,01-04-2024,Data Belonging To Millions of AT&T Customers Leaked In Dark Web After Data Breach,https://www.medianama.com/2024/04/223-data-belonging-to-millions-of-att-customers-leaked-dark-web-after-data-breach/,data breach,Identity Theft and Data Breach,Data Breach,THIRD-PARTY,NA-15065.txt,Keyword matched: data breach
NA-15066,01-04-2026,Soubhik Sarkar,Medianama,medianama.com,27-11-2023,Potential data breach at Taj Hotels exposing personal info of 1.5 million customers: Report,https://www.medianama.com/2023/11/223-taj-hotels-data-breach/,data breach,Identity Theft and Data Breach,Data Breach,THIRD-PARTY,NA-15066.txt,Keyword matched: data breach
NA-15067,01-04-2026,Soubhik Sarkar,Medianama,medianama.com,01-11-2023,"“India needs a risk-based approach for data breach notification”: Varun Bahl, NASSCOM #PrivacyNama2023",https://www.medianama.com/2023/11/223-data-breach-reporting-dpdp-privacynama/,data breach,Identity Theft and Data Breach,Data Breach,THIRD-PARTY,NA-15067.txt,Keyword matched: data breach
NA-15068,01-04-2026,Soubhik Sarkar,Medianama,medianama.com,03-08-2023,How does India’s Digital Personal Data Protection Bill address Data Breaches?,https://www.medianama.com/2023/08/223-india-data-protection-bill-data-breach/,data breach,Identity Theft and Data Breach,Data Breach,THIRD-PARTY,NA-15068.txt,Keyword matched: data breach
NA-15069,01-04-2026,Soubhik Sarkar,Medianama,medianama.com,24-07-2023,What’s the status of investigation of CoWIN data breach? Gov response in Rajya Sabha lacks details,https://www.medianama.com/2023/07/223-cowin-data-breach-investigation-govt-response-rajya-sabha/,data breach,Identity Theft and Data Breach,Data Breach,THIRD-PARTY,NA-15069.txt,Keyword matched: data breach
NA-15070,01-04-2026,Soubhik Sarkar,Medianama,medianama.com,16-06-2023,"Rajeev Chandrasekhar on CoWin Data Breach, AI Regulation, Safe Harbor and Digital Public Infrastructure",https://www.medianama.com/2023/06/223-rajeev-chandrasekhar-cowin-data-breach-ai-regulation-safe-harbor-digital-public-infrastructure-2/,data breach,Identity Theft and Data Breach,Data Breach,NEAR-MISS,NA-15070.txt,Keyword matched: data breach
NA-15071,01-04-2026,Soubhik Sarkar,Medianama,medianama.com,05-01-2023,Here’s why you should worry about Railways’ recent confirmed data breach,https://www.medianama.com/2023/01/223-railways-data-breach-confirmed-rail-yatri-2/,data breach,Identity Theft and Data Breach,Data Breach,THIRD-PARTY,NA-15071.txt,Keyword matched: data breach
NA-15072,01-04-2026,Soubhik Sarkar,Medianama,medianama.com,05-12-2022,EPFO denies any data breach took place in July or August 2022: RTI,https://www.medianama.com/2022/12/223-epfo-denies-data-breach-rti/,data breach,Identity Theft and Data Breach,Data Breach,THIRD-PARTY,NA-15072.txt,Keyword matched: data breach
NA-15073,01-04-2026,Soubhik Sarkar,Medianama,medianama.com,19-11-2022,"DPDP Bill, 2022: Failure to secure personal data or report data breaches will attract highest penalties",https://www.medianama.com/2022/11/223-dpdp-bill-2022-data-breaches/,data breach,Identity Theft and Data Breach,Data Breach,THIRD-PARTY,NA-15073.txt,Keyword matched: data breach
NA-15074,01-04-2026,Soubhik Sarkar,Medianama,medianama.com,21-10-2022,"Privacy Officers On Handling Multiple Regulations, Localisation Norms and Data Breaches #PrivacyNama2022",https://www.medianama.com/2022/10/223-privacy-officers-data-localisation-breaches-regulations-privacy-nama-2022/,data breach,Identity Theft and Data Breach,Data Breach,VICTIM,NA-15074.txt,Keyword matched: data breach
NA-15075,01-04-2026,Soubhik Sarkar,Medianama,medianama.com,01-08-2022,A 2020 data breach that continues to remain an unsolved mystery,https://www.medianama.com/2022/08/223-paytm-mall-data-breach-unsolved-mystery-2/,data breach,Identity Theft and Data Breach,Data Breach,THIRD-PARTY,NA-15075.txt,Keyword matched: data breach
NA-15076,01-04-2026,Soubhik Sarkar,Medianama,medianama.com,24-01-2022,"Data Protection Bill: Lower age of consent, limit data portability, strengthen data breach rules, and introduce more grounds for processing data #NAMA",https://www.medianama.com/2022/01/223-data-protection-bill-india-company-obligations-medianama-nama/,data breach,Identity Theft and Data Breach,Data Breach,NEAR-MISS,NA-15076.txt,Keyword matched: data breach
NA-15077,01-04-2026,Soubhik Sarkar,Medianama,medianama.com,17-01-2022,"Aditya Birla Fashion and Retail Ltd faces data breach, company says investigation underway",https://www.medianama.com/2022/01/223-aditya-birla-fashion-and-retail-data-breach/,data breach,Identity Theft and Data Breach,Data Breach,NEAR-MISS,NA-15077.txt,Keyword matched: data breach
NA-15078,01-04-2026,Soubhik Sarkar,Medianama,medianama.com,17-01-2022,"US FCC proposes new data breach rules for telecom companies, including a no waiting period",https://www.medianama.com/2022/01/223-fcc-data-breach-rules/,data breach,Identity Theft and Data Breach,Data Breach,THIRD-PARTY,NA-15078.txt,Keyword matched: data breach
NA-15079,01-04-2026,Soubhik Sarkar,Medianama,medianama.com,16-12-2021,Data Protection Bill 2021: What is the protocol when data breaches occur in India?,https://www.medianama.com/2021/12/223-data-protection-bill-2021-data-breaches/,data breach,Identity Theft and Data Breach,Data Breach,THIRD-PARTY,NA-15079.txt,Keyword matched: data breach
NA-15080,01-04-2026,Soubhik Sarkar,Medianama,medianama.com,27-10-2021,MobiKwik still under RBI scanner after alleged data breach in February: RTI,https://www.medianama.com/2021/10/223-mobikwik-data-breach-rbi-audit-report-2/,data breach,Identity Theft and Data Breach,Data Breach,THIRD-PARTY,NA-15080.txt,Keyword matched: data breach
NA-15081,01-04-2026,Soubhik Sarkar,Medianama,medianama.com,21-10-2021,Exclusive: Over 30 data breach incidents reported in India since the year began,https://www.medianama.com/2021/10/223-exclusive-cert-in-data-breach-rti-2/,data breach,Identity Theft and Data Breach,Data Breach,THIRD-PARTY,NA-15081.txt,Keyword matched: data breach
NA-15082,01-04-2026,Soubhik Sarkar,Medianama,medianama.com,07-10-2021,"Amazon’s Twitch hit by massive data breach, entire source code and user payout info leaked",https://www.medianama.com/2021/10/223-amazon-twitch-data-breach/,data breach,Identity Theft and Data Breach,Data Breach,THIRD-PARTY,NA-15082.txt,Keyword matched: data breach
NA-15083,01-04-2026,Soubhik Sarkar,Medianama,medianama.com,17-08-2021,T-Mobile suffers fifth data breach in four years as hackers get away with sensitive data of 100 million users: Report,https://www.medianama.com/2021/08/223-t-mobile-data-breach-100-million-users/,data breach,Identity Theft and Data Breach,Data Breach,THIRD-PARTY,NA-15083.txt,Keyword matched: data breach
NA-15084,01-04-2026,Soubhik Sarkar,Medianama,medianama.com,14-07-2021,"MobiKwik IPO: Platform plans to raise Rs 1,900 crore, dismisses data breach allegations, and more",https://www.medianama.com/2021/07/223-mobikwik-ipo-data-breach-drhp/,data breach,Identity Theft and Data Breach,Data Breach,THIRD-PARTY,NA-15084.txt,Keyword matched: data breach
NA-15085,01-04-2026,Soubhik Sarkar,Medianama,medianama.com,09-07-2021,"Tamil Nadu’s Makkal Number exposed in massive data breach, bringing into question its privacy implications and legality",https://www.medianama.com/2021/07/223-tamilnadu-makkal-number-privacy-legality/,data breach,Identity Theft and Data Breach,Data Breach,THIRD-PARTY,NA-15085.txt,Keyword matched: data breach
NA-15086,01-04-2026,Soubhik Sarkar,Medianama,medianama.com,22-05-2021,Data Breach At Air India Comprised 4.5 million Customers’ Data,https://www.medianama.com/2021/05/223-data-breach-air-india/,data breach,Identity Theft and Data Breach,Data Breach,THIRD-PARTY,NA-15086.txt,Keyword matched: data breach
NA-15087,01-04-2026,Soubhik Sarkar,Medianama,medianama.com,01-04-2021,RBI orders forensic audit of MobiKwik after alleged data breach: Report,https://www.medianama.com/2021/04/223-rbi-orders-forensic-audit-mobikwik/,data breach,Identity Theft and Data Breach,Data Breach,THIRD-PARTY,NA-15087.txt,Keyword matched: data breach
NA-15088,01-04-2026,Soubhik Sarkar,Medianama,medianama.com,08-09-2020,Paytm sends legal notice to infosec firm that alleged data breach in Paytm Mall database,https://www.medianama.com/2020/09/223-paytm-legal-notice-to-cyble/,data breach,Identity Theft and Data Breach,Data Breach,THIRD-PARTY,NA-15088.txt,Keyword matched: data breach
NA-15089,01-04-2026,Soubhik Sarkar,Medianama,medianama.com,21-08-2020,"Former Uber executive, who covered up data breach by paying hackers $100,000 in Bitcoin, charged",https://www.medianama.com/2020/08/223-uber-hacker-bitcoin/,data breach,Identity Theft and Data Breach,Data Breach,THIRD-PARTY,NA-15089.txt,Keyword matched: data breach
NA-15090,01-04-2026,Soubhik Sarkar,Medianama,medianama.com,22-07-2020,"Hotstar cites “data breach on other platforms”, phases out email logins",https://www.medianama.com/2020/07/223-disney-plus-hotstar-breach-otp/,data breach,Identity Theft and Data Breach,Data Breach,THIRD-PARTY,NA-15090.txt,Keyword matched: data breach
NA-15091,01-04-2026,Soubhik Sarkar,Medianama,medianama.com,18-05-2020,"Ireland fines country’s child and family agency €75,000 for data breach",https://www.medianama.com/2020/05/223-ireland-gdpr-fine-75000-euro-tusla/,data breach,Identity Theft and Data Breach,Data Breach,THIRD-PARTY,NA-15091.txt,Keyword matched: data breach
NA-15092,01-04-2026,Soubhik Sarkar,Medianama,medianama.com,04-11-2019,Ed-tech firm Vedantu’s data breach exposes personal data of 686k+ users: Report,https://www.medianama.com/2019/11/223-vedantu-data-breach-2/,data breach,Identity Theft and Data Breach,Data Breach,THIRD-PARTY,NA-15092.txt,Keyword matched: data breach
NA-15093,01-04-2026,Soubhik Sarkar,Medianama,medianama.com,23-07-2019,Equifax to pay $650 million for the 2017 data breach,https://www.medianama.com/2019/07/223-equifax-to-pay-650-million-for-the-2017-data-breach/,data breach,Identity Theft and Data Breach,Data Breach,THIRD-PARTY,NA-15093.txt,Keyword matched: data breach
NA-15094,01-04-2026,Soubhik Sarkar,Medianama,medianama.com,22-05-2019,Truecaller data reportedly for sale on dark web; company denies any data breach,https://www.medianama.com/2019/05/223-truecaller-data-reportedly-for-sale-on-dark-web-company-denies-any-data-breach/,data breach,Identity Theft and Data Breach,Data Breach,THIRD-PARTY,NA-15094.txt,Keyword matched: data breach
NA-15095,01-04-2026,Soubhik Sarkar,Medianama,medianama.com,18-04-2019,Justdial data breach exposed 100 million user records: report,https://www.medianama.com/2019/04/223-justdial-data-breach-exposed-100-million-user-records-report-2/,data breach,Identity Theft and Data Breach,Data Breach,THIRD-PARTY,NA-15095.txt,Keyword matched: data breach
NA-15096,01-04-2026,Soubhik Sarkar,Medianama,medianama.com,10-01-2019,Amazon India data breach exposes seller data to other sellers: report,https://www.medianama.com/2019/01/223-amazon-data-breach-seller-information/,data breach,Identity Theft and Data Breach,Data Breach,NEAR-MISS,NA-15096.txt,Keyword matched: data breach
NA-15097,01-04-2026,Soubhik Sarkar,Medianama,medianama.com,07-12-2018,"#NAMApolicy: Personalisation, security, data breaches of IoT and more",https://www.medianama.com/2018/12/223-namapolicy-personalisation-security-data-breaches-of-iot-and-more-2/,data breach,Identity Theft and Data Breach,Data Breach,THIRD-PARTY,NA-15097.txt,Keyword matched: data breach
NA-15098,01-04-2026,Soubhik Sarkar,Medianama,medianama.com,03-12-2018,"Marriott data breach: 500M records exposed, database vulnerable since 2014",https://www.medianama.com/2018/12/223-marriot-data-breach-500-million-customer-data-exposed-2/,data breach,Identity Theft and Data Breach,Data Breach,THIRD-PARTY,NA-15098.txt,Keyword matched: data breach
NA-15099,01-04-2026,Soubhik Sarkar,Medianama,medianama.com,26-11-2018,Updated: Amazon data breach exposed users’ email addresses and names: report,https://www.medianama.com/2018/11/223-amazon-data-breach/,data breach,Identity Theft and Data Breach,Data Breach,THIRD-PARTY,NA-15099.txt,Keyword matched: data breach
NA-15100,01-04-2026,Soubhik Sarkar,Medianama,medianama.com,11-10-2018,Google to shut Google Plus after failing to disclose user data breach,https://www.medianama.com/2018/10/223-google-to-shut-google-plus-data-breach-2/,data breach,Identity Theft and Data Breach,Data Breach,NEAR-MISS,NA-15100.txt,Keyword matched: data breach
NA-15101,01-04-2026,Soubhik Sarkar,Medianama,medianama.com,09-10-2018,Facebook still evaluating data breach’s impact on Indian users: report,https://www.medianama.com/2018/10/223-facebook-data-breach-indian-users-2/,data breach,Identity Theft and Data Breach,Data Breach,THIRD-PARTY,NA-15101.txt,Keyword matched: data breach
NA-15102,01-04-2026,Soubhik Sarkar,Medianama,medianama.com,05-10-2018,MeitY asks Facebook for update on data breach affecting 50M users,https://www.medianama.com/2018/10/223-meity-facebook-breach-4/,data breach,Identity Theft and Data Breach,Data Breach,THIRD-PARTY,NA-15102.txt,Keyword matched: data breach
NA-15103,01-04-2026,Soubhik Sarkar,Medianama,medianama.com,25-07-2018,“All data encrypted”: CBSE denies personal data breach of NEET candidates,https://www.medianama.com/2018/07/223-all-data-encrypted-cbse-denies-personal-data-breach-of-neet-candidates/,data breach,Identity Theft and Data Breach,Data Breach,THIRD-PARTY,NA-15103.txt,Keyword matched: data breach
NA-15104,01-04-2026,Soubhik Sarkar,Medianama,medianama.com,06-07-2018,AP government portal to report data breaches will go live in a week: Report,https://www.medianama.com/2018/07/223-ap-government-portal-to-report-data-breaches-will-go-live-in-a-week-report-2/,data breach,Identity Theft and Data Breach,Data Breach,THIRD-PARTY,NA-15104.txt,Keyword matched: data breach
NA-15105,01-04-2026,Soubhik Sarkar,Medianama,medianama.com,13-04-2018,"Government denies data breaches and leaks, describes security of Aadhaar database",https://www.medianama.com/2018/04/223-government-denies-data-breaches-and-leaks-describes-security-of-aadhaar-database/,data breach,Identity Theft and Data Breach,Data Breach,THIRD-PARTY,NA-15105.txt,Keyword matched: data breach
NA-15106,01-04-2026,Soubhik Sarkar,Medianama,medianama.com,03-12-2024,Signzy Customer Data Leak Exposes Growing Cybersecurity Gaps in India,https://www.medianama.com/2024/12/223-signzy-customer-data-leak-exposes-growing-cybersecurity-gaps-in-india/,data leak,Identity Theft and Data Breach,Data Breach,THIRD-PARTY,NA-15106.txt,Keyword matched: data leak
NA-15107,01-04-2026,Soubhik Sarkar,Medianama,medianama.com,28-07-2023,South Korea fines OpenAI 3.6 million won for data leakage of 687 Korean ChatGPT users,https://www.medianama.com/2023/07/223-openai-fined-south-korea-chatgpt-data-leak-2/,data leak,Identity Theft and Data Breach,Data Breach,THIRD-PARTY,NA-15107.txt,Keyword matched: data leak
NA-15108,01-04-2026,Soubhik Sarkar,Medianama,medianama.com,21-06-2023,Video: Tech experts Srinivas Kodali and Srikanth L answer some of the burning questions on the Co-WIN data leak,https://www.medianama.com/2023/06/223-video-tech-experts-srinivas-kodali-and-srikanth-on-co-win-data-leak-2/,data leak,Identity Theft and Data Breach,Data Breach,THIRD-PARTY,NA-15108.txt,Keyword matched: data leak
NA-15109,01-04-2026,Soubhik Sarkar,Medianama,medianama.com,16-06-2023,Member of Parliament Derek O’Brien files FIR on the CoWIN data leak,https://www.medianama.com/2023/06/223-derek-obrien-fir-telegram-cowin-data-leak/,data leak,Identity Theft and Data Breach,Data Breach,THIRD-PARTY,NA-15109.txt,Keyword matched: data leak
NA-15110,01-04-2026,Soubhik Sarkar,Medianama,medianama.com,29-08-2022,MP Karti Chidambaram seeks urgent probe into alleged EPFO data leak of 28 crore pensioners,https://www.medianama.com/2022/08/223-epfo-data-breach-investigation-karti-chidambaram-3/,data leak,Identity Theft and Data Breach,Data Breach,THIRD-PARTY,NA-15110.txt,Keyword matched: data leak
NA-15111,01-04-2026,Soubhik Sarkar,Medianama,medianama.com,27-08-2021,Data Leaks – trading internal control for external vulnerability: Russian Edition,https://www.medianama.com/2021/08/223-data-leaks-russia-book-excerpt-2/,data leak,Identity Theft and Data Breach,Data Breach,THIRD-PARTY,NA-15111.txt,Keyword matched: data leak
NA-15112,01-04-2026,Soubhik Sarkar,Medianama,medianama.com,05-07-2021,"Tamil Nadu PDS breach: More data leaks on hacker forum, site taken down for maintenance",https://www.medianama.com/2021/07/223-tamil-nadu-pds-breach-hacker/,data leak,Identity Theft and Data Breach,Data Breach,THIRD-PARTY,NA-15112.txt,Keyword matched: data leak
NA-15113,01-04-2026,Soubhik Sarkar,Medianama,medianama.com,24-05-2021,Data leak from Dominos India affects 180 million users,https://www.medianama.com/2021/05/223-dominos-data-leak/,data leak,Identity Theft and Data Breach,Data Breach,THIRD-PARTY,NA-15113.txt,Keyword matched: data leak
NA-15114,01-04-2026,Soubhik Sarkar,Medianama,medianama.com,04-11-2019,RBI directs banks to verify alleged data leak of millions of Indians’ credit and debit cards,https://www.medianama.com/2019/11/223-rbi-advisory-1-million-card-details-leak-2/,data leak,Identity Theft and Data Breach,Data Breach,THIRD-PARTY,NA-15114.txt,Keyword matched: data leak
NA-15115,01-04-2026,Soubhik Sarkar,Medianama,medianama.com,04-05-2018,#AadhaarLeaks – A continuously updated list of all Aadhaar data leaks,https://www.medianama.com/2018/05/223-aadhaar-leaks-list/,data leak,Identity Theft and Data Breach,Data Breach,THIRD-PARTY,NA-15115.txt,Keyword matched: data leak
NA-15116,01-04-2026,Soubhik Sarkar,Medianama,medianama.com,24-04-2018,"New data leak allows targeting by religion, caste and locality and provides Aadhaar and bank details",https://www.medianama.com/2018/04/223-new-data-leak-allows-targeting-by-religion-caste-and-locality-and-provides-aadhaar-and-bank-details/,data leak,Identity Theft and Data Breach,Data Breach,THIRD-PARTY,NA-15116.txt,Keyword matched: data leak
NA-15117,01-04-2026,Soubhik Sarkar,Medianama,medianama.com,12-07-2017,Police have detained a man from Rajasthan in the Jio user data leak case: report,https://www.medianama.com/2017/07/223-jio-user-data-leak-suspect-detained-2/,data leak,Identity Theft and Data Breach,Data Breach,THIRD-PARTY,NA-15117.txt,Keyword matched: data leak
NA-15118,01-04-2026,Soubhik Sarkar,Medianama,medianama.com,10-07-2017,"On the Jio data leak: Mobile-Aadhaar linkage should be stopped, Aadhaar eKYC needs its own DSS",https://www.medianama.com/2017/07/223-reliance-jio-data-leak-2-3/,data leak,Identity Theft and Data Breach,Data Breach,NEAR-MISS,NA-15118.txt,Keyword matched: data leak
NA-15119,01-04-2026,Soubhik Sarkar,Medianama,medianama.com,24-04-2017,#AadhaarLeaks: A list of Aadhaar data leaks,https://www.medianama.com/2017/04/223-aadhaar-leaks-database/,data leak,Identity Theft and Data Breach,Data Breach,THIRD-PARTY,NA-15119.txt,Keyword matched: data leak
NA-15120,01-04-2026,Soubhik Sarkar,Medianama,medianama.com,23-12-2025,"Anna’s Archive Leaks 300TB Spotify Music Data, Exposing AI Training Concern from Pirated Content",https://www.medianama.com/2025/12/223-annas-archive-leaks-300tb-spotify-music-data-ai-training-pirated-content/,data leak,Identity Theft and Data Breach,Data Breach,NEAR-MISS,NA-15120.txt,Keyword matched: data leak
NA-15121,01-04-2026,Soubhik Sarkar,Medianama,medianama.com,21-10-2024,Delhi High Court to Examine PIL on Mobile Apps Leaking Sensitive Vehicle Data,https://www.medianama.com/2024/10/223-delhi-high-court-pil-vehicle-data-leaks/,data leak,Identity Theft and Data Breach,Data Breach,THIRD-PARTY,NA-15121.txt,Keyword matched: data leak
NA-15122,01-04-2026,Soubhik Sarkar,Medianama,medianama.com,10-06-2024,Internal Data From New York Times Leaked And Posted on 4chan,https://www.medianama.com/2024/06/223-internal-data-new-york-times-leaked-posted-4chan/,data leak,Identity Theft and Data Breach,Data Breach,THIRD-PARTY,NA-15122.txt,Keyword matched: data leak
NA-15123,01-04-2026,Soubhik Sarkar,Medianama,medianama.com,29-05-2024,Leaked Google Docs Show Click Data’s Role in Search Rankings: Report,https://www.medianama.com/2024/05/223-leaked-google-docs-show-click-datas-role-search-rankings/,data leak,Identity Theft and Data Breach,Data Breach,THIRD-PARTY,NA-15123.txt,Keyword matched: data leak
NA-15124,01-04-2026,Soubhik Sarkar,Medianama,medianama.com,01-06-2023,UK’s National Health Service Leaks Sensitive Patient Data to Facebook,https://www.medianama.com/2023/06/223-uk-nhs-leaks-patient-data-facebook/,data leak,Identity Theft and Data Breach,Data Breach,THIRD-PARTY,NA-15124.txt,Keyword matched: data leak
NA-15125,01-04-2026,Soubhik Sarkar,Medianama,medianama.com,28-10-2022,Tata Powers important data packet leaked: Hive ransomware owns up to cyberattack,https://www.medianama.com/2022/10/223-tata-power-data-breach-ransomware-cyber-attack/,data leak,Identity Theft and Data Breach,Data Breach,THIRD-PARTY,NA-15125.txt,Keyword matched: data leak
NA-15126,01-04-2026,Soubhik Sarkar,Medianama,medianama.com,04-08-2022,Personal data of 280 million Indians allegedly exposed in leak from pension fund org EPFO: Report,https://www.medianama.com/2022/08/223-epfo-uan-data-leak-280-million-records-2/,data leak,Identity Theft and Data Breach,Data Breach,THIRD-PARTY,NA-15126.txt,Keyword matched: data leak
NA-15127,01-04-2026,Soubhik Sarkar,Medianama,medianama.com,07-12-2021,"After Facebook leaks, Twitter will share data on misinformation, coordinated harm",https://www.medianama.com/2021/12/223-twitter-misinformation-harm-research-journalists/,data leak,Identity Theft and Data Breach,Data Breach,THIRD-PARTY,NA-15127.txt,Keyword matched: data leak
NA-15128,01-04-2026,Soubhik Sarkar,Medianama,medianama.com,31-03-2021,Hacker pulls database from website showcasing MobiKwik leaked data,https://www.medianama.com/2021/03/223-hacker-pulls-data-website-mobikwik-leak/,data leak,Identity Theft and Data Breach,Data Breach,THIRD-PARTY,NA-15128.txt,Keyword matched: data leak
NA-15129,01-04-2026,Soubhik Sarkar,Medianama,medianama.com,25-11-2020,Data of 1.4 million users on IIMjobs leaked: Report,https://www.medianama.com/2020/11/223-iimjobs-data-breach/,data leak,Identity Theft and Data Breach,Data Breach,THIRD-PARTY,NA-15129.txt,Keyword matched: data leak
NA-15130,01-04-2026,Soubhik Sarkar,Medianama,medianama.com,09-11-2020,"Data of 2 crore BigBasket users leaked, being sold on dark web: Reports",https://www.medianama.com/2020/11/223-bigbasket-data-breach/,data leak,Identity Theft and Data Breach,Data Breach,THIRD-PARTY,NA-15130.txt,Keyword matched: data leak
NA-15131,01-04-2026,Soubhik Sarkar,Medianama,medianama.com,25-05-2020,"Personal data of about 29 million Indian job seekers leaked on the dark web, claims cybersecurity firm",https://www.medianama.com/2020/05/223-personal-data-29-million-indian-job-seekers-leaked/,data leak,Identity Theft and Data Breach,Data Breach,NEAR-MISS,NA-15131.txt,Keyword matched: data leak
NA-15132,01-04-2026,Soubhik Sarkar,Medianama,medianama.com,05-05-2020,"Chennai Corporation leaks more than 30k people’s personal data, including Aadhaar; patches issue",https://www.medianama.com/2020/05/223-chennai-corporation-leaks-more-than-30k-peoples-personal-data-including-aadhaar-patches-issue/,data leak,Identity Theft and Data Breach,Data Breach,THIRD-PARTY,NA-15132.txt,Keyword matched: data leak
NA-15133,01-04-2026,Soubhik Sarkar,Medianama,medianama.com,22-04-2020,Contact tracing app in the Netherlands leaks personal data of nearly 200 users: Reports,https://www.medianama.com/2020/04/223-netherlands-contact-tracing-app-data-leak/,data leak,Identity Theft and Data Breach,Data Breach,THIRD-PARTY,NA-15133.txt,Keyword matched: data leak
NA-15134,01-04-2026,Soubhik Sarkar,Medianama,medianama.com,04-07-2019,Telangana website leaking sensitive data of pensioners; official says it won’t be fixed until July 31,https://www.medianama.com/2019/07/223-telangana-website-leaking-sensitive-data-of-pensioners-official-says-it-wont-be-fixed-until-july-31/,data leak,Identity Theft and Data Breach,Data Breach,NEAR-MISS,NA-15134.txt,Keyword matched: data leak
NA-15135,01-04-2026,Soubhik Sarkar,Medianama,medianama.com,18-06-2019,‘Shot on OnePlus’ app leaked users’ email addresses and other personal data for years: report,https://www.medianama.com/2019/06/223-shot-on-oneplus-app-leaked-users-email-addresses-and-other-personal-data-for-years-report/,data leak,Identity Theft and Data Breach,Data Breach,THIRD-PARTY,NA-15135.txt,Keyword matched: data leak
NA-15136,01-04-2026,Soubhik Sarkar,Medianama,medianama.com,29-01-2019,"HIV details of 14K people in Singapore leaked online, data still out there",https://www.medianama.com/2019/01/223-hiv-positive-data-leak-singapore-2/,data leak,Identity Theft and Data Breach,Data Breach,NEAR-MISS,NA-15136.txt,Keyword matched: data leak
NA-15137,01-04-2026,Soubhik Sarkar,Medianama,medianama.com,27-08-2018,"CCE-Andhra Pradesh leaks students’ gender, caste, quota, Aadhaar data on website",https://www.medianama.com/2018/08/223-apcce-students-aadhaar-exposed/,data leak,Identity Theft and Data Breach,Data Breach,THIRD-PARTY,NA-15137.txt,Keyword matched: data leak
NA-15138,01-04-2026,Soubhik Sarkar,Medianama,medianama.com,19-07-2018,Data of 2.4 lakh NEET candidates leaked and available for sale: Report,https://www.medianama.com/2018/07/223-data-of-2-4-lakh-neet-candidates-leaked-and-available-for-sale-report/,data leak,Identity Theft and Data Breach,Data Breach,THIRD-PARTY,NA-15138.txt,Keyword matched: data leak
NA-15139,01-04-2026,Soubhik Sarkar,Medianama,medianama.com,13-07-2018,Andhra Pradesh website is leaking detailed data of farmers,https://www.medianama.com/2018/07/223-andhra-pradesh-website-is-leaking-detailed-data-of-farmers/,data leak,Identity Theft and Data Breach,Data Breach,THIRD-PARTY,NA-15139.txt,Keyword matched: data leak
NA-15140,01-04-2026,Soubhik Sarkar,Medianama,medianama.com,22-05-2015,UC Browser reportedly leaks personal user data: Citizen Lab report,https://www.medianama.com/2015/05/223-uc-browser-reportedly-leaks-personal-user-data-citizen-lab-report/,data leak,Identity Theft and Data Breach,Data Breach,THIRD-PARTY,NA-15140.txt,Keyword matched: data leak
NA-15141,01-04-2026,Soubhik Sarkar,Medianama,medianama.com,17-03-2015,"Google leaks whois data of 282,000 domains registered through Google Apps for Work",https://www.medianama.com/2015/03/223-google-leaks-whois-data-of-282000-domains-registered-through-google-apps-for-work/,data leak,Identity Theft and Data Breach,Data Breach,THIRD-PARTY,NA-15141.txt,Keyword matched: data leak
NA-15142,01-04-2026,Soubhik Sarkar,Medianama,medianama.com,17-11-2025,European Union Plans To Water Down AI And Data Privacy Rules Amid US Pressure?,https://www.medianama.com/2025/11/223-eu-ai-and-privacy-rules-rollback/,data leak,Identity Theft and Data Breach,Data Breach,THIRD-PARTY,NA-15142.txt,Keyword matched: data leak
NA-15143,01-04-2026,Soubhik Sarkar,Medianama,medianama.com,23-06-2025,How Vulnerabilities in the Food Delivery App ‘Zing’ Put Customer Data at Risk,https://www.medianama.com/2025/06/223-firebase-zing-food-delivery-app-exposes-customer-data/,data leak,Identity Theft and Data Breach,Data Breach,NEAR-MISS,NA-15143.txt,Keyword matched: data leak
NA-15144,01-04-2026,Soubhik Sarkar,Medianama,medianama.com,04-06-2025,"KiranaPro Cyberattack Exposes Sensitive Data, Including User Information and Backup Files",https://www.medianama.com/2025/06/223-kiranapro-cyberattack-sensitive-data-leak/,data leak,Identity Theft and Data Breach,Data Breach,VICTIM,NA-15144.txt,Keyword matched: data leak
NA-15145,01-04-2026,Soubhik Sarkar,Medianama,medianama.com,08-05-2025,"UIDAI Conducts Facial Recognition Test Run On NEET Candidates; Raises Privacy, Data Concerns",https://www.medianama.com/2025/05/223-uidai-conducts-facial-recognition-test-run-on-neet-candidates-privacy-concerns/,data leak,Identity Theft and Data Breach,Data Breach,THIRD-PARTY,NA-15145.txt,Keyword matched: data leak
NA-15146,01-04-2026,Soubhik Sarkar,Medianama,medianama.com,31-01-2025,Italy Becomes First Country to Block DeepSeek AI Over Data Privacy Concerns,https://www.medianama.com/2025/01/223-italy-first-country-blocks-deepseek-ai-data-privacy-concerns/,data leak,Identity Theft and Data Breach,Data Breach,THIRD-PARTY,NA-15146.txt,Keyword matched: data leak
NA-15147,01-04-2026,Soubhik Sarkar,Medianama,medianama.com,24-12-2024,Can India Consolidate Its Scattered Datasets to Power AI? Experts Weigh-In the Prospects at Medianama Roundtable #Nama,https://www.medianama.com/2024/12/223-can-india-consolidate-its-scattered-datasets-to-power-ai-experts-weigh-in-the-prospects-at-medianama-roundtable-nama/,data leak,Identity Theft and Data Breach,Data Breach,THIRD-PARTY,NA-15147.txt,Keyword matched: data leak
NA-15148,01-04-2026,Soubhik Sarkar,Medianama,medianama.com,21-10-2024,Can AI Training and Global Data Laws Coexist? Experts Debate at #PrivacyNama,https://www.medianama.com/2024/10/223-ai-training-global-data-laws-coexist-experts-debate-privacynama-2024/,data leak,Identity Theft and Data Breach,Data Breach,NEAR-MISS,NA-15148.txt,Keyword matched: data leak
NA-15149,01-04-2026,Soubhik Sarkar,Medianama,medianama.com,14-10-2024,"Internet Archive Suffers Cyberattack, 31 Million User Records Leaked",https://www.medianama.com/2024/10/223-internet-archive-hacked-31-million-user-records-leaked/,data leak,Identity Theft and Data Breach,Data Breach,THIRD-PARTY,NA-15149.txt,Keyword matched: data leak
NA-15150,01-04-2026,Soubhik Sarkar,Medianama,medianama.com,10-10-2024,"Chinese Hackers Breach Verizon, AT&T, Lumen Tech, Exposing Data on Millions of US Citizens: Report",https://www.medianama.com/2024/10/223-chinese-hackers-gained-access-to-american-internet-provider-networks-report/,data leak,Identity Theft and Data Breach,Data Breach,THIRD-PARTY,NA-15150.txt,Keyword matched: data leak
NA-15151,01-04-2026,Soubhik Sarkar,Medianama,medianama.com,28-08-2025,Google Flags 10-Day Data Theft Targeting Salesforce Customers via OAuth Tokens,https://www.medianama.com/2025/08/223-google-warns-oauth-attack-salesforce-users/,data theft,Identity Theft and Data Breach,Data Breach,THIRD-PARTY,NA-15151.txt,Keyword matched: data theft
NA-15152,01-04-2026,Soubhik Sarkar,Medianama,medianama.com,30-04-2025,Karnataka HC Forms SIT To Probe Drone Data Theft Case Involving Indian Defence Sector,https://www.medianama.com/2025/04/223-karnataka-hc-sit-probe-drone-data-theft-indian-defence-sector/,data theft,Identity Theft and Data Breach,Data Breach,THIRD-PARTY,NA-15152.txt,Keyword matched: data theft
NA-15153,01-04-2026,Soubhik Sarkar,Medianama,medianama.com,02-01-2019,IT Minister says no risk of data theft as Aadhaar amendment bill tabled in Parliament,https://www.medianama.com/2019/01/223-aadhaar-amendment-bill-tabled/,data theft,Identity Theft and Data Breach,Data Breach,THIRD-PARTY,NA-15153.txt,Keyword matched: data theft
NA-15154,01-04-2026,Soubhik Sarkar,Medianama,medianama.com,23-10-2018,Paytm’s VP of communications & two others arrested for extortion and data theft,https://www.medianama.com/2018/10/223-paytm-employees-arrested-for-extortion-and-data-theft/,data theft,Identity Theft and Data Breach,Data Breach,THIRD-PARTY,NA-15154.txt,Keyword matched: data theft
NA-15155,01-04-2026,Soubhik Sarkar,Medianama,medianama.com,20-02-2018,ZO Rooms makes data theft allegations against OYO; OYO files criminal complaint,https://www.medianama.com/2018/02/223-zo-rooms-oyo-data-theft/,data theft,Identity Theft and Data Breach,Data Breach,THIRD-PARTY,NA-15155.txt,Keyword matched: data theft
NA-15156,01-04-2026,Soubhik Sarkar,Medianama,medianama.com,04-10-2017,All 3 billion Yahoo accounts were breached in the 2013 data theft,https://www.medianama.com/2017/10/223-yahoo-data-breach/,data theft,Identity Theft and Data Breach,Data Breach,THIRD-PARTY,NA-15156.txt,Keyword matched: data theft
NA-15157,01-04-2026,Soubhik Sarkar,Medianama,medianama.com,06-01-2010,Travelocity Accuses Cleartrip CEO & Former Desiya MD of Data Theft,https://www.medianama.com/2010/01/223-travelocity-accuses-cleartrip-ceo-former-desiya-md-of-data-theft/,data theft,Identity Theft and Data Breach,Data Breach,THIRD-PARTY,NA-15157.txt,Keyword matched: data theft
NA-15158,01-04-2026,Soubhik Sarkar,Medianama,medianama.com,04-02-2026,"‘Mockery of Constitution’: SC Slams WhatsApp on Privacy, Flags Data Value Gap in DPDP Act",https://www.medianama.com/2026/02/223-whatsapp-privacy-policy-cci-penalty-meta-appeal-supreme-court/,data theft,Identity Theft and Data Breach,Data Breach,THIRD-PARTY,NA-15158.txt,Keyword matched: data theft
NA-15159,01-04-2026,Soubhik Sarkar,Medianama,medianama.com,07-10-2025,"TRAI Has No Data On Wrongful Rejections Of Promotional SMS Templates, RTI Reply Reveals",https://www.medianama.com/2025/10/223-trai-data-wrongful-rejections-promotional-sms-templates-rti/,data theft,Identity Theft and Data Breach,Data Breach,THIRD-PARTY,NA-15159.txt,Keyword matched: data theft
NA-15160,01-04-2026,Soubhik Sarkar,Medianama,medianama.com,15-05-2025,Meta Faces EU Cease and Desist Over Using User Data for AI Training,https://www.medianama.com/2025/05/223-meta-eu-cease-desist-ai-data/,data theft,Identity Theft and Data Breach,Data Breach,THIRD-PARTY,NA-15160.txt,Keyword matched: data theft
NA-15161,01-04-2026,Soubhik Sarkar,Medianama,medianama.com,04-04-2025,How UK’s Text and Data Mining Exemption Could Impact Global AI Copyright Laws,https://www.medianama.com/2025/04/223-how-uk-text-and-data-mining-exemption-could-impact-global-ai-copyright-laws/,data theft,Identity Theft and Data Breach,Data Breach,THIRD-PARTY,NA-15161.txt,Keyword matched: data theft
NA-15162,01-04-2026,Soubhik Sarkar,Medianama,medianama.com,26-02-2025,ByBit Cyberattack Explained: How North Korean Hackers Pulled Off the Biggest Cryptocurrency Theft in History,https://www.medianama.com/2025/02/223-explained-bybit-cryptocurrency-cyberattack/,data theft,Identity Theft and Data Breach,Data Breach,THIRD-PARTY,NA-15162.txt,Keyword matched: data theft
NA-15163,01-04-2026,Soubhik Sarkar,Medianama,medianama.com,15-01-2025,"US, Japan and South Korea accuse North Korea of $659M cryptocurrency theft including WazirX",https://www.medianama.com/2025/01/223-us-japan-and-south-korea-accuse-north-korea-of-659m-cryptocurrency-theft-including-wazirx/,data theft,Identity Theft and Data Breach,Data Breach,THIRD-PARTY,NA-15163.txt,Keyword matched: data theft
NA-15164,01-04-2026,Soubhik Sarkar,Medianama,medianama.com,10-06-2024,Uttar Pradesh Uses Drones to Curb Power Theft: Some Follow-up Questions,https://www.medianama.com/2024/06/223-uttar-pradesh-drones-power-theft/,data theft,Identity Theft and Data Breach,Data Breach,THIRD-PARTY,NA-15164.txt,Keyword matched: data theft
NA-15165,01-04-2026,Soubhik Sarkar,Medianama,medianama.com,20-05-2024,Hacker Offers Alleged Brokerage Firm User Data for Sale: Report,https://www.medianama.com/2024/05/223-hacker-indian-brokerage-firm-user-data-sale/,data theft,Identity Theft and Data Breach,Data Breach,THIRD-PARTY,NA-15165.txt,Keyword matched: data theft
NA-15166,01-04-2026,Soubhik Sarkar,Medianama,medianama.com,29-01-2024,Jana Sena’s Pawan Kalyan raises privacy concerns around AP Caste Census data collection,https://www.medianama.com/2024/01/223-pawan-kalyan-privacy-concerns-caste-census-data-collection/,data theft,Identity Theft and Data Breach,Data Breach,THIRD-PARTY,NA-15166.txt,Keyword matched: data theft
NA-15167,01-04-2026,Soubhik Sarkar,Medianama,medianama.com,27-11-2023,Nvidia sued for theft of trade secrets by car tech firm Valeo,https://www.medianama.com/2023/11/223-nvidia-valeo-trade-secrets-lawsuit/,data theft,Identity Theft and Data Breach,Data Breach,THIRD-PARTY,NA-15167.txt,Keyword matched: data theft
NA-15168,01-04-2026,Soubhik Sarkar,Medianama,medianama.com,16-08-2023,"What stakeholders think about the provisions for children’s data safety in the digital personal data protection bill, 2023",https://www.medianama.com/2023/08/223-stakeholders-on-provisions-for-childrens-data-safety-in-dpdp/,data theft,Identity Theft and Data Breach,Data Breach,THIRD-PARTY,NA-15168.txt,Keyword matched: data theft
NA-15169,01-04-2026,Soubhik Sarkar,Medianama,medianama.com,03-08-2023,How India’s Digital Personal Data Protection Bill impacts children’s privacy and access,https://www.medianama.com/2023/08/223-digital-personal-data-protection-law-protect-childrens-data-2/,data theft,Identity Theft and Data Breach,Data Breach,THIRD-PARTY,NA-15169.txt,Keyword matched: data theft
NA-15170,01-04-2026,Soubhik Sarkar,Medianama,medianama.com,12-06-2023,"UNESCO discusses Intellectual Property in the Era of Generative AI, brings up questions on data ownership",https://www.medianama.com/2023/06/223-unesco-ip-generative-ai-data-ownership-copyright/,data theft,Identity Theft and Data Breach,Data Breach,THIRD-PARTY,NA-15170.txt,Keyword matched: data theft
NA-15171,01-04-2026,Soubhik Sarkar,Medianama,medianama.com,28-12-2022,"US military devices with biometric data sold online at $68, but no one seems to care: Report",https://www.medianama.com/2022/12/223-us-military-devices-biometric-data-sold-online/,data theft,Identity Theft and Data Breach,Data Breach,NEAR-MISS,NA-15171.txt,Keyword matched: data theft
NA-15172,01-04-2026,Soubhik Sarkar,Medianama,medianama.com,17-12-2022,Seven Issues With How The Data Protection Bill Safeguards Children’s Data,https://www.medianama.com/2022/12/223-seven-issues-data-protection-bill-childrens-data/,data theft,Identity Theft and Data Breach,Data Breach,THIRD-PARTY,NA-15172.txt,Keyword matched: data theft
NA-15173,01-04-2026,Soubhik Sarkar,Medianama,medianama.com,14-12-2022,Data Privacy Regime in India: Its Genesis and Evolution,https://www.medianama.com/2022/12/223-genesis-evolution-india-data-protection-regime-views/,data theft,Identity Theft and Data Breach,Data Breach,THIRD-PARTY,NA-15173.txt,Keyword matched: data theft
NA-15174,01-04-2026,Soubhik Sarkar,Medianama,medianama.com,13-12-2022,"Data Protection Bill 2022 focuses on enabling govt access to data and surveillance, not citizens’ privacy #NAMA",https://www.medianama.com/2022/12/223-dpdp-bill-nama-event-government-access-to-data-2/,data theft,Identity Theft and Data Breach,Data Breach,THIRD-PARTY,NA-15174.txt,Keyword matched: data theft
NA-15175,01-04-2026,Soubhik Sarkar,Medianama,medianama.com,19-11-2022,"Summary: India’s Digital Personal Data Protection Bill, 2022",https://www.medianama.com/2022/11/223-summary-digital-personal-data-protection-bill-2022/,data theft,Identity Theft and Data Breach,Data Breach,THIRD-PARTY,NA-15175.txt,Keyword matched: data theft
NA-15176,01-04-2026,Soubhik Sarkar,Medianama,medianama.com,18-11-2022,"DPDP Bill, 2022: Fewer Protections For Children In India’s Latest Data Protection Bill",https://www.medianama.com/2022/11/223-data-protection-bill-2022-protection-of-childrens-data/,data theft,Identity Theft and Data Breach,Data Breach,THIRD-PARTY,NA-15176.txt,Keyword matched: data theft
NA-15177,01-04-2026,Soubhik Sarkar,Medianama,medianama.com,13-10-2022,Did previous Andhra Pradesh government steal large amounts of citizen data from state servers?,https://www.medianama.com/2022/10/223-andhra-pradesh-committee-report-unlawful-data-transfer-2/,data theft,Identity Theft and Data Breach,Data Breach,THIRD-PARTY,NA-15177.txt,Keyword matched: data theft
NA-15178,01-04-2026,Soubhik Sarkar,Medianama,medianama.com,02-09-2022,Why the US FTC wants to crack down on big tech data collection and how does it plan to do so,https://www.medianama.com/2022/09/223-us-ftc-big-tech-data-collection-harms-public-comments/,data theft,Identity Theft and Data Breach,Data Breach,NEAR-MISS,NA-15178.txt,Keyword matched: data theft
NA-15179,01-04-2026,Soubhik Sarkar,Medianama,medianama.com,16-12-2021,Data Protection Bill 2021: What are the obligations of data fiduciaries?,https://www.medianama.com/2021/12/223-data-protection-bill-summary-obligations-data-fiduciaries/,data theft,Identity Theft and Data Breach,Data Breach,THIRD-PARTY,NA-15179.txt,Keyword matched: data theft
NA-15180,01-04-2026,Soubhik Sarkar,Medianama,medianama.com,23-09-2021,China’s contract hackers likely tried to get their hands on Aadhaar data: Report,https://www.medianama.com/2021/09/223-chinese-hackers-report-cyber-attacks-4/,data theft,Identity Theft and Data Breach,Data Breach,VICTIM,NA-15180.txt,Keyword matched: data theft
NA-15181,01-04-2026,Soubhik Sarkar,Medianama,medianama.com,24-08-2021,"Summary: China passes GDPR-like data privacy law, except that many restrictions do not apply to the government",https://www.medianama.com/2021/08/223-china-personal-information-protection-law-3/,data theft,Identity Theft and Data Breach,Data Breach,THIRD-PARTY,NA-15181.txt,Keyword matched: data theft
NA-15182,01-04-2026,Soubhik Sarkar,Medianama,medianama.com,01-07-2021,Data of 700 million LinkedIn users up for sale on dark web: Report,https://www.medianama.com/2021/07/223-data-of-700-million-linkedin-users-up-for-sale-on-dark-web-report/,data theft,Identity Theft and Data Breach,Data Breach,THIRD-PARTY,NA-15182.txt,Keyword matched: data theft
NA-15183,01-04-2026,Soubhik Sarkar,Medianama,medianama.com,09-04-2021,"Data of 500 million LinkedIn users data scraped from site, up for sale: Report",https://www.medianama.com/2021/04/223-linkedin-leak/,data theft,Identity Theft and Data Breach,Data Breach,THIRD-PARTY,NA-15183.txt,Keyword matched: data theft
NA-15184,01-04-2026,Soubhik Sarkar,Medianama,medianama.com,05-12-2017,PayPal’s TIO Networks says 1.6M customers might compromised due to data breach,https://www.medianama.com/2017/12/223-paypal-tio-networksdata-breach/,customer data breach,Identity Theft and Data Breach,Data Breach,THIRD-PARTY,NA-15184.txt,Keyword matched: customer data breach
NA-15185,01-04-2026,Soubhik Sarkar,Medianama,medianama.com,26-11-2025,"With parts of the Data Protection Act now in effect, how will your online experience change?",https://www.medianama.com/2025/11/223-how-online-experience-change-under-the-data-protection-act/,customer data breach,Identity Theft and Data Breach,Data Breach,THIRD-PARTY,NA-15185.txt,Keyword matched: customer data breach
NA-15186,01-04-2026,Soubhik Sarkar,Medianama,medianama.com,14-11-2025,"Explained: Rights of Data Principals Under DPDP Rules, 2025",https://www.medianama.com/2025/11/223-rights-data-principals-dpdp-rules-2025/,customer data breach,Identity Theft and Data Breach,Data Breach,THIRD-PARTY,NA-15186.txt,Keyword matched: customer data breach
NA-15187,01-04-2026,Soubhik Sarkar,Medianama,medianama.com,22-10-2025,"Sify Infinit Spaces Files for Rs 3,700 Cr IPO, India’s First Data Centre IPO",https://www.medianama.com/2025/10/223-sify-infinit-spaces-3700-cr-ipo-india-data-centre/,customer data breach,Identity Theft and Data Breach,Data Breach,THIRD-PARTY,NA-15187.txt,Keyword matched: customer data breach
NA-15188,01-04-2026,Soubhik Sarkar,Medianama,medianama.com,01-07-2025,Explainer: Key Provisions in the UK’s Data (Use and Access) Act & Why It Matters for India,https://www.medianama.com/2025/07/223-explainer-key-provisions-uk-data-use-and-access-act/,customer data breach,Identity Theft and Data Breach,Data Breach,THIRD-PARTY,NA-15188.txt,Keyword matched: customer data breach
NA-15189,01-04-2026,Soubhik Sarkar,Medianama,medianama.com,23-06-2025,Fino Payments Bank Penalized Rs 29.60 Lakh by RBI Over End-of-Day Balance Breach,https://www.medianama.com/2025/06/223-rbi-fino-rs-29-60-lakh-payments-bank-rules/,customer data breach,Identity Theft and Data Breach,Data Breach,THIRD-PARTY,NA-15189.txt,Keyword matched: customer data breach
NA-15190,01-04-2026,Soubhik Sarkar,Medianama,medianama.com,29-05-2025,"Adidas Hit by Cyberattack, Customer Details Exposed",https://www.medianama.com/2025/05/223-adidas-cyberattack-customer-data-leak/,customer data breach,Identity Theft and Data Breach,Data Breach,NEAR-MISS,NA-15190.txt,Keyword matched: customer data breach
NA-15191,01-04-2026,Soubhik Sarkar,Medianama,medianama.com,13-05-2025,Zepto’s Period Product Suggestions Raise Quiet Questions on Data Use,https://www.medianama.com/2025/05/223-zepto-pms-profiling-privacy-risk/,customer data breach,Identity Theft and Data Breach,Data Breach,THIRD-PARTY,NA-15191.txt,Keyword matched: customer data breach
NA-15192,01-04-2026,Soubhik Sarkar,Medianama,medianama.com,21-02-2025,"Event Report: Understanding the Draft Data Protection Rules, 2025, Feb 7",https://www.medianama.com/2025/02/223-event-report-india-data-protection-rules/,customer data breach,Identity Theft and Data Breach,Data Breach,THIRD-PARTY,NA-15192.txt,Keyword matched: customer data breach
NA-15193,01-04-2026,Soubhik Sarkar,Medianama,medianama.com,27-01-2025,"Agenda: Understanding the Draft Data Protection Rules, February 7, Delhi",https://www.medianama.com/2025/01/223-agenda-understanding-draft-data-protection-rules-february-7-delhi/,customer data breach,Identity Theft and Data Breach,Data Breach,THIRD-PARTY,NA-15193.txt,Keyword matched: customer data breach
NA-15194,01-04-2026,Soubhik Sarkar,Medianama,medianama.com,07-01-2025,Experts Highlight Flaws within Government’s Data Request Mandate Under DPDP Rules 2025,https://www.medianama.com/2025/01/223-dpdp-rules-2025-experts-discuss-issues-government-data-request-mandate/,customer data breach,Identity Theft and Data Breach,Data Breach,THIRD-PARTY,NA-15194.txt,Keyword matched: customer data breach
NA-15195,01-04-2026,Soubhik Sarkar,Medianama,medianama.com,04-01-2025,"Draft DPDP Rules, 2025: Data Principals need identifiers provided by Data Fiduciaries to exercise rights",https://www.medianama.com/2025/01/223-dpdp-rules-2025-data-principals-identifiers-data-fiduciaries/,customer data breach,Identity Theft and Data Breach,Data Breach,THIRD-PARTY,NA-15195.txt,Keyword matched: customer data breach
NA-15196,01-04-2026,Soubhik Sarkar,Medianama,medianama.com,20-12-2024,Vulnerability in McDonald’s India’s Delivery System Exposed Sensitive Customer Information: Report,https://www.medianama.com/2024/12/223-mcdonalds-india-delivery-system-bug-exposed-customer-information/,customer data breach,Identity Theft and Data Breach,Data Breach,THIRD-PARTY,NA-15196.txt,Keyword matched: customer data breach
NA-15197,01-04-2026,Soubhik Sarkar,Medianama,medianama.com,02-12-2024,"Swiggy Faces Heat As Customers Allege Inflated Delivery Distances, Overcharging",https://www.medianama.com/2024/12/223-swiggy-criticism-reddit-customers-inflated-delivery-times-overcharging/,customer data breach,Identity Theft and Data Breach,Data Breach,THIRD-PARTY,NA-15197.txt,Keyword matched: customer data breach
NA-15198,01-04-2026,Soubhik Sarkar,Medianama,medianama.com,18-11-2024,Apple faces £3 billion UK Antitrust Lawsuit over Alleged Competition Law Breach,https://www.medianama.com/2024/11/223-apple-gbp-3-billion-lawsuit-uk-competition-law-breach/,customer data breach,Identity Theft and Data Breach,Data Breach,THIRD-PARTY,NA-15198.txt,Keyword matched: customer data breach
NA-15199,01-04-2026,Soubhik Sarkar,Medianama,medianama.com,16-09-2024,NHA Partners with IIT Kanpur for a Health Data Consent Management Platform,https://www.medianama.com/2024/09/223-nha-iit-kanpur-partnership-health-data-consent-management-platform/,customer data breach,Identity Theft and Data Breach,Data Breach,THIRD-PARTY,NA-15199.txt,Keyword matched: customer data breach
NA-15200,01-04-2026,Soubhik Sarkar,Medianama,medianama.com,27-08-2024,Dutch DPA Fines Uber Euros 290 million for GDPR Violations in Data Transfer to US,https://www.medianama.com/2024/08/223-dutch-dpa-fines-uber-290-million-euros-gdpr-violations/,customer data breach,Identity Theft and Data Breach,Data Breach,THIRD-PARTY,NA-15200.txt,Keyword matched: customer data breach
NA-15201,01-04-2026,Soubhik Sarkar,Medianama,medianama.com,26-06-2024,European Commission accuses Microsoft of breaching EU anti-trust laws,https://www.medianama.com/2024/06/223-european-commission-accuses-microsoft-breaching-eu-anti-trust-laws/,customer data breach,Identity Theft and Data Breach,Data Breach,THIRD-PARTY,NA-15201.txt,Keyword matched: customer data breach
NA-15202,01-04-2026,Soubhik Sarkar,Medianama,medianama.com,14-06-2024,"Hong Kong’s Privacy Commissioner proposes framework for AI data protection, says companies should set up AI governance committees",https://www.medianama.com/2024/06/223-hong-kong-privacy-commmissioner-ai-data-protection-framework/,customer data breach,Identity Theft and Data Breach,Data Breach,THIRD-PARTY,NA-15202.txt,Keyword matched: customer data breach
NA-15203,01-04-2026,Soubhik Sarkar,Medianama,medianama.com,06-11-2023,How can companies that rely on personal data for marketing comply with India’s DPDP Act? #PrivacyNama2023,https://www.medianama.com/2023/11/223-dpdp-act-marketing-companies-spam-privacynama/,customer data breach,Identity Theft and Data Breach,Data Breach,THIRD-PARTY,NA-15203.txt,Keyword matched: customer data breach
NA-15204,01-04-2026,Soubhik Sarkar,Medianama,medianama.com,04-11-2023,Ensuring User Transparency and Informed Consent: Key Considerations for Data Processing Notices #PrivacyNama2023,https://www.medianama.com/2023/11/223-transparency-user-consent-data-processing-privacynama/,customer data breach,Identity Theft and Data Breach,Data Breach,THIRD-PARTY,NA-15204.txt,Keyword matched: customer data breach
NA-15205,01-04-2026,Soubhik Sarkar,Medianama,medianama.com,01-11-2023,How to comply with India’s new data protection law: Chief Privacy Officers share their views,https://www.medianama.com/2023/11/223-chief-privacy-officers-rountable-privacynama-2023/,customer data breach,Identity Theft and Data Breach,Data Breach,THIRD-PARTY,NA-15205.txt,Keyword matched: customer data breach
NA-15206,01-04-2026,Soubhik Sarkar,Medianama,medianama.com,18-09-2023,Meta to face class action lawsuit for accessing health data via Meta Pixels,https://www.medianama.com/2023/09/223-meta-class-action-lawsuit-access-health-data/,customer data breach,Identity Theft and Data Breach,Data Breach,NEAR-MISS,NA-15206.txt,Keyword matched: customer data breach
NA-15207,01-04-2026,Soubhik Sarkar,Medianama,medianama.com,17-08-2023,Response to Rajeev Chandrasekhar’s Comments on the Data Protection Act,https://www.medianama.com/2023/08/223-response-rajeev-chandrasekhar-comments-dpdp-act-2023-2/,customer data breach,Identity Theft and Data Breach,Data Breach,THIRD-PARTY,NA-15207.txt,Keyword matched: customer data breach
NA-15208,01-04-2026,Soubhik Sarkar,Medianama,medianama.com,11-08-2023,India’s data protection law will have different timelines for compliance for different types of entities,https://www.medianama.com/2023/08/223-data-protection-law-graded-timelines/,customer data breach,Identity Theft and Data Breach,Data Breach,THIRD-PARTY,NA-15208.txt,Keyword matched: customer data breach
NA-15209,01-04-2026,Soubhik Sarkar,Medianama,medianama.com,10-08-2023,From user consent to legitimate uses: Here are the rejected amendments to India’s Data Protection Act,https://www.medianama.com/2023/08/223-india-data-protection-bill-rejected-amendments/,customer data breach,Identity Theft and Data Breach,Data Breach,THIRD-PARTY,NA-15209.txt,Keyword matched: customer data breach
NA-15210,01-04-2026,Soubhik Sarkar,Medianama,medianama.com,10-08-2023,Digital Personal Data Protection Bill 2023 passed in Rajya Sabha,https://www.medianama.com/2023/08/223-data-protection-bill-passed-rajya-sabha/,customer data breach,Identity Theft and Data Breach,Data Breach,THIRD-PARTY,NA-15210.txt,Keyword matched: customer data breach
NA-15211,01-04-2026,Soubhik Sarkar,Medianama,medianama.com,07-08-2023,Digital Personal Data Protection Bill passed in Lok Sabha,https://www.medianama.com/2023/08/223-digital-personal-data-protection-bill-passed-lok-sabha/,customer data breach,Identity Theft and Data Breach,Data Breach,THIRD-PARTY,NA-15211.txt,Keyword matched: customer data breach
NA-15212,01-04-2026,Soubhik Sarkar,Medianama,medianama.com,07-08-2023,Newsletter: PrivacyNama — Digital Personal Data Protection Bill Special,https://www.medianama.com/2023/08/223-special-newsletter-privacynama-august-dpdp/,customer data breach,Identity Theft and Data Breach,Data Breach,THIRD-PARTY,NA-15212.txt,Keyword matched: customer data breach
NA-15213,01-04-2026,Soubhik Sarkar,Medianama,medianama.com,03-08-2023,"A Complete Guide to India’s Digital Personal Data Protection Bill, 2023",https://www.medianama.com/2023/08/223-complete-guide-indias-digital-personal-data-protection-bill-2023/,customer data breach,Identity Theft and Data Breach,Data Breach,THIRD-PARTY,NA-15213.txt,Keyword matched: customer data breach
NA-15214,01-04-2026,Soubhik Sarkar,Medianama,medianama.com,03-08-2023,Here’s what companies can and cannot do as per India’s Data Protection Bill,https://www.medianama.com/2023/08/223-what-companies-can-and-cannot-do-2023-data-protection-bill-2/,customer data breach,Identity Theft and Data Breach,Data Breach,THIRD-PARTY,NA-15214.txt,Keyword matched: customer data breach
NA-15215,01-04-2026,Soubhik Sarkar,Medianama,medianama.com,03-08-2023,Here’s when entities don’t need to ask for consent as per India’s Digital Personal Data Protection Bill,https://www.medianama.com/2023/08/223-legitimate-uses-personal-data-dpdp-bill-2023/,customer data breach,Identity Theft and Data Breach,Data Breach,THIRD-PARTY,NA-15215.txt,Keyword matched: customer data breach
NA-15216,01-04-2026,Soubhik Sarkar,Medianama,medianama.com,03-08-2023,Scope of Data Protection Board under India’s Digital Personal Data Protection Bill,https://www.medianama.com/2023/08/223-india-data-protection-board-personal-data-bill/,customer data breach,Identity Theft and Data Breach,Data Breach,VICTIM,NA-15216.txt,Keyword matched: customer data breach
NA-15217,01-04-2026,Soubhik Sarkar,Medianama,medianama.com,03-08-2023,"India’s Digital Personal Data Protection Bill, 2023 gives the government powers to exempt itself from the Bill, block content, and more",https://www.medianama.com/2023/08/223-dpdp-bill-2023-government-exemptions-3/,customer data breach,Identity Theft and Data Breach,Data Breach,THIRD-PARTY,NA-15217.txt,Keyword matched: customer data breach
NA-15218,01-04-2026,Soubhik Sarkar,Medianama,medianama.com,03-08-2023,"India’s Digital Personal Data Protection Bill, 2023: What privacy rights do individuals have?",https://www.medianama.com/2023/08/223-indias-data-protection-bill-2023-privacy-rights-individuals/,customer data breach,Identity Theft and Data Breach,Data Breach,THIRD-PARTY,NA-15218.txt,Keyword matched: customer data breach
NA-15219,01-04-2026,Soubhik Sarkar,Medianama,medianama.com,08-06-2023,The Zivame Hack: How one company’s data was used in an attempt to stir up communal disharmony,https://www.medianama.com/2023/06/223-the-zivame-hack/,customer data breach,Identity Theft and Data Breach,Data Breach,THIRD-PARTY,NA-15219.txt,Keyword matched: customer data breach
NA-15220,01-04-2026,Soubhik Sarkar,Medianama,medianama.com,29-05-2023,Meta offers to not use other businesses’ ad data to improve Facebook Marketplace: UK competition regulator,https://www.medianama.com/2023/05/223-meta-facebook-marketplace-uk-cma-2/,customer data breach,Identity Theft and Data Breach,Data Breach,THIRD-PARTY,NA-15220.txt,Keyword matched: customer data breach
NA-15221,01-04-2026,Soubhik Sarkar,Medianama,medianama.com,18-04-2023,Data & Duopolies: Making a Case for Regulating Data in the context of Competition,https://www.medianama.com/2023/04/223-data-duopolies-regulating-data-context-competition-2/,customer data breach,Identity Theft and Data Breach,Data Breach,THIRD-PARTY,NA-15221.txt,Keyword matched: customer data breach
NA-15222,01-04-2026,Soubhik Sarkar,Medianama,medianama.com,22-03-2022,Exclusive: How a hacker used social engineering to target a Newslaundry journalist on Instagram and what happened after,https://www.medianama.com/2022/03/223-nidhi-suresh-twitter-instagram-hack/,social engineering fraud,Social Engineering and Romance/Sextortion,Social Engineering,VICTIM,NA-15222.txt,Keyword matched: social engineering fraud
NA-15223,01-04-2026,Soubhik Sarkar,Medianama,medianama.com,13-08-2025,Q1FY26 Earnings: Protean eGov Focuses On International DPI Projects,https://www.medianama.com/2025/08/223-q1fy26-earnings-protean-egov-international-dpi-projects/,social engineering fraud,Social Engineering and Romance/Sextortion,Social Engineering,THIRD-PARTY,NA-15223.txt,Keyword matched: social engineering fraud
NA-15224,01-04-2026,Soubhik Sarkar,Medianama,medianama.com,25-07-2025,US AI Action Plan Deprioritisation of Misinformation & DEI References and What It Means,https://www.medianama.com/2025/07/223-us-ai-action-plan-innovation-misinformation-dei/,social engineering fraud,Social Engineering and Romance/Sextortion,Social Engineering,NEAR-MISS,NA-15224.txt,Keyword matched: social engineering fraud
NA-15225,01-04-2026,Soubhik Sarkar,Medianama,medianama.com,27-06-2022,RBI extends deadline for card storage rules to September 30,https://www.medianama.com/2022/06/223-rbi-extends-card-storage-rules-deadline/,social engineering fraud,Social Engineering and Romance/Sextortion,Social Engineering,THIRD-PARTY,NA-15225.txt,Keyword matched: social engineering fraud
NA-15226,01-04-2026,Soubhik Sarkar,Medianama,medianama.com,24-02-2022,Summary: Framework for Fairness Assessment of Artificial Intelligence/ Machine Learning Systems,https://www.medianama.com/2022/02/223-summary-framework-fairness-assessment-ai-ml-systems-2/,social engineering fraud,Social Engineering and Romance/Sextortion,Social Engineering,THIRD-PARTY,NA-15226.txt,Keyword matched: social engineering fraud
NA-15227,01-04-2026,Soubhik Sarkar,Medianama,medianama.com,26-05-2021,Twitter India partners with Razorpay to enable payments and donations: Report,https://www.medianama.com/2021/05/223-twitter-razorpay-tipping/,social engineering fraud,Social Engineering and Romance/Sextortion,Social Engineering,THIRD-PARTY,NA-15227.txt,Keyword matched: social engineering fraud
NA-15228,01-04-2026,Soubhik Sarkar,Medianama,medianama.com,10-12-2020,"Interview: PCI-DSS standards to focus on cloud, mobile and contact less payments",https://www.medianama.com/2020/12/223-pci-dss-standards-cloud-mobile-contactless-payments/,social engineering fraud,Social Engineering and Romance/Sextortion,Social Engineering,VICTIM,NA-15228.txt,Keyword matched: social engineering fraud
NA-15229,01-04-2026,Soubhik Sarkar,Medianama,medianama.com,16-10-2020,"Deepfakes can help authoritarian ideas to flourish even within a democracy, says a Microsoft employee",https://www.medianama.com/2020/10/223-deepfakes-impact-democracies/,social engineering fraud,Social Engineering and Romance/Sextortion,Social Engineering,NEAR-MISS,NA-15229.txt,Keyword matched: social engineering fraud
NA-15230,01-04-2026,Soubhik Sarkar,Medianama,medianama.com,24-09-2020,"Security, harmonisation, and standardisation, key to smart city initiatives: TRAI",https://www.medianama.com/2020/09/223-trai-smart-cities-white-paper/,social engineering fraud,Social Engineering and Romance/Sextortion,Social Engineering,THIRD-PARTY,NA-15230.txt,Keyword matched: social engineering fraud
NA-15231,01-04-2026,Soubhik Sarkar,Medianama,medianama.com,07-09-2020,Summary: Indian AI Stack,https://www.medianama.com/2020/09/223-indian-ai-stack-summary/,social engineering fraud,Social Engineering and Romance/Sextortion,Social Engineering,THIRD-PARTY,NA-15231.txt,Keyword matched: social engineering fraud
NA-15232,01-04-2026,Soubhik Sarkar,Medianama,medianama.com,26-08-2020,Palantir Tech’s S-1 filing to go public shows deep ties with US govt,https://www.medianama.com/2020/08/223-palantir-to-go-public/,social engineering fraud,Social Engineering and Romance/Sextortion,Social Engineering,NEAR-MISS,NA-15232.txt,Keyword matched: social engineering fraud
NA-15233,01-04-2026,Soubhik Sarkar,Medianama,medianama.com,25-03-2019,Following a Trail of Digital Breadcrumbs – Are the 2019 Elections Truly Safe?,https://www.medianama.com/2019/03/223-following-a-trail-of-digital-breadcrumbs-are-the-2019-elections-truly-safe/,social engineering fraud,Social Engineering and Romance/Sextortion,Social Engineering,THIRD-PARTY,NA-15233.txt,Keyword matched: social engineering fraud
NA-15234,01-04-2026,Soubhik Sarkar,Medianama,medianama.com,04-04-2018,World Satoshi Summit 2018: South Asia’s Biggest Blockchain Conference – #Ad,https://www.medianama.com/2018/04/223-world-satoshi-summit-2018-south-asias-biggest-blockchain-conference-ad/,social engineering fraud,Social Engineering and Romance/Sextortion,Social Engineering,THIRD-PARTY,NA-15234.txt,Keyword matched: social engineering fraud
NA-15235,01-04-2026,Soubhik Sarkar,Medianama,medianama.com,24-01-2018,Notes from Srikrishna Committee open house in Mumbai,https://www.medianama.com/2018/01/223-notes-srikrishna-committee-open-house-mumbai-2/,social engineering fraud,Social Engineering and Romance/Sextortion,Social Engineering,VICTIM,NA-15235.txt,Keyword matched: social engineering fraud
NA-15236,01-04-2026,Soubhik Sarkar,Medianama,medianama.com,17-01-2013,Flipkart’s Ashok Banerjee & TimesOfMoney’s Kunnal Sharma on E-Commerce Analytics,https://www.medianama.com/2013/01/223-flipkarts-ashok-banerjee-timesofmoneys-kunnal-sharma-on-e-commerce-analytics/,social engineering fraud,Social Engineering and Romance/Sextortion,Social Engineering,THIRD-PARTY,NA-15236.txt,Keyword matched: social engineering fraud
NA-15237,01-04-2026,Soubhik Sarkar,Medianama,medianama.com,06-12-2025,EU Fines X 120 Million Euros For Flouting Digital Services Act,https://www.medianama.com/2025/12/223-eu-x-120-million-euros-flouting-digital-services-act/,manipulation scam,Social Engineering and Romance/Sextortion,Social Engineering,THIRD-PARTY,NA-15237.txt,Keyword matched: manipulation scam
NA-15238,01-04-2026,Soubhik Sarkar,Medianama,medianama.com,02-01-2025,8 in 10 Users Exposed to Dark Patterns on Ride-Hailing Apps: Survey,https://www.medianama.com/2025/01/223-8-in-10-users-exposed-dark-patterns-on-ride-hailing-apps-survey/,manipulation scam,Social Engineering and Romance/Sextortion,Social Engineering,THIRD-PARTY,NA-15238.txt,Keyword matched: manipulation scam
NA-15239,01-04-2026,Soubhik Sarkar,Medianama,medianama.com,29-03-2023,Is encryption better than anonymization of data for individual privacy? #NAMA,https://www.medianama.com/2023/03/223-encryption-better-anonymisation-data-privacy-nama-2/,manipulation scam,Social Engineering and Romance/Sextortion,Social Engineering,THIRD-PARTY,NA-15239.txt,Keyword matched: manipulation scam
NA-15240,01-04-2026,Soubhik Sarkar,Medianama,medianama.com,16-09-2021,FTC approves resolutions that allow it to expedite investigations in key antitrust areas,https://www.medianama.com/2021/09/223-ftc-resolutions-expedite-investigations/,manipulation scam,Social Engineering and Romance/Sextortion,Social Engineering,THIRD-PARTY,NA-15240.txt,Keyword matched: manipulation scam
NA-15241,01-04-2026,Soubhik Sarkar,Medianama,medianama.com,29-09-2020,Twitter appoints former IBM executive Rinki Sethi as new CISO,https://www.medianama.com/2020/09/223-twitter-appoints-former-ibm-executive-rinki-sethi-as-new-ciso/,manipulation scam,Social Engineering and Romance/Sextortion,Social Engineering,VICTIM,NA-15241.txt,Keyword matched: manipulation scam
NA-15242,01-04-2026,Soubhik Sarkar,Medianama,medianama.com,14-09-2012,Updated: Maxis Communications Looking To Sell Aircel Stake; Timeline,https://www.medianama.com/2012/09/223-maxis-communications-looking-to-sell-aircel-stake-timeline/,manipulation scam,Social Engineering and Romance/Sextortion,Social Engineering,THIRD-PARTY,NA-15242.txt,Keyword matched: manipulation scam
NA-15243,01-04-2026,Soubhik Sarkar,Medianama,medianama.com,08-12-2021,UN Cyber Stability Conference: Understanding threats in cyberspace,https://www.medianama.com/2021/12/223-un-cyber-stability-conference-understanding-threats-in-cyberspace/,romance scam,Social Engineering and Romance/Sextortion,Romance Scam,VICTIM,NA-15243.txt,Keyword matched: romance scam
NA-15244,01-04-2026,Soubhik Sarkar,Medianama,medianama.com,27-09-2023,Delhi High Court upholds stay on government circulars mandating Aadhaar for school admission,https://www.medianama.com/2023/09/223-delhi-high-court-government-circulars-aadhaar-school-admission/,dating fraud,Social Engineering and Romance/Sextortion,Romance Scam,THIRD-PARTY,NA-15244.txt,Keyword matched: dating fraud
NA-15245,01-04-2026,Soubhik Sarkar,Medianama,medianama.com,07-07-2023,Wellness startup Mojocare said to shut shop amidst fraud allegations: Report,https://www.medianama.com/2023/07/223-mojocare-shut-shop-fraud-allegations-2/,dating fraud,Social Engineering and Romance/Sextortion,Romance Scam,THIRD-PARTY,NA-15245.txt,Keyword matched: dating fraud
NA-15246,01-04-2026,Soubhik Sarkar,Medianama,medianama.com,02-12-2025,Can the Sanchar Saathi App’s Security & Privacy Risks Be Justified?,https://www.medianama.com/2025/12/223-sanchar-saathi-apps-security-privacy-risks-justified/,dating fraud,Social Engineering and Romance/Sextortion,Romance Scam,THIRD-PARTY,NA-15246.txt,Keyword matched: dating fraud
NA-15247,01-04-2026,Soubhik Sarkar,Medianama,medianama.com,19-11-2025,Explainer: What the DPDP Rules Mean for Cross-Border Data Flows and MLAT-Based Data Sharing,https://www.medianama.com/2025/11/223-dpdp-rules-cross-border-data-transfers/,dating fraud,Social Engineering and Romance/Sextortion,Romance Scam,THIRD-PARTY,NA-15247.txt,Keyword matched: dating fraud
NA-15248,01-04-2026,Soubhik Sarkar,Medianama,medianama.com,27-06-2025,DoT Seeks to Create Platform for Mobile Number Validation: What This Means for Businesses and User Privacy,https://www.medianama.com/2025/06/223-dot-mobile-number-validation-business-impact-privacy/,dating fraud,Social Engineering and Romance/Sextortion,Romance Scam,THIRD-PARTY,NA-15248.txt,Keyword matched: dating fraud
NA-15249,01-04-2026,Soubhik Sarkar,Medianama,medianama.com,22-01-2025,"Draft Legal Metrology Rules, 2025 Mandate IST as Standard Time Reference Across Govt Offices, Sectors",https://www.medianama.com/2025/01/223-legal-metrology-rules-2025-ist-standard-time-reference/,dating fraud,Social Engineering and Romance/Sextortion,Romance Scam,THIRD-PARTY,NA-15249.txt,Keyword matched: dating fraud
NA-15250,01-04-2026,Soubhik Sarkar,Medianama,medianama.com,09-01-2025,Report: APAAR ID Made Mandatory to Enter UP Board Examination,https://www.medianama.com/2025/01/223-apaar-id-mandatory-uttar-pradesh-board-examination/,dating fraud,Social Engineering and Romance/Sextortion,Romance Scam,THIRD-PARTY,NA-15250.txt,Keyword matched: dating fraud
NA-15251,01-04-2026,Soubhik Sarkar,Medianama,medianama.com,23-10-2024,SEBI Proposes New Rules for Digital Platforms That Could Likely Target Unregistered Finfluencers,https://www.medianama.com/2024/10/223-sebi-consultation-paper-on-recognition-as-specified-digital-platform/,dating fraud,Social Engineering and Romance/Sextortion,Romance Scam,THIRD-PARTY,NA-15251.txt,Keyword matched: dating fraud
NA-15252,01-04-2026,Soubhik Sarkar,Medianama,medianama.com,24-09-2024,Error 404: Privacy Not Found in Ayushman Bharat Digital Mission’s PMJAY Dashboard,https://www.medianama.com/2024/09/223-error-404-privacy-not-found-in-ayushman-bharat-digital-mission-pmjay-dashboard/,dating fraud,Social Engineering and Romance/Sextortion,Romance Scam,THIRD-PARTY,NA-15252.txt,Keyword matched: dating fraud
NA-15253,01-04-2026,Soubhik Sarkar,Medianama,medianama.com,01-07-2024,Here are the Key changes platforms have made to comply with Child Protection Laws in the UK and EU,https://www.medianama.com/2024/07/223-social-media-platforms-key-changes-uk-child-protection-laws/,dating fraud,Social Engineering and Romance/Sextortion,Romance Scam,THIRD-PARTY,NA-15253.txt,Keyword matched: dating fraud
NA-15254,01-04-2026,Soubhik Sarkar,Medianama,medianama.com,12-06-2024,"Post backlash, Adobe Clarifies User Content Safe from AI Training Use",https://www.medianama.com/2024/06/223-adobe-says-user-content-safe-from-ai-training-use/,dating fraud,Social Engineering and Romance/Sextortion,Romance Scam,THIRD-PARTY,NA-15254.txt,Keyword matched: dating fraud
NA-15255,01-04-2026,Soubhik Sarkar,Medianama,medianama.com,27-03-2024,Privacy Policy,https://www.medianama.com/privacy-policy-2/,dating fraud,Social Engineering and Romance/Sextortion,Romance Scam,THIRD-PARTY,NA-15255.txt,Keyword matched: dating fraud
NA-15256,01-04-2026,Soubhik Sarkar,Medianama,medianama.com,03-06-2016,Govt to matrimonial sites: Check ID proof & store IP addresses,https://www.medianama.com/2016/06/223-government-matrimonial-sites-id-proof-2/,matrimonial fraud,Social Engineering and Romance/Sextortion,Romance Scam,VICTIM,NA-15256.txt,Keyword matched: matrimonial fraud
NA-15257,01-04-2026,Soubhik Sarkar,Medianama,medianama.com,19-11-2015,Govt sets up panel to implement id proof and norms for matrimonial sites: report,https://www.medianama.com/2015/11/223-government-matrimony-sites-id-proof/,matrimonial fraud,Social Engineering and Romance/Sextortion,Romance Scam,VICTIM,NA-15257.txt,Keyword matched: matrimonial fraud
NA-15258,01-04-2026,Soubhik Sarkar,Medianama,medianama.com,22-12-2014,Thank You To Our 2014 Sponsors,https://www.medianama.com/2014/12/223-thank-you-to-our-2014-sponsors-spice-digital-antfarm-astro-vision-bruceclay-buongiorno-ccavenue-cis-e2e-fortumo-getit-google-india-com-info-edge-onmobile-qualcomm-times-internet/,matrimonial fraud,Social Engineering and Romance/Sextortion,Romance Scam,NEAR-MISS,NA-15258.txt,Keyword matched: matrimonial fraud
NA-15259,01-04-2026,Soubhik Sarkar,Medianama,medianama.com,20-12-2014,Weekly Digest (12th-19th December 2014),https://www.medianama.com/2014/12/223-weekly-digest-12th-19th-december-2014/,matrimonial fraud,Social Engineering and Romance/Sextortion,Romance Scam,THIRD-PARTY,NA-15259.txt,Keyword matched: matrimonial fraud
NA-15260,01-04-2026,Soubhik Sarkar,Medianama,medianama.com,26-12-2025,"Indian Army Revises Social Media Policy, Allows Passive Use Of X, Instagram, YouTube",https://www.medianama.com/2025/12/223-indian-army-social-media-policy-passive-use-x-instagram-youtube/,honey trap,Social Engineering and Romance/Sextortion,Romance Scam,THIRD-PARTY,NA-15260.txt,Keyword matched: honey trap
NA-15261,01-04-2026,Soubhik Sarkar,Medianama,medianama.com,05-03-2026,"Rapido Launches Ownly in Bengaluru With Zero-Commission Model, But Can It Sustain Without Charging Restaurants?",https://www.medianama.com/2026/03/223-rapido-ownly-bengaluru-zero-commission-model-sustain-without-charging-restaurants/,honey trap,Social Engineering and Romance/Sextortion,Romance Scam,THIRD-PARTY,NA-15261.txt,Keyword matched: honey trap
NA-15262,01-04-2026,Soubhik Sarkar,Medianama,medianama.com,11-06-2025,Can Rapido’s ‘Ownly’ Break the Food Delivery Monopoly With Its Zero-Commission & Customer Data Access Model?,https://www.medianama.com/2025/06/223-rapido-food-delivery-no-commissions-customer-data-access/,honey trap,Social Engineering and Romance/Sextortion,Romance Scam,THIRD-PARTY,NA-15262.txt,Keyword matched: honey trap
NA-15263,01-04-2026,Soubhik Sarkar,Medianama,medianama.com,03-06-2022,Impact of India’s cybersecurity directions on the global internet,https://www.medianama.com/2022/06/223-cybersecurity-directions-internet-impact-assessment-isoc/,honey trap,Social Engineering and Romance/Sextortion,Romance Scam,THIRD-PARTY,NA-15263.txt,Keyword matched: honey trap
NA-15264,01-04-2026,Soubhik Sarkar,Medianama,medianama.com,08-12-2011,Gourmet Company Ventures Into eCommerce,https://www.medianama.com/2011/12/223-gourmet-company-ventures-into-ecommerce/,honey trap,Social Engineering and Romance/Sextortion,Romance Scam,THIRD-PARTY,NA-15264.txt,Keyword matched: honey trap
NA-15265,01-04-2026,Soubhik Sarkar,Medianama,medianama.com,26-02-2024,New WhatsApp feature blocks profile picture screenshots in beta version,https://www.medianama.com/2024/02/223-whatsapp-blocks-profile-picture-screenshots-2/,catfishing fraud,Social Engineering and Romance/Sextortion,Romance Scam,THIRD-PARTY,NA-15265.txt,Keyword matched: catfishing fraud
NA-15266,01-04-2026,Soubhik Sarkar,Medianama,medianama.com,12-04-2024,Meta Rolls Out New Tool On Instagram To Tackle ‘Sextortion’,https://www.medianama.com/2024/04/223-meta-new-tool-nudity-protection-instagram/,sextortion,Social Engineering and Romance/Sextortion,Sextortion,THIRD-PARTY,NA-15266.txt,Keyword matched: sextortion
NA-15267,01-04-2026,Soubhik Sarkar,Medianama,medianama.com,13-03-2026,UK Parliament’s Lower House Rejects Social Media Ban for Children: Key Points From Debate,https://www.medianama.com/2026/03/223-uk-parliament-rejects-social-media-ban-children/,sextortion,Social Engineering and Romance/Sextortion,Sextortion,THIRD-PARTY,NA-15267.txt,Keyword matched: sextortion
NA-15268,01-04-2026,Soubhik Sarkar,Medianama,medianama.com,22-11-2024,Instagram To Introduce Reset Feature for Tailored Content Recommendations,https://www.medianama.com/2024/11/223-instagram-announces-feature-reset-recommendations-teen-safety/,sextortion,Social Engineering and Romance/Sextortion,Sextortion,THIRD-PARTY,NA-15268.txt,Keyword matched: sextortion
NA-15269,01-04-2026,Soubhik Sarkar,Medianama,medianama.com,06-09-2024,New Mexico Sues Snap Over Child Safety,https://www.medianama.com/2024/09/223-new-mexico-sues-snap-child-safety/,sextortion,Social Engineering and Romance/Sextortion,Sextortion,THIRD-PARTY,NA-15269.txt,Keyword matched: sextortion
NA-15270,01-04-2026,Soubhik Sarkar,Medianama,medianama.com,09-11-2023,Tech platforms launch new program called Lantern to curb child abuse online,https://www.medianama.com/2023/11/223-tech-coalition-lantern-child-sexual-abuse-2/,sextortion,Social Engineering and Romance/Sextortion,Sextortion,VICTIM,NA-15270.txt,Keyword matched: sextortion
NA-15271,01-04-2026,Soubhik Sarkar,Medianama,medianama.com,15-12-2014,Updated: Only 9 fraud complaints against e-commerce firms in the last two years,https://www.medianama.com/2014/12/223-ecommerce-complaints-india/,e-commerce fraud,E-Commerce and Delivery Fraud,E-Commerce Fraud,THIRD-PARTY,NA-15271.txt,Keyword matched: e-commerce fraud
NA-15272,01-04-2026,Soubhik Sarkar,Medianama,medianama.com,22-01-2025,Govt Releases Draft Guidelines for E-Commerce Accountability: A Dilution of Provisions in Previously Proposed Rules?,https://www.medianama.com/2025/01/223-govt-guidelines-e-commerce-accountability-self-governance/,e-commerce fraud,E-Commerce and Delivery Fraud,E-Commerce Fraud,THIRD-PARTY,NA-15272.txt,Keyword matched: e-commerce fraud
NA-15273,01-04-2026,Soubhik Sarkar,Medianama,medianama.com,07-02-2013,Telecom Operators Launch Number For Refund On Unwanted VAS,https://www.medianama.com/2013/02/223-telecom-operators-launch-a-new-number-to-get-refund-on-unwanted-vas/,refund scam,E-Commerce and Delivery Fraud,E-Commerce Fraud,THIRD-PARTY,NA-15273.txt,Keyword matched: refund scam
NA-15274,01-04-2026,Soubhik Sarkar,Medianama,medianama.com,21-11-2025,Travel Aggregators Report Zero Dark Patterns Despite Independent Studies Finding Violations,https://www.medianama.com/2025/11/223-travel-aggregators-zero-dark-patterns-studies-violations/,refund scam,E-Commerce and Delivery Fraud,E-Commerce Fraud,THIRD-PARTY,NA-15274.txt,Keyword matched: refund scam
NA-15275,01-04-2026,Soubhik Sarkar,Medianama,medianama.com,26-11-2024,"Swiggy Responds to ‘underweight’ Deliveries, But questions on Quality Control Remain",https://www.medianama.com/2024/11/223-swiggy-responds-underweight-instamart-delivery-reddit-user-quality-control/,refund scam,E-Commerce and Delivery Fraud,E-Commerce Fraud,NEAR-MISS,NA-15275.txt,Keyword matched: refund scam
NA-15276,01-04-2026,Soubhik Sarkar,Medianama,medianama.com,06-11-2024,European Commission to Assess Apple’s New iPadOS Updates Amid DMA Compliance Push,https://www.medianama.com/2024/11/223-european-commission-assess-apple-ipados-updates-dma-compliance/,refund scam,E-Commerce and Delivery Fraud,E-Commerce Fraud,THIRD-PARTY,NA-15276.txt,Keyword matched: refund scam
NA-15277,01-04-2026,Soubhik Sarkar,Medianama,medianama.com,15-09-2017,A beginner’s guide to understanding Initial Coin Offering (ICO),https://www.medianama.com/2017/09/223-guide-to-understanding-ico/,refund scam,E-Commerce and Delivery Fraud,E-Commerce Fraud,THIRD-PARTY,NA-15277.txt,Keyword matched: refund scam
NA-15278,01-04-2026,Soubhik Sarkar,Medianama,medianama.com,11-04-2016,No action to be taken against Ringing Bells following FIR: Allahabad HC,https://www.medianama.com/2016/04/223-ringing-bells-freedom-251-fir/,refund scam,E-Commerce and Delivery Fraud,E-Commerce Fraud,THIRD-PARTY,NA-15278.txt,Keyword matched: refund scam
NA-15279,01-04-2026,Soubhik Sarkar,Medianama,medianama.com,09-04-2013,3G Roaming Digest: DoT Issues Notice Against Vodafone & Idea; SC Stays Order,https://www.medianama.com/2013/04/223-3g-roaming-digest-dot-issues-notice-against-vodafone-sc-stays-order/,refund scam,E-Commerce and Delivery Fraud,E-Commerce Fraud,THIRD-PARTY,NA-15279.txt,Keyword matched: refund scam
NA-15280,01-04-2026,Soubhik Sarkar,Medianama,medianama.com,05-04-2013,Airtel Challenges DoT’s 3G Shutdown Order For 7 Circles In Delhi High Court,https://www.medianama.com/2013/04/223-airtel-dot-3g-icr-petition/,refund scam,E-Commerce and Delivery Fraud,E-Commerce Fraud,THIRD-PARTY,NA-15280.txt,Keyword matched: refund scam
NA-15281,01-04-2026,Soubhik Sarkar,Medianama,medianama.com,01-08-2012,"Law Ministry On 3G ICR Agreements: DoT Can Cancel Permits, Claim Revenue",https://www.medianama.com/2012/08/223-law-ministry-on-3g-icr-agreements-dot-can-cancel-permits-claim-revenue/,refund scam,E-Commerce and Delivery Fraud,E-Commerce Fraud,THIRD-PARTY,NA-15281.txt,Keyword matched: refund scam
NA-15282,01-04-2026,Soubhik Sarkar,Medianama,medianama.com,03-07-2012,TDSAT Delivers A Split Verdict On 3G Intra Circle Roaming Agreements,https://www.medianama.com/2012/07/223-tdsat-delivers-a-split-verdict-on-3g-intra-circle-roaming-agreements/,refund scam,E-Commerce and Delivery Fraud,E-Commerce Fraud,THIRD-PARTY,NA-15282.txt,Keyword matched: refund scam
NA-15283,01-04-2026,Soubhik Sarkar,Medianama,medianama.com,14-12-2011,Aircel & Tata Docomo Cancel 3G Intra Circle Roaming Agreement: Report,https://www.medianama.com/2011/12/223-aircel-tata-docomo-cancel-3g-intra-circle-roaming-agreement-report-5/,refund scam,E-Commerce and Delivery Fraud,E-Commerce Fraud,THIRD-PARTY,NA-15283.txt,Keyword matched: refund scam
NA-15284,01-04-2026,Soubhik Sarkar,Medianama,medianama.com,14-01-2011,"News Digest: Nokia-Siemens, Akai, US-India, Bharti Airtel Kenya, Etisalat, Vijaya Bank-Timesofmoney, Loop Mobile, BigRock",https://www.medianama.com/2011/01/223-news-digestnokia-siemens-akai-us-india-bharti-airtel-kenya-etisalat-vijaya-bank-timesofmoney-bigrock/,refund scam,E-Commerce and Delivery Fraud,E-Commerce Fraud,THIRD-PARTY,NA-15284.txt,Keyword matched: refund scam
NA-15285,01-04-2026,Soubhik Sarkar,Medianama,medianama.com,28-05-2025,"FirstCry Sees 17%YoY Customer Growth in Q4FY25 Despite Rs 111 Cr Loss, Focus on Home Brands & Faster Delivery",https://www.medianama.com/2025/05/223-firstcry-sees-17-customer-growth-in-q4fy25-rs-111-5-cr-loss/,fake delivery,E-Commerce and Delivery Fraud,Delivery Fraud,THIRD-PARTY,NA-15285.txt,Keyword matched: fake delivery
NA-15286,01-04-2026,Soubhik Sarkar,Medianama,medianama.com,07-05-2025,Why Swiggy Pulled the Plug on Genie: The Struggles of Errand Delivery Services in India,https://www.medianama.com/2025/05/223-swiggy-genie-shutdown-india-errand-services-future/,fake delivery,E-Commerce and Delivery Fraud,Delivery Fraud,NEAR-MISS,NA-15286.txt,Keyword matched: fake delivery
NA-15287,01-04-2026,Soubhik Sarkar,Medianama,medianama.com,08-04-2025,UK Gives Watchdog Power to Fine Digital Platforms for Fake Reviews and Hidden Fees,https://www.medianama.com/2025/04/223-uk-cma-can-fine-platforms-for-fake-reviews/,fake delivery,E-Commerce and Delivery Fraud,Delivery Fraud,NEAR-MISS,NA-15287.txt,Keyword matched: fake delivery
NA-15288,01-04-2026,Soubhik Sarkar,Medianama,medianama.com,23-01-2024,Zomato disables non-veg food delivery in five Indian states,https://www.medianama.com/2024/01/223-zomato-disables-non-veg-delivery-5-states/,fake delivery,E-Commerce and Delivery Fraud,Delivery Fraud,THIRD-PARTY,NA-15288.txt,Keyword matched: fake delivery
NA-15289,01-04-2026,Soubhik Sarkar,Medianama,medianama.com,12-08-2019,Zomato delivery execs from Howrah want ban on delivering pork and beef and revision of salaries: report,https://www.medianama.com/2019/08/223-zomato-delivery-execs-from-howrah-want-ban-on-delivering-pork-and-beef-and-revision-of-salaries-report-3/,fake delivery,E-Commerce and Delivery Fraud,Delivery Fraud,THIRD-PARTY,NA-15289.txt,Keyword matched: fake delivery
NA-15290,01-04-2026,Soubhik Sarkar,Medianama,medianama.com,02-12-2013,Tripura Govt To Digitize PDS Operations To Prevent Fake BPL Cards,https://www.medianama.com/2013/12/223-tripura-govt-to-digitize-pds-operations-to-prevent-fake-bpl-cards/,fake delivery,E-Commerce and Delivery Fraud,Delivery Fraud,THIRD-PARTY,NA-15290.txt,Keyword matched: fake delivery
NA-15291,01-04-2026,Soubhik Sarkar,Medianama,medianama.com,22-10-2012,Indian Government Launches Aadhaar Enabled Service Delivery,https://www.medianama.com/2012/10/223-indian-government-launches-aadhaar-enabled-service-delivery/,fake delivery,E-Commerce and Delivery Fraud,Delivery Fraud,THIRD-PARTY,NA-15291.txt,Keyword matched: fake delivery
NA-15292,01-04-2026,Soubhik Sarkar,Medianama,medianama.com,03-03-2026,Govt Mandates ‘Country Of Origin’ Filters For E-Commerce Platforms: Will It Work This Time?,https://www.medianama.com/2026/03/223-country-of-origin-filter-ecommerce-india-2026/,fake delivery,E-Commerce and Delivery Fraud,Delivery Fraud,THIRD-PARTY,NA-15292.txt,Keyword matched: fake delivery
NA-15293,01-04-2026,Soubhik Sarkar,Medianama,medianama.com,13-02-2026,How The ‘Dear Algo’ Feature Changes Meta’s Threads Recommendation System,https://www.medianama.com/2026/02/223-meta-threads-dear-algo-feature-to-personalise-algorithms/,fake delivery,E-Commerce and Delivery Fraud,Delivery Fraud,THIRD-PARTY,NA-15293.txt,Keyword matched: fake delivery
NA-15294,01-04-2026,Soubhik Sarkar,Medianama,medianama.com,27-01-2026,Explained: Why India’s Latest AI Governance White Paper Rejects a Standalone AI Law,https://www.medianama.com/2026/01/223-india-techno-legal-ai-governance-framework/,fake delivery,E-Commerce and Delivery Fraud,Delivery Fraud,THIRD-PARTY,NA-15294.txt,Keyword matched: fake delivery
NA-15295,01-04-2026,Soubhik Sarkar,Medianama,medianama.com,18-11-2025,"Tech Industry Pushes Back Against MeitY’s Proposed Synthetic Information Rules, Calls Them ‘Premature’",https://www.medianama.com/2025/11/223-iamai-nasscom-synthetic-information-rules-premature/,fake delivery,E-Commerce and Delivery Fraud,Delivery Fraud,THIRD-PARTY,NA-15295.txt,Keyword matched: fake delivery
NA-15296,01-04-2026,Soubhik Sarkar,Medianama,medianama.com,25-08-2025,"Filmmakers, Production Partners and Vendors Must Disclose Generative AI Use: Netflix New Policy",https://www.medianama.com/2025/08/223-film-makers-production-partners-vendors-generative-ai-netflixpolicy/,fake delivery,E-Commerce and Delivery Fraud,Delivery Fraud,THIRD-PARTY,NA-15296.txt,Keyword matched: fake delivery
NA-15297,01-04-2026,Soubhik Sarkar,Medianama,medianama.com,10-06-2025,"Govt Forms Task Force to Curb Dark Patterns in Apps, Calls on Platforms to Self-Audit",https://www.medianama.com/2025/06/223-govt-task-force-dark-patterns-apps/,fake delivery,E-Commerce and Delivery Fraud,Delivery Fraud,THIRD-PARTY,NA-15297.txt,Keyword matched: fake delivery
NA-15298,01-04-2026,Soubhik Sarkar,Medianama,medianama.com,20-05-2025,Delhi-Based Workers’ Union Files Complaint Against Zepto’s Rural Mobilisation Program,https://www.medianama.com/2025/05/223-delhi-based-workers-union-complaint-zepto/,fake delivery,E-Commerce and Delivery Fraud,Delivery Fraud,NEAR-MISS,NA-15298.txt,Keyword matched: fake delivery
NA-15299,01-04-2026,Soubhik Sarkar,Medianama,medianama.com,18-03-2025,Does Public Interest Justify a Crime? Delhi HC Debates Journalist’s Aadhaar Sting Operation,https://www.medianama.com/2025/03/223-does-public-interest-justify-crime-delhi-hc-journalist-aadhaar-sting-operation/,fake delivery,E-Commerce and Delivery Fraud,Delivery Fraud,THIRD-PARTY,NA-15299.txt,Keyword matched: fake delivery
NA-15300,01-04-2026,Soubhik Sarkar,Medianama,medianama.com,05-12-2024,"India Faced 370 Million Malware, 1 Million Ransomware Incidents in 2024: Report",https://www.medianama.com/2024/12/223-india-faced-370-million-malware-1-million-ransomware-incidents-in-2024-report/,fake delivery,E-Commerce and Delivery Fraud,Delivery Fraud,THIRD-PARTY,NA-15300.txt,Keyword matched: fake delivery
NA-15301,01-04-2026,Soubhik Sarkar,Medianama,medianama.com,27-11-2024,China Launches Special Program To Govern Algorithmic Content Feeds And Protect Workers’ Rights,https://www.medianama.com/2024/11/223-china-launches-special-program-to-govern-algorithmic-content-feeds-and-protect-workers-rights/,fake delivery,E-Commerce and Delivery Fraud,Delivery Fraud,THIRD-PARTY,NA-15301.txt,Keyword matched: fake delivery
NA-15302,01-04-2026,Soubhik Sarkar,Medianama,medianama.com,15-11-2024,Supreme Court Rejects Plea to Ban WhatsApp: Should the Privacy Claims Raise Concerns?,https://www.medianama.com/2024/11/223-supreme-court-rejects-plea-ban-whatsapp-claims-concerns/,fake delivery,E-Commerce and Delivery Fraud,Delivery Fraud,THIRD-PARTY,NA-15302.txt,Keyword matched: fake delivery
NA-15303,01-04-2026,Soubhik Sarkar,Medianama,medianama.com,18-09-2024,MIB Proposes AI Tool for Real-Time News Analysis to Counter Misinformation,https://www.medianama.com/2024/09/223-mib-ai-tool-real-time-news-tracking-countering-misinformation/,fake delivery,E-Commerce and Delivery Fraud,Delivery Fraud,THIRD-PARTY,NA-15303.txt,Keyword matched: fake delivery
NA-15304,01-04-2026,Soubhik Sarkar,Medianama,medianama.com,11-09-2024,"Govt is Looking to Regulate AI Applications, Not AI Technology: Additional Secretary to IT Ministry",https://www.medianama.com/2024/09/223-government-regulating-ai-application-not-ai-technology-meity-additional-secretary/,fake delivery,E-Commerce and Delivery Fraud,Delivery Fraud,THIRD-PARTY,NA-15304.txt,Keyword matched: fake delivery
NA-15305,01-04-2026,Soubhik Sarkar,Medianama,medianama.com,09-09-2024,Summary: Telangana’s strategy to turn into a “Global Hub for AI”,https://www.medianama.com/2024/09/223-summary-telanganas-strategy-to-turn-into-a-global-hub-for-ai/,fake delivery,E-Commerce and Delivery Fraud,Delivery Fraud,THIRD-PARTY,NA-15305.txt,Keyword matched: fake delivery
NA-15306,01-04-2026,Soubhik Sarkar,Medianama,medianama.com,01-05-2024,"US Govt Agencies’ Key Actions On AI Executive Order: NIST GenAI Platform for Detecting AI Content, AI Security Board and More",https://www.medianama.com/2024/05/223-us-govt-agencies-key-actions-on-ai-executive-order-nist-genai-platform-for-detecting-ai-content-ai-security-board-and-more/,fake delivery,E-Commerce and Delivery Fraud,Delivery Fraud,THIRD-PARTY,NA-15306.txt,Keyword matched: fake delivery
NA-15307,01-04-2026,Soubhik Sarkar,Medianama,medianama.com,09-10-2023,Delhi HC Directs Unique ID Authority of India to Provide Copies Of Grievance Redressal Agreements Under RTI,https://www.medianama.com/2023/10/223-delhi-hc-uidai-copies-grievance-redressal-agreements-rti/,fake delivery,E-Commerce and Delivery Fraud,Delivery Fraud,THIRD-PARTY,NA-15307.txt,Keyword matched: fake delivery
NA-15308,01-04-2026,Soubhik Sarkar,Medianama,medianama.com,08-09-2023,Consumer Affairs Department of India Publishes Draft Guidelines For Regulation Of Dark Patterns,https://www.medianama.com/2023/09/223-consumer-affairs-department-dark-patterns-guidelines/,fake delivery,E-Commerce and Delivery Fraud,Delivery Fraud,THIRD-PARTY,NA-15308.txt,Keyword matched: fake delivery
NA-15309,01-04-2026,Soubhik Sarkar,Medianama,medianama.com,25-07-2023,The Gap Between Responsibility and Liability of AI,https://www.medianama.com/2023/07/223-the-gap-between-responsibility-and-liability-of-ai/,fake delivery,E-Commerce and Delivery Fraud,Delivery Fraud,THIRD-PARTY,NA-15309.txt,Keyword matched: fake delivery
NA-15310,01-04-2026,Soubhik Sarkar,Medianama,medianama.com,12-05-2023,10 Talking Points: April,https://www.medianama.com/2023/05/223-talking-points-newsletter-medianama/,fake delivery,E-Commerce and Delivery Fraud,Delivery Fraud,THIRD-PARTY,NA-15310.txt,Keyword matched: fake delivery
NA-15311,01-04-2026,Soubhik Sarkar,Medianama,medianama.com,28-04-2023,Explainer: The Expert’s guide to understanding AI usage in e-governance,https://www.medianama.com/2023/04/223-explainer-understanding-ai-usage-e-governance-2/,fake delivery,E-Commerce and Delivery Fraud,Delivery Fraud,THIRD-PARTY,NA-15311.txt,Keyword matched: fake delivery
NA-15312,01-04-2026,Soubhik Sarkar,Medianama,medianama.com,11-03-2023,MediaNama Daily: Safe Harbour Schmafe Harbour,https://www.medianama.com/2023/03/223-medianama-daily-safe-harbour-schmafe-harbour/,fake delivery,E-Commerce and Delivery Fraud,Delivery Fraud,NEAR-MISS,NA-15312.txt,Keyword matched: fake delivery
NA-15313,01-04-2026,Soubhik Sarkar,Medianama,medianama.com,01-02-2023,MediaNama Daily: Them changes only go skin deep?,https://www.medianama.com/2023/02/223-medianama-daily-them-changes-only-go-skin-deep-2/,fake delivery,E-Commerce and Delivery Fraud,Delivery Fraud,THIRD-PARTY,NA-15313.txt,Keyword matched: fake delivery
NA-15314,01-04-2026,Soubhik Sarkar,Medianama,medianama.com,25-01-2023,Medianama Daily: It only matters if you put down the money,https://www.medianama.com/2023/01/223-medianama-daily-newsletter-only-matters-if-you-put-down-money-2/,fake delivery,E-Commerce and Delivery Fraud,Delivery Fraud,THIRD-PARTY,NA-15314.txt,Keyword matched: fake delivery
NA-15315,01-04-2026,Soubhik Sarkar,Medianama,medianama.com,16-12-2022,Here’s what the NHA has proposed for building a ‘Unified Health Interface’ in India,https://www.medianama.com/2022/12/223-nhai-consultation-paper-uhi-healthcare-summary-3/,fake delivery,E-Commerce and Delivery Fraud,Delivery Fraud,THIRD-PARTY,NA-15315.txt,Keyword matched: fake delivery
NA-15316,01-04-2026,Soubhik Sarkar,Medianama,medianama.com,01-10-2022,PrivacyNama Session: Chief Privacy Officer Roundtable; October 7,https://www.medianama.com/2022/10/223-privacynama-session-chief-privacy-officer-roundtable-october-7/,fake delivery,E-Commerce and Delivery Fraud,Delivery Fraud,THIRD-PARTY,NA-15316.txt,Keyword matched: fake delivery
NA-15317,01-04-2026,Soubhik Sarkar,Medianama,medianama.com,20-09-2022,"ONDC Explained: How commissions, search rankings, grievance redressal, and ratings will work",https://www.medianama.com/2022/09/223-ondc-commissions-grievances-search-rankings-ratings/,fake delivery,E-Commerce and Delivery Fraud,Delivery Fraud,VICTIM,NA-15317.txt,Keyword matched: fake delivery
NA-15318,01-04-2026,Soubhik Sarkar,Medianama,medianama.com,27-07-2022,"Linkage of Aadhaar and Voter ID completely irrational, says Randeep Surjewala’s petition to Supreme Court",https://www.medianama.com/2022/07/223-randeep-surjewala-aadhar-voter-id-link-petition-supreme-court-2/,fake delivery,E-Commerce and Delivery Fraud,Delivery Fraud,THIRD-PARTY,NA-15318.txt,Keyword matched: fake delivery
NA-15319,01-04-2026,Soubhik Sarkar,Medianama,medianama.com,13-07-2022,"UK antitrust watchdog launches investigation into Amazon, joining other regulators around the world",https://www.medianama.com/2022/07/223-uk-cma-investigation-amazon-3/,fake delivery,E-Commerce and Delivery Fraud,Delivery Fraud,THIRD-PARTY,NA-15319.txt,Keyword matched: fake delivery
NA-15320,01-04-2026,Soubhik Sarkar,Medianama,medianama.com,23-06-2022,Deep Dive: What’s wrong with India’s e-commerce rules and how can they be fixed?,https://www.medianama.com/2022/06/223-e-commerce-parliamentary-committee-report-recommendations/,fake delivery,E-Commerce and Delivery Fraud,Delivery Fraud,THIRD-PARTY,NA-15320.txt,Keyword matched: fake delivery
NA-15321,01-04-2026,Soubhik Sarkar,Medianama,medianama.com,15-06-2022,Why companies like Zomato and Swiggy are in trouble with the Indian government over user complaints?,https://www.medianama.com/2022/06/223-customer-complaints-grievance-zomato-swiggy-2/,fake delivery,E-Commerce and Delivery Fraud,Delivery Fraud,THIRD-PARTY,NA-15321.txt,Keyword matched: fake delivery
NA-15322,01-04-2026,Soubhik Sarkar,Medianama,medianama.com,15-04-2022,"TLDR: Elon Musk proposes hostile takeover of Twitter, Flipkart’s Myntra looks to fend off challenge from Ajio, and CAIT sets its eyes on Flipkart again",https://www.medianama.com/2022/04/223-twitter-takeover-cait-flipkart/,fake delivery,E-Commerce and Delivery Fraud,Delivery Fraud,THIRD-PARTY,NA-15322.txt,Keyword matched: fake delivery
NA-15323,01-04-2026,Soubhik Sarkar,Medianama,medianama.com,13-04-2022,Summary: TRAI highlights issues related to media ownership in new consultation paper,https://www.medianama.com/2022/04/223-trai-issues-media-ownership-consultation-paper-summary/,fake delivery,E-Commerce and Delivery Fraud,Delivery Fraud,THIRD-PARTY,NA-15323.txt,Keyword matched: fake delivery
NA-15324,01-04-2026,Soubhik Sarkar,Medianama,medianama.com,18-06-2025,Aggregators Rebrand Bike Taxis as ‘Bike Parcel’ in Karnataka; But is This Legal?,https://www.medianama.com/2025/06/223-uber-rapido-bike-parcel-karnataka-ban/,courier fraud,E-Commerce and Delivery Fraud,Delivery Fraud,VICTIM,NA-15324.txt,Keyword matched: courier fraud
NA-15325,01-04-2026,Soubhik Sarkar,Medianama,medianama.com,13-01-2022,SEBI takes action against 6 people accused of using Telegram to manipulate stock market,https://www.medianama.com/2022/01/223-sebi-action-telegram-stock-market-manipulation/,courier fraud,E-Commerce and Delivery Fraud,Delivery Fraud,THIRD-PARTY,NA-15325.txt,Keyword matched: courier fraud
NA-15326,01-04-2026,Soubhik Sarkar,Medianama,medianama.com,24-03-2017,Delhivery raises $100 million from Carlyle Asia Partners IV & Tiger Global,https://www.medianama.com/2017/03/223-delhivery-raises-100-million-carlyle-asia-partners-iv-tiger-global/,courier fraud,E-Commerce and Delivery Fraud,Delivery Fraud,THIRD-PARTY,NA-15326.txt,Keyword matched: courier fraud
NA-15327,01-04-2026,Soubhik Sarkar,Medianama,medianama.com,11-06-2013,Flipkart Won’t Deliver Orders More Than 10K To Uttar Pradesh – CapitalMind,https://www.medianama.com/2013/06/223-flipkart-wont-deliver-orders-more-than-10k-to-uttar-pradesh-capitalmind/,courier fraud,E-Commerce and Delivery Fraud,Delivery Fraud,THIRD-PARTY,NA-15327.txt,Keyword matched: courier fraud
NA-15328,01-04-2026,Soubhik Sarkar,Medianama,medianama.com,04-02-2025,"Tata Technologies Reports Ransomware Attack, says IT Assets Affected",https://www.medianama.com/2025/02/223-tata-tech-ransomware-attack/,ransomware attack,Ransomware and Malware,Ransomware,THIRD-PARTY,NA-15328.txt,Keyword matched: ransomware attack
NA-15329,01-04-2026,Soubhik Sarkar,Medianama,medianama.com,01-08-2024,UPI Operations Affected As a Local Bank Tech Service Provider Faces Ransomware Attack,https://www.medianama.com/2024/08/223-npci-blocks-c-edge-ransomware-attack-local-banks-impacted/,ransomware attack,Ransomware and Malware,Ransomware,THIRD-PARTY,NA-15329.txt,Keyword matched: ransomware attack
NA-15330,01-04-2026,Soubhik Sarkar,Medianama,medianama.com,25-06-2024,Group Behind Ransomware Attack on  UK Hospitals Publishes Sensitive Medical Data on Darknet,https://www.medianama.com/2024/06/223-group-ransomware-attack-uk-hospitals-publishes-sensitive-medical-data-darknet/,ransomware attack,Ransomware and Malware,Ransomware,THIRD-PARTY,NA-15330.txt,Keyword matched: ransomware attack
NA-15331,01-04-2026,Soubhik Sarkar,Medianama,medianama.com,13-09-2023,Tamil Nadu police website hacked in ransomware attack,https://www.medianama.com/2023/09/223-tamil-nadu-police-website-hacked/,ransomware attack,Ransomware and Malware,Ransomware,THIRD-PARTY,NA-15331.txt,Keyword matched: ransomware attack
NA-15332,01-04-2026,Soubhik Sarkar,Medianama,medianama.com,30-01-2023,Private Explosives Manufacturer Hired By Defence Ministry Hit By Suspected Ransomware Attack,https://www.medianama.com/2023/01/223-ransomware-attack-explosives-manufacturer-hired-defence-ministry-2/,ransomware attack,Ransomware and Malware,Ransomware,THIRD-PARTY,NA-15332.txt,Keyword matched: ransomware attack
NA-15333,01-04-2026,Soubhik Sarkar,Medianama,medianama.com,09-12-2022,MeitY to hold cybersecurity workshop for officials after ransomware attack on AIIMS-Delhi: Report,https://www.medianama.com/2022/12/223-meity-cybersecurity-workshop-officials-aiiims-ransomware/,ransomware attack,Ransomware and Malware,Ransomware,THIRD-PARTY,NA-15333.txt,Keyword matched: ransomware attack
NA-15334,01-04-2026,Soubhik Sarkar,Medianama,medianama.com,08-12-2022,Latest developments in the ransomware attack on AIIMS-Delhi as it partially resumes server facilities,https://www.medianama.com/2022/12/223-cyberattack-aiims-resumes-server-facilities-partially/,ransomware attack,Ransomware and Malware,Ransomware,THIRD-PARTY,NA-15334.txt,Keyword matched: ransomware attack
NA-15335,01-04-2026,Soubhik Sarkar,Medianama,medianama.com,03-12-2022,“Foreign state actor” may be responsible for the ransomware attack on AIIMS-Delhi: Report,https://www.medianama.com/2022/12/223-foreign-state-actor-responsible-ransomware-attack-aiims-delhi/,ransomware attack,Ransomware and Malware,Ransomware,THIRD-PARTY,NA-15335.txt,Keyword matched: ransomware attack
NA-15336,01-04-2026,Soubhik Sarkar,Medianama,medianama.com,24-11-2022,AIIMS under major ransomware attack; hospital services running on manual mode,https://www.medianama.com/2022/11/223-aiims-ransomware-attack/,ransomware attack,Ransomware and Malware,Ransomware,THIRD-PARTY,NA-15336.txt,Keyword matched: ransomware attack
NA-15337,01-04-2026,Soubhik Sarkar,Medianama,medianama.com,26-05-2022,"SpiceJet faces ransomware attack, flights delayed for hours",https://www.medianama.com/2022/05/223-spicejet-ransomware-attack-flights-delayed/,ransomware attack,Ransomware and Malware,Ransomware,VICTIM,NA-15337.txt,Keyword matched: ransomware attack
NA-15338,01-04-2026,Soubhik Sarkar,Medianama,medianama.com,14-04-2022,Assam CID to investigate into ransomware attack on Oil India Limited in Duliajan,https://www.medianama.com/2022/04/223-ransomware-oil-india-limited/,ransomware attack,Ransomware and Malware,Ransomware,VICTIM,NA-15338.txt,Keyword matched: ransomware attack
NA-15339,01-04-2026,Soubhik Sarkar,Medianama,medianama.com,10-12-2021,"76% of Indian companies were impacted by ransomware attacks last year, survey reveals",https://www.medianama.com/2021/12/223-indian-companies-ransomware-attacks-survey/,ransomware attack,Ransomware and Malware,Ransomware,THIRD-PARTY,NA-15339.txt,Keyword matched: ransomware attack
NA-15340,01-04-2026,Soubhik Sarkar,Medianama,medianama.com,19-08-2021,"Pine Labs becomes latest victim of ransomware attack, 500,000 unique records exposed: Report",https://www.medianama.com/2021/08/223-pine-labs-ransomware-attack-records-exposed/,ransomware attack,Ransomware and Malware,Ransomware,VICTIM,NA-15340.txt,Keyword matched: ransomware attack
NA-15341,01-04-2026,Soubhik Sarkar,Medianama,medianama.com,13-08-2021,"Accenture becomes latest victim of a ransomware attack, but says no disruption to operations",https://www.medianama.com/2021/08/223-accenture-victim-ransomware-attack/,ransomware attack,Ransomware and Malware,Ransomware,VICTIM,NA-15341.txt,Keyword matched: ransomware attack
NA-15342,01-04-2026,Soubhik Sarkar,Medianama,medianama.com,26-10-2020,"News agency PTI hit with ransomware attack, news publishing disrupted for several hours",https://www.medianama.com/2020/10/223-pti-ransomware-attack-2/,ransomware attack,Ransomware and Malware,Ransomware,VICTIM,NA-15342.txt,Keyword matched: ransomware attack
NA-15343,01-04-2026,Soubhik Sarkar,Medianama,medianama.com,22-04-2020,"Cognizant confirms Maze ransomware attack, predicts ‘loss in revenue’",https://www.medianama.com/2020/04/223-cognizant-maze-ransomware-attack/,ransomware attack,Ransomware and Malware,Ransomware,VICTIM,NA-15343.txt,Keyword matched: ransomware attack
NA-15344,01-04-2026,Soubhik Sarkar,Medianama,medianama.com,15-03-2018,"Indian businesses top victims of ransomware attacks, 67% were hit: report",https://www.medianama.com/2018/03/223-indian-businesses-most-attacked-by-ransomware-report/,ransomware attack,Ransomware and Malware,Ransomware,VICTIM,NA-15344.txt,Keyword matched: ransomware attack
NA-15345,01-04-2026,Soubhik Sarkar,Medianama,medianama.com,06-12-2024,"After Cyberattack, FCC Proposes Rules for Communication Carriers to Strengthen Networks Against Unlawful Access",https://www.medianama.com/2024/12/223-us-fcc-proposes-rules-communication-carriers-cyberattacks/,ransomware attack,Ransomware and Malware,Ransomware,THIRD-PARTY,NA-15345.txt,Keyword matched: ransomware attack
NA-15346,01-04-2026,Soubhik Sarkar,Medianama,medianama.com,07-08-2024,"Cybersecurity Digest: WazirX Registers FIR, Almost 600 Cyberattacks in First Half of 2024, Vulnerabilities Found in Apple Products",https://www.medianama.com/2024/08/223-cybersecurity-digest-what-are-the-latest-updates-from-india/,ransomware attack,Ransomware and Malware,Ransomware,VICTIM,NA-15346.txt,Keyword matched: ransomware attack
NA-15347,01-04-2026,Soubhik Sarkar,Medianama,medianama.com,18-09-2023,"International Child Rights Org Save The Children Hit By Ransomware, Around 7TB Data Stolen",https://www.medianama.com/2023/09/223-save-the-children-ransomware-attack-7tb-data-stolen/,ransomware attack,Ransomware and Malware,Ransomware,VICTIM,NA-15347.txt,Keyword matched: ransomware attack
NA-15348,01-04-2026,Soubhik Sarkar,Medianama,medianama.com,07-06-2023,"E-hospital malware attack: IT Minister of State Rajeev Chandrasekhar denies the breach, while AIIMS confirms it",https://www.medianama.com/2023/06/223-e-hospital-malware-attack-it-minister-denies-breach-aiims-confirms/,ransomware attack,Ransomware and Malware,Ransomware,NEAR-MISS,NA-15348.txt,Keyword matched: ransomware attack
NA-15349,01-04-2026,Soubhik Sarkar,Medianama,medianama.com,13-02-2023,What was the extent of damage in a recent cyber attack on India’s top medical institute in Delhi?,https://www.medianama.com/2023/02/223-cyber-attack-aiims-rajya-sabha/,ransomware attack,Ransomware and Malware,Ransomware,NEAR-MISS,NA-15349.txt,Keyword matched: ransomware attack
NA-15350,01-04-2026,Soubhik Sarkar,Medianama,medianama.com,26-10-2022,What India’s cybersecurity watchdog wants you to do if you’re hit by a ransomware,https://www.medianama.com/2022/10/223-cert-in-ransomware-advisory-2/,ransomware attack,Ransomware and Malware,Ransomware,THIRD-PARTY,NA-15350.txt,Keyword matched: ransomware attack
NA-15351,01-04-2026,Soubhik Sarkar,Medianama,medianama.com,25-04-2022,Countries are obliged to prevent cyber attacks on their soil against other countries: India and the UK,https://www.medianama.com/2022/04/223-india-uk-cybersecurity-issues/,ransomware attack,Ransomware and Malware,Ransomware,THIRD-PARTY,NA-15351.txt,Keyword matched: ransomware attack
NA-15352,01-04-2026,Soubhik Sarkar,Medianama,medianama.com,20-01-2022,REvil ransomware gang neutralised by Russia in a first-of-its-kind operation,https://www.medianama.com/2022/01/223-revil-ransomware-gang-russia-neutralised/,ransomware attack,Ransomware and Malware,Ransomware,VICTIM,NA-15352.txt,Keyword matched: ransomware attack
NA-15353,01-04-2026,Soubhik Sarkar,Medianama,medianama.com,18-11-2021,"Iran-backed cyber attackers targeting critical infrastructure of US, Australia: US, UK agencies",https://www.medianama.com/2021/11/223-iran-usa-cyber-attack/,ransomware attack,Ransomware and Malware,Ransomware,VICTIM,NA-15353.txt,Keyword matched: ransomware attack
NA-15354,01-04-2026,Soubhik Sarkar,Medianama,medianama.com,26-10-2021,Ransomware gang goes offline as govt agencies hack its network in a tit-for-tat operation,https://www.medianama.com/2021/10/223-ransomware-group-revil-offline-government-operation/,ransomware attack,Ransomware and Malware,Ransomware,VICTIM,NA-15354.txt,Keyword matched: ransomware attack
NA-15355,01-04-2026,Soubhik Sarkar,Medianama,medianama.com,20-09-2021,"Tamil Nadu government hit by cyber attack for second time this year, raising major questions",https://www.medianama.com/2021/09/223-tamil-nadu-ransomware-attack-2/,ransomware attack,Ransomware and Malware,Ransomware,NEAR-MISS,NA-15355.txt,Keyword matched: ransomware attack
NA-15356,01-04-2026,Soubhik Sarkar,Medianama,medianama.com,07-08-2021,Event Report: COVID-19 and Cyberattacks on Healthcare,https://www.medianama.com/2021/08/223-event-report-covid-cyberattacks-healthcare-3/,ransomware attack,Ransomware and Malware,Ransomware,THIRD-PARTY,NA-15356.txt,Keyword matched: ransomware attack
NA-15357,01-04-2026,Soubhik Sarkar,Medianama,medianama.com,16-03-2021,Pimpri-Chinchwad Smart City’s Tech Mahindra servers infected with ransomware: Report,https://www.medianama.com/2021/03/223-pimpri-chinchwad-tech-mahindra-ransomware-2/,ransomware attack,Ransomware and Malware,Ransomware,THIRD-PARTY,NA-15357.txt,Keyword matched: ransomware attack
NA-15358,01-04-2026,Soubhik Sarkar,Medianama,medianama.com,18-12-2020,Microsoft’s warning after US federal government breach: more nation-backed attacks are coming,https://www.medianama.com/2020/12/223-microsofts-us-breach-state-attacks/,ransomware attack,Ransomware and Malware,Ransomware,VICTIM,NA-15358.txt,Keyword matched: ransomware attack
NA-15359,01-04-2026,Soubhik Sarkar,Medianama,medianama.com,26-02-2020,IIT Madras denies being targeted by ransomware,https://www.medianama.com/2020/02/223-iit-madras-ransomware-attack-denied/,ransomware attack,Ransomware and Malware,Ransomware,NEAR-MISS,NA-15359.txt,Keyword matched: ransomware attack
NA-15360,01-04-2026,Soubhik Sarkar,Medianama,medianama.com,18-04-2019,‘Kerala Cyber Warriors’ attack Jammu university website after alleged violence,https://www.medianama.com/2019/04/223-kerala-hackers-take-down-jammu-universitys-website-after-alleged-attack-on-south-indian-students-2/,ransomware attack,Ransomware and Malware,Ransomware,THIRD-PARTY,NA-15360.txt,Keyword matched: ransomware attack
NA-15361,01-04-2026,Soubhik Sarkar,Medianama,medianama.com,30-05-2017,Railwire users most hit by WannaCry ransomware: security firm,https://www.medianama.com/2017/05/223-railwire-wannacry-ransomware/,ransomware attack,Ransomware and Malware,Ransomware,THIRD-PARTY,NA-15361.txt,Keyword matched: ransomware attack
NA-15362,01-04-2026,Soubhik Sarkar,Medianama,medianama.com,16-05-2017,"WannaCry ransomware: few incidents reported on Monday, as many continue to be vulnerable",https://www.medianama.com/2017/05/223-wannacry-ransomware-incidents-reported-monday-many-continue-vulnerable/,ransomware attack,Ransomware and Malware,Ransomware,THIRD-PARTY,NA-15362.txt,Keyword matched: ransomware attack
NA-15363,01-04-2026,Soubhik Sarkar,Medianama,medianama.com,15-05-2017,WannaCry ransomware rips through computers globally; CERT-in webinar today,https://www.medianama.com/2017/05/223-wannacry-ransomware-india/,ransomware attack,Ransomware and Malware,Ransomware,THIRD-PARTY,NA-15363.txt,Keyword matched: ransomware attack
NA-15364,01-04-2026,Soubhik Sarkar,Medianama,medianama.com,31-01-2023,MediaNama Daily: Will this truth last forever?,https://www.medianama.com/2023/01/223-medianama-daily-india-stack-single-source-truth/,ransomware attack,Ransomware and Malware,Ransomware,THIRD-PARTY,NA-15364.txt,Keyword matched: ransomware attack
NA-15365,01-04-2026,Soubhik Sarkar,Medianama,medianama.com,09-11-2021,A closer look at Biden’s cybersecurity policies since becoming US President in 2021,https://www.medianama.com/2021/11/223-us-cybersecurity-policies-biden-timeline-2/,ransomware attack,Ransomware and Malware,Ransomware,THIRD-PARTY,NA-15365.txt,Keyword matched: ransomware attack
NA-15366,01-04-2026,Soubhik Sarkar,Medianama,medianama.com,23-09-2021,US Govt imposes sanctions on a crypto exchange for the first time. Here’s what you need to know.,https://www.medianama.com/2021/09/223-us-sanctions-crypto-exchange-2/,ransomware attack,Ransomware and Malware,Ransomware,THIRD-PARTY,NA-15366.txt,Keyword matched: ransomware attack
NA-15367,01-04-2026,Soubhik Sarkar,Medianama,medianama.com,14-11-2024,BJP leader Vijay Goel’s official website hacked by online betting brand,https://www.medianama.com/2024/11/223-bjp-leader-vijay-goel-website-hacked-online-betting-brand/,ransomware attack,Ransomware and Malware,Ransomware,VICTIM,NA-15367.txt,Keyword matched: ransomware attack
NA-15368,01-04-2026,Soubhik Sarkar,Medianama,medianama.com,27-12-2023,Special Newsletter: Unanswered Questions—December Edition,https://www.medianama.com/2023/12/223-special-newsletter-unanswered-questions-december-edition/,ransomware attack,Ransomware and Malware,Ransomware,THIRD-PARTY,NA-15368.txt,Keyword matched: ransomware attack
NA-15369,01-04-2026,Soubhik Sarkar,Medianama,medianama.com,22-11-2023,India’s cybersecurity agency handled nearly 14 lakh cyber incidents in 2022,https://www.medianama.com/2023/11/223-cert-in-annual-report-2022-2/,ransomware attack,Ransomware and Malware,Ransomware,THIRD-PARTY,NA-15369.txt,Keyword matched: ransomware attack
NA-15370,01-04-2026,Soubhik Sarkar,Medianama,medianama.com,13-10-2023,Nearly half of India’s top 100 companies don’t undertake regular cybersecurity audits: Report,https://www.medianama.com/2023/10/223-indian-companies-cybersecurity-audit/,ransomware attack,Ransomware and Malware,Ransomware,THIRD-PARTY,NA-15370.txt,Keyword matched: ransomware attack
NA-15371,01-04-2026,Soubhik Sarkar,Medianama,medianama.com,06-04-2023,Operation Cookie Monster: Notorious hacker marketplace Genesis Market taken down,https://www.medianama.com/2023/04/223-operation-cookie-monster-genesis-market/,ransomware attack,Ransomware and Malware,Ransomware,VICTIM,NA-15371.txt,Keyword matched: ransomware attack
NA-15372,01-04-2026,Soubhik Sarkar,Medianama,medianama.com,15-03-2023,4 Tech Policy Issues that the G20’s Finance Ministers and Central Bank Governors Agreed On,https://www.medianama.com/2023/03/223-g20-finance-ministers-central-bank-gov-meeting/,ransomware attack,Ransomware and Malware,Ransomware,THIRD-PARTY,NA-15372.txt,Keyword matched: ransomware attack
NA-15373,01-04-2026,Soubhik Sarkar,Medianama,medianama.com,06-03-2023,"RTI: IT Ministry Repeats Stock Answer On National Cybersecurity Strategy, No Release Timelines Specified",https://www.medianama.com/2023/03/223-rti-it-ministry-national-cybersecurity-strategy/,ransomware attack,Ransomware and Malware,Ransomware,THIRD-PARTY,NA-15373.txt,Keyword matched: ransomware attack
NA-15374,01-04-2026,Soubhik Sarkar,Medianama,medianama.com,06-03-2023,How is the US Preparing to Build A “Safe and Secure Digital Ecosystem for All Americans”?,https://www.medianama.com/2023/03/223-us-national-cybersecurity-strategy-safe-digital-ecosystem/,ransomware attack,Ransomware and Malware,Ransomware,VICTIM,NA-15374.txt,Keyword matched: ransomware attack
NA-15375,01-04-2026,Soubhik Sarkar,Medianama,medianama.com,17-02-2023,MediaNama Daily: Clearing the air on digital lending,https://www.medianama.com/2023/02/223-medianama-daily-clearing-the-air-on-digital-lending/,ransomware attack,Ransomware and Malware,Ransomware,NEAR-MISS,NA-15375.txt,Keyword matched: ransomware attack
NA-15376,01-04-2026,Soubhik Sarkar,Medianama,medianama.com,06-02-2023,"50 Indian government websites hacked in 2022, no update on National Cybersecurity Policy: IT Ministry",https://www.medianama.com/2023/02/223-government-websites-hacked-2022-2/,ransomware attack,Ransomware and Malware,Ransomware,THIRD-PARTY,NA-15376.txt,Keyword matched: ransomware attack
NA-15377,01-04-2026,Soubhik Sarkar,Medianama,medianama.com,03-02-2024,Ideological Agnosticism and Selective Engagement: How India Sees the Global Cybersecurity Norms Debate,https://www.medianama.com/2024/02/223-india-global-cybersecurity-norms-2/,cyber ransom,Ransomware and Malware,Ransomware,THIRD-PARTY,NA-15377.txt,Keyword matched: cyber ransom
NA-15378,01-04-2026,Soubhik Sarkar,Medianama,medianama.com,29-11-2022,"AIIMS denies ₹200 crores ransom demand, servers remain down for 7th day",https://www.medianama.com/2022/11/223-aiims-ransomware-attack-update-200-crore-ransom-demand/,cyber ransom,Ransomware and Malware,Ransomware,THIRD-PARTY,NA-15378.txt,Keyword matched: cyber ransom
NA-15379,01-04-2026,Soubhik Sarkar,Medianama,medianama.com,11-11-2022,Over 50% Indian business executives believe they have fully mitigated cyber risks: PwC survey,https://www.medianama.com/2022/11/223-pwc-survey-cyber-risks-50-percent-indian-business-executives/,cyber ransom,Ransomware and Malware,Ransomware,THIRD-PARTY,NA-15379.txt,Keyword matched: cyber ransom
NA-15380,01-04-2026,Soubhik Sarkar,Medianama,medianama.com,31-03-2022,Google observes new cyber threats emerging from the Russia–Ukraine war,https://www.medianama.com/2022/03/223-russian-hackers-target-nato-european-militaries/,cyber ransom,Ransomware and Malware,Ransomware,THIRD-PARTY,NA-15380.txt,Keyword matched: cyber ransom
NA-15381,01-04-2026,Soubhik Sarkar,Medianama,medianama.com,10-12-2021,More cybersecurity incidents reported till October this year than whole of 2020: MeitY reveals in Rajya Sabha,https://www.medianama.com/2021/12/223-cybersecurity-incidents-2021/,cyber ransom,Ransomware and Malware,Ransomware,THIRD-PARTY,NA-15381.txt,Keyword matched: cyber ransom
NA-15382,01-04-2026,Soubhik Sarkar,Medianama,medianama.com,22-10-2021,"Hacker group infected 13 telecom companies with malware, flags US cybersecurity firm",https://www.medianama.com/2021/10/223-telecommunications-lightbasin-cyberattack-2/,cyber ransom,Ransomware and Malware,Ransomware,THIRD-PARTY,NA-15382.txt,Keyword matched: cyber ransom
NA-15383,01-04-2026,Soubhik Sarkar,Medianama,medianama.com,26-08-2021,Here’s how the US government is working with the private sector to improve the nation’s cybersecurity,https://www.medianama.com/2021/08/223-us-cybersecurity-private-sector-commitments-3/,cyber ransom,Ransomware and Malware,Ransomware,THIRD-PARTY,NA-15383.txt,Keyword matched: cyber ransom
NA-15384,01-04-2026,Soubhik Sarkar,Medianama,medianama.com,13-08-2021,"Ministry reveals Defence Cyber Agency now functional, National Cyber Security Strategy in final stages",https://www.medianama.com/2021/08/223-defence-cyber-agency-functional-parliament/,cyber ransom,Ransomware and Malware,Ransomware,VICTIM,NA-15384.txt,Keyword matched: cyber ransom
NA-15385,01-04-2026,Soubhik Sarkar,Medianama,medianama.com,05-08-2021,"What India should do to improve cybersecurity in Healthcare — Ambassador Latha Reddy, Co-Chair of the Global Commission on the Stability of Cyberspace – #NAMA",https://www.medianama.com/2021/08/223-improve-cybersecurity-healthcare-latha-reddy-2/,cyber ransom,Ransomware and Malware,Ransomware,THIRD-PARTY,NA-15385.txt,Keyword matched: cyber ransom
NA-15386,01-04-2026,Soubhik Sarkar,Medianama,medianama.com,20-07-2021,"Details: US, UK, EU and allies accuse China of carrying out malicious cyber activity",https://www.medianama.com/2021/07/223-us-allies-china-malicious-cyber-activity-2/,cyber ransom,Ransomware and Malware,Ransomware,VICTIM,NA-15386.txt,Keyword matched: cyber ransom
NA-15387,01-04-2026,Soubhik Sarkar,Medianama,medianama.com,15-05-2021,The policy changes the US government has initiated to overhaul its cybersecurity,https://www.medianama.com/2021/05/223-us-executive-order-cybersecurity-policies/,cyber ransom,Ransomware and Malware,Ransomware,THIRD-PARTY,NA-15387.txt,Keyword matched: cyber ransom
NA-15388,01-04-2026,Soubhik Sarkar,Medianama,medianama.com,22-09-2025,Why CCI Must Treat Data Sharing As a Competition Issue in the WhatsApp–Meta case,https://www.medianama.com/2025/09/223-cci-data-sharing-competition-whatsapp-meta-case/,data encryption attack,Ransomware and Malware,Ransomware,THIRD-PARTY,NA-15388.txt,Keyword matched: data encryption attack
NA-15389,01-04-2026,Soubhik Sarkar,Medianama,medianama.com,23-07-2025,"Quantum Computers Could Compromise Encryption, Warns CERT-In",https://www.medianama.com/2025/07/223-quantum-encryption-risk-cret-in-warning/,data encryption attack,Ransomware and Malware,Ransomware,THIRD-PARTY,NA-15389.txt,Keyword matched: data encryption attack
NA-15390,01-04-2026,Soubhik Sarkar,Medianama,medianama.com,11-04-2025,Global Encryption Coalition Asks Sweden to Not Enact the Proposed Data Storage Law,https://www.medianama.com/2025/04/223-sweden-encryption-backdoor-law-global-encryption-coalition-warning/,data encryption attack,Ransomware and Malware,Ransomware,THIRD-PARTY,NA-15390.txt,Keyword matched: data encryption attack
NA-15391,01-04-2026,Soubhik Sarkar,Medianama,medianama.com,22-02-2024,Apple’s iMessage can now resist attacks by quantum computers,https://www.medianama.com/2024/02/223-apple-imessage-attack-quantum-computers-2/,data encryption attack,Ransomware and Malware,Ransomware,THIRD-PARTY,NA-15391.txt,Keyword matched: data encryption attack
NA-15392,01-04-2026,Soubhik Sarkar,Medianama,medianama.com,05-10-2023,Signal’s Meredith Whittaker Discusses Challenges Of Client-Side Scanning And the Battle for Encryption,https://www.medianama.com/2023/10/223-signal-challenges-client-side-scanning-encryption-2/,data encryption attack,Ransomware and Malware,Ransomware,NEAR-MISS,NA-15392.txt,Keyword matched: data encryption attack
NA-15393,01-04-2026,Soubhik Sarkar,Medianama,medianama.com,16-03-2023,Is the Indian Govt Developing Quantum Cyber-Attack Proof Systems?,https://www.medianama.com/2023/03/223-india-govt-quantum-cyber-attack-proof-systems-2/,data encryption attack,Ransomware and Malware,Ransomware,THIRD-PARTY,NA-15393.txt,Keyword matched: data encryption attack
NA-15394,01-04-2026,Soubhik Sarkar,Medianama,medianama.com,09-12-2022,"Apple finally brings end-to-end encryption to iCloud Backups, Photos, and more",https://www.medianama.com/2022/12/223-apple-end-to-end-encryption-icloud-backups-3/,data encryption attack,Ransomware and Malware,Ransomware,THIRD-PARTY,NA-15394.txt,Keyword matched: data encryption attack
NA-15395,01-04-2026,Soubhik Sarkar,Medianama,medianama.com,01-09-2022,MeitY Releases Draft Guidelines on Data Anonymisation for E-Governance for Public Consultation,https://www.medianama.com/2022/09/223-meity-draft-guidelines-data-anonymization-public-consultation/,data encryption attack,Ransomware and Malware,Ransomware,THIRD-PARTY,NA-15395.txt,Keyword matched: data encryption attack
NA-15396,01-04-2026,Soubhik Sarkar,Medianama,medianama.com,21-04-2022,How end-to-end encryption impacts human rights? The good and the bad,https://www.medianama.com/2022/04/223-end-to-end-encryption-human-rights-impact/,data encryption attack,Ransomware and Malware,Ransomware,THIRD-PARTY,NA-15396.txt,Keyword matched: data encryption attack
NA-15397,01-04-2026,Soubhik Sarkar,Medianama,medianama.com,23-08-2021,Lucknow Safe City Project: UP Government wants a data framework to establish ‘relationship between entities’,https://www.medianama.com/2021/08/223-lucknow-safe-city-project-up-government-wants-a-data-framework-to-establish-relationship-between-entities-2/,data encryption attack,Ransomware and Malware,Ransomware,NEAR-MISS,NA-15397.txt,Keyword matched: data encryption attack
NA-15398,01-04-2026,Soubhik Sarkar,Medianama,medianama.com,30-06-2021,India’s Crypto War 2.0 is not about Encryption,https://www.medianama.com/2021/06/223-india-crypto-war-encryption-3/,data encryption attack,Ransomware and Malware,Ransomware,NEAR-MISS,NA-15398.txt,Keyword matched: data encryption attack
NA-15399,01-04-2026,Soubhik Sarkar,Medianama,medianama.com,02-06-2021,All your questions on WhatsApp’s end-to-end encryption answered,https://www.medianama.com/2021/06/223-whatsapp-encryption-faq/,data encryption attack,Ransomware and Malware,Ransomware,NEAR-MISS,NA-15399.txt,Keyword matched: data encryption attack
NA-15400,01-04-2026,Soubhik Sarkar,Medianama,medianama.com,10-09-2020,‘Allow law enforcement agencies to only decrypt device data’: NASSCOM-DSCI report,https://www.medianama.com/2020/09/223-nasscom-dsci-encryption-report/,data encryption attack,Ransomware and Malware,Ransomware,THIRD-PARTY,NA-15400.txt,Keyword matched: data encryption attack
NA-15401,01-04-2026,Soubhik Sarkar,Medianama,medianama.com,07-09-2020,Need to ‘centrally control’ data to prevent algorithmic bias: DoT’s draft AI Stack framework,https://www.medianama.com/2020/09/223-indian-ai-stack-algorithmic-bias/,data encryption attack,Ransomware and Malware,Ransomware,THIRD-PARTY,NA-15401.txt,Keyword matched: data encryption attack
NA-15402,01-04-2026,Soubhik Sarkar,Medianama,medianama.com,11-06-2020,Encryption and issues related to Child Protection online,https://www.medianama.com/2020/06/223-encryption-csam-child-protection-online/,data encryption attack,Ransomware and Malware,Ransomware,THIRD-PARTY,NA-15402.txt,Keyword matched: data encryption attack
NA-15403,01-04-2026,Soubhik Sarkar,Medianama,medianama.com,10-06-2020,Encryption and issues related to Terrorism and Communications,https://www.medianama.com/2020/06/223-encryption-terrorism/,data encryption attack,Ransomware and Malware,Ransomware,NEAR-MISS,NA-15403.txt,Keyword matched: data encryption attack
NA-15404,01-04-2026,Soubhik Sarkar,Medianama,medianama.com,02-06-2020,"Lt Gen. (Dr) Rajesh Pant on India’s National Cyber Security Strategy, Indo-US cooperation, end-to-end encryption and more",https://www.medianama.com/2020/06/223-rajesh-pant-interview-national-cyber-security-coordinator/,data encryption attack,Ransomware and Malware,Ransomware,NEAR-MISS,NA-15404.txt,Keyword matched: data encryption attack
NA-15405,01-04-2026,Soubhik Sarkar,Medianama,medianama.com,11-03-2020,"‘Data localisation won’t help with cyber security,’ say cyber security professionals, researchers",https://www.medianama.com/2020/03/223-data-localisation-no-help-cyber-security-nullcon/,data encryption attack,Ransomware and Malware,Ransomware,THIRD-PARTY,NA-15405.txt,Keyword matched: data encryption attack
NA-15406,01-04-2026,Soubhik Sarkar,Medianama,medianama.com,29-01-2020,"Does the Personal Data Protection Bill, 2019, protect citizens’ privacy from government surveillance?",https://www.medianama.com/2020/01/223-pdp-bill-2019-government-surveillance/,data encryption attack,Ransomware and Malware,Ransomware,THIRD-PARTY,NA-15406.txt,Keyword matched: data encryption attack
NA-15407,01-04-2026,Soubhik Sarkar,Medianama,medianama.com,12-12-2019,"‘We won’t build a backdoor to end-to-end encryption,’ WhatsApp, Facebook to UK, USA, Australia",https://www.medianama.com/2019/12/223-no-backdoor-whatsapp-facebook-to-usa-uk-australia/,data encryption attack,Ransomware and Malware,Ransomware,THIRD-PARTY,NA-15407.txt,Keyword matched: data encryption attack
NA-15408,01-04-2026,Soubhik Sarkar,Medianama,medianama.com,07-10-2019,"‘We support you on end-to-end encryption,’ 58 civil society organisations to Facebook",https://www.medianama.com/2019/10/223-civil-society-supports-facebook-encryption-2/,data encryption attack,Ransomware and Malware,Ransomware,THIRD-PARTY,NA-15408.txt,Keyword matched: data encryption attack
NA-15409,01-04-2026,Soubhik Sarkar,Medianama,medianama.com,04-10-2019,"‘Don’t introduce end-to-end encryption,’ UK, US and Australia ask Facebook in an open letter",https://www.medianama.com/2019/10/223-us-uk-australia-facebook-encryption-2/,data encryption attack,Ransomware and Malware,Ransomware,THIRD-PARTY,NA-15409.txt,Keyword matched: data encryption attack
NA-15410,01-04-2026,Soubhik Sarkar,Medianama,medianama.com,03-07-2019,#PolicyNext: “The state is becoming smarter when attacking rights”; can businesses have rights?,https://www.medianama.com/2019/07/223-policynext-the-state-is-becoming-smarter-when-attacking-rights-can-businesses-have-rights/,data encryption attack,Ransomware and Malware,Ransomware,THIRD-PARTY,NA-15410.txt,Keyword matched: data encryption attack
NA-15411,01-04-2026,Soubhik Sarkar,Medianama,medianama.com,12-03-2019,"On 30 years of the Web, founder Tim Berners-Lee talks about decentralisation, data localisation, Internet Shutdowns, end-to-end encryption, misinformation and more",https://www.medianama.com/2019/03/223-on-30-years-of-the-web-founder-tim-berners-lee-talks-about-decentralisation-data-localisation-internet-shutdowns-end-to-end-encryption-misinformation-and-more-2/,data encryption attack,Ransomware and Malware,Ransomware,NEAR-MISS,NA-15411.txt,Keyword matched: data encryption attack
NA-15412,01-04-2026,Soubhik Sarkar,Medianama,medianama.com,18-10-2017,#NAMAprivacy: Data standards for IoT and home automation systems,https://www.medianama.com/2017/10/223-namaprivacy-data-standards-for-iot/,data encryption attack,Ransomware and Malware,Ransomware,THIRD-PARTY,NA-15412.txt,Keyword matched: data encryption attack
NA-15413,01-04-2026,Soubhik Sarkar,Medianama,medianama.com,23-08-2017,Data protection startup Druva raises $80M led by Riverwood Capital,https://www.medianama.com/2017/08/223-data-protection-startup-druva-raises-80m/,data encryption attack,Ransomware and Malware,Ransomware,THIRD-PARTY,NA-15413.txt,Keyword matched: data encryption attack
NA-15414,01-04-2026,Soubhik Sarkar,Medianama,medianama.com,10-08-2017,Concerns about TRAI Consultation paper on Data Protection,https://www.medianama.com/2017/08/223-concerns-about-trai-consultation-paper-on-data-protection/,data encryption attack,Ransomware and Malware,Ransomware,THIRD-PARTY,NA-15414.txt,Keyword matched: data encryption attack
NA-15415,01-04-2026,Soubhik Sarkar,Medianama,medianama.com,24-07-2017,A few things TRAI should do to improve data protection in telecom,https://www.medianama.com/2017/07/223-trai-data-security-privacy-telecom-2/,data encryption attack,Ransomware and Malware,Ransomware,THIRD-PARTY,NA-15415.txt,Keyword matched: data encryption attack
NA-15416,01-04-2026,Soubhik Sarkar,Medianama,medianama.com,19-05-2017,Zomato says it fixed data breach; loopholes in its encryption methods,https://www.medianama.com/2017/05/223-zomato-says-fixed-data-breach-loopholes-encryption-methods/,data encryption attack,Ransomware and Malware,Ransomware,THIRD-PARTY,NA-15416.txt,Keyword matched: data encryption attack
NA-15417,01-04-2026,Soubhik Sarkar,Medianama,medianama.com,18-05-2017,17 million user records stolen from Zomato database,https://www.medianama.com/2017/05/223-17-million-user-records-stolen-from-zomato-database/,data encryption attack,Ransomware and Malware,Ransomware,THIRD-PARTY,NA-15417.txt,Keyword matched: data encryption attack
NA-15418,01-04-2026,Soubhik Sarkar,Medianama,medianama.com,05-05-2016,Updated: IRCTC website may be hacked and user data could be at risk; officials deny attack,https://www.medianama.com/2016/05/223-irctc-website-may-be-hacked/,data encryption attack,Ransomware and Malware,Ransomware,THIRD-PARTY,NA-15418.txt,Keyword matched: data encryption attack
NA-15419,01-04-2026,Soubhik Sarkar,Medianama,medianama.com,14-12-2015,Twitter warns some users that state-sponsored hackers are trying to steal data,https://www.medianama.com/2015/12/223-twitter-warns-some-users-that-state-sponsored-hackers-are-trying-to-steal-data/,data encryption attack,Ransomware and Malware,Ransomware,THIRD-PARTY,NA-15419.txt,Keyword matched: data encryption attack
NA-15420,01-04-2026,Soubhik Sarkar,Medianama,medianama.com,10-12-2015,France looking to ban Tor as Governments gear up to weaken encryption,https://www.medianama.com/2015/12/223-france-tor-wifi-block/,data encryption attack,Ransomware and Malware,Ransomware,THIRD-PARTY,NA-15420.txt,Keyword matched: data encryption attack
NA-15421,01-04-2026,Soubhik Sarkar,Medianama,medianama.com,21-09-2015,Updated: India’s draft encryption policy puts user privacy in danger,https://www.medianama.com/2015/09/223-india-draft-encryption-policy/,data encryption attack,Ransomware and Malware,Ransomware,THIRD-PARTY,NA-15421.txt,Keyword matched: data encryption attack
NA-15422,01-04-2026,Soubhik Sarkar,Medianama,medianama.com,07-03-2026,Explained: CERT-In’s space cybersecurity framework brings 6-hour reporting and audit mandates for satellite operators,https://www.medianama.com/2026/03/223-space-cybersecurity-framework-audit-mandates-satellite-operators/,data encryption attack,Ransomware and Malware,Ransomware,THIRD-PARTY,NA-15422.txt,Keyword matched: data encryption attack
NA-15423,01-04-2026,Soubhik Sarkar,Medianama,medianama.com,10-02-2026,European Commission Flags Meta’s Blocking Third-Party AI Chatbots on WhatsApp,https://www.medianama.com/2026/02/223-european-commission-meta-third-party-ai-chatbots-whatsapp/,data encryption attack,Ransomware and Malware,Ransomware,NEAR-MISS,NA-15423.txt,Keyword matched: data encryption attack
NA-15424,01-04-2026,Soubhik Sarkar,Medianama,medianama.com,10-02-2026,"Hyderabad Police Chief is right about AI agent risk, not solutions",https://www.medianama.com/2026/02/223-hyderabad-police-chief-ai-agent-risk-not-solutions/,data encryption attack,Ransomware and Malware,Ransomware,NEAR-MISS,NA-15424.txt,Keyword matched: data encryption attack
NA-15425,01-04-2026,Soubhik Sarkar,Medianama,medianama.com,10-12-2025,NATGRID Reboots with New Hirings: How India’s Biggest Surveillance Project Evolved From 26/11 to 2025,https://www.medianama.com/2025/12/223-natgrid-new-hirings-surveillance-evolution-timeline/,data encryption attack,Ransomware and Malware,Ransomware,VICTIM,NA-15425.txt,Keyword matched: data encryption attack
NA-15426,01-04-2026,Soubhik Sarkar,Medianama,medianama.com,30-06-2025,WhatsApp To Offer AI Summaries Of Private Conversations: Are There Risks?,https://www.medianama.com/2025/06/223-whatsapp-rolls-out-ai-message-summaries-in-us-privacy-concerns/,data encryption attack,Ransomware and Malware,Ransomware,THIRD-PARTY,NA-15426.txt,Keyword matched: data encryption attack
NA-15427,01-04-2026,Soubhik Sarkar,Medianama,medianama.com,24-06-2025,US House of Representatives Bans WhatsApp Over Security and Privacy Concerns,https://www.medianama.com/2025/06/223-us-house-bans-whatsapp-privacy-security/,data encryption attack,Ransomware and Malware,Ransomware,THIRD-PARTY,NA-15427.txt,Keyword matched: data encryption attack
NA-15428,01-04-2026,Soubhik Sarkar,Medianama,medianama.com,17-06-2025,Why is content blocking and surveillance a challenge for IXPs? #NAMA,https://www.medianama.com/2025/06/223-content-blocking-surveillance-challenges-ixps-nama/,data encryption attack,Ransomware and Malware,Ransomware,THIRD-PARTY,NA-15428.txt,Keyword matched: data encryption attack
NA-15429,01-04-2026,Soubhik Sarkar,Medianama,medianama.com,23-04-2025,TRAI Pushes for Use-Case-Based Classification of Critical IoT/M2M Services for Each Sector,https://www.medianama.com/2025/04/223-trai-calls-use-case-based-m2m-services/,data encryption attack,Ransomware and Malware,Ransomware,THIRD-PARTY,NA-15429.txt,Keyword matched: data encryption attack
NA-15430,01-04-2026,Soubhik Sarkar,Medianama,medianama.com,18-03-2025,"IT Ministry Seeks Cloud Services with Strict Localisation, Security Measures in AI Compute Tender",https://www.medianama.com/2025/03/223-it-ministry-seeks-cloud-services-with-strict-localisation-security-measures-in-ai-compute-tender/,data encryption attack,Ransomware and Malware,Ransomware,THIRD-PARTY,NA-15430.txt,Keyword matched: data encryption attack
NA-15431,01-04-2026,Soubhik Sarkar,Medianama,medianama.com,18-11-2024,"IT and Telecom Ministries Want to Regulate CCTV Cameras With Separate Rules, Could It Lead To a Turf War?",https://www.medianama.com/2024/11/223-telecom-it-ministry-turf-war-over-cctv-camera-security-requirements/,data encryption attack,Ransomware and Malware,Ransomware,THIRD-PARTY,NA-15431.txt,Keyword matched: data encryption attack
NA-15432,01-04-2026,Soubhik Sarkar,Medianama,medianama.com,03-06-2024,Telecom Equipment Makers Seek Two-Year Extension for Security Testing Deadline,https://www.medianama.com/2024/06/223-telecom-equipment-makers-seek-two-year-extension-for-security-testing-deadline/,data encryption attack,Ransomware and Malware,Ransomware,THIRD-PARTY,NA-15432.txt,Keyword matched: data encryption attack
NA-15433,01-04-2026,Soubhik Sarkar,Medianama,medianama.com,04-01-2018,"Android malware disguises itself as Flash Player, targets banking apps",https://www.medianama.com/2018/01/223-android-malware-targets-232-banking-apps-2/,banking malware,Ransomware and Malware,Banking Malware,THIRD-PARTY,NA-15433.txt,Keyword matched: banking malware
NA-15434,01-04-2026,Soubhik Sarkar,Medianama,medianama.com,11-02-2025,"Google, Apple Take Down 20 Apps from App Stores Following Malware Threat",https://www.medianama.com/2025/02/223-google-apple-take-down-apps-stores-malware/,banking malware,Ransomware and Malware,Banking Malware,VICTIM,NA-15434.txt,Keyword matched: banking malware
NA-15435,01-04-2026,Soubhik Sarkar,Medianama,medianama.com,11-07-2019,Android malware infects 15 million devices in India,https://www.medianama.com/2019/07/223-android-malware-infects-15-million-devices-in-india/,banking malware,Ransomware and Malware,Banking Malware,VICTIM,NA-15435.txt,Keyword matched: banking malware
NA-15436,01-04-2026,Soubhik Sarkar,Medianama,medianama.com,14-08-2018,"Cosmos bank hacked by unidentified malware, money siphoned",https://www.medianama.com/2018/08/223-cosmos-bank-hacked-by-unidentified-malware-money-siphoned/,banking malware,Ransomware and Malware,Banking Malware,THIRD-PARTY,NA-15436.txt,Keyword matched: banking malware
NA-15437,01-04-2026,Soubhik Sarkar,Medianama,medianama.com,01-12-2016,On Indian mobile banking apps and the sensitive user data they collect – Part 2,https://www.medianama.com/2016/12/223-mobile-banking-android-user-data/,banking malware,Ransomware and Malware,Banking Malware,NEAR-MISS,NA-15437.txt,Keyword matched: banking malware
NA-15438,01-04-2026,Soubhik Sarkar,Medianama,medianama.com,31-03-2015,"29 mobile banking apps in India are vulnerable to attacks, says Wegilant report",https://www.medianama.com/2015/03/223-mobile-banking-apps-vulnerable/,banking malware,Ransomware and Malware,Banking Malware,THIRD-PARTY,NA-15438.txt,Keyword matched: banking malware
NA-15439,01-04-2026,Soubhik Sarkar,Medianama,medianama.com,04-03-2015,Indian Overseas Bank mobile app vulnerable to malware attacks: Report,https://www.medianama.com/2015/03/223-indian-overseas-bank-mobile-app-vulnerable-to-malware-attacks-report/,banking malware,Ransomware and Malware,Banking Malware,THIRD-PARTY,NA-15439.txt,Keyword matched: banking malware
NA-15440,01-04-2026,Soubhik Sarkar,Medianama,medianama.com,26-12-2024,Government Launches Apps to Curb Dark Patterns on E-Commerce Platforms Amid Rising Concerns,https://www.medianama.com/2024/12/223-government-launches-apps-curb-dark-patterns-ecommerce-apps/,banking malware,Ransomware and Malware,Banking Malware,THIRD-PARTY,NA-15440.txt,Keyword matched: banking malware
NA-15441,01-04-2026,Soubhik Sarkar,Medianama,medianama.com,13-11-2023,"Summary: RBI notifies new IT governance and cybersecurity guidelines for banks, NBFCs",https://www.medianama.com/2023/11/223-summary-rbi-direction-it-governance-risk-controls/,banking malware,Ransomware and Malware,Banking Malware,THIRD-PARTY,NA-15441.txt,Keyword matched: banking malware
NA-15442,01-04-2026,Soubhik Sarkar,Medianama,medianama.com,26-05-2022,Deep Dive: The legality of India’s new cybersecurity directive,https://www.medianama.com/2022/05/223-legality-cybersecurity-directive-cert-india-3/,banking malware,Ransomware and Malware,Banking Malware,THIRD-PARTY,NA-15442.txt,Keyword matched: banking malware
NA-15443,01-04-2026,Soubhik Sarkar,Medianama,medianama.com,16-03-2022,Exclusive: How and why law enforcement agencies in India are using phone-cracking tools,https://www.medianama.com/2022/03/223-how-indian-law-enforcement-uses-phone-cracking-tools-2/,banking malware,Ransomware and Malware,Banking Malware,VICTIM,NA-15443.txt,Keyword matched: banking malware
NA-15444,01-04-2026,Soubhik Sarkar,Medianama,medianama.com,19-11-2021,Crypto without oversight is a threat to sovereignty: Maharashtra IGP Brijesh Singh,https://www.medianama.com/2021/11/223-cyber-warfare-cryptocurrency-keynote-brijesh-singh-2/,banking malware,Ransomware and Malware,Banking Malware,THIRD-PARTY,NA-15444.txt,Keyword matched: banking malware
NA-15445,01-04-2026,Soubhik Sarkar,Medianama,medianama.com,09-03-2020,"Influences on social media promoting violent extremism among biggest cyber threats, says NTRO Chairperson",https://www.medianama.com/2020/03/223-ntro-jha-sharma-cyber-security-nullcon-2/,banking malware,Ransomware and Malware,Banking Malware,THIRD-PARTY,NA-15445.txt,Keyword matched: banking malware
NA-15446,01-04-2026,Soubhik Sarkar,Medianama,medianama.com,12-03-2019,"NAMA Digest: Developments at Zoho, Netflix, Facebook, OLX and more",https://www.medianama.com/2019/03/223-nama-digest-developments-at-zoho-netflix-facebook-olx-and-more-2/,banking malware,Ransomware and Malware,Banking Malware,THIRD-PARTY,NA-15446.txt,Keyword matched: banking malware
NA-15447,01-04-2026,Soubhik Sarkar,Medianama,medianama.com,24-03-2018,ZDNET reports major security breach of the Aadhaar database,https://www.medianama.com/2018/03/223-zdnet-reports-major-security-breach-of-the-aadhaar-database/,banking malware,Ransomware and Malware,Banking Malware,NEAR-MISS,NA-15447.txt,Keyword matched: banking malware
NA-15448,01-04-2026,Soubhik Sarkar,Medianama,medianama.com,20-09-2017,GoDaddy launches hosting service for small businesses in India,https://www.medianama.com/2017/09/223-godaddy-launches-hosting-service-small-businesses-india/,banking malware,Ransomware and Malware,Banking Malware,THIRD-PARTY,NA-15448.txt,Keyword matched: banking malware
NA-15449,01-04-2026,Soubhik Sarkar,Medianama,medianama.com,10-07-2017,#NAMAcloud: New age Cyber Security threats and defenses,https://www.medianama.com/2017/07/223-namacloud-new-age-cyber-security-threats-2/,banking malware,Ransomware and Malware,Banking Malware,NEAR-MISS,NA-15449.txt,Keyword matched: banking malware
NA-15450,01-04-2026,Soubhik Sarkar,Medianama,medianama.com,15-03-2017,Bitcoins and virtual currencies potential is being overstated: RBI deputy governor,https://www.medianama.com/2017/03/223-blockchain-virtual-currencies-rbi/,banking malware,Ransomware and Malware,Banking Malware,THIRD-PARTY,NA-15450.txt,Keyword matched: banking malware
NA-15451,01-04-2026,Soubhik Sarkar,Medianama,medianama.com,13-12-2016,SWIFT warns banks of more digital heists,https://www.medianama.com/2016/12/223-swift-warns-banks-digital-heist/,banking malware,Ransomware and Malware,Banking Malware,THIRD-PARTY,NA-15451.txt,Keyword matched: banking malware
NA-15452,01-04-2026,Soubhik Sarkar,Medianama,medianama.com,05-12-2016,On UPI apps and the sensitive user data they collect – Part 3,https://www.medianama.com/2016/12/223-upi-apps-android-user-data/,banking malware,Ransomware and Malware,Banking Malware,THIRD-PARTY,NA-15452.txt,Keyword matched: banking malware
NA-15453,01-04-2026,Soubhik Sarkar,Medianama,medianama.com,21-10-2016,More than 3.2M debit cards may be compromised in ATM security breach,https://www.medianama.com/2016/10/223-3-2m-debit-cards-may-compromised-atm-security-breach/,banking malware,Ransomware and Malware,Banking Malware,THIRD-PARTY,NA-15453.txt,Keyword matched: banking malware
NA-15454,01-04-2026,Soubhik Sarkar,Medianama,medianama.com,19-10-2016,Updated: Axis Bank and SBI confirm security breaches: reports,https://www.medianama.com/2016/10/223-axis-bank-and-sbi-hacks-security/,banking malware,Ransomware and Malware,Banking Malware,THIRD-PARTY,NA-15454.txt,Keyword matched: banking malware
NA-15455,01-04-2026,Soubhik Sarkar,Medianama,medianama.com,30-03-2015,“IMPS transactions doubling almost every six-eight months” – HDFC Bank’s Nitin Chugh,https://www.medianama.com/2015/03/223-part-1-hdfc-banks-nitin-chugh-on-wallets-mobile-banking-and-imps-as-a-platform/,banking malware,Ransomware and Malware,Banking Malware,NEAR-MISS,NA-15455.txt,Keyword matched: banking malware
NA-15456,01-04-2026,Soubhik Sarkar,Medianama,medianama.com,21-12-2012,"Thank You Sponsors: Akamai, ComScore, Crazeal, E2E, Flipkart, Goibibo, Hazel Media, Imsy, Indiatimes, MouthShut.com, Nazara, One97, Ooyala, Onmobile, Octane, Quikr, Qualcomm, Quikr, Saavn, Spice Digital, Vistaas,  Zaakpay",https://www.medianama.com/2012/12/223-thank-you-sponsors-akamai-comscore-crazeal-e2e-flipkart-goibibo-hazel-media-imsy-indiatimes-mouthshut-com-nazara-one97-ooyala-onmobile-octane-quikr/,banking malware,Ransomware and Malware,Banking Malware,THIRD-PARTY,NA-15456.txt,Keyword matched: banking malware
NA-15457,01-04-2026,Soubhik Sarkar,Medianama,medianama.com,16-11-2023,"MoS IT Rajeev Chandrasekhar calls out Google Bard for bias, says users can file complaint against it",https://www.medianama.com/2023/11/223-india-it-minister-google-bard-bias-2/,screen sharing scam,Ransomware and Malware,Banking Malware,THIRD-PARTY,NA-15457.txt,Keyword matched: screen sharing scam
NA-15458,01-04-2026,Soubhik Sarkar,Medianama,medianama.com,28-03-2023,"MediaNama Daily : Money for Drones, Info Unknown",https://www.medianama.com/2023/03/223-medianama-daily-money-for-drones-info-unknowns/,screen sharing scam,Ransomware and Malware,Banking Malware,THIRD-PARTY,NA-15458.txt,Keyword matched: screen sharing scam
NA-15459,01-04-2026,Soubhik Sarkar,Medianama,medianama.com,16-06-2022,The Lesser Known World of Harmful Content on YouTube,https://www.medianama.com/2022/06/223-youtube-harmful-content-research-paper-2/,screen sharing scam,Ransomware and Malware,Banking Malware,THIRD-PARTY,NA-15459.txt,Keyword matched: screen sharing scam
NA-15460,01-04-2026,Soubhik Sarkar,Medianama,medianama.com,06-07-2020,Aarogya Setu’s new feature — more information about Bluetooth contacts; few unanswered questions,https://www.medianama.com/2020/07/223-aarogya-setu-bluetooth-contacts-2/,screen sharing scam,Ransomware and Malware,Banking Malware,THIRD-PARTY,NA-15460.txt,Keyword matched: screen sharing scam
NA-15461,01-04-2026,Soubhik Sarkar,Medianama,medianama.com,10-01-2024,McAfee reveals its deepfake audio detection technology “Project Mockingbird”,https://www.medianama.com/2024/01/223-mcafee-project-mockingbird-deepfake-audio-detection/,deepfake scam,Emerging and Miscellaneous Fraud Types,Deepfake Fraud,THIRD-PARTY,NA-15461.txt,Keyword matched: deepfake scam
NA-15462,01-04-2026,Soubhik Sarkar,Medianama,medianama.com,26-02-2026,Decoding Meta’s Teen Engagement Strategy Through Internal Documents Revealed In Landmark US Trial,https://www.medianama.com/2026/02/223-decoding-meta-teen-engagement-strategy-internal-documents-us-trial/,deepfake scam,Emerging and Miscellaneous Fraud Types,Deepfake Fraud,THIRD-PARTY,NA-15462.txt,Keyword matched: deepfake scam
NA-15463,01-04-2026,Soubhik Sarkar,Medianama,medianama.com,20-06-2025,YouTube Introduces AI Video Creation for Shorts: What It Means for Creators & Copyright?,https://www.medianama.com/2025/06/223-youtube-ai-video-creation-tool-shorts/,deepfake scam,Emerging and Miscellaneous Fraud Types,Deepfake Fraud,THIRD-PARTY,NA-15463.txt,Keyword matched: deepfake scam
NA-15464,01-04-2026,Soubhik Sarkar,Medianama,medianama.com,21-05-2024,YouTube Reinstates Blocked and Demonetised Channels,https://www.medianama.com/2024/05/223-youtube-reinstates-blocked-demonetised-channels/,deepfake scam,Emerging and Miscellaneous Fraud Types,Deepfake Fraud,THIRD-PARTY,NA-15464.txt,Keyword matched: deepfake scam
NA-15465,01-04-2026,Soubhik Sarkar,Medianama,medianama.com,01-04-2024,"OpenAI Unveils Its Voice Cloning Model ‘Voice Engine’, But Not for Public Use Yet",https://www.medianama.com/2024/04/223-openai-voice-cloning-model-voice-engine/,deepfake scam,Emerging and Miscellaneous Fraud Types,Deepfake Fraud,VICTIM,NA-15465.txt,Keyword matched: deepfake scam
NA-15466,01-04-2026,Soubhik Sarkar,Medianama,medianama.com,22-01-2024,How deep fakes could lead to greater misinformation in the upcoming elections #NAMA,https://www.medianama.com/2024/01/223-deepfakes-misinformation-elections/,deepfake scam,Emerging and Miscellaneous Fraud Types,Deepfake Fraud,THIRD-PARTY,NA-15466.txt,Keyword matched: deepfake scam
NA-15467,01-04-2026,Soubhik Sarkar,Medianama,medianama.com,15-03-2023,MediaNama Daily: (B)locked and loaded…. to backfire?,https://www.medianama.com/2023/03/223-medianama-daily-blocked-and-loaded-to-backfire-2/,deepfake scam,Emerging and Miscellaneous Fraud Types,Deepfake Fraud,THIRD-PARTY,NA-15467.txt,Keyword matched: deepfake scam
NA-15468,01-04-2026,Soubhik Sarkar,Medianama,medianama.com,13-11-2025,"Event Report: Regulating For Deepfakes in India, November 5, Delhi",https://www.medianama.com/2025/11/223-event-report-regulating-deepfakes-in-india/,deepfake fraud,Emerging and Miscellaneous Fraud Types,Deepfake Fraud,NEAR-MISS,NA-15468.txt,Keyword matched: deepfake fraud
NA-15469,01-04-2026,Soubhik Sarkar,Medianama,medianama.com,07-05-2024,Election Commission of India shares social media guidelines directing parties to take down deepfakes within 3 hours,https://www.medianama.com/2024/05/223-election-commission-social-media-guidelines-take-down-deepfakes-within-3-hours/,deepfake fraud,Emerging and Miscellaneous Fraud Types,Deepfake Fraud,THIRD-PARTY,NA-15469.txt,Keyword matched: deepfake fraud
NA-15470,01-04-2026,Soubhik Sarkar,Medianama,medianama.com,20-02-2024,"Here’s a Look at US Govt’s New Legislations to Tackle Deepfakes, AI-Generated Explicit Content",https://www.medianama.com/2024/02/223-us-govt-deepfake-legislation/,deepfake fraud,Emerging and Miscellaneous Fraud Types,Deepfake Fraud,VICTIM,NA-15470.txt,Keyword matched: deepfake fraud
NA-15471,01-04-2026,Soubhik Sarkar,Medianama,medianama.com,27-03-2026,"RTI Filed: Platforms missed SIM binding deadline, what is the action taken by DoT?",https://www.medianama.com/2026/03/223-rti-filed-platforms-missed-sim-binding-deadline-action-taken-dot/,deepfake fraud,Emerging and Miscellaneous Fraud Types,Deepfake Fraud,THIRD-PARTY,NA-15471.txt,Keyword matched: deepfake fraud
NA-15472,01-04-2026,Soubhik Sarkar,Medianama,medianama.com,11-11-2025,What responsibilities do social media platforms have under the draft synthetic information rules? #NAMA,https://www.medianama.com/2025/11/223-resposibilities-social-media-platforms-draft-synthetic-information-rules-nama/,deepfake fraud,Emerging and Miscellaneous Fraud Types,Deepfake Fraud,THIRD-PARTY,NA-15472.txt,Keyword matched: deepfake fraud
NA-15473,01-04-2026,Soubhik Sarkar,Medianama,medianama.com,22-10-2025,The gaps in YouTube’s likeness detection,https://www.medianama.com/2025/10/223-gaps-youtube-likeness-detection-tool-privacy-concerns/,deepfake fraud,Emerging and Miscellaneous Fraud Types,Deepfake Fraud,THIRD-PARTY,NA-15473.txt,Keyword matched: deepfake fraud
NA-15474,01-04-2026,Soubhik Sarkar,Medianama,medianama.com,17-10-2025,OpenAI Pauses Video Generations Depicting Martin Luther King Jr’s Likeness On Sora: What It Means,https://www.medianama.com/2025/10/223-openai-video-generations-martin-luther-king-jrs-likeness-sora/,deepfake fraud,Emerging and Miscellaneous Fraud Types,Deepfake Fraud,NEAR-MISS,NA-15474.txt,Keyword matched: deepfake fraud
NA-15475,01-04-2026,Soubhik Sarkar,Medianama,medianama.com,17-09-2025,"NITI Aayog Bets on AI for 8% Growth, Without a National Strategy in Place",https://www.medianama.com/2025/09/223-niti-aayog-ai-report-600b-gdp-boost/,deepfake fraud,Emerging and Miscellaneous Fraud Types,Deepfake Fraud,THIRD-PARTY,NA-15475.txt,Keyword matched: deepfake fraud
NA-15476,01-04-2026,Soubhik Sarkar,Medianama,medianama.com,04-07-2025,CSOH Report: How X’s Community Notes Tool Fails Non-English Users in South Asia,https://www.medianama.com/2025/07/223-x-community-notes-fail-south-asian-users/,deepfake fraud,Emerging and Miscellaneous Fraud Types,Deepfake Fraud,THIRD-PARTY,NA-15476.txt,Keyword matched: deepfake fraud
NA-15477,01-04-2026,Soubhik Sarkar,Medianama,medianama.com,28-04-2025,India Blocks 16 Pakistani YouTube Channels After Pahalgam Terrorist Attack,https://www.medianama.com/2025/04/223-india-16-pakistani-youtube-channels-pahalgam-terrorist-attack/,deepfake fraud,Emerging and Miscellaneous Fraud Types,Deepfake Fraud,THIRD-PARTY,NA-15477.txt,Keyword matched: deepfake fraud
NA-15478,01-04-2026,Soubhik Sarkar,Medianama,medianama.com,23-12-2024,Delhi HC Protects Rajat Sharma’s Personality Rights Against AI Misuse in Ads,https://www.medianama.com/2024/12/223-delhi-hc-protects-rajat-sharmas-personality-rights-against-ai-misuse-ads/,deepfake fraud,Emerging and Miscellaneous Fraud Types,Deepfake Fraud,THIRD-PARTY,NA-15478.txt,Keyword matched: deepfake fraud
NA-15479,01-04-2026,Soubhik Sarkar,Medianama,medianama.com,12-12-2024,"In a Week, Govt Shifts Stance on AI Regulation: From Self-Regulation to Considering Legal Framework",https://www.medianama.com/2024/12/223-govt-shifts-stance-ai-regulation-self-regulation-to-legal-framework/,deepfake fraud,Emerging and Miscellaneous Fraud Types,Deepfake Fraud,THIRD-PARTY,NA-15479.txt,Keyword matched: deepfake fraud
NA-15480,01-04-2026,Soubhik Sarkar,Medianama,medianama.com,13-11-2024,YouTube is Allowing Creators to Restyle Licensed Songs for Shorts Using AI,https://www.medianama.com/2024/11/223-youtube-allows-creators-restyle-licensed-songs-ai-shorts/,deepfake fraud,Emerging and Miscellaneous Fraud Types,Deepfake Fraud,THIRD-PARTY,NA-15480.txt,Keyword matched: deepfake fraud
NA-15481,01-04-2026,Soubhik Sarkar,Medianama,medianama.com,28-10-2024,"Google Open sources SynthID, Available Freely for Developers and Businesses",https://www.medianama.com/2024/10/223-google-open-sources-synthid-free-developers-businesses/,deepfake fraud,Emerging and Miscellaneous Fraud Types,Deepfake Fraud,THIRD-PARTY,NA-15481.txt,Keyword matched: deepfake fraud
NA-15482,01-04-2026,Soubhik Sarkar,Medianama,medianama.com,07-10-2024,"Heavy regulation on AI like in the US, Europe not the way to go for India: IT Minister Ashwini Vaishnaw",https://www.medianama.com/2024/10/223-ai-regulation-data-privacy-law-approach-it-minister-ashwini-vaishnaw/,deepfake fraud,Emerging and Miscellaneous Fraud Types,Deepfake Fraud,THIRD-PARTY,NA-15482.txt,Keyword matched: deepfake fraud
NA-15483,01-04-2026,Soubhik Sarkar,Medianama,medianama.com,01-08-2024,"Telcos received 1.22 million spam complaints in 2023, MoS Communications says",https://www.medianama.com/2024/08/223-telcos-received-1-22-million-spam-complaints-in-2023-mos-communication-says/,AI voice scam,Emerging and Miscellaneous Fraud Types,Deepfake Fraud,THIRD-PARTY,NA-15483.txt,Keyword matched: AI voice scam
NA-15484,01-04-2026,Soubhik Sarkar,Medianama,medianama.com,27-05-2024,DD Kisan Launches Two AI Anchors,https://www.medianama.com/2024/05/223-dd-kisan-launches-two-ai-anchors/,AI voice scam,Emerging and Miscellaneous Fraud Types,Deepfake Fraud,THIRD-PARTY,NA-15484.txt,Keyword matched: AI voice scam
NA-15485,01-04-2026,Soubhik Sarkar,Medianama,medianama.com,25-11-2022,Why did the Delhi High Court restrict use of Amitabh Bachchan’s image and voice?,https://www.medianama.com/2022/11/223-why-did-the-delhi-high-court-restrict-use-of-amitabh-bachchans-image-and-voice/,AI voice scam,Emerging and Miscellaneous Fraud Types,Deepfake Fraud,THIRD-PARTY,NA-15485.txt,Keyword matched: AI voice scam
NA-15486,01-04-2026,Soubhik Sarkar,Medianama,medianama.com,04-03-2015,"“Our aim is to be “Sabse Sasta” on data” – Telenor’s Sigve Brekke on data plans, net neutrality & auctions",https://www.medianama.com/2015/03/223-our-aim-is-to-be-sabse-sasta-on-data-telenors-sigve-brekke-on-data-plans-net-neutrality-auctions-4/,AI voice scam,Emerging and Miscellaneous Fraud Types,Deepfake Fraud,NEAR-MISS,NA-15486.txt,Keyword matched: AI voice scam
NA-15487,01-04-2026,Soubhik Sarkar,Medianama,medianama.com,27-01-2014,Aaj Tak Ordered By NBSA To Apologise On Air To IRCTC,https://www.medianama.com/2014/01/223-aaj-tak-ordered-by-nbsa-to-apologise-on-air-to-irctc/,AI voice scam,Emerging and Miscellaneous Fraud Types,Deepfake Fraud,NEAR-MISS,NA-15487.txt,Keyword matched: AI voice scam
NA-15488,01-04-2026,Soubhik Sarkar,Medianama,medianama.com,05-02-2013,Airtel Launches Voice Based Portal Apna Chaupal For VAS,https://www.medianama.com/2013/02/223-airtel-apna-chaupal-vas/,AI voice scam,Emerging and Miscellaneous Fraud Types,Deepfake Fraud,THIRD-PARTY,NA-15488.txt,Keyword matched: AI voice scam
NA-15489,01-04-2026,Soubhik Sarkar,Medianama,medianama.com,19-11-2012,MTS India Data Card Base At 1.83M; Non-Voice Revenue Flat In Q3 2012,https://www.medianama.com/2012/11/223-mts-india-data-card-base-at-1-83m-non-voice-revenue-flat-in-q3-2012/,AI voice scam,Emerging and Miscellaneous Fraud Types,Deepfake Fraud,THIRD-PARTY,NA-15489.txt,Keyword matched: AI voice scam
NA-15490,01-04-2026,Soubhik Sarkar,Medianama,medianama.com,12-04-2012,MTS India Data Card Base At 1.34M; Non-Voice Revenues Up 22% QoQ In Q4-2011,https://www.medianama.com/2012/04/223-mts-india-data-card-base-at-1-34m-non-voice-revenues-up-22-qoq-in-q4-2011/,AI voice scam,Emerging and Miscellaneous Fraud Types,Deepfake Fraud,THIRD-PARTY,NA-15490.txt,Keyword matched: AI voice scam
NA-15491,01-04-2026,Soubhik Sarkar,Medianama,medianama.com,12-09-2011,"News Digest: NCPR, SSTL, JPC, Airtel, Hexacom, CBI & More",https://www.medianama.com/2011/09/223-news-digest-ncpr-sstl-jpc-airtel-hexacom-cbi-more/,AI voice scam,Emerging and Miscellaneous Fraud Types,Deepfake Fraud,THIRD-PARTY,NA-15491.txt,Keyword matched: AI voice scam
NA-15492,01-04-2026,Soubhik Sarkar,Medianama,medianama.com,11-03-2026,Meta to Charge Advertisers ‘Location Fees’ to Offset Digital Service Taxes,https://www.medianama.com/2026/03/223-meta-advertisers-location-fees-digital-service-taxes/,AI voice scam,Emerging and Miscellaneous Fraud Types,Deepfake Fraud,THIRD-PARTY,NA-15492.txt,Keyword matched: AI voice scam
NA-15493,01-04-2026,Soubhik Sarkar,Medianama,medianama.com,20-01-2020,#NAMA: Considering intellectual property rights over non-personal data,https://www.medianama.com/2020/01/223-intellectual-property-rights-non-personal-data/,electricity bill scam,Emerging and Miscellaneous Fraud Types,Utility Scam,NEAR-MISS,NA-15493.txt,Keyword matched: electricity bill scam
NA-15494,01-04-2026,Soubhik Sarkar,Medianama,medianama.com,21-02-2025,RBI Deputy Governor Pushes for Stronger AI Governance in Financial Institutions,https://www.medianama.com/2025/02/223-rbi-deputy-governor-pushes-for-stronger-ai-governance-in-financial-institutions/,utility fraud,Emerging and Miscellaneous Fraud Types,Utility Scam,THIRD-PARTY,NA-15494.txt,Keyword matched: utility fraud
NA-15495,01-04-2026,Soubhik Sarkar,Medianama,medianama.com,02-06-2023,"RBI to introduce a new lightweight payment system, calls it “a bunker equivalent in payment systems”",https://www.medianama.com/2023/06/223-rbi-lightweight-payment-settlement-system-2/,utility fraud,Emerging and Miscellaneous Fraud Types,Utility Scam,THIRD-PARTY,NA-15495.txt,Keyword matched: utility fraud
NA-15496,01-04-2026,Soubhik Sarkar,Medianama,medianama.com,07-09-2022,California rolls out ‘Licence Raj’ to regulate digital assets in the State with new bill,https://www.medianama.com/2022/09/223-california-licence-raj-digital-assets-new-bill/,utility fraud,Emerging and Miscellaneous Fraud Types,Utility Scam,THIRD-PARTY,NA-15496.txt,Keyword matched: utility fraud
NA-15497,01-04-2026,Soubhik Sarkar,Medianama,medianama.com,06-07-2021,"Proposed Amendments to the E-Commerce Rules – the Good, the Bad, and the Ugly",https://www.medianama.com/2021/07/223-e-commerce-rules-good-bad-ugly/,utility fraud,Emerging and Miscellaneous Fraud Types,Utility Scam,VICTIM,NA-15497.txt,Keyword matched: utility fraud
NA-15498,01-04-2026,Soubhik Sarkar,Medianama,medianama.com,04-12-2020,"RBI enhances contactless card limit to ₹5,000 from ₹2,000",https://www.medianama.com/2020/12/223-rbi-enhances-contactless-card-limit/,utility fraud,Emerging and Miscellaneous Fraud Types,Utility Scam,THIRD-PARTY,NA-15498.txt,Keyword matched: utility fraud
NA-15499,01-04-2026,Soubhik Sarkar,Medianama,medianama.com,31-01-2018,"Google Play removed 700,000 bad apps in 2017, 70% more than in 2016",https://www.medianama.com/2018/01/223-google-play-removed-700000-bad-apps/,utility fraud,Emerging and Miscellaneous Fraud Types,Utility Scam,THIRD-PARTY,NA-15499.txt,Keyword matched: utility fraud
NA-15500,01-04-2026,Soubhik Sarkar,Medianama,medianama.com,07-09-2017,CreditVidya secures $5M funding from Matrix Partners India,https://www.medianama.com/2017/09/223-creditvidya-secures-5m-funding-from-matrix/,utility fraud,Emerging and Miscellaneous Fraud Types,Utility Scam,THIRD-PARTY,NA-15500.txt,Keyword matched: utility fraud
NA-15501,01-04-2026,Soubhik Sarkar,Medianama,medianama.com,23-03-2017,Why UIDAI and Aadhaar will not be fixing basic issues in the system,https://www.medianama.com/2017/03/223-aadhaar-basic-issues/,utility fraud,Emerging and Miscellaneous Fraud Types,Utility Scam,NEAR-MISS,NA-15501.txt,Keyword matched: utility fraud
NA-15502,01-04-2026,Soubhik Sarkar,Medianama,medianama.com,25-01-2017,Will India finally move forward with carrier billing?,https://www.medianama.com/2017/01/223-will-india-finally-move-forward-with-carrier-billing-2/,utility fraud,Emerging and Miscellaneous Fraud Types,Utility Scam,THIRD-PARTY,NA-15502.txt,Keyword matched: utility fraud
NA-15503,01-04-2026,Soubhik Sarkar,Medianama,medianama.com,09-12-2016,Cash needs to lose this battle,https://www.medianama.com/2016/12/223-cash-needs-to-lose-this-battle/,utility fraud,Emerging and Miscellaneous Fraud Types,Utility Scam,NEAR-MISS,NA-15503.txt,Keyword matched: utility fraud
NA-15504,01-04-2026,Soubhik Sarkar,Medianama,medianama.com,13-08-2015,Altruist to buy Acotel Group’s Info2cell for $5.5M,https://www.medianama.com/2015/08/223-altruist-acquires-info2cell/,utility fraud,Emerging and Miscellaneous Fraud Types,Utility Scam,THIRD-PARTY,NA-15504.txt,Keyword matched: utility fraud
NA-15505,01-04-2026,Soubhik Sarkar,Medianama,medianama.com,05-05-2015,What MPs said on Net Neutrality in the Rajya Sabha today,https://www.medianama.com/2015/05/223-what-mps-said-on-net-neutrality-in-the-rajya-sabha-today/,utility fraud,Emerging and Miscellaneous Fraud Types,Utility Scam,NEAR-MISS,NA-15505.txt,Keyword matched: utility fraud
NA-15506,01-04-2026,Soubhik Sarkar,Medianama,medianama.com,23-01-2015,Big data firm Antuit secures $56M from Goldman Sachs and Zodius Capital,https://www.medianama.com/2015/01/223-antuit-goldman-sachs/,utility fraud,Emerging and Miscellaneous Fraud Types,Utility Scam,THIRD-PARTY,NA-15506.txt,Keyword matched: utility fraud
NA-15507,01-04-2026,Soubhik Sarkar,Medianama,medianama.com,11-12-2014,Big data firm Qubole raises $13M funding led by Norwest Venture Partners,https://www.medianama.com/2014/12/223-big-data-firm-qubole-raises-13m-funding-led-by-norwest-venture-partners/,utility fraud,Emerging and Miscellaneous Fraud Types,Utility Scam,THIRD-PARTY,NA-15507.txt,Keyword matched: utility fraud
NA-15508,01-04-2026,Soubhik Sarkar,Medianama,medianama.com,26-09-2014,Altruist acquires Big Data analytics solutions provider iConnectiva,https://www.medianama.com/2014/09/223-altruist-acquires-big-data-analytics-solutions-provider-iconnectiva/,utility fraud,Emerging and Miscellaneous Fraud Types,Utility Scam,THIRD-PARTY,NA-15508.txt,Keyword matched: utility fraud
NA-15509,01-04-2026,Soubhik Sarkar,Medianama,medianama.com,29-11-2012,Why Parliament Passed The IT Act Without Debate – Ajit Balakrishnan,https://www.medianama.com/2012/11/223-why-parliament-passed-the-it-act-without-debate-ajit-balakrishnan/,utility fraud,Emerging and Miscellaneous Fraud Types,Utility Scam,THIRD-PARTY,NA-15509.txt,Keyword matched: utility fraud
NA-15510,01-04-2026,Soubhik Sarkar,Medianama,medianama.com,14-09-2011,"News Digest: Tower Vision, Unitech, DoT, Nokia, Fly Mobile, Yebhi & More",https://www.medianama.com/2011/09/223-news-digest-tower-vision-unitech-dot-nokia-fly-mobile-yebhi-more-2/,disconnection scam,Emerging and Miscellaneous Fraud Types,Utility Scam,THIRD-PARTY,NA-15510.txt,Keyword matched: disconnection scam
NA-15511,01-04-2026,Soubhik Sarkar,Medianama,medianama.com,25-02-2025,Does Intent Matter in Law? Delhi HC Examines Journalist’s Aadhaar Sting Case,https://www.medianama.com/2025/02/223-does-intent-matter-in-law-delhi-hc-examines-journalists-aadhaar-sting-case/,Aadhaar fraud,Emerging and Miscellaneous Fraud Types,Aadhaar Fraud,NEAR-MISS,NA-15511.txt,Keyword matched: Aadhaar fraud
NA-15512,01-04-2026,Soubhik Sarkar,Medianama,medianama.com,01-08-2023,Govt’s Denial of Aadhaar Data Cloning Contradicts Police Investigations in Multiple States,https://www.medianama.com/2023/08/223-govts-denial-aadhaar-data-cloning-contradicts-police-investigation/,Aadhaar fraud,Emerging and Miscellaneous Fraud Types,Aadhaar Fraud,THIRD-PARTY,NA-15512.txt,Keyword matched: Aadhaar fraud
NA-15513,01-04-2026,Soubhik Sarkar,Medianama,medianama.com,09-05-2023,India’s Unique ID Authority expands the scope of sharing Aadhaar data by entities via proposed amendments,https://www.medianama.com/2023/05/223-uidai-aadhaar-data-entities-proposed-amendments-2/,Aadhaar fraud,Emerging and Miscellaneous Fraud Types,Aadhaar Fraud,THIRD-PARTY,NA-15513.txt,Keyword matched: Aadhaar fraud
NA-15514,01-04-2026,Soubhik Sarkar,Medianama,medianama.com,08-05-2023,"Finance Ministry allows 22 private entities to use Aadhaar for verification, is it legal though?",https://www.medianama.com/2023/05/223-finance-ministry-allows-22-private-entities-to-use-aadhaar-verification/,Aadhaar fraud,Emerging and Miscellaneous Fraud Types,Aadhaar Fraud,NEAR-MISS,NA-15514.txt,Keyword matched: Aadhaar fraud
NA-15515,01-04-2026,Soubhik Sarkar,Medianama,medianama.com,04-05-2022,"TLDR: MeitY, ABDM, Aadhaar, RS Sharma, Twitter, Elon Musk, Meta, Google, AI model",https://www.medianama.com/2022/05/223-meity-abdm-aadhaar-rs-sharma-twitter-elon-musk-tldr/,Aadhaar fraud,Emerging and Miscellaneous Fraud Types,Aadhaar Fraud,THIRD-PARTY,NA-15515.txt,Keyword matched: Aadhaar fraud
NA-15516,01-04-2026,Soubhik Sarkar,Medianama,medianama.com,11-04-2022,Summary: What the CAG report says about UIDAI’s functioning and security of Aadhaar vaults,https://www.medianama.com/2022/04/223-summary-aadhaar-uidai-cag-audit-report-2022/,Aadhaar fraud,Emerging and Miscellaneous Fraud Types,Aadhaar Fraud,THIRD-PARTY,NA-15516.txt,Keyword matched: Aadhaar fraud
NA-15517,01-04-2026,Soubhik Sarkar,Medianama,medianama.com,08-11-2021,Government backs proposal to allow new voter registrations using Aadhaar: Report,https://www.medianama.com/2021/11/223-aadhaar-voter-id-link-law-ministry-letter/,Aadhaar fraud,Emerging and Miscellaneous Fraud Types,Aadhaar Fraud,THIRD-PARTY,NA-15517.txt,Keyword matched: Aadhaar fraud
NA-15518,01-04-2026,Soubhik Sarkar,Medianama,medianama.com,01-02-2021,"Use Aadhaar to identify, track COVID vaccine beneficiaries: Health Ministry to states, UTs",https://www.medianama.com/2021/02/223-use-aadhaar-to-identify-track-covid19-vaccine-beneficiaires/,Aadhaar fraud,Emerging and Miscellaneous Fraud Types,Aadhaar Fraud,THIRD-PARTY,NA-15518.txt,Keyword matched: Aadhaar fraud
NA-15519,01-04-2026,Soubhik Sarkar,Medianama,medianama.com,19-02-2020,"UIDAI clarifies position on notices sent to ‘illegal immigrants’, says Aadhaar has nothing to do with citizenship",https://www.medianama.com/2020/02/223-uidai-clarifies-position-on-notices-sent-to-illegal-immigrants-says-aadhaar-has-nothing-to-do-with-citizenship/,Aadhaar scam,Emerging and Miscellaneous Fraud Types,Aadhaar Fraud,THIRD-PARTY,NA-15519.txt,Keyword matched: Aadhaar scam
NA-15520,01-04-2026,Soubhik Sarkar,Medianama,medianama.com,03-05-2018,"Constitutional Validity of Aadhaar, Day 35: “The AG may be rewriting the Constitution!”",https://www.medianama.com/2018/05/223-constitutional-validity-of-aadhaar-day-35-the-ag-may-be-rewriting-the-constitution/,Aadhaar scam,Emerging and Miscellaneous Fraud Types,Aadhaar Fraud,THIRD-PARTY,NA-15520.txt,Keyword matched: Aadhaar scam
NA-15521,01-04-2026,Soubhik Sarkar,Medianama,medianama.com,05-02-2018,"Gujarat bleeds biometrics, UIDAI says Aadhaar biometrics secure",https://www.medianama.com/2018/02/223-gujarat-bleeds-biometrics-uidai-says-aadhaar-biometrics-secure/,Aadhaar scam,Emerging and Miscellaneous Fraud Types,Aadhaar Fraud,THIRD-PARTY,NA-15521.txt,Keyword matched: Aadhaar scam
NA-15522,01-04-2026,Soubhik Sarkar,Medianama,medianama.com,19-01-2018,"Constitutional Validity of Aadhaar, Day 2",https://www.medianama.com/2018/01/223-constitutional-validity-of-aadhaar-day-2-2/,Aadhaar scam,Emerging and Miscellaneous Fraud Types,Aadhaar Fraud,NEAR-MISS,NA-15522.txt,Keyword matched: Aadhaar scam
NA-15523,01-04-2026,Soubhik Sarkar,Medianama,medianama.com,17-11-2010,"News Digest: Download 2G Scam Report; 100,000th Aadhar No; mTickets Invalid; CRBT",https://www.medianama.com/2010/11/223-2g-scam-report-aadhaar-mtickets-crbt-2/,Aadhaar scam,Emerging and Miscellaneous Fraud Types,Aadhaar Fraud,THIRD-PARTY,NA-15523.txt,Keyword matched: Aadhaar scam
NA-15524,01-04-2026,Soubhik Sarkar,Medianama,medianama.com,05-06-2025,Indian Railways Tackles Tatkal Booking Problems with New Anti-Bot System,https://www.medianama.com/2025/06/223-indian-railways-tackles-tatkal-booking-problems-with-anti-bot-system/,Aadhaar scam,Emerging and Miscellaneous Fraud Types,Aadhaar Fraud,THIRD-PARTY,NA-15524.txt,Keyword matched: Aadhaar scam
NA-15525,01-04-2026,Soubhik Sarkar,Medianama,medianama.com,31-03-2023,Are Courts Doing Enough To Question “Proportionate” Intrusions on Privacy And Other Rights? #NAMA,https://www.medianama.com/2023/03/223-courts-doing-enough-privacy-intrustions-proportionate-nama/,Aadhaar scam,Emerging and Miscellaneous Fraud Types,Aadhaar Fraud,THIRD-PARTY,NA-15525.txt,Keyword matched: Aadhaar scam
NA-15526,01-04-2026,Soubhik Sarkar,Medianama,medianama.com,24-03-2022,Biometric verification of voters in Bihar’s panchayat polls was mandatory. Here’s how that went down,https://www.medianama.com/2022/03/223-bihar-biometric-voting-system/,biometric fraud,Emerging and Miscellaneous Fraud Types,Aadhaar Fraud,VICTIM,NA-15526.txt,Keyword matched: biometric fraud
NA-15527,01-04-2026,Soubhik Sarkar,Medianama,medianama.com,08-12-2021,Delhi’s upcoming municipal elections may involve biometric-based verification of voters,https://www.medianama.com/2021/12/223-biometric-verification-delhi-municipal-elections/,biometric fraud,Emerging and Miscellaneous Fraud Types,Aadhaar Fraud,THIRD-PARTY,NA-15527.txt,Keyword matched: biometric fraud
NA-15528,01-04-2026,Soubhik Sarkar,Medianama,medianama.com,15-04-2019,The Afterlife of the Aadhaar Dissent: The Jamaican Supreme Court Strikes Down a National Biometric Identification – Gautam Bhatia,https://www.medianama.com/2019/04/223-the-afterlife-of-the-aadhaar-dissent-the-jamaican-supreme-court-strikes-down-a-national-biometric-identification-gautam-bhatia-2/,biometric fraud,Emerging and Miscellaneous Fraud Types,Aadhaar Fraud,THIRD-PARTY,NA-15528.txt,Keyword matched: biometric fraud
NA-15529,01-04-2026,Soubhik Sarkar,Medianama,medianama.com,12-06-2025,"Centre Revises Immigration Tracking System, States Asked to Use District Fingerprint Scanners",https://www.medianama.com/2025/06/223-centre-district-fingerprint-scanners-to-detect-illegal-immigrants/,biometric fraud,Emerging and Miscellaneous Fraud Types,Aadhaar Fraud,THIRD-PARTY,NA-15529.txt,Keyword matched: biometric fraud
NA-15530,01-04-2026,Soubhik Sarkar,Medianama,medianama.com,24-07-2024,"No Angel Tax, Digital Public Infrastructure In Agriculture: Tech Insights From The Budget",https://www.medianama.com/2024/07/223-no-angel-tax-dpi-in-agriculture-tech-insights-budget/,biometric fraud,Emerging and Miscellaneous Fraud Types,Aadhaar Fraud,THIRD-PARTY,NA-15530.txt,Keyword matched: biometric fraud
NA-15531,01-04-2026,Soubhik Sarkar,Medianama,medianama.com,05-10-2023,MediaNama Daily: In conversation with Signal President Meredith Whittaker,https://www.medianama.com/2023/10/223-medianama-daily-conversation-signal-president-meredith-whittaker-2/,AEPS fraud,Emerging and Miscellaneous Fraud Types,Aadhaar Fraud,THIRD-PARTY,NA-15531.txt,Keyword matched: AEPS fraud
NA-15532,01-04-2026,Soubhik Sarkar,Medianama,medianama.com,05-04-2013,"India’s Criminal Law Amendment To Include Cyber Stalking, Harassment And Voyeurism – CIS India",https://www.medianama.com/2013/04/223-criminal-law-amendment-to-include-cyber-stalking-harassment-and-voyeurism-cis-india/,cyber stalking,Emerging and Miscellaneous Fraud Types,Cyber Stalking,VICTIM,NA-15532.txt,Keyword matched: cyber stalking
NA-15533,01-04-2026,Soubhik Sarkar,Medianama,medianama.com,24-09-2020,"US Justice Department proposes to weaken safe harbour to platforms like Facebook, Twitter",https://www.medianama.com/2020/09/223-doc-proposal-dilute-section-230/,cyber stalking,Emerging and Miscellaneous Fraud Types,Cyber Stalking,THIRD-PARTY,NA-15533.txt,Keyword matched: cyber stalking
NA-15534,01-04-2026,Soubhik Sarkar,Medianama,medianama.com,28-06-2019,Madras HC: Internet Freedom Foundation to act as an intervener in WhatsApp traceability case,https://www.medianama.com/2019/06/223-madras-hc-internet-freedom-foundation-to-act-as-an-intervener-in-whatsapp-traceability-case-2/,cyber stalking,Emerging and Miscellaneous Fraud Types,Cyber Stalking,THIRD-PARTY,NA-15534.txt,Keyword matched: cyber stalking
NA-15535,01-04-2026,Soubhik Sarkar,Medianama,medianama.com,06-11-2018,Madras HC directs Google and YouTube to appear before it in social media-Aadhaar linking case,https://www.medianama.com/2018/11/223-madras-hc-google-youtube-social-media-aadhaar-linking-case/,cyber stalking,Emerging and Miscellaneous Fraud Types,Cyber Stalking,THIRD-PARTY,NA-15535.txt,Keyword matched: cyber stalking
NA-15536,01-04-2026,Soubhik Sarkar,Medianama,medianama.com,31-10-2017,"Security Tracker: Online harassment on the rise, DDoS attack warning & more",https://www.medianama.com/2017/10/223-security-tracker-3/,cyber stalking,Emerging and Miscellaneous Fraud Types,Cyber Stalking,THIRD-PARTY,NA-15536.txt,Keyword matched: cyber stalking
NA-15537,01-04-2026,Soubhik Sarkar,Medianama,medianama.com,07-06-2013,How Will Facebook’s Change In Policy Towards Sexual Assault Humour Affect India?,https://www.medianama.com/2013/06/223-how-will-facebooks-change-in-policy-towards-sexual-assault-humour-affect-india/,cyber stalking,Emerging and Miscellaneous Fraud Types,Cyber Stalking,THIRD-PARTY,NA-15537.txt,Keyword matched: cyber stalking
NA-15538,01-04-2026,Soubhik Sarkar,Medianama,medianama.com,06-04-2013,Weekly Digest (29th-05th April 2013),https://www.medianama.com/2013/04/223-weekly-digest-29th-05th-april-2013/,cyber stalking,Emerging and Miscellaneous Fraud Types,Cyber Stalking,THIRD-PARTY,NA-15538.txt,Keyword matched: cyber stalking
NA-15539,01-04-2026,Soubhik Sarkar,Medianama,medianama.com,21-07-2025,Delhi HC Orders Meta and X to Remove AI-Generated Porn Targeting Social Media Influencer,https://www.medianama.com/2025/07/223-delhi-hc-meta-x-ai-generated-porn-social-media-influencer/,cyber stalking,Emerging and Miscellaneous Fraud Types,Cyber Stalking,VICTIM,NA-15539.txt,Keyword matched: cyber stalking
NA-15540,01-04-2026,Soubhik Sarkar,Medianama,medianama.com,21-04-2025,Does India’s DPDPA Cover OpenAI AI Models’ Ability to Guess Locations from Images?,https://www.medianama.com/2025/04/223-india-dpdpa-cover-openai-ai-models-guess-image-locations/,cyber stalking,Emerging and Miscellaneous Fraud Types,Cyber Stalking,THIRD-PARTY,NA-15540.txt,Keyword matched: cyber stalking
NA-15541,01-04-2026,Soubhik Sarkar,Medianama,medianama.com,15-01-2025,AI Surveillance at Mahakumbh Mela: Tracking 400 Million Pilgrims With 1 Camera for Every 1.48 Lakh People,https://www.medianama.com/2025/01/223-ai-surveillance-mahakumbh-tracking-pilgrims/,cyber stalking,Emerging and Miscellaneous Fraud Types,Cyber Stalking,NEAR-MISS,NA-15541.txt,Keyword matched: cyber stalking
NA-15542,01-04-2026,Soubhik Sarkar,Medianama,medianama.com,07-05-2024,Ensuring Accountability in Implementing Digital Public Infrastructure: Insights from UN’s Working Group Report,https://www.medianama.com/2024/05/223-ensuring-accountability-in-implementing-digital-public-infrastructure-insights-from-uns-working-group-report/,cyber stalking,Emerging and Miscellaneous Fraud Types,Cyber Stalking,THIRD-PARTY,NA-15542.txt,Keyword matched: cyber stalking
NA-15543,01-04-2026,Soubhik Sarkar,Medianama,medianama.com,09-02-2024,EU set to criminalize non-consensual intimate deep fakes,https://www.medianama.com/2024/02/223-eu-set-to-criminalize-non-consensual-intimate-deep-fakes/,cyber stalking,Emerging and Miscellaneous Fraud Types,Cyber Stalking,VICTIM,NA-15543.txt,Keyword matched: cyber stalking
NA-15544,01-04-2026,Soubhik Sarkar,Medianama,medianama.com,06-01-2024,"Mahua Moitra Faces Allegations of Illegal Surveillance, What’s Worrisome About the Claims?",https://www.medianama.com/2024/01/223-mahua-moitra-illegal-surveillance-allegations/,cyber stalking,Emerging and Miscellaneous Fraud Types,Cyber Stalking,THIRD-PARTY,NA-15544.txt,Keyword matched: cyber stalking
NA-15545,01-04-2026,Soubhik Sarkar,Medianama,medianama.com,30-11-2023,Video: Briefing on the Impact of Draft Criminal Laws on the Digital Ecosystem,https://www.medianama.com/2023/11/223-video-briefing-draft-criminal-laws-2/,cyber stalking,Emerging and Miscellaneous Fraud Types,Cyber Stalking,THIRD-PARTY,NA-15545.txt,Keyword matched: cyber stalking
NA-15546,01-04-2026,Soubhik Sarkar,Medianama,medianama.com,30-11-2023,"Final Call: Impact of Draft Criminal Laws on the Digital Ecosystem; Nov 30, 3:30 PM",https://www.medianama.com/2023/11/223-final-call-briefing-draft-criminal-laws/,cyber stalking,Emerging and Miscellaneous Fraud Types,Cyber Stalking,THIRD-PARTY,NA-15546.txt,Keyword matched: cyber stalking
NA-15547,01-04-2026,Soubhik Sarkar,Medianama,medianama.com,25-11-2023,Attend our Briefing: Impact of Draft Criminal Laws on the Digital Ecosystem,https://www.medianama.com/2023/11/223-briefing-impact-of-draft-criminal-laws-on-the-digital-ecosystem/,cyber stalking,Emerging and Miscellaneous Fraud Types,Cyber Stalking,THIRD-PARTY,NA-15547.txt,Keyword matched: cyber stalking
NA-15548,01-04-2026,Soubhik Sarkar,Medianama,medianama.com,18-11-2023,Everything a Parliamentary Committee Said (and Didn’t Say) On How the IPC 2.0. Impacts Digital India,https://www.medianama.com/2023/11/223-parliamentary-committee-bharatiya-nyaya-sanhita-2/,cyber stalking,Emerging and Miscellaneous Fraud Types,Cyber Stalking,VICTIM,NA-15548.txt,Keyword matched: cyber stalking
NA-15549,01-04-2026,Soubhik Sarkar,Medianama,medianama.com,26-09-2022,Data Hack in Australian Telecom Firm Could Affect 40% of the Country’s Population,https://www.medianama.com/2022/09/223-data-hack-australia-teleco-optus-2/,cyber stalking,Emerging and Miscellaneous Fraud Types,Cyber Stalking,VICTIM,NA-15549.txt,Keyword matched: cyber stalking
NA-15550,01-04-2026,Soubhik Sarkar,Medianama,medianama.com,18-06-2022,Summary: How the new US federal data privacy bill might break years of stalemate,https://www.medianama.com/2022/06/223-summary-us-federal-data-privacy-law/,cyber stalking,Emerging and Miscellaneous Fraud Types,Cyber Stalking,VICTIM,NA-15550.txt,Keyword matched: cyber stalking
NA-15551,01-04-2026,Soubhik Sarkar,Medianama,medianama.com,30-03-2022,"When an Indigo flyer “hacked” his way to retrieve lost baggage, he found a privacy risk that plagues the entire airline industry",https://www.medianama.com/2022/03/223-airlines-privacy-concerns-indigo/,cyber stalking,Emerging and Miscellaneous Fraud Types,Cyber Stalking,VICTIM,NA-15551.txt,Keyword matched: cyber stalking
NA-15552,01-04-2026,Soubhik Sarkar,Medianama,medianama.com,11-01-2022,"Monitor the investigation into Bulli Bai app, lawyers association asks Chief Justice of India",https://www.medianama.com/2022/01/223-bulli-bai-app-lawyers-association-cji-letter/,cyber stalking,Emerging and Miscellaneous Fraud Types,Cyber Stalking,VICTIM,NA-15552.txt,Keyword matched: cyber stalking
NA-15553,01-04-2026,Soubhik Sarkar,Medianama,medianama.com,11-01-2022,IT Minister’s words and actions don’t match: MP Priyanka Chaturvedi on Sulli Deals app,https://www.medianama.com/2022/01/223-priyanka-chaturvedi-sulli-deals-bulli-bai-app-interview/,cyber stalking,Emerging and Miscellaneous Fraud Types,Cyber Stalking,NEAR-MISS,NA-15553.txt,Keyword matched: cyber stalking
NA-15554,01-04-2026,Soubhik Sarkar,Medianama,medianama.com,06-01-2022,Fourth person arrested in Bulli Bai app case alleged to be ‘mastermind’: Report,https://www.medianama.com/2022/01/223-fourth-arrest-bulli-bai-app-case/,cyber stalking,Emerging and Miscellaneous Fraud Types,Cyber Stalking,VICTIM,NA-15554.txt,Keyword matched: cyber stalking
NA-15555,01-04-2026,Soubhik Sarkar,Medianama,medianama.com,03-01-2022,Muslim women listed for online auction once again as Sulli Deals probe still pending,https://www.medianama.com/2022/01/223-muslim-women-auctioned-bulli-bai-app/,cyber stalking,Emerging and Miscellaneous Fraud Types,Cyber Stalking,THIRD-PARTY,NA-15555.txt,Keyword matched: cyber stalking
NA-15556,01-04-2026,Soubhik Sarkar,Medianama,medianama.com,26-11-2020,Kerala officially withdraws ordinance that criminalised online defamation,https://www.medianama.com/2020/11/223-kerala-withdraws-ordinance-criminse-online-defamation/,cyber stalking,Emerging and Miscellaneous Fraud Types,Cyber Stalking,THIRD-PARTY,NA-15556.txt,Keyword matched: cyber stalking
NA-15557,01-04-2026,Soubhik Sarkar,Medianama,medianama.com,23-11-2020,"Kerala withdraws ordinance criminalising online defamation, says it will revise the law",https://www.medianama.com/2020/11/223-kerala-withdraws-defamation-ordinance/,cyber stalking,Emerging and Miscellaneous Fraud Types,Cyber Stalking,THIRD-PARTY,NA-15557.txt,Keyword matched: cyber stalking
NA-15558,01-04-2026,Soubhik Sarkar,Medianama,medianama.com,22-10-2020,Kerala wants to make online defamation punishable by 5-years jail,https://www.medianama.com/2020/10/223-kerala-online-defamation-5-years-jail/,cyber stalking,Emerging and Miscellaneous Fraud Types,Cyber Stalking,VICTIM,NA-15558.txt,Keyword matched: cyber stalking
NA-15559,01-04-2026,Soubhik Sarkar,Medianama,medianama.com,25-06-2020,3 Republican senators propose bill to create backdoors for encrypted communications,https://www.medianama.com/2020/06/223-republican-bill-encryption/,cyber stalking,Emerging and Miscellaneous Fraud Types,Cyber Stalking,THIRD-PARTY,NA-15559.txt,Keyword matched: cyber stalking
NA-15560,01-04-2026,Soubhik Sarkar,Medianama,medianama.com,14-01-2020,Cases registered in Maharashtra’s Aurangabad for uploading child porn: Report,https://www.medianama.com/2020/01/223-child-porn-cases-maharashtra/,cyber stalking,Emerging and Miscellaneous Fraud Types,Cyber Stalking,THIRD-PARTY,NA-15560.txt,Keyword matched: cyber stalking
NA-15561,01-04-2026,Soubhik Sarkar,Medianama,medianama.com,12-02-2018,Venture capitalist Mahesh Murthy arrested for alleged sexual harassment,https://www.medianama.com/2018/02/223-mahesh-murthy-arrested/,cyber stalking,Emerging and Miscellaneous Fraud Types,Cyber Stalking,NEAR-MISS,NA-15561.txt,Keyword matched: cyber stalking
NA-15562,01-04-2026,Soubhik Sarkar,Medianama,medianama.com,04-01-2018,Case against venture capitalist Mahesh Murthy for alleged sexual harassement,https://www.medianama.com/2018/01/223-mahesh-murthy-booked-for-sexual-harassment/,cyber stalking,Emerging and Miscellaneous Fraud Types,Cyber Stalking,THIRD-PARTY,NA-15562.txt,Keyword matched: cyber stalking
NA-15563,01-04-2026,Soubhik Sarkar,Medianama,medianama.com,05-09-2017,"SC pulls up Facebook, Google, WhatsApp and others for rape videos",https://www.medianama.com/2017/09/223-supreme-court-rape-videos/,cyber stalking,Emerging and Miscellaneous Fraud Types,Cyber Stalking,THIRD-PARTY,NA-15563.txt,Keyword matched: cyber stalking
NA-15564,01-04-2026,Soubhik Sarkar,Medianama,medianama.com,17-01-2017,Women and child development ministry to form alliance against online child abuse,https://www.medianama.com/2017/01/223-online-child-abuse-ministry-of-women-child/,cyber stalking,Emerging and Miscellaneous Fraud Types,Cyber Stalking,THIRD-PARTY,NA-15564.txt,Keyword matched: cyber stalking
NA-15565,01-04-2026,Soubhik Sarkar,Medianama,medianama.com,17-01-2025,Community Notes vs. Cyber Volunteers: Risks of Meta’s New Model,https://www.medianama.com/2025/01/223-community-notes-cyber-volunteers-meta-new-model/,cyber bullying,Emerging and Miscellaneous Fraud Types,Cyber Stalking,THIRD-PARTY,NA-15565.txt,Keyword matched: cyber bullying
NA-15566,01-04-2026,Soubhik Sarkar,Medianama,medianama.com,10-08-2017,National Cyber Coordination Centre: Govt’s online metadata scanning project is live,https://www.medianama.com/2017/08/223-national-cyber-coordination-centre-launch/,cyber bullying,Emerging and Miscellaneous Fraud Types,Cyber Stalking,THIRD-PARTY,NA-15566.txt,Keyword matched: cyber bullying
NA-15567,01-04-2026,Soubhik Sarkar,Medianama,medianama.com,03-12-2015,Government to set up Indian Cyber Coordination Centre,https://www.medianama.com/2015/12/223-government-i4c-cybersecurity/,cyber bullying,Emerging and Miscellaneous Fraud Types,Cyber Stalking,THIRD-PARTY,NA-15567.txt,Keyword matched: cyber bullying
NA-15568,01-04-2026,Soubhik Sarkar,Medianama,medianama.com,26-11-2020,"Children and the Internet at UN Internet Governance Forum: Issues around gaming, online harms, education",https://www.medianama.com/2020/11/223-un-igf-children-and-internet/,cyber bullying,Emerging and Miscellaneous Fraud Types,Cyber Stalking,VICTIM,NA-15568.txt,Keyword matched: cyber bullying
NA-15569,01-04-2026,Soubhik Sarkar,Medianama,medianama.com,15-07-2020,COVID-19: Union HRD Ministry releases guidelines for online education,https://www.medianama.com/2020/07/223-online-education-guidelines-india/,cyber bullying,Emerging and Miscellaneous Fraud Types,Cyber Stalking,THIRD-PARTY,NA-15569.txt,Keyword matched: cyber bullying
NA-15570,01-04-2026,Soubhik Sarkar,Medianama,medianama.com,07-01-2020,Nepali Committee passes controversial IT Bill that ‘curtails freedom of expression’,https://www.medianama.com/2020/01/223-nepal-committee-passes-it-bill/,cyber bullying,Emerging and Miscellaneous Fraud Types,Cyber Stalking,THIRD-PARTY,NA-15570.txt,Keyword matched: cyber bullying
NA-15571,01-04-2026,Soubhik Sarkar,Medianama,medianama.com,17-07-2019,Why Antony Clement Rubin petitioned Madras HC to link Aadhaar to social media accounts,https://www.medianama.com/2019/07/223-why-antony-clement-rubin-petitioned-madras-hc-to-link-aadhaar-to-social-media-accounts/,cyber bullying,Emerging and Miscellaneous Fraud Types,Cyber Stalking,VICTIM,NA-15571.txt,Keyword matched: cyber bullying
NA-15572,01-04-2026,Soubhik Sarkar,Medianama,medianama.com,09-07-2019,Jordan bans online game PUBG for its ‘negative effects’ on citizens,https://www.medianama.com/2019/07/223-jordan-bans-online-game-pubg-for-its-negative-effects-on-citizens/,cyber bullying,Emerging and Miscellaneous Fraud Types,Cyber Stalking,NEAR-MISS,NA-15572.txt,Keyword matched: cyber bullying
NA-15573,01-04-2026,Soubhik Sarkar,Medianama,medianama.com,12-04-2019,Nepal bans PUBG citing addiction in children; Indian states’ ban factored in,https://www.medianama.com/2019/04/223-nepal-bans-pubg-citing-addiction-in-children-indian-states-ban-factored-in-2/,cyber bullying,Emerging and Miscellaneous Fraud Types,Cyber Stalking,THIRD-PARTY,NA-15573.txt,Keyword matched: cyber bullying
NA-15574,01-04-2026,Soubhik Sarkar,Medianama,medianama.com,12-04-2019,UK proposes new tech regulator and calls on tech companies on their ‘duty of care’,https://www.medianama.com/2019/04/223-uk-tech-regulation-white-paper-2/,cyber bullying,Emerging and Miscellaneous Fraud Types,Cyber Stalking,THIRD-PARTY,NA-15574.txt,Keyword matched: cyber bullying
NA-15575,01-04-2026,Soubhik Sarkar,Medianama,medianama.com,01-04-2019,PUBG ban lifted in Ahmedabad in India,https://www.medianama.com/2019/04/223-pubg-ban-lifted-in-ahmedabad-in-india-2/,cyber bullying,Emerging and Miscellaneous Fraud Types,Cyber Stalking,THIRD-PARTY,NA-15575.txt,Keyword matched: cyber bullying
NA-15576,01-04-2026,Soubhik Sarkar,Medianama,medianama.com,18-03-2019,National child rights commission seeks ‘action taken’ report from MeitY on PUBG: report,https://www.medianama.com/2019/03/223-national-child-rights-commission-meity-pubg-report/,cyber bullying,Emerging and Miscellaneous Fraud Types,Cyber Stalking,VICTIM,NA-15576.txt,Keyword matched: cyber bullying
NA-15577,01-04-2026,Soubhik Sarkar,Medianama,medianama.com,14-03-2019,Seven arrested in Rajkot for playing PUBG: report,https://www.medianama.com/2019/03/223-seven-arrested-in-rajkot-for-playing-pubg-report/,cyber bullying,Emerging and Miscellaneous Fraud Types,Cyber Stalking,THIRD-PARTY,NA-15577.txt,Keyword matched: cyber bullying
NA-15578,01-04-2026,Soubhik Sarkar,Medianama,medianama.com,11-03-2019,Gujarat bans PUBG in 5 districts citing violent behaviour among kids: reports,https://www.medianama.com/2019/03/223-gujarat-govt-pubg-ban-2/,cyber bullying,Emerging and Miscellaneous Fraud Types,Cyber Stalking,THIRD-PARTY,NA-15578.txt,Keyword matched: cyber bullying
NA-15579,01-04-2026,Soubhik Sarkar,Medianama,medianama.com,22-11-2016,CBI asks SC for authorization to investigate rape videos shared online,https://www.medianama.com/2016/11/223-cbi-online-investigate-authorization/,cyber bullying,Emerging and Miscellaneous Fraud Types,Cyber Stalking,THIRD-PARTY,NA-15579.txt,Keyword matched: cyber bullying
NA-15580,01-04-2026,Soubhik Sarkar,Medianama,medianama.com,05-02-2016,Govt aims for 50% digital literacy in 3 years; ambitious but required,https://www.medianama.com/2016/02/223-indian-govt-digital-literacy-plans/,cyber bullying,Emerging and Miscellaneous Fraud Types,Cyber Stalking,THIRD-PARTY,NA-15580.txt,Keyword matched: cyber bullying
NA-15581,01-04-2026,Soubhik Sarkar,Medianama,medianama.com,31-03-2026,Australian govt investigating 5 platforms for non-compliance with teen social media ban,https://www.medianama.com/2026/03/223-australia-5-platforms-non-compliance-teen-social-media-ban/,cyber bullying,Emerging and Miscellaneous Fraud Types,Cyber Stalking,THIRD-PARTY,NA-15581.txt,Keyword matched: cyber bullying
NA-15582,01-04-2026,Soubhik Sarkar,Medianama,medianama.com,11-02-2026,Apple Updates App Store Guidelines For Anonymous Chat Apps,https://www.medianama.com/2026/02/223-apple-app-store-guidelines-anonymous-chat-apps/,cyber bullying,Emerging and Miscellaneous Fraud Types,Cyber Stalking,THIRD-PARTY,NA-15582.txt,Keyword matched: cyber bullying
NA-15583,01-04-2026,Soubhik Sarkar,Medianama,medianama.com,18-10-2025,European Commission New Age Verification Pushes Privacy-Friendly Framework — What India’s DPDP Act Can Learn,https://www.medianama.com/2025/10/223-eu-age-verification-standards-minors-india-dpdp-act/,cyber bullying,Emerging and Miscellaneous Fraud Types,Cyber Stalking,THIRD-PARTY,NA-15583.txt,Keyword matched: cyber bullying
NA-15584,01-04-2026,Soubhik Sarkar,Medianama,medianama.com,29-09-2025,Meta Whistleblower’s Report Finds 64% Of Safety Tools For Teens Don’t Work On Instagram,https://www.medianama.com/2025/09/223-report-64-safety-tools-teens-instagram/,cyber bullying,Emerging and Miscellaneous Fraud Types,Cyber Stalking,THIRD-PARTY,NA-15584.txt,Keyword matched: cyber bullying
NA-15585,01-04-2026,Soubhik Sarkar,Medianama,medianama.com,25-09-2025,How Australia’s Social Media Ban for Under-16s Could Set New Child Safety Standards Globally,https://www.medianama.com/2025/09/223-australia-social-media-ban-under-16s-child-safety-standards/,cyber bullying,Emerging and Miscellaneous Fraud Types,Cyber Stalking,THIRD-PARTY,NA-15585.txt,Keyword matched: cyber bullying
NA-15586,01-04-2026,Soubhik Sarkar,Medianama,medianama.com,14-08-2025,How YouTube’s AI Age Verification in the US Will Need to Evolve for India,https://www.medianama.com/2025/08/223-youtube-ai-age-verification-us-impact-india/,cyber bullying,Emerging and Miscellaneous Fraud Types,Cyber Stalking,THIRD-PARTY,NA-15586.txt,Keyword matched: cyber bullying
NA-15587,01-04-2026,Soubhik Sarkar,Medianama,medianama.com,23-07-2025,Pakistan Considers Banning Under-16 Users On Social Media,https://www.medianama.com/2025/07/223-pakistan-social-media-ban-under-16-users/,cyber bullying,Emerging and Miscellaneous Fraud Types,Cyber Stalking,THIRD-PARTY,NA-15587.txt,Keyword matched: cyber bullying
NA-15588,01-04-2026,Soubhik Sarkar,Medianama,medianama.com,15-07-2025,Five EU Countries To Trial Age Verification App For Children,https://www.medianama.com/2025/07/223-five-eu-countries-trial-child-age-verification-app/,cyber bullying,Emerging and Miscellaneous Fraud Types,Cyber Stalking,THIRD-PARTY,NA-15588.txt,Keyword matched: cyber bullying
NA-15589,01-04-2026,Soubhik Sarkar,Medianama,medianama.com,03-03-2025,Empowering Young Minds: Rethinking Regulation of Behavioural Monitoring and Targeted Ads Under India’s DPDP Act,https://www.medianama.com/2025/03/223-rethinking-behavioural-monitoring-targeted-ads-regulation-dpdp-act/,cyber bullying,Emerging and Miscellaneous Fraud Types,Cyber Stalking,THIRD-PARTY,NA-15589.txt,Keyword matched: cyber bullying
NA-15590,01-04-2026,Soubhik Sarkar,Medianama,medianama.com,18-12-2024,YouTube Partners With Talent Agency To Detect Celebrity Deepfakes,https://www.medianama.com/2024/12/223-youtube-partners-talent-agency-caa-us-detect-celebrity-deepfakes/,cyber bullying,Emerging and Miscellaneous Fraud Types,Cyber Stalking,VICTIM,NA-15590.txt,Keyword matched: cyber bullying
NA-15591,01-04-2026,Soubhik Sarkar,Medianama,medianama.com,21-11-2024,"Report: Following Australia, UK Explores a Social Media Ban for Children Under 16",https://www.medianama.com/2024/11/223-uk-explores-social-media-ban-children-under-16/,cyber bullying,Emerging and Miscellaneous Fraud Types,Cyber Stalking,THIRD-PARTY,NA-15591.txt,Keyword matched: cyber bullying
NA-15592,01-04-2026,Soubhik Sarkar,Medianama,medianama.com,25-09-2024,Does Content Moderation Fall Within  Safe Harbor Protections in India? Notes from Internet Society and CCG’s Roundtable,https://www.medianama.com/2024/09/223-does-content-moderation-fall-within-safe-harbor-protections-india/,cyber bullying,Emerging and Miscellaneous Fraud Types,Cyber Stalking,VICTIM,NA-15592.txt,Keyword matched: cyber bullying
NA-15593,01-04-2026,Soubhik Sarkar,Medianama,medianama.com,07-03-2024,Sharing publicly available information not doxing: Delhi High Court,https://www.medianama.com/2024/03/223-sharing-publicly-available-information-not-doxing-delhi-high-court/,cyber bullying,Emerging and Miscellaneous Fraud Types,Cyber Stalking,THIRD-PARTY,NA-15593.txt,Keyword matched: cyber bullying
NA-15594,01-04-2026,Soubhik Sarkar,Medianama,medianama.com,09-01-2024,YouTube cracks down on AI-generated content featuring victims of crime,https://www.medianama.com/2024/01/223-youtube-ai-generated-content-crime-victims/,cyber bullying,Emerging and Miscellaneous Fraud Types,Cyber Stalking,VICTIM,NA-15594.txt,Keyword matched: cyber bullying
NA-15595,01-04-2026,Soubhik Sarkar,Medianama,medianama.com,20-10-2023,TRAI Consultation: What policy changes need to be made to promote 5G use cases?,https://www.medianama.com/2023/10/223-trai-5g-use-cases-consultation-paper/,cyber bullying,Emerging and Miscellaneous Fraud Types,Cyber Stalking,THIRD-PARTY,NA-15595.txt,Keyword matched: cyber bullying
NA-15596,01-04-2026,Soubhik Sarkar,Medianama,medianama.com,19-09-2023,Upcoming Digital India Bill May Do Away with Prevailing Safe Harbour Regime: Report,https://www.medianama.com/2023/09/223-digital-india-bill-safe-harbour-regime/,cyber bullying,Emerging and Miscellaneous Fraud Types,Cyber Stalking,THIRD-PARTY,NA-15596.txt,Keyword matched: cyber bullying
NA-15597,01-04-2026,Soubhik Sarkar,Medianama,medianama.com,01-08-2023,Summary: US senators propose creating Digital Consumer Protection Commission to rein in Big Tech,https://www.medianama.com/2023/08/223-us-digital-consumer-protection-commission-act/,cyber bullying,Emerging and Miscellaneous Fraud Types,Cyber Stalking,THIRD-PARTY,NA-15597.txt,Keyword matched: cyber bullying
NA-15598,01-04-2026,Soubhik Sarkar,Medianama,medianama.com,12-05-2023,10 Recommendations on Social Media Use By Adolescents from the American Psychological Association,https://www.medianama.com/2023/05/223-social-media-use-adolescents-american-psychological-association/,cyber bullying,Emerging and Miscellaneous Fraud Types,Cyber Stalking,THIRD-PARTY,NA-15598.txt,Keyword matched: cyber bullying
NA-15599,01-04-2026,Soubhik Sarkar,Medianama,medianama.com,10-03-2023,“Should There Be Safe Harbour At All?”: 30 Talking Points from the Digital India Act Consultation,https://www.medianama.com/2023/03/223-30-talking-points-digital-india-act-consultation/,cyber bullying,Emerging and Miscellaneous Fraud Types,Cyber Stalking,THIRD-PARTY,NA-15599.txt,Keyword matched: cyber bullying
NA-15600,01-04-2026,Soubhik Sarkar,Medianama,medianama.com,19-01-2022,"Delhi Police lodges FIR over sexist, communal remarks made in Clubhouse chat room",https://www.medianama.com/2022/01/223-delhi-police-fir-vulgar-comments-clubhouse/,cyber bullying,Emerging and Miscellaneous Fraud Types,Cyber Stalking,THIRD-PARTY,NA-15600.txt,Keyword matched: cyber bullying
NA-15601,01-04-2026,Soubhik Sarkar,Medianama,medianama.com,15-12-2021,IndiaTech wants national guidelines for the regulation of online gaming,https://www.medianama.com/2021/12/223-indiatech-national-guidelines-online-gaming/,cyber bullying,Emerging and Miscellaneous Fraud Types,Cyber Stalking,THIRD-PARTY,NA-15601.txt,Keyword matched: cyber bullying
NA-15602,01-04-2026,Soubhik Sarkar,Medianama,medianama.com,03-12-2021,"Facebook, Instagram ramp up efforts to fight revenge porn, partner with StopNCII.org",https://www.medianama.com/2021/12/223-facebook-revenge-porn-stopncii/,cyber bullying,Emerging and Miscellaneous Fraud Types,Cyber Stalking,VICTIM,NA-15602.txt,Keyword matched: cyber bullying
NA-15603,01-04-2026,Soubhik Sarkar,Medianama,medianama.com,06-09-2021,Koo reveals details of spam content for the first time in compliance report,https://www.medianama.com/2021/09/223-koo-compliance-report-august/,cyber bullying,Emerging and Miscellaneous Fraud Types,Cyber Stalking,THIRD-PARTY,NA-15603.txt,Keyword matched: cyber bullying
NA-15604,01-04-2026,Soubhik Sarkar,Medianama,medianama.com,21-08-2021,Explained: Facebook’s tussle with researchers studying its algorithms and political ad data,https://www.medianama.com/2021/08/223-facebook-researchers-nyu-algorithmwatch-2/,cyber bullying,Emerging and Miscellaneous Fraud Types,Cyber Stalking,THIRD-PARTY,NA-15604.txt,Keyword matched: cyber bullying
NA-15605,01-04-2026,Soubhik Sarkar,Medianama,medianama.com,11-05-2021,Forty US Attorneys General urge Facebook to not build Instagram for kids,https://www.medianama.com/2021/05/223-attorneys-general-letter-facebook/,cyber bullying,Emerging and Miscellaneous Fraud Types,Cyber Stalking,THIRD-PARTY,NA-15605.txt,Keyword matched: cyber bullying
NA-15606,01-04-2026,Soubhik Sarkar,Medianama,medianama.com,23-11-2020,Kerala passes ordinance to criminalise online defamation and ‘humiliation’,https://www.medianama.com/2020/11/223-kerala-defamation-ordinance/,cyber bullying,Emerging and Miscellaneous Fraud Types,Cyber Stalking,THIRD-PARTY,NA-15606.txt,Keyword matched: cyber bullying
NA-15607,01-04-2026,Soubhik Sarkar,Medianama,medianama.com,05-11-2020,Madras HC calls on The Online Rummy Federation in pleas against online gambling services,https://www.medianama.com/2020/11/223-madras-hc-online-rummy-federation/,cyber bullying,Emerging and Miscellaneous Fraud Types,Cyber Stalking,THIRD-PARTY,NA-15607.txt,Keyword matched: cyber bullying
NA-15608,01-04-2026,Soubhik Sarkar,Medianama,medianama.com,09-09-2020,"‘Don’t conduct mass surveillance against other countries,’ China tells the world in its global initiative on data security",https://www.medianama.com/2020/09/223-china-global-initiative-on-data-security/,cyber bullying,Emerging and Miscellaneous Fraud Types,Cyber Stalking,THIRD-PARTY,NA-15608.txt,Keyword matched: cyber bullying
NA-15609,01-04-2026,Soubhik Sarkar,Medianama,medianama.com,06-07-2020,Facebook ties up with CBSE for courses on Instagram use and AR; MediaNama’s take,https://www.medianama.com/2020/07/223-facebook-ties-up-with-cbse-for-courses-on-instagram-use-and-ar-medianamas-take-2/,cyber bullying,Emerging and Miscellaneous Fraud Types,Cyber Stalking,THIRD-PARTY,NA-15609.txt,Keyword matched: cyber bullying
NA-15610,01-04-2026,Soubhik Sarkar,Medianama,medianama.com,08-06-2020,ALT Balaji and ZEE5 censor web series after public backlash,https://www.medianama.com/2020/06/223-alt-balaji-and-zee5-censor-web-series-after-public-backlash/,cyber bullying,Emerging and Miscellaneous Fraud Types,Cyber Stalking,THIRD-PARTY,NA-15610.txt,Keyword matched: cyber bullying
NA-15611,01-04-2026,Soubhik Sarkar,Medianama,medianama.com,27-02-2020,Delhi HC: Parents and teachers file petition against installation of CCTV cameras in classrooms,https://www.medianama.com/2020/02/223-petition-against-cctv-classrooms-delhi-hc/,cyber bullying,Emerging and Miscellaneous Fraud Types,Cyber Stalking,THIRD-PARTY,NA-15611.txt,Keyword matched: cyber bullying
NA-15612,01-04-2026,Soubhik Sarkar,Medianama,medianama.com,20-09-2019,"WhatsApp traceability case petitioner asks court to remove Aadhaar from the plea, consider only ‘authorised govt proofs’",https://www.medianama.com/2019/09/223-rubin-amendment-application-whatsapp-traceability-case/,cyber bullying,Emerging and Miscellaneous Fraud Types,Cyber Stalking,VICTIM,NA-15612.txt,Keyword matched: cyber bullying
NA-15613,01-04-2026,Soubhik Sarkar,Medianama,medianama.com,21-08-2019,"SC on Facebook transfer petition: Madras HC hearing to go on, next hearing on September 13",https://www.medianama.com/2019/08/223-sc-on-facebook-transfer-petition-madras-hc-hearing-to-go-on-next-hearing-on-september-13-2/,cyber bullying,Emerging and Miscellaneous Fraud Types,Cyber Stalking,NEAR-MISS,NA-15613.txt,Keyword matched: cyber bullying
NA-15614,01-04-2026,Soubhik Sarkar,Medianama,medianama.com,05-06-2019,YouTube removes more than 800k videos and 78k channels that violated its child sexual abuse imagery guidelines,https://www.medianama.com/2019/06/223-keeping-children-safe-online-a-primer/,cyber bullying,Emerging and Miscellaneous Fraud Types,Cyber Stalking,THIRD-PARTY,NA-15614.txt,Keyword matched: cyber bullying
NA-15615,01-04-2026,Soubhik Sarkar,Medianama,medianama.com,16-04-2019,Gujarat HC rejects PIL challenging PUBG ban; Bombay HC directs MEITY to take action,https://www.medianama.com/2019/04/223-gujarat-hc-rejects-pil-challenging-pubg-ban-bombay-hc-directs-meity-to-take-action-2/,cyber bullying,Emerging and Miscellaneous Fraud Types,Cyber Stalking,NEAR-MISS,NA-15615.txt,Keyword matched: cyber bullying
NA-15616,01-04-2026,Soubhik Sarkar,Medianama,medianama.com,05-02-2019,#NAMApolicy on Safe Harbor: The Dunzo debate; Proactive takedowns; Gradation of harms,https://www.medianama.com/2019/02/223-safe-harbor-proactive-takedowns-intermediary-liability-2/,cyber bullying,Emerging and Miscellaneous Fraud Types,Cyber Stalking,NEAR-MISS,NA-15616.txt,Keyword matched: cyber bullying
NA-15617,01-04-2026,Soubhik Sarkar,Medianama,medianama.com,14-12-2018,"India, US, Brazil top countries where most YouTube videos flagged by users",https://www.medianama.com/2018/12/223-youtube-quarterly-report-content-moderation-2018/,cyber bullying,Emerging and Miscellaneous Fraud Types,Cyber Stalking,THIRD-PARTY,NA-15617.txt,Keyword matched: cyber bullying
NA-15618,01-04-2026,Soubhik Sarkar,Medianama,medianama.com,09-05-2017,How (not) to get away with murder: Reviewing Facebook’s live streaming guidelines,https://www.medianama.com/2017/05/223-not-get-away-murder-reviewing-facebooks-live-streaming-guidelines/,cyber bullying,Emerging and Miscellaneous Fraud Types,Cyber Stalking,THIRD-PARTY,NA-15618.txt,Keyword matched: cyber bullying
NA-15619,01-04-2026,Soubhik Sarkar,Medianama,medianama.com,05-02-2026,"Centre Aware of Online Harassment of Women, But Shares No Data About Complaints",https://www.medianama.com/2026/02/223-govt-no-data-social-media-abuse-women/,online harassment,Emerging and Miscellaneous Fraud Types,Cyber Stalking,THIRD-PARTY,NA-15619.txt,Keyword matched: online harassment
NA-15620,01-04-2026,Soubhik Sarkar,Medianama,medianama.com,23-10-2017,"Updated: Twitter revises its online harassment policies, releases timeline of changes",https://www.medianama.com/2017/10/223-twitter-revises-online-harassment-policy/,online harassment,Emerging and Miscellaneous Fraud Types,Cyber Stalking,THIRD-PARTY,NA-15620.txt,Keyword matched: online harassment
NA-15621,01-04-2026,Soubhik Sarkar,Medianama,medianama.com,24-11-2025,Explained: Here’s what the EU thinks are the systemic risks on online platforms,https://www.medianama.com/2025/11/223-what-eu-systemic-risks-online-platforms/,online harassment,Emerging and Miscellaneous Fraud Types,Cyber Stalking,THIRD-PARTY,NA-15621.txt,Keyword matched: online harassment
NA-15622,01-04-2026,Soubhik Sarkar,Medianama,medianama.com,13-08-2025,"UK Court Refuses to Exempt Wikipedia from Online Safety Act, Treats it on Par With Social Media",https://www.medianama.com/2025/08/223-uk-court-exempt-wikipedia-online-safety-act-social-media/,online harassment,Emerging and Miscellaneous Fraud Types,Cyber Stalking,THIRD-PARTY,NA-15622.txt,Keyword matched: online harassment
NA-15623,01-04-2026,Soubhik Sarkar,Medianama,medianama.com,26-02-2025,UK Regulator Ofcom Issues New Guidance to Combat Online Misogyny and Abuse,https://www.medianama.com/2025/02/223-ofcom-online-safety-guidance-uk-preventing-online-harm-women/,online harassment,Emerging and Miscellaneous Fraud Types,Cyber Stalking,VICTIM,NA-15623.txt,Keyword matched: online harassment
NA-15624,01-04-2026,Soubhik Sarkar,Medianama,medianama.com,06-02-2024,Here’s How Derek O’Brien Proposes to Amend the IT Act to Criminalise Crimes Against Women Online,https://www.medianama.com/2024/02/223-derek-obrien-it-act-criminalise-crimes-women-online-2/,online harassment,Emerging and Miscellaneous Fraud Types,Cyber Stalking,VICTIM,NA-15624.txt,Keyword matched: online harassment
NA-15625,01-04-2026,Soubhik Sarkar,Medianama,medianama.com,29-03-2023,Do marginalized groups support online anonymity? #NAMA,https://www.medianama.com/2023/03/223-marginalized-groups-online-anonymity-nama-2/,online harassment,Emerging and Miscellaneous Fraud Types,Cyber Stalking,VICTIM,NA-15625.txt,Keyword matched: online harassment
NA-15626,01-04-2026,Soubhik Sarkar,Medianama,medianama.com,28-03-2023,Why is Online Anonymity Important—And Does Taking It Away Hurt Fundamental Rights? #NAMA,https://www.medianama.com/2023/03/223-online-anonymity-fundamental-rights-nama-2/,online harassment,Emerging and Miscellaneous Fraud Types,Cyber Stalking,VICTIM,NA-15626.txt,Keyword matched: online harassment
NA-15627,01-04-2026,Soubhik Sarkar,Medianama,medianama.com,08-02-2023,"Publishers Aren’t ‘Intermediaries’, IT Ministry Says: What Does This Mean for India’s Online Gaming Laws?",https://www.medianama.com/2023/02/223-publishers-not-intermediaries-online-gaming-india-it-ministry-3/,online harassment,Emerging and Miscellaneous Fraud Types,Cyber Stalking,THIRD-PARTY,NA-15627.txt,Keyword matched: online harassment
NA-15628,01-04-2026,Soubhik Sarkar,Medianama,medianama.com,28-10-2022,"Online gaming platforms, intermediaries or publishers? Inter-ministerial task force restarts debate",https://www.medianama.com/2022/10/223-online-gaming-platform-inter-ministerial-task-force/,online harassment,Emerging and Miscellaneous Fraud Types,Cyber Stalking,THIRD-PARTY,NA-15628.txt,Keyword matched: online harassment
NA-15629,01-04-2026,Soubhik Sarkar,Medianama,medianama.com,03-08-2022,Summary: Tech companies adopt self-regulatory code to tackle harmful online content in New Zealand,https://www.medianama.com/2022/08/223-summary-new-zealand-self-regulatory-code-tech-companies/,online harassment,Emerging and Miscellaneous Fraud Types,Cyber Stalking,THIRD-PARTY,NA-15629.txt,Keyword matched: online harassment
NA-15630,01-04-2026,Soubhik Sarkar,Medianama,medianama.com,08-07-2021,FIR filed against GitHub-made ‘Sulli Deals’ app after several Muslim women harassed online,https://www.medianama.com/2021/07/223-fir-github-sulli-deals-muslim-women-harassed/,online harassment,Emerging and Miscellaneous Fraud Types,Cyber Stalking,THIRD-PARTY,NA-15630.txt,Keyword matched: online harassment
NA-15631,01-04-2026,Soubhik Sarkar,Medianama,medianama.com,08-11-2019,Is Mastodon the answer to online hate speech?,https://www.medianama.com/2019/11/223-mastodon-online-hate-speech/,online harassment,Emerging and Miscellaneous Fraud Types,Cyber Stalking,THIRD-PARTY,NA-15631.txt,Keyword matched: online harassment
NA-15632,01-04-2026,Soubhik Sarkar,Medianama,medianama.com,01-10-2019,"Right to be Forgotten: Delhi HC orders Google, Facebook to remove sexual harassment allegations against Subodh Gupta from search results",https://www.medianama.com/2019/10/223-right-to-be-forgotten-delhi-hc-2/,online harassment,Emerging and Miscellaneous Fraud Types,Cyber Stalking,VICTIM,NA-15632.txt,Keyword matched: online harassment
NA-15633,01-04-2026,Soubhik Sarkar,Medianama,medianama.com,21-09-2018,Home Ministry launches portal to report online sexual abuse,https://www.medianama.com/2018/09/223-report-abusive-content-anonymously-india-cybercrime-portal-2/,online harassment,Emerging and Miscellaneous Fraud Types,Cyber Stalking,VICTIM,NA-15633.txt,Keyword matched: online harassment
NA-15634,01-04-2026,Soubhik Sarkar,Medianama,medianama.com,29-05-2017,ScoopWhoop releases its first ‘web thriller’ short film online,https://www.medianama.com/2017/05/223-scoopwhoop-short-film/,online harassment,Emerging and Miscellaneous Fraud Types,Cyber Stalking,THIRD-PARTY,NA-15634.txt,Keyword matched: online harassment
NA-15635,01-04-2026,Soubhik Sarkar,Medianama,medianama.com,17-05-2017,#PornBan2: Lawyer renews effort to ban online pornography with 16 year old client,https://www.medianama.com/2017/05/223-pornban-2/,online harassment,Emerging and Miscellaneous Fraud Types,Cyber Stalking,THIRD-PARTY,NA-15635.txt,Keyword matched: online harassment
NA-15636,01-04-2026,Soubhik Sarkar,Medianama,medianama.com,01-02-2017,Twitter to introduce changes to prevent repeat fake accounts and combat harassment,https://www.medianama.com/2017/02/223-twitter-harassment-policy-upcoming/,online harassment,Emerging and Miscellaneous Fraud Types,Cyber Stalking,THIRD-PARTY,NA-15636.txt,Keyword matched: online harassment
NA-15637,01-04-2026,Soubhik Sarkar,Medianama,medianama.com,17-10-2016,Kerala online taxi union asks for minimum wage from Uber,https://www.medianama.com/2016/10/223-kerala-online-taxi-union-strike-uber/,online harassment,Emerging and Miscellaneous Fraud Types,Cyber Stalking,THIRD-PARTY,NA-15637.txt,Keyword matched: online harassment
NA-15638,01-04-2026,Soubhik Sarkar,Medianama,medianama.com,19-01-2016,Uttarakhand consumers should not be punished for buying online: IAMAI,https://www.medianama.com/2016/01/223-iamai-uttarakhand-ecommerce-tax-2/,online harassment,Emerging and Miscellaneous Fraud Types,Cyber Stalking,THIRD-PARTY,NA-15638.txt,Keyword matched: online harassment
NA-15639,01-04-2026,Soubhik Sarkar,Medianama,medianama.com,07-09-2015,"Star India sends MediaNama a legal notice, then withdraws; Thoughts on online defamation",https://www.medianama.com/2015/09/223-star-india-peter-mukerjea-legal-notice/,online harassment,Emerging and Miscellaneous Fraud Types,Cyber Stalking,THIRD-PARTY,NA-15639.txt,Keyword matched: online harassment
NA-15640,01-04-2026,Soubhik Sarkar,Medianama,medianama.com,25-08-2015,SVG Media launches online pest control marketplace PestControlGo,https://www.medianama.com/2015/08/223-svg-media-pest-control/,online harassment,Emerging and Miscellaneous Fraud Types,Cyber Stalking,THIRD-PARTY,NA-15640.txt,Keyword matched: online harassment
NA-15641,01-04-2026,Soubhik Sarkar,Medianama,medianama.com,25-10-2012,Chennai City Police Arrests Two Over Harassment On Twitter,https://www.medianama.com/2012/10/223-chennai-police-twitter-arrests/,online harassment,Emerging and Miscellaneous Fraud Types,Cyber Stalking,THIRD-PARTY,NA-15641.txt,Keyword matched: online harassment
NA-15642,01-04-2026,Soubhik Sarkar,Medianama,medianama.com,24-10-2025,CSOH Report Reveals Lax Moderation Against AI-Generated Social Media Posts Targeting Indian Muslims,https://www.medianama.com/2025/10/223-csoh-report-lax-moderation-ai-generated-social-media-posts-indian-muslims/,online harassment,Emerging and Miscellaneous Fraud Types,Cyber Stalking,THIRD-PARTY,NA-15642.txt,Keyword matched: online harassment
NA-15643,01-04-2026,Soubhik Sarkar,Medianama,medianama.com,01-06-2024,US Lawmakers Debate ‘Sunsetting’ Safe Harbor Protection for Tech Companies: Here are the key points made for and against safe harbor,https://www.medianama.com/2024/06/223-us-lawmakers-sunsetting-safe-harbor-protection/,online harassment,Emerging and Miscellaneous Fraud Types,Cyber Stalking,THIRD-PARTY,NA-15643.txt,Keyword matched: online harassment
NA-15644,01-04-2026,Soubhik Sarkar,Medianama,medianama.com,27-05-2024,US White House urges private entities to stop spread of non-consensual sexual abuse images,https://www.medianama.com/2024/05/223-white-house-companies-non-consensual-sexual-abuse-image/,online harassment,Emerging and Miscellaneous Fraud Types,Cyber Stalking,VICTIM,NA-15644.txt,Keyword matched: online harassment
NA-15645,01-04-2026,Soubhik Sarkar,Medianama,medianama.com,29-06-2023,Interview: Chingari CEO Sumit Ghosh Denies the Platform’s Shift to Not Safe for Work (NSFW) Content,https://www.medianama.com/2023/06/223-interview-chingari-ceo-denies-platforms-shift-to-nsfw-content/,online harassment,Emerging and Miscellaneous Fraud Types,Cyber Stalking,VICTIM,NA-15645.txt,Keyword matched: online harassment
NA-15646,01-04-2026,Soubhik Sarkar,Medianama,medianama.com,09-11-2022,Everything you need to know about Freedom House’s assessment of India’s internet freedom,https://www.medianama.com/2022/11/223-freedom-house-report-internet-india/,online harassment,Emerging and Miscellaneous Fraud Types,Cyber Stalking,THIRD-PARTY,NA-15646.txt,Keyword matched: online harassment
NA-15647,01-04-2026,Soubhik Sarkar,Medianama,medianama.com,07-02-2022,Social media users can be protected with stricter rules in place: IT Minister Ashwini Vaishnaw in Rajya Sabha,https://www.medianama.com/2022/02/223-social-media-stricter-rules-it-minister-ashwini-vaishnaw-2/,online harassment,Emerging and Miscellaneous Fraud Types,Cyber Stalking,THIRD-PARTY,NA-15647.txt,Keyword matched: online harassment
NA-15648,01-04-2026,Soubhik Sarkar,Medianama,medianama.com,18-01-2022,"Order enquiry into Bulli Bai and Sulli Deals apps, IFF urges IT parliamentary committee",https://www.medianama.com/2022/01/223-iff-bulli-bai-incident-parliamentary-committee-letter/,online harassment,Emerging and Miscellaneous Fraud Types,Cyber Stalking,THIRD-PARTY,NA-15648.txt,Keyword matched: online harassment
NA-15649,01-04-2026,Soubhik Sarkar,Medianama,medianama.com,24-09-2021,"Internet freedom in decline as governments crack down on free speech, tech companies",https://www.medianama.com/2021/09/223-internet-freedom-declines-report/,online harassment,Emerging and Miscellaneous Fraud Types,Cyber Stalking,THIRD-PARTY,NA-15649.txt,Keyword matched: online harassment
NA-15650,01-04-2026,Soubhik Sarkar,Medianama,medianama.com,17-09-2021,"Facebook is going after coordinated social harm by authentic users, but will this affect legitimate social movements?",https://www.medianama.com/2021/09/223-facebook-moderating-coordinated-social-harm-3/,online harassment,Emerging and Miscellaneous Fraud Types,Cyber Stalking,THIRD-PARTY,NA-15650.txt,Keyword matched: online harassment
NA-15651,01-04-2026,Soubhik Sarkar,Medianama,medianama.com,02-08-2021,"Citing no progress in investigations, MP Priyanka Chaturvedi writes to IT minister for ‘urgent action’ in Sulli Deals matter",https://www.medianama.com/2021/08/223-sulli-deals-priyanka-chaturvedi-it-minister/,online harassment,Emerging and Miscellaneous Fraud Types,Cyber Stalking,VICTIM,NA-15651.txt,Keyword matched: online harassment
NA-15652,01-04-2026,Soubhik Sarkar,Medianama,medianama.com,22-12-2020,"Exclusive: Delhi Police has tools to extract data from smartphones, including iPhones",https://www.medianama.com/2020/12/223-exclusive-delhi-police-has-tools-extract-data-from-smartphones-iphones/,online harassment,Emerging and Miscellaneous Fraud Types,Cyber Stalking,NEAR-MISS,NA-15652.txt,Keyword matched: online harassment
NA-15653,01-04-2026,Soubhik Sarkar,Medianama,medianama.com,14-10-2020,Summary: UN Secretary General’s roadmap on Digital Cooperation goals,https://www.medianama.com/2020/10/223-un-digital-cooperation-roadmap/,online harassment,Emerging and Miscellaneous Fraud Types,Cyber Stalking,THIRD-PARTY,NA-15653.txt,Keyword matched: online harassment
NA-15654,01-04-2026,Soubhik Sarkar,Medianama,medianama.com,26-04-2018,Indians flagged more Youtube videos than users from any other country,https://www.medianama.com/2018/04/223-youtube-transperency-report-2017/,online harassment,Emerging and Miscellaneous Fraud Types,Cyber Stalking,VICTIM,NA-15654.txt,Keyword matched: online harassment
NA-15655,01-04-2026,Soubhik Sarkar,Medianama,medianama.com,09-03-2018,Twitter names Parag Agrawal as its new CTO,https://www.medianama.com/2018/03/223-twitter-names-parag-agrawal-as-its-new-cto/,online harassment,Emerging and Miscellaneous Fraud Types,Cyber Stalking,THIRD-PARTY,NA-15655.txt,Keyword matched: online harassment
NA-15656,01-04-2026,Soubhik Sarkar,Medianama,medianama.com,05-02-2018,YouTube take steps to prevent harmful creator behaviour and fake news,https://www.medianama.com/2018/02/223-youtube-take-steps-to-prevent-harmful-creator-behaviour-and-fake-news/,online harassment,Emerging and Miscellaneous Fraud Types,Cyber Stalking,VICTIM,NA-15656.txt,Keyword matched: online harassment
NA-15657,01-04-2026,Soubhik Sarkar,Medianama,medianama.com,20-12-2017,Facebook will notify users about their untagged photos,https://www.medianama.com/2017/12/223-facebook-will-notify-users-untagged-photos/,online harassment,Emerging and Miscellaneous Fraud Types,Cyber Stalking,THIRD-PARTY,NA-15657.txt,Keyword matched: online harassment
NA-15658,01-04-2026,Soubhik Sarkar,Medianama,medianama.com,19-12-2017,Twitter updates new rules to mute hateful and abusive content,https://www.medianama.com/2017/12/223-twitter-updates-new-rules-mute-hateful-abusive-content/,online harassment,Emerging and Miscellaneous Fraud Types,Cyber Stalking,THIRD-PARTY,NA-15658.txt,Keyword matched: online harassment
NA-15659,01-04-2026,Soubhik Sarkar,Medianama,medianama.com,29-11-2017,Facebook expands its suicide prevention AI tool outside of US,https://www.medianama.com/2017/11/223-facebook-suicide/,online harassment,Emerging and Miscellaneous Fraud Types,Cyber Stalking,VICTIM,NA-15659.txt,Keyword matched: online harassment
NA-15660,01-04-2026,Soubhik Sarkar,Medianama,medianama.com,16-11-2017,Twitter may take away ‘verified’ status without prior notice,https://www.medianama.com/2017/11/223-twitter-may-take-away-verified-status-2/,online harassment,Emerging and Miscellaneous Fraud Types,Cyber Stalking,THIRD-PARTY,NA-15660.txt,Keyword matched: online harassment
NA-15661,01-04-2026,Soubhik Sarkar,Medianama,medianama.com,23-11-2016,Matrimonial site LoveVivah makes Aadhaar sign up mandatory,https://www.medianama.com/2016/11/223-lovevivah-aadhaar-signup/,online harassment,Emerging and Miscellaneous Fraud Types,Cyber Stalking,VICTIM,NA-15661.txt,Keyword matched: online harassment
NA-15662,01-04-2026,Soubhik Sarkar,Medianama,medianama.com,13-09-2016,Instagram lets users censor comments they don’t like; our take,https://www.medianama.com/2016/09/223-instagram-user-censor-comments/,online harassment,Emerging and Miscellaneous Fraud Types,Cyber Stalking,THIRD-PARTY,NA-15662.txt,Keyword matched: online harassment
NA-15663,01-04-2026,Soubhik Sarkar,Medianama,medianama.com,05-01-2026,From CSAM to Deepfakes: X Faces Safe Harbor Revoke Threat Over Grok’s Obscene Content,https://www.medianama.com/2026/01/223-safe-harbor-x-grok-csam-content/,online harassment,Emerging and Miscellaneous Fraud Types,Cyber Stalking,THIRD-PARTY,NA-15663.txt,Keyword matched: online harassment
NA-15664,01-04-2026,Soubhik Sarkar,Medianama,medianama.com,07-11-2025,"Mandatory AI Labels Will Push Creators To Tools Outside India, Says InVideo CEO Sanket Shah #NAMA",https://www.medianama.com/2025/11/223-mandatory-ai-labels-creators-tools-outside-india-invideo-ceo-nama/,online harassment,Emerging and Miscellaneous Fraud Types,Cyber Stalking,THIRD-PARTY,NA-15664.txt,Keyword matched: online harassment
NA-15665,01-04-2026,Soubhik Sarkar,Medianama,medianama.com,14-10-2025,"Consumer Dispute Resolution Commission fines Amazon for sending wrong laptop, refusing refund",https://www.medianama.com/2025/10/223-amazon-apario-fined-wrong-laptop-delivery/,online harassment,Emerging and Miscellaneous Fraud Types,Cyber Stalking,THIRD-PARTY,NA-15665.txt,Keyword matched: online harassment
NA-15666,01-04-2026,Soubhik Sarkar,Medianama,medianama.com,29-09-2025,Explainer: Why the Karnataka HC Upheld Sahyog Portal’s Constitutional Validity?,https://www.medianama.com/2025/09/223-why-karnataka-hc-sahyog-portal-x-allegations/,online harassment,Emerging and Miscellaneous Fraud Types,Cyber Stalking,THIRD-PARTY,NA-15666.txt,Keyword matched: online harassment
NA-15667,01-04-2026,Soubhik Sarkar,Medianama,medianama.com,16-02-2021,How the events of 2020 will shape Asia-Pacific’s digital future,https://www.medianama.com/2021/02/223-how-2020-events-will-shape-asia-pacific-digital-future/,digital harassment,Emerging and Miscellaneous Fraud Types,Cyber Stalking,THIRD-PARTY,NA-15667.txt,Keyword matched: digital harassment
NA-15668,01-04-2026,Soubhik Sarkar,Medianama,medianama.com,22-10-2020,Legacy news publishers’ digital association puts out ethics code,https://www.medianama.com/2020/10/223-dnpa-code-ethics/,digital harassment,Emerging and Miscellaneous Fraud Types,Cyber Stalking,THIRD-PARTY,NA-15668.txt,Keyword matched: digital harassment
NA-15669,01-04-2026,Soubhik Sarkar,Medianama,medianama.com,03-10-2018,On the formation of the Digital News Publishers Association: What was the need?,https://www.medianama.com/2018/10/223-on-the-formation-of-the-digital-news-publishers-association-what-was-the-need-4/,digital harassment,Emerging and Miscellaneous Fraud Types,Cyber Stalking,THIRD-PARTY,NA-15669.txt,Keyword matched: digital harassment
NA-15670,01-04-2026,Soubhik Sarkar,Medianama,medianama.com,06-12-2025,Logistics Startup Porter Under Fire From Gig Workers Over ‘Deteriorating and Exploitative’ Working Conditions,https://www.medianama.com/2025/12/223-porter-gig-worker-exploitation-tgpwu/,digital harassment,Emerging and Miscellaneous Fraud Types,Cyber Stalking,THIRD-PARTY,NA-15670.txt,Keyword matched: digital harassment
NA-15671,01-04-2026,Soubhik Sarkar,Medianama,medianama.com,26-08-2025,Explained: Why Has Elon Musk’s xAI Sued OpenAI And Apple?,https://www.medianama.com/2025/08/223-explained-elon-musks-xai-openai-apple/,digital harassment,Emerging and Miscellaneous Fraud Types,Cyber Stalking,NEAR-MISS,NA-15671.txt,Keyword matched: digital harassment
NA-15672,01-04-2026,Soubhik Sarkar,Medianama,medianama.com,21-06-2025,X Challenges New York Bill Requiring Social Media Content Moderation Disclosures,https://www.medianama.com/2025/06/223-x-sues-new-york-content-moderation-bill/,digital harassment,Emerging and Miscellaneous Fraud Types,Cyber Stalking,THIRD-PARTY,NA-15672.txt,Keyword matched: digital harassment
NA-15673,01-04-2026,Soubhik Sarkar,Medianama,medianama.com,23-05-2025,"Goa Proposes Gender Incentives, Data Storage Rules, License Fees in Draft Cab Aggregator Policy",https://www.medianama.com/2025/05/223-goa-gender-incentives-data-rules-cab-aggregator-policy/,digital harassment,Emerging and Miscellaneous Fraud Types,Cyber Stalking,THIRD-PARTY,NA-15673.txt,Keyword matched: digital harassment
NA-15674,01-04-2026,Soubhik Sarkar,Medianama,medianama.com,01-05-2025,Telangana Draft Gig Workers Bill: What Unions Think is Missing in the Legislation,https://www.medianama.com/2025/05/223-telangana-gig-workers-bill-2025-union-feedback/,digital harassment,Emerging and Miscellaneous Fraud Types,Cyber Stalking,THIRD-PARTY,NA-15674.txt,Keyword matched: digital harassment
NA-15675,01-04-2026,Soubhik Sarkar,Medianama,medianama.com,28-03-2025,Can Hyperlinking Amount to Defamatory Republication? Delhi High Court Weighs In,https://www.medianama.com/2025/03/223-can-hyperlinking-amount-to-defamatory-republication-delhi-high-court-weighs-in/,digital harassment,Emerging and Miscellaneous Fraud Types,Cyber Stalking,THIRD-PARTY,NA-15675.txt,Keyword matched: digital harassment
NA-15676,01-04-2026,Soubhik Sarkar,Medianama,medianama.com,13-03-2025,Delhi HC Orders Removal of YouTube Video Defaming Sadhguru: What It Means For Internet Intermediaries,https://www.medianama.com/2025/03/223-delhi-hc-order-removal-youtube-video-defaming-sadhguru-internet-intermediaries/,digital harassment,Emerging and Miscellaneous Fraud Types,Cyber Stalking,THIRD-PARTY,NA-15676.txt,Keyword matched: digital harassment
NA-15677,01-04-2026,Soubhik Sarkar,Medianama,medianama.com,14-02-2025,EU Data Protection Board Suggests Tokenised Age Verification: Know All About It,https://www.medianama.com/2025/02/223-eu-data-protection-board-suggests-tokenised-age-assurance-data-minimisation/,digital harassment,Emerging and Miscellaneous Fraud Types,Cyber Stalking,THIRD-PARTY,NA-15677.txt,Keyword matched: digital harassment
NA-15678,01-04-2026,Soubhik Sarkar,Medianama,medianama.com,14-01-2025,Kashmiri News Platform Chenab Times Files Grievance with X for Restoration of Its Suspended Account,https://www.medianama.com/2025/01/223-kashmiri-news-platform-chenab-times-files-grievance-x-account-suspension/,digital harassment,Emerging and Miscellaneous Fraud Types,Cyber Stalking,THIRD-PARTY,NA-15678.txt,Keyword matched: digital harassment
NA-15679,01-04-2026,Soubhik Sarkar,Medianama,medianama.com,18-10-2024,"X’s (formerly Twitter) changes block feature, weakening user privacy and safety",https://www.medianama.com/2024/10/223-xs-block-feature-weakening-user-privacy-and-safety/,digital harassment,Emerging and Miscellaneous Fraud Types,Cyber Stalking,THIRD-PARTY,NA-15679.txt,Keyword matched: digital harassment
NA-15680,01-04-2026,Soubhik Sarkar,Medianama,medianama.com,09-10-2024,"Appeals Center Europe Certified to Handle Content Moderation Disputes Across the EU, Starting with Major Platforms",https://www.medianama.com/2024/10/223-appeals-center-europe-certified-to-handle-content-moderation-disputes-across-the-eu-starting-with-major-platforms/,digital harassment,Emerging and Miscellaneous Fraud Types,Cyber Stalking,THIRD-PARTY,NA-15680.txt,Keyword matched: digital harassment
NA-15681,01-04-2026,Soubhik Sarkar,Medianama,medianama.com,08-10-2024,"Fairwork 2024: Urban Company, Zomato, Swiggy, BigBasket Score 6/10, Amazon and Uber Lag Behind",https://www.medianama.com/2024/10/223-fairwork-rating-report-2024-zomato-swiggy-score-6-amazon-uber-lag-behind/,digital harassment,Emerging and Miscellaneous Fraud Types,Cyber Stalking,THIRD-PARTY,NA-15681.txt,Keyword matched: digital harassment
NA-15682,01-04-2026,Soubhik Sarkar,Medianama,medianama.com,23-09-2024,Report: NCPCR recommends warning parents that they may be liable for children viewing adult content,https://www.medianama.com/2024/09/223-ncpcr-parental-warnings-children-viewing-adult-content/,digital harassment,Emerging and Miscellaneous Fraud Types,Cyber Stalking,THIRD-PARTY,NA-15682.txt,Keyword matched: digital harassment
NA-15683,01-04-2026,Soubhik Sarkar,Medianama,medianama.com,03-09-2024,Texas Social Media Law Faces Partial Injunction Over Content Filtering and Free Speech Issues,https://www.medianama.com/2024/09/223-texas-social-media-law-partial-injunction-content-filtering-free-speech-issues/,digital harassment,Emerging and Miscellaneous Fraud Types,Cyber Stalking,THIRD-PARTY,NA-15683.txt,Keyword matched: digital harassment
NA-15684,01-04-2026,Soubhik Sarkar,Medianama,medianama.com,08-07-2024,"UP Police Book Journalists Under Bharatiya Nyaya Sanhita for Tweeting About Mob Lynching Incident, What’s Worrying?",https://www.medianama.com/2024/07/223-up-police-book-journalists-bharatiya-nyaya-sanhita-tweeting-mob-lynching/,digital harassment,Emerging and Miscellaneous Fraud Types,Cyber Stalking,NEAR-MISS,NA-15684.txt,Keyword matched: digital harassment
NA-15685,01-04-2026,Soubhik Sarkar,Medianama,medianama.com,19-06-2024,Alliance of Rights Organisations Demands Urgent Policing Reforms from Telangana CM Over Unlawful Surveillance Measures,https://www.medianama.com/2024/06/223-napm-leter-telangana-cm-demands-policing-reforms/,digital harassment,Emerging and Miscellaneous Fraud Types,Cyber Stalking,THIRD-PARTY,NA-15685.txt,Keyword matched: digital harassment
