Reddit Post ID,Unique ID,Date of Collection,Collector Name,Source Platform,Source Publication,Original Date,Title/Headline,URL,Search Query Used,Fraud Category,Fraud Subcategory,Narrative Type,TXT File Name,Notes
1fyvu82,NARCF6-00001,2026-04-11,Soubhik Sarkar,Reddit r/Meerut,reddit.com,2024-10-08,Will a frozen bank account due to cyber fraud affect the passport police verification?,https://www.reddit.com/r/Meerut/comments/1fyvu82/will_a_frozen_bank_account_due_to_cyber_fraud/,cybercrime,General Cybercrime / Cyber Fraud Terms,General Cybercrime,THIRD-PARTY,NARCF6-00001.txt,City: Meerut | Author: u/yug_rana-_- | Score: 1 | Reddit ID: 1fyvu82
1i1ulfb,NARCF6-00002,2026-04-11,Soubhik Sarkar,Reddit r/Meerut,reddit.com,2025-01-15,"Airtel Postpaid, and Airtel Fibre Recharges with Discounts! 🚇📶💸",https://www.reddit.com/r/Meerut/comments/1i1ulfb/airtel_postpaid_and_airtel_fibre_recharges_with/,trust scam,Social Engineering and Romance/Sextortion,Social Engineering,THIRD-PARTY,NARCF6-00002.txt,City: Meerut | Author: u/Ok_Drawer_9311 | Score: 1 | Reddit ID: 1i1ulfb
1fa9395,NARCF6-00003,2026-04-11,Soubhik Sarkar,Reddit r/Meerut,reddit.com,2024-09-06,"Honey trap gang has been caught from Meerut, UP",https://www.reddit.com/r/Meerut/comments/1fa9395/honey_trap_gang_has_been_caught_from_meerut_up/,honey trap,Social Engineering and Romance/Sextortion,Romance Scam,THIRD-PARTY,NARCF6-00003.txt,City: Meerut | Author: u/magnus0167 | Score: 1 | Reddit ID: 1fa9395
1erhxqf,NARCF6-00004,2026-04-11,Soubhik Sarkar,Reddit r/Varanasi,reddit.com,2024-08-14,Urban Company AC repair ,https://www.reddit.com/r/varanasi/comments/1erhxqf/urban_company_ac_repair/,online fraud,General Cybercrime / Cyber Fraud Terms,General Cybercrime,NEAR-MISS,NARCF6-00004.txt,City: Varanasi | Author: u/YatoDharmasTatoJayah | Score: 1 | Reddit ID: 1erhxqf
1826wnv,NARCF6-00005,2026-04-11,Soubhik Sarkar,Reddit r/Varanasi,reddit.com,2023-11-23,Anyone know any ashram to stay,https://www.reddit.com/r/varanasi/comments/1826wnv/anyone_know_any_ashram_to_stay/,online fraud,General Cybercrime / Cyber Fraud Terms,General Cybercrime,THIRD-PARTY,NARCF6-00005.txt,City: Varanasi | Author: u/Efficient_Report2214 | Score: 1 | Reddit ID: 1826wnv
1aj1y8i,NARCF6-00006,2026-04-11,Soubhik Sarkar,Reddit r/Varanasi,reddit.com,2024-02-05,"Urgent: Scammed in Varanasi for College Admission, Need Advice! Lost 40,000 Rupees - Help Needed",https://www.reddit.com/r/varanasi/comments/1aj1y8i/urgent_scammed_in_varanasi_for_college_admission/,cyber scam,General Cybercrime / Cyber Fraud Terms,Cyber Scam,THIRD-PARTY,NARCF6-00006.txt,City: Varanasi | Author: u/i_nithinsudhagar | Score: 1 | Reddit ID: 1aj1y8i
1k8noql,NARCF6-00007,2026-04-11,Soubhik Sarkar,Reddit r/Varanasi,reddit.com,2025-04-27,Did I get scammed?,https://www.reddit.com/r/varanasi/comments/1k8noql/did_i_get_scammed/,online scam,General Cybercrime / Cyber Fraud Terms,Cyber Scam,THIRD-PARTY,NARCF6-00007.txt,City: Varanasi | Author: u/Emergency-Rutabaga-2 | Score: 1 | Reddit ID: 1k8noql
1k1b41g,NARCF6-00008,2026-04-11,Soubhik Sarkar,Reddit r/Varanasi,reddit.com,2025-04-17,Visited BHU for treatment — discovered a broken healthcare system built on monopoly and profit.,https://www.reddit.com/r/varanasi/comments/1k1b41g/visited_bhu_for_treatment_discovered_a_broken/,online scam,General Cybercrime / Cyber Fraud Terms,Cyber Scam,NEAR-MISS,NARCF6-00008.txt,City: Varanasi | Author: u/Suspicious-Pop7061 | Score: 1 | Reddit ID: 1k1b41g
1jeqydm,NARCF6-00009,2026-04-11,Soubhik Sarkar,Reddit r/Varanasi,reddit.com,2025-03-19,First hand experience of getting scam in online shopping today,https://www.reddit.com/r/varanasi/comments/1jeqydm/first_hand_experience_of_getting_scam_in_online/,online scam,General Cybercrime / Cyber Fraud Terms,Cyber Scam,THIRD-PARTY,NARCF6-00009.txt,City: Varanasi | Author: u/[deleted] | Score: 1 | Reddit ID: 1jeqydm
19ejfdb,NARCF6-00010,2026-04-11,Soubhik Sarkar,Reddit r/Varanasi,reddit.com,2024-01-24,How to sell plot (land) in Varanasi safely,https://www.reddit.com/r/varanasi/comments/19ejfdb/how_to_sell_plot_land_in_varanasi_safely/,online scam,General Cybercrime / Cyber Fraud Terms,Cyber Scam,THIRD-PARTY,NARCF6-00010.txt,City: Varanasi | Author: u/weirypieces | Score: 1 | Reddit ID: 19ejfdb
1kg5627,NARCF6-00011,2026-04-11,Soubhik Sarkar,Reddit r/Varanasi,reddit.com,2025-05-06,What's the update on the Varanasi Woman Rape Case?,https://www.reddit.com/r/varanasi/comments/1kg5627/whats_the_update_on_the_varanasi_woman_rape_case/,fake arrest,Digital Arrest Scam,Digital Arrest,THIRD-PARTY,NARCF6-00011.txt,City: Varanasi | Author: u/nikhil70625xdg | Score: 1 | Reddit ID: 1kg5627
10qlvms,NARCF6-00012,2026-04-11,Soubhik Sarkar,Reddit r/Varanasi,reddit.com,2023-02-01,Solution for tension and anxiety,https://www.reddit.com/r/varanasi/comments/10qlvms/solution_for_tension_and_anxiety/,fake arrest,Digital Arrest Scam,Digital Arrest,THIRD-PARTY,NARCF6-00012.txt,City: Varanasi | Author: u/unityofreligions | Score: 2 | Reddit ID: 10qlvms
1jlx15z,NARCF6-00013,2026-04-11,Soubhik Sarkar,Reddit r/Varanasi,reddit.com,2025-03-28,Lets call out fraud businesses,https://www.reddit.com/r/varanasi/comments/1jlx15z/lets_call_out_fraud_businesses/,fraud call,"Phishing, Vishing, and Smishing",Vishing,THIRD-PARTY,NARCF6-00013.txt,City: Varanasi | Author: u/sehmat_rafi | Score: 1 | Reddit ID: 1jlx15z
1gieocw,NARCF6-00014,2026-04-11,Soubhik Sarkar,Reddit r/Varanasi,reddit.com,2024-11-03,HELP! - WhatsApp Stock Market Scam,https://www.reddit.com/r/varanasi/comments/1gieocw/help_whatsapp_stock_market_scam/,stock market scam,Investment and Trading Fraud,Stock Market Fraud,THIRD-PARTY,NARCF6-00014.txt,City: Varanasi | Author: u/SnooGoats2271 | Score: 1 | Reddit ID: 1gieocw
1jy36ar,NARCF6-00015,2026-04-11,Soubhik Sarkar,Reddit r/Varanasi,reddit.com,2025-04-13,Feeling Cornered: Final Sem MCA Student Needs Work Urgently to Pay Fees &amp; Avoid Dropping Out [India],https://www.reddit.com/r/varanasi/comments/1jy36ar/feeling_cornered_final_sem_mca_student_needs_work/,part time job scam,Investment and Trading Fraud,Task Scam,THIRD-PARTY,NARCF6-00015.txt,City: Varanasi | Author: u/FirefighterLimp3374 | Score: 1 | Reddit ID: 1jy36ar
1j6d7oo,NARCF6-00016,2026-04-11,Soubhik Sarkar,Reddit r/Varanasi,reddit.com,2025-03-08,Le'go watch Crazxy!,https://www.reddit.com/r/varanasi/comments/1j6d7oo/lego_watch_crazxy/,trust scam,Social Engineering and Romance/Sextortion,Social Engineering,THIRD-PARTY,NARCF6-00016.txt,City: Varanasi | Author: u/gingzerbear | Score: 5 | Reddit ID: 1j6d7oo
1csnt3f,NARCF6-00017,2026-04-11,Soubhik Sarkar,Reddit r/Jodhpur,reddit.com,2024-05-15,"Is Indira Rasoi ( now Annapurna Rasoi )still working, too much 'get me some food' posts.",https://www.reddit.com/r/jodhpur/comments/1csnt3f/is_indira_rasoi_now_annapurna_rasoi_still_working/,digital fraud,General Cybercrime / Cyber Fraud Terms,General Cybercrime,THIRD-PARTY,NARCF6-00017.txt,City: Jodhpur | Author: u/akarshvaani | Score: 1 | Reddit ID: 1csnt3f
1khqrlo,NARCF6-00018,2026-04-11,Soubhik Sarkar,Reddit r/Jodhpur,reddit.com,2025-05-08,any suggestions on whey protein?,https://www.reddit.com/r/jodhpur/comments/1khqrlo/any_suggestions_on_whey_protein/,online scam,General Cybercrime / Cyber Fraud Terms,Cyber Scam,THIRD-PARTY,NARCF6-00018.txt,City: Jodhpur | Author: u/Main-Drink8771 | Score: 1 | Reddit ID: 1khqrlo
1cjzgok,NARCF6-00019,2026-04-11,Soubhik Sarkar,Reddit r/Jodhpur,reddit.com,2024-05-04,Help,https://www.reddit.com/r/jodhpur/comments/1cjzgok/help/,online scam,General Cybercrime / Cyber Fraud Terms,Cyber Scam,VICTIM,NARCF6-00019.txt,City: Jodhpur | Author: u/AdditionNo9765 | Score: 1 | Reddit ID: 1cjzgok
1eyk863,NARCF6-00020,2026-04-11,Soubhik Sarkar,Reddit r/Jodhpur,reddit.com,2024-08-22,Mobile Number correction in my Electricity bill (JVVNL),https://www.reddit.com/r/jodhpur/comments/1eyk863/mobile_number_correction_in_my_electricity_bill/,e-banking fraud,General Cybercrime / Cyber Fraud Terms,Financial Cyber Fraud,THIRD-PARTY,NARCF6-00020.txt,City: Jodhpur | Author: u/Express_Ad2329 | Score: 1 | Reddit ID: 1eyk863
1hxyjim,NARCF6-00021,2026-04-11,Soubhik Sarkar,Reddit r/Jodhpur,reddit.com,2025-01-10,Beware of Potential Fundraising Fraud: A User's Suspicious Activity Exposed,https://www.reddit.com/r/jodhpur/comments/1hxyjim/beware_of_potential_fundraising_fraud_a_users/,UPI fraud,UPI and Digital Payment Fraud,UPI Fraud,NEAR-MISS,NARCF6-00021.txt,City: Jodhpur | Author: u/[deleted] | Score: 7 | Reddit ID: 1hxyjim
1espv7o,NARCF6-00022,2026-04-11,Soubhik Sarkar,Reddit r/Jodhpur,reddit.com,2024-08-15,THIS COUNTRY NEED A BATMAN ,https://www.reddit.com/r/jodhpur/comments/1espv7o/this_country_need_a_batman/,fake arrest,Digital Arrest Scam,Digital Arrest,THIRD-PARTY,NARCF6-00022.txt,City: Jodhpur | Author: u/hated_divanshuuu | Score: 1 | Reddit ID: 1espv7o
1dn7ltm,NARCF6-00023,2026-04-11,Soubhik Sarkar,Reddit r/Jodhpur,reddit.com,2024-06-24,Passport police verification bribery,https://www.reddit.com/r/jodhpur/comments/1dn7ltm/passport_police_verification_bribery/,digital harassment,Emerging and Miscellaneous Fraud Types,Cyber Stalking,THIRD-PARTY,NARCF6-00023.txt,City: Jodhpur | Author: u/HackeriyaBalam | Score: 6 | Reddit ID: 1dn7ltm
1ck0yt5,NARCF6-00024,2026-04-11,Soubhik Sarkar,Reddit r/Amritsar,reddit.com,2024-05-04,Help,https://www.reddit.com/r/amritsar/comments/1ck0yt5/help/,online scam,General Cybercrime / Cyber Fraud Terms,Cyber Scam,VICTIM,NARCF6-00024.txt,City: Amritsar | Author: u/Top-Winner2910 | Score: 1 | Reddit ID: 1ck0yt5
1hhwyyz,NARCF6-00025,2026-04-11,Soubhik Sarkar,Reddit r/Amritsar,reddit.com,2024-12-19,Looking for someone who can help me with online exam cheating. iPhone is must. I'm at Ranjit Avenue. Please help. ,https://www.reddit.com/r/amritsar/comments/1hhwyyz/looking_for_someone_who_can_help_me_with_online/,online cheating,General Cybercrime / Cyber Fraud Terms,Cyber Scam,THIRD-PARTY,NARCF6-00025.txt,City: Amritsar | Author: u/Away_Entertainer4313 | Score: 0 | Reddit ID: 1hhwyyz
1fwjidb,NARCF6-00026,2026-04-11,Soubhik Sarkar,Reddit r/Amritsar,reddit.com,2024-10-05,"Scamsters target retired IAS officer, dupe him of Rs 76 Lakh",https://www.reddit.com/r/amritsar/comments/1fwjidb/scamsters_target_retired_ias_officer_dupe_him_of/,digital arrest,Digital Arrest Scam,Digital Arrest,THIRD-PARTY,NARCF6-00026.txt,City: Amritsar | Author: u/EmbarrassedPen3943 | Score: 1 | Reddit ID: 1fwjidb
1ixwd1o,NARCF6-00027,2026-04-11,Soubhik Sarkar,Reddit r/Amritsar,reddit.com,2025-02-25,Amritsar 1 Day tourism Packages?,https://www.reddit.com/r/amritsar/comments/1ixwd1o/amritsar_1_day_tourism_packages/,trust scam,Social Engineering and Romance/Sextortion,Social Engineering,THIRD-PARTY,NARCF6-00027.txt,City: Amritsar | Author: u/fiery_synapses | Score: 1 | Reddit ID: 1ixwd1o
1imsff3,NARCF6-00028,2026-04-11,Soubhik Sarkar,Reddit r/Raipur,reddit.com,2025-02-11,Any cyber crime expert here ??,https://www.reddit.com/r/Raipur/comments/1imsff3/any_cyber_crime_expert_here/,cyber crime,General Cybercrime / Cyber Fraud Terms,General Cybercrime,THIRD-PARTY,NARCF6-00028.txt,City: Raipur | Author: u/Impressive-Crap534 | Score: 1 | Reddit ID: 1imsff3
1ib22yb,NARCF6-00029,2026-04-11,Soubhik Sarkar,Reddit r/Raipur,reddit.com,2025-01-27,Bhai log yeh kisi ko call lagate waqt jo central government ke dwara online fraud wala default recording chalu ho jaata hai usko kaise band kar sakte hai. Saala paagal ho gaya soon soon ke 😭. Please help 🙏🏻❗,https://www.reddit.com/r/Raipur/comments/1ib22yb/bhai_log_yeh_kisi_ko_call_lagate_waqt_jo_central/,online fraud,General Cybercrime / Cyber Fraud Terms,General Cybercrime,THIRD-PARTY,NARCF6-00029.txt,City: Raipur | Author: u/Digbick-7 | Score: 1 | Reddit ID: 1ib22yb
1kfuh28,NARCF6-00030,2026-04-11,Soubhik Sarkar,Reddit r/Raipur,reddit.com,2025-05-06,Genuinely helping: coz hardly any student is aware about this,https://www.reddit.com/r/Raipur/comments/1kfuh28/genuinely_helping_coz_hardly_any_student_is_aware/,online scam,General Cybercrime / Cyber Fraud Terms,Cyber Scam,THIRD-PARTY,NARCF6-00030.txt,City: Raipur | Author: u/GuluGulu420si | Score: 1 | Reddit ID: 1kfuh28
1ckh4zh,NARCF6-00031,2026-04-11,Soubhik Sarkar,Reddit r/Raipur,reddit.com,2024-05-05,Help ,https://www.reddit.com/r/Raipur/comments/1ckh4zh/help/,online scam,General Cybercrime / Cyber Fraud Terms,Cyber Scam,VICTIM,NARCF6-00031.txt,City: Raipur | Author: u/Bitter-Anything6679 | Score: 1 | Reddit ID: 1ckh4zh
1cjwu66,NARCF6-00032,2026-04-11,Soubhik Sarkar,Reddit r/Raipur,reddit.com,2024-05-04,Help,https://www.reddit.com/r/Raipur/comments/1cjwu66/help/,online scam,General Cybercrime / Cyber Fraud Terms,Cyber Scam,VICTIM,NARCF6-00032.txt,City: Raipur | Author: u/Top-Mix-5413 | Score: 1 | Reddit ID: 1cjwu66
13vn3mm,NARCF6-00033,2026-04-11,Soubhik Sarkar,Reddit r/Raipur,reddit.com,2023-05-30,Dating,https://www.reddit.com/r/Raipur/comments/13vn3mm/dating/,online scam,General Cybercrime / Cyber Fraud Terms,Cyber Scam,THIRD-PARTY,NARCF6-00033.txt,City: Raipur | Author: u/NORMAL_indian-GUY | Score: 17 | Reddit ID: 13vn3mm
whuath,NARCF6-00034,2026-04-11,Soubhik Sarkar,Reddit r/Raipur,reddit.com,2022-08-06,Scam i encountered while SELLING on OLX,https://www.reddit.com/r/Raipur/comments/whuath/scam_i_encountered_while_selling_on_olx/,UPI scam,UPI and Digital Payment Fraud,UPI Fraud,VICTIM,NARCF6-00034.txt,City: Raipur | Author: u/ELEGANTFOXYT | Score: 4 | Reddit ID: whuath
1khn8fm,NARCF6-00035,2026-04-11,Soubhik Sarkar,Reddit r/Raipur,reddit.com,2025-05-08,operation Scam Awareness,https://www.reddit.com/r/Raipur/comments/1khn8fm/operation_scam_awareness/,TRAI scam call,Digital Arrest Scam,Impersonation Scam,VICTIM,NARCF6-00035.txt,City: Raipur | Author: u/GuluGulu420si | Score: 1 | Reddit ID: 1khn8fm
1b4uyet,NARCF6-00036,2026-04-11,Soubhik Sarkar,Reddit r/Raipur,reddit.com,2024-03-02,Beware of such scammers in raipur,https://www.reddit.com/r/Raipur/comments/1b4uyet/beware_of_such_scammers_in_raipur/,fake website,"Phishing, Vishing, and Smishing",Phishing,NEAR-MISS,NARCF6-00036.txt,City: Raipur | Author: u/asspartan | Score: 1 | Reddit ID: 1b4uyet
1bz4y25,NARCF6-00037,2026-04-11,Soubhik Sarkar,Reddit r/Raipur,reddit.com,2024-04-08,I paid the price for someone's actions ,https://www.reddit.com/r/Raipur/comments/1bz4y25/i_paid_the_price_for_someones_actions/,fraud call,"Phishing, Vishing, and Smishing",Vishing,THIRD-PARTY,NARCF6-00037.txt,City: Raipur | Author: u/One_Kick3725 | Score: 1 | Reddit ID: 1bz4y25
1gt4m9w,NARCF6-00038,2026-04-11,Soubhik Sarkar,Reddit r/Raipur,reddit.com,2024-11-17,Does anyone know where shadowfax courier head office is in Raipur?,https://www.reddit.com/r/Raipur/comments/1gt4m9w/does_anyone_know_where_shadowfax_courier_head/,fake delivery,E-Commerce and Delivery Fraud,Delivery Fraud,THIRD-PARTY,NARCF6-00038.txt,City: Raipur | Author: u/Prameet88 | Score: 1 | Reddit ID: 1gt4m9w
1gory6d,NARCF6-00039,2026-04-11,Soubhik Sarkar,Reddit r/Allahabad,reddit.com,2024-11-11,Looking for part time jobs in our city,https://www.reddit.com/r/Allahabad/comments/1gory6d/looking_for_part_time_jobs_in_our_city/,online scam,General Cybercrime / Cyber Fraud Terms,Cyber Scam,THIRD-PARTY,NARCF6-00039.txt,City: Allahabad | Author: u/Aditya72Tele | Score: 1 | Reddit ID: 1gory6d
1cklk6d,NARCF6-00040,2026-04-11,Soubhik Sarkar,Reddit r/Allahabad,reddit.com,2024-05-05,Help,https://www.reddit.com/r/Allahabad/comments/1cklk6d/help/,online scam,General Cybercrime / Cyber Fraud Terms,Cyber Scam,VICTIM,NARCF6-00040.txt,City: Allahabad | Author: u/Particular_Fill_2190 | Score: 1 | Reddit ID: 1cklk6d
1hwpmbu,NARCF6-00041,2026-04-11,Soubhik Sarkar,Reddit r/Allahabad,reddit.com,2025-01-08,Tips and tricks for safe mela visit ( local knowledge),https://www.reddit.com/r/Allahabad/comments/1hwpmbu/tips_and_tricks_for_safe_mela_visit_local/,internet scam,General Cybercrime / Cyber Fraud Terms,Cyber Scam,NEAR-MISS,NARCF6-00041.txt,City: Allahabad | Author: u/gentlemans-game | Score: 52 | Reddit ID: 1hwpmbu
1gwrry2,NARCF6-00042,2026-04-11,Soubhik Sarkar,Reddit r/Allahabad,reddit.com,2024-11-22,Looking for escort services in Allahabad ,https://www.reddit.com/r/Allahabad/comments/1gwrry2/looking_for_escort_services_in_allahabad/,internet scam,General Cybercrime / Cyber Fraud Terms,Cyber Scam,THIRD-PARTY,NARCF6-00042.txt,City: Allahabad | Author: u/StraightQuality1 | Score: 1 | Reddit ID: 1gwrry2
1cm1cub,NARCF6-00043,2026-04-11,Soubhik Sarkar,Reddit r/Allahabad,reddit.com,2024-05-07,Best Car repair shop?,https://www.reddit.com/r/Allahabad/comments/1cm1cub/best_car_repair_shop/,trust scam,Social Engineering and Romance/Sextortion,Social Engineering,THIRD-PARTY,NARCF6-00043.txt,City: Allahabad | Author: u/Patient-Mess-8918 | Score: 1 | Reddit ID: 1cm1cub
1i1xedn,NARCF6-00044,2026-04-11,Soubhik Sarkar,Reddit r/Allahabad,reddit.com,2025-01-15,Has my friend been scammed?,https://www.reddit.com/r/Allahabad/comments/1i1xedn/has_my_friend_been_scammed/,refund scam,E-Commerce and Delivery Fraud,E-Commerce Fraud,NEAR-MISS,NARCF6-00044.txt,City: Allahabad | Author: u/independentcat77 | Score: 1 | Reddit ID: 1i1xedn
1e58lqn,NARCF6-00045,2026-04-11,Soubhik Sarkar,Reddit r/Coimbatore,reddit.com,2024-07-17,Cyber Crime on the rise in Coimbatore,https://www.reddit.com/r/Coimbatore/comments/1e58lqn/cyber_crime_on_the_rise_in_coimbatore/,cyber crime,General Cybercrime / Cyber Fraud Terms,General Cybercrime,THIRD-PARTY,NARCF6-00045.txt,City: Coimbatore | Author: u/cybersathya | Score: 1 | Reddit ID: 1e58lqn
1dzy26d,NARCF6-00046,2026-04-11,Soubhik Sarkar,Reddit r/Coimbatore,reddit.com,2024-07-10,Beware! ,https://www.reddit.com/r/Coimbatore/comments/1dzy26d/beware/,cyber crime,General Cybercrime / Cyber Fraud Terms,General Cybercrime,NEAR-MISS,NARCF6-00046.txt,City: Coimbatore | Author: u/gautamak28 | Score: 42 | Reddit ID: 1dzy26d
1bdhizg,NARCF6-00047,2026-04-11,Soubhik Sarkar,Reddit r/Coimbatore,reddit.com,2024-03-13,Awareness Campaign and/or Appeal from Coimbatore Police to Citizens To Be Alertful Against Courier Scams,https://www.reddit.com/r/Coimbatore/comments/1bdhizg/awareness_campaign_andor_appeal_from_coimbatore/,cybercrime,General Cybercrime / Cyber Fraud Terms,General Cybercrime,NEAR-MISS,NARCF6-00047.txt,City: Coimbatore | Author: u/lavanyadeepak | Score: 1 | Reddit ID: 1bdhizg
16ujirt,NARCF6-00048,2026-04-11,Soubhik Sarkar,Reddit r/Coimbatore,reddit.com,2023-09-28,Beware of the new FedEx Scam,https://www.reddit.com/r/Coimbatore/comments/16ujirt/beware_of_the_new_fedex_scam/,cyber scam,General Cybercrime / Cyber Fraud Terms,Cyber Scam,NEAR-MISS,NARCF6-00048.txt,City: Coimbatore | Author: u/AAssttrroo | Score: 1 | Reddit ID: 16ujirt
1hceowq,NARCF6-00049,2026-04-11,Soubhik Sarkar,Reddit r/Coimbatore,reddit.com,2024-12-12,Online Cab/Auto Booking Scam,https://www.reddit.com/r/Coimbatore/comments/1hceowq/online_cabauto_booking_scam/,online scam,General Cybercrime / Cyber Fraud Terms,Cyber Scam,THIRD-PARTY,NARCF6-00049.txt,City: Coimbatore | Author: u/Tandoorimayo | Score: 1 | Reddit ID: 1hceowq
1fdgr85,NARCF6-00050,2026-04-11,Soubhik Sarkar,Reddit r/Coimbatore,reddit.com,2024-09-10,Am I the only one who thinks this is insane or anyone else feel the same? ,https://www.reddit.com/r/Coimbatore/comments/1fdgr85/am_i_the_only_one_who_thinks_this_is_insane_or/,online scam,General Cybercrime / Cyber Fraud Terms,Cyber Scam,THIRD-PARTY,NARCF6-00050.txt,City: Coimbatore | Author: u/Icy_Substance5194 | Score: 7 | Reddit ID: 1fdgr85
1c3r3am,NARCF6-00051,2026-04-11,Soubhik Sarkar,Reddit r/Coimbatore,reddit.com,2024-04-14,Pathiram registration ,https://www.reddit.com/r/Coimbatore/comments/1c3r3am/pathiram_registration/,online scam,General Cybercrime / Cyber Fraud Terms,Cyber Scam,THIRD-PARTY,NARCF6-00051.txt,City: Coimbatore | Author: u/sekilar | Score: 1 | Reddit ID: 1c3r3am
12xcdr4,NARCF6-00052,2026-04-11,Soubhik Sarkar,Reddit r/Coimbatore,reddit.com,2023-04-24,cross road at career at the same time lost and lonely,https://www.reddit.com/r/Coimbatore/comments/12xcdr4/cross_road_at_career_at_the_same_time_lost_and/,online scam,General Cybercrime / Cyber Fraud Terms,Cyber Scam,THIRD-PARTY,NARCF6-00052.txt,City: Coimbatore | Author: u/Brownbear_Weird | Score: 4 | Reddit ID: 12xcdr4
17rb7r5,NARCF6-00053,2026-04-11,Soubhik Sarkar,Reddit r/Coimbatore,reddit.com,2023-11-09,AI Deepfake Porn - How it affects both genders in country like India,https://www.reddit.com/r/Coimbatore/comments/17rb7r5/ai_deepfake_porn_how_it_affects_both_genders_in/,online cheating,General Cybercrime / Cyber Fraud Terms,Cyber Scam,THIRD-PARTY,NARCF6-00053.txt,City: Coimbatore | Author: u/Routine_Extension_45 | Score: 1 | Reddit ID: 17rb7r5
1iyfac7,NARCF6-00054,2026-04-11,Soubhik Sarkar,Reddit r/Coimbatore,reddit.com,2025-02-26,Is this a scam guys?,https://www.reddit.com/r/Coimbatore/comments/1iyfac7/is_this_a_scam_guys/,QR code scam,UPI and Digital Payment Fraud,QR Code Fraud,THIRD-PARTY,NARCF6-00054.txt,City: Coimbatore | Author: u/NotInACuIt | Score: 1 | Reddit ID: 1iyfac7
1g8rwj3,NARCF6-00055,2026-04-11,Soubhik Sarkar,Reddit r/Coimbatore,reddit.com,2024-10-21,How genuine is Diraa consultancy in cbe? ,https://www.reddit.com/r/Coimbatore/comments/1g8rwj3/how_genuine_is_diraa_consultancy_in_cbe/,fake payment link,UPI and Digital Payment Fraud,Payment Link Fraud,THIRD-PARTY,NARCF6-00055.txt,City: Coimbatore | Author: u/Jajaja77777 | Score: 1 | Reddit ID: 1g8rwj3
1hcloa0,NARCF6-00056,2026-04-11,Soubhik Sarkar,Reddit r/Coimbatore,reddit.com,2024-12-12,Worst experience: Cab package from CBE to Ooty sightseeing ,https://www.reddit.com/r/Coimbatore/comments/1hcloa0/worst_experience_cab_package_from_cbe_to_ooty/,e-wallet scam,UPI and Digital Payment Fraud,Mobile Wallet Fraud,NEAR-MISS,NARCF6-00056.txt,City: Coimbatore | Author: u/itchythekiller | Score: 1 | Reddit ID: 1hcloa0
1hbqr8n,NARCF6-00057,2026-04-11,Soubhik Sarkar,Reddit r/Coimbatore,reddit.com,2024-12-11,PVR Adding Extras to Food Bill without Knowledge,https://www.reddit.com/r/Coimbatore/comments/1hbqr8n/pvr_adding_extras_to_food_bill_without_knowledge/,e-wallet scam,UPI and Digital Payment Fraud,Mobile Wallet Fraud,THIRD-PARTY,NARCF6-00057.txt,City: Coimbatore | Author: u/murtukool | Score: 1 | Reddit ID: 1hbqr8n
13votn6,NARCF6-00058,2026-04-11,Soubhik Sarkar,Reddit r/Coimbatore,reddit.com,2023-05-30,What Now The Sex Scam Tamil Video on Call us nova | Whatsapp Scam Tamil | Sex Scam | Tamilnadu | India,https://www.reddit.com/r/Coimbatore/comments/13votn6/what_now_the_sex_scam_tamil_video_on_call_us_nova/,video call scam,Digital Arrest Scam,Video Call Coercion,THIRD-PARTY,NARCF6-00058.txt,City: Coimbatore | Author: u/dotofficial | Score: 1 | Reddit ID: 13votn6
1fstfw0,NARCF6-00059,2026-04-11,Soubhik Sarkar,Reddit r/Coimbatore,reddit.com,2024-09-30,"My BGMI Account Got Hacked, and Support Isn't Helping!",https://www.reddit.com/r/Coimbatore/comments/1fstfw0/my_bgmi_account_got_hacked_and_support_isnt/,phishing,"Phishing, Vishing, and Smishing",Phishing,VICTIM,NARCF6-00059.txt,City: Coimbatore | Author: u/Specialist-Olive6676 | Score: 1 | Reddit ID: 1fstfw0
w8jfbc,NARCF6-00060,2026-04-11,Soubhik Sarkar,Reddit r/Coimbatore,reddit.com,2022-07-26,Tamil Nadu woman loses Rs 4.2 lakh to EB phishing fraud,https://www.reddit.com/r/Coimbatore/comments/w8jfbc/tamil_nadu_woman_loses_rs_42_lakh_to_eb_phishing/,phishing,"Phishing, Vishing, and Smishing",Phishing,THIRD-PARTY,NARCF6-00060.txt,City: Coimbatore | Author: u/nowadayswow | Score: 1 | Reddit ID: w8jfbc
17dptto,NARCF6-00061,2026-04-11,Soubhik Sarkar,Reddit r/Coimbatore,reddit.com,2023-10-22,Rental bikes in coimbatore,https://www.reddit.com/r/Coimbatore/comments/17dptto/rental_bikes_in_coimbatore/,fake website,"Phishing, Vishing, and Smishing",Phishing,THIRD-PARTY,NARCF6-00061.txt,City: Coimbatore | Author: u/ConceptGreat3817 | Score: 1 | Reddit ID: 17dptto
1hjtfxt,NARCF6-00062,2026-04-11,Soubhik Sarkar,Reddit r/Coimbatore,reddit.com,2024-12-22,About Lineman and electrical repairs,https://www.reddit.com/r/Coimbatore/comments/1hjtfxt/about_lineman_and_electrical_repairs/,work from home scam,Investment and Trading Fraud,Task Scam,THIRD-PARTY,NARCF6-00062.txt,City: Coimbatore | Author: u/Ambitious_Motor_5689 | Score: 1 | Reddit ID: 1hjtfxt
18e8dti,NARCF6-00063,2026-04-11,Soubhik Sarkar,Reddit r/Coimbatore,reddit.com,2023-12-09,Coimbatore is one of the safest place to live - appreciation post,https://www.reddit.com/r/Coimbatore/comments/18e8dti/coimbatore_is_one_of_the_safest_place_to_live/,work from home scam,Investment and Trading Fraud,Task Scam,VICTIM,NARCF6-00063.txt,City: Coimbatore | Author: u/Routine_Extension_45 | Score: 1 | Reddit ID: 18e8dti
nze32a,NARCF6-00064,2026-04-11,Soubhik Sarkar,Reddit r/Coimbatore,reddit.com,2021-06-14,Data breach is happen in big company,https://www.reddit.com/r/Coimbatore/comments/nze32a/data_breach_is_happen_in_big_company/,data breach,Identity Theft and Data Breach,Data Breach,THIRD-PARTY,NARCF6-00064.txt,City: Coimbatore | Author: u/Tech-unleash-freaker | Score: 1 | Reddit ID: nze32a
z3it37,NARCF6-00065,2026-04-11,Soubhik Sarkar,Reddit r/Coimbatore,reddit.com,2022-11-24,Honey Trap: Malay Mallus family Vlog couple arrested for Cheating Money,https://www.reddit.com/r/Coimbatore/comments/z3it37/honey_trap_malay_mallus_family_vlog_couple/,honey trap,Social Engineering and Romance/Sextortion,Romance Scam,THIRD-PARTY,NARCF6-00065.txt,City: Coimbatore | Author: u/NoOneTamilNews | Score: 1 | Reddit ID: z3it37
1h4knu2,NARCF6-00066,2026-04-11,Soubhik Sarkar,Reddit r/Coimbatore,reddit.com,2024-12-02,Kongu Wedding Food festival ,https://www.reddit.com/r/Coimbatore/comments/1h4knu2/kongu_wedding_food_festival/,refund scam,E-Commerce and Delivery Fraud,E-Commerce Fraud,THIRD-PARTY,NARCF6-00066.txt,City: Coimbatore | Author: u/Pepper_Kalaki | Score: 1 | Reddit ID: 1h4knu2
14my2bx,NARCF6-00067,2026-04-11,Soubhik Sarkar,Reddit r/Coimbatore,reddit.com,2023-06-30,Beware of New bike scam in showroom,https://www.reddit.com/r/Coimbatore/comments/14my2bx/beware_of_new_bike_scam_in_showroom/,refund scam,E-Commerce and Delivery Fraud,E-Commerce Fraud,NEAR-MISS,NARCF6-00067.txt,City: Coimbatore | Author: u/Maleficent_Impact_55 | Score: 8 | Reddit ID: 14my2bx
1k90rmr,NARCF6-00068,2026-04-11,Soubhik Sarkar,Reddit r/Jabalpur,reddit.com,2025-04-27,First-time Seller on OLX Nearly Fell for a Scam – Beware of This Scam Tactic!,https://www.reddit.com/r/Jabalpur/comments/1k90rmr/firsttime_seller_on_olx_nearly_fell_for_a_scam/,cyber crime,General Cybercrime / Cyber Fraud Terms,General Cybercrime,VICTIM,NARCF6-00068.txt,City: Jabalpur | Author: u/Working_Low_6870 | Score: 1 | Reddit ID: 1k90rmr
1i85lah,NARCF6-00069,2026-04-11,Soubhik Sarkar,Reddit r/Jabalpur,reddit.com,2025-01-23,Victim account blocked by Cyber Crime,https://www.reddit.com/r/Jabalpur/comments/1i85lah/victim_account_blocked_by_cyber_crime/,cyber crime,General Cybercrime / Cyber Fraud Terms,General Cybercrime,THIRD-PARTY,NARCF6-00069.txt,City: Jabalpur | Author: u/Shantanu_BWC | Score: 1 | Reddit ID: 1i85lah
1jr5ddl,NARCF6-00070,2026-04-11,Soubhik Sarkar,Reddit r/Jabalpur,reddit.com,2025-04-04,Scam vali post dekhke ek aur scam ki yaad aagai,https://www.reddit.com/r/Jabalpur/comments/1jr5ddl/scam_vali_post_dekhke_ek_aur_scam_ki_yaad_aagai/,online scam,General Cybercrime / Cyber Fraud Terms,Cyber Scam,THIRD-PARTY,NARCF6-00070.txt,City: Jabalpur | Author: u/rationomirth_ | Score: 1 | Reddit ID: 1jr5ddl
1cjzhac,NARCF6-00071,2026-04-11,Soubhik Sarkar,Reddit r/Jabalpur,reddit.com,2024-05-04,Help ,https://www.reddit.com/r/Jabalpur/comments/1cjzhac/help/,online scam,General Cybercrime / Cyber Fraud Terms,Cyber Scam,VICTIM,NARCF6-00071.txt,City: Jabalpur | Author: u/AdditionNo9765 | Score: 1 | Reddit ID: 1cjzhac
1k8f0mk,NARCF6-00072,2026-04-11,Soubhik Sarkar,Reddit r/Jabalpur,reddit.com,2025-04-26,"Jabalpur (MP): Woman and Lover Arrested for ₹38 Lakh Fraud, Duped Husband and In Laws with Fake Govt. Job Promises and Fake Gold",https://www.reddit.com/r/Jabalpur/comments/1k8f0mk/jabalpur_mp_woman_and_lover_arrested_for_38_lakh/,fake arrest,Digital Arrest Scam,Digital Arrest,VICTIM,NARCF6-00072.txt,City: Jabalpur | Author: u/SquaredAndRooted | Score: 1 | Reddit ID: 1k8f0mk
1gom60v,NARCF6-00073,2026-04-11,Soubhik Sarkar,Reddit r/Jabalpur,reddit.com,2024-11-11,Please read this- propoganda against Jabalpur ,https://www.reddit.com/r/Jabalpur/comments/1gom60v/please_read_this_propoganda_against_jabalpur/,fake website,"Phishing, Vishing, and Smishing",Phishing,THIRD-PARTY,NARCF6-00073.txt,City: Jabalpur | Author: u/International_Cake15 | Score: 1 | Reddit ID: 1gom60v
1ip5g1q,NARCF6-00074,2026-04-11,Soubhik Sarkar,Reddit r/Jabalpur,reddit.com,2025-02-14,Scooty rental,https://www.reddit.com/r/Jabalpur/comments/1ip5g1q/scooty_rental/,fraud call,"Phishing, Vishing, and Smishing",Vishing,THIRD-PARTY,NARCF6-00074.txt,City: Jabalpur | Author: u/-Yureadingthisbro- | Score: 1 | Reddit ID: 1ip5g1q
1bzqe7h,NARCF6-00075,2026-04-11,Soubhik Sarkar,Reddit r/Jabalpur,reddit.com,2024-04-09,I lost everything ,https://www.reddit.com/r/Jabalpur/comments/1bzqe7h/i_lost_everything/,loan app fraud,Online Lending and Loan App Fraud,Loan App Fraud,VICTIM,NARCF6-00075.txt,City: Jabalpur | Author: u/ApplicationWitty4430 | Score: 1 | Reddit ID: 1bzqe7h
1js6tea,NARCF6-00076,2026-04-11,Soubhik Sarkar,Reddit r/Jabalpur,reddit.com,2025-04-05,"Tried to help strangers , got scammed and molested in return.",https://www.reddit.com/r/Jabalpur/comments/1js6tea/tried_to_help_strangers_got_scammed_and_molested/,work from home scam,Investment and Trading Fraud,Task Scam,VICTIM,NARCF6-00076.txt,City: Jabalpur | Author: u/Ok_Profit_1838 | Score: 1 | Reddit ID: 1js6tea
1imqari,NARCF6-00077,2026-04-11,Soubhik Sarkar,Reddit r/Jabalpur,reddit.com,2025-02-11,Myntra🥲,https://www.reddit.com/r/Jabalpur/comments/1imqari/myntra/,refund scam,E-Commerce and Delivery Fraud,E-Commerce Fraud,THIRD-PARTY,NARCF6-00077.txt,City: Jabalpur | Author: u/NoEscape6133 | Score: 1 | Reddit ID: 1imqari
1i892mu,NARCF6-00078,2026-04-11,Soubhik Sarkar,Reddit r/Jabalpur,reddit.com,2025-01-23,Piyush Mishra - Ghaat Festival,https://www.reddit.com/r/Jabalpur/comments/1i892mu/piyush_mishra_ghaat_festival/,refund scam,E-Commerce and Delivery Fraud,E-Commerce Fraud,NEAR-MISS,NARCF6-00078.txt,City: Jabalpur | Author: u/Cheap_Ad_2748 | Score: 1 | Reddit ID: 1i892mu
1j487b1,NARCF6-00079,2026-04-11,Soubhik Sarkar,Reddit r/Gwalior,reddit.com,2025-03-05,20 din  mai 20 cr,https://www.reddit.com/r/gwalior/comments/1j487b1/20_din_mai_20_cr/,cyber crime,General Cybercrime / Cyber Fraud Terms,General Cybercrime,THIRD-PARTY,NARCF6-00079.txt,City: Gwalior | Author: u/Successful_Smell_589 | Score: 2 | Reddit ID: 1j487b1
1kfufe0,NARCF6-00080,2026-04-11,Soubhik Sarkar,Reddit r/Gwalior,reddit.com,2025-05-06,Genuinely helping: coz hardly any student is aware about this,https://www.reddit.com/r/gwalior/comments/1kfufe0/genuinely_helping_coz_hardly_any_student_is_aware/,online scam,General Cybercrime / Cyber Fraud Terms,Cyber Scam,THIRD-PARTY,NARCF6-00080.txt,City: Gwalior | Author: u/GuluGulu420si | Score: 1 | Reddit ID: 1kfufe0
1js73xd,NARCF6-00081,2026-04-11,Soubhik Sarkar,Reddit r/Gwalior,reddit.com,2025-04-05,"Elderly Woman and Her Son Brutally Assaulted by Daughter-in-Law and Her Family in Gwalior, MP (Caught on CCTV)",https://www.reddit.com/r/gwalior/comments/1js73xd/elderly_woman_and_her_son_brutally_assaulted_by/,video call arrest,Digital Arrest Scam,Digital Arrest,THIRD-PARTY,NARCF6-00081.txt,City: Gwalior | Author: u/SquaredAndRooted | Score: 1 | Reddit ID: 1js73xd
1hx9qwg,NARCF6-00082,2026-04-11,Soubhik Sarkar,Reddit r/Gwalior,reddit.com,2025-01-09,Lallantop Interviewed Gwalior's real life hero Ashish Chaturvedi,https://www.reddit.com/r/gwalior/comments/1hx9qwg/lallantop_interviewed_gwaliors_real_life_hero/,video call scam,Digital Arrest Scam,Video Call Coercion,THIRD-PARTY,NARCF6-00082.txt,City: Gwalior | Author: u/alok29 | Score: 11 | Reddit ID: 1hx9qwg
1helq3n,NARCF6-00083,2026-04-11,Soubhik Sarkar,Reddit r/Gwalior,reddit.com,2024-12-15,Fake reviews for wendy's!,https://www.reddit.com/r/gwalior/comments/1helq3n/fake_reviews_for_wendys/,fake delivery,E-Commerce and Delivery Fraud,Delivery Fraud,THIRD-PARTY,NARCF6-00083.txt,City: Gwalior | Author: u/medhanshus | Score: 1 | Reddit ID: 1helq3n
1kg5y56,NARCF6-00084,2026-04-11,Soubhik Sarkar,Reddit r/Vijayawada,reddit.com,2025-05-06,Genuinely Helping Vijayawada family: coz hardly any student is aware about it.,https://www.reddit.com/r/vijayawada/comments/1kg5y56/genuinely_helping_vijayawada_family_coz_hardly/,online scam,General Cybercrime / Cyber Fraud Terms,Cyber Scam,THIRD-PARTY,NARCF6-00084.txt,City: Vijayawada | Author: u/GuluGulu420si | Score: 1 | Reddit ID: 1kg5y56
1iobahm,NARCF6-00085,2026-04-11,Soubhik Sarkar,Reddit r/Vijayawada,reddit.com,2025-02-13,Anyone knows reselling electronics shops?,https://www.reddit.com/r/vijayawada/comments/1iobahm/anyone_knows_reselling_electronics_shops/,online scam,General Cybercrime / Cyber Fraud Terms,Cyber Scam,THIRD-PARTY,NARCF6-00085.txt,City: Vijayawada | Author: u/NoraEmiE | Score: 1 | Reddit ID: 1iobahm
16thzat,NARCF6-00086,2026-04-11,Soubhik Sarkar,Reddit r/Vijayawada,reddit.com,2023-09-27,I'm a foreigner who wants to move to Vijawada for a handful of years to destress with a lower cost of living than overseas. I have a few questions,https://www.reddit.com/r/vijayawada/comments/16thzat/im_a_foreigner_who_wants_to_move_to_vijawada_for/,fake website,"Phishing, Vishing, and Smishing",Phishing,THIRD-PARTY,NARCF6-00086.txt,City: Vijayawada | Author: u/ProtectTheHomeless | Score: 1 | Reddit ID: 16thzat
1h1ery4,NARCF6-00087,2026-04-11,Soubhik Sarkar,Reddit r/Vijayawada,reddit.com,2024-11-28,Fraud with call girl(so called),https://www.reddit.com/r/vijayawada/comments/1h1ery4/fraud_with_call_girlso_called/,fraud call,"Phishing, Vishing, and Smishing",Vishing,NEAR-MISS,NARCF6-00087.txt,City: Vijayawada | Author: u/Complex-Impress-9885 | Score: 1 | Reddit ID: 1h1ery4
1bz5r2k,NARCF6-00088,2026-04-11,Soubhik Sarkar,Reddit r/Madurai,reddit.com,2024-04-09,I paid the price for someone's actions ,https://www.reddit.com/r/Madurai/comments/1bz5r2k/i_paid_the_price_for_someones_actions/,fraud call,"Phishing, Vishing, and Smishing",Vishing,THIRD-PARTY,NARCF6-00088.txt,City: Madurai | Author: u/One_Kick3725 | Score: 1 | Reddit ID: 1bz5r2k
1hy1hng,NARCF6-00089,2026-04-11,Soubhik Sarkar,Reddit r/Madurai,reddit.com,2025-01-10,BNI SCAMS IN MADURAI,https://www.reddit.com/r/Madurai/comments/1hy1hng/bni_scams_in_madurai/,trust scam,Social Engineering and Romance/Sextortion,Social Engineering,THIRD-PARTY,NARCF6-00089.txt,City: Madurai | Author: u/indianhobo89 | Score: 1 | Reddit ID: 1hy1hng
z3iuu2,NARCF6-00090,2026-04-11,Soubhik Sarkar,Reddit r/Madurai,reddit.com,2022-11-24,Honey Trap: Malay Mallus family Vlog couple arrested for Cheating Money,https://www.reddit.com/r/Madurai/comments/z3iuu2/honey_trap_malay_mallus_family_vlog_couple/,honey trap,Social Engineering and Romance/Sextortion,Romance Scam,THIRD-PARTY,NARCF6-00090.txt,City: Madurai | Author: u/NoOneTamilNews | Score: 1 | Reddit ID: z3iuu2
1em32gk,NARCF6-00091,2026-04-11,Soubhik Sarkar,Reddit r/Madurai,reddit.com,2024-08-07,I was molested and sextorted at a spa in Madurai,https://www.reddit.com/r/Madurai/comments/1em32gk/i_was_molested_and_sextorted_at_a_spa_in_madurai/,sextortion,Social Engineering and Romance/Sextortion,Sextortion,NEAR-MISS,NARCF6-00091.txt,City: Madurai | Author: u/FootlooseBala | Score: 1 | Reddit ID: 1em32gk
1em1w42,NARCF6-00092,2026-04-11,Soubhik Sarkar,Reddit r/Madurai,reddit.com,2024-08-07,I was molested and sextorted at a spa in Madurai,https://www.reddit.com/r/Madurai/comments/1em1w42/i_was_molested_and_sextorted_at_a_spa_in_madurai/,sextortion,Social Engineering and Romance/Sextortion,Sextortion,NEAR-MISS,NARCF6-00092.txt,City: Madurai | Author: u/want_to_feel_better | Score: 1 | Reddit ID: 1em1w42
1dly3st,NARCF6-00093,2026-04-11,Soubhik Sarkar,Reddit r/Madurai,reddit.com,2024-06-22,BG Naidu Scam,https://www.reddit.com/r/Madurai/comments/1dly3st/bg_naidu_scam/,parcel scam,E-Commerce and Delivery Fraud,Delivery Fraud,THIRD-PARTY,NARCF6-00093.txt,City: Madurai | Author: u/Raghul_Tg | Score: 1 | Reddit ID: 1dly3st
1avkdve,NARCF6-00094,2026-04-11,Soubhik Sarkar,Reddit r/Madurai,reddit.com,2024-02-20,Request - r/madurai should be a safe space for everyone,https://www.reddit.com/r/Madurai/comments/1avkdve/request_rmadurai_should_be_a_safe_space_for/,online harassment,Emerging and Miscellaneous Fraud Types,Cyber Stalking,THIRD-PARTY,NARCF6-00094.txt,City: Madurai | Author: u/Safe_Mushroom2409 | Score: 1 | Reddit ID: 1avkdve
1e2mq7p,NARCF6-00095,2026-04-11,Soubhik Sarkar,Reddit r/Guwahati,reddit.com,2024-07-14,Need suggestions of lawyers/intellectuals,https://www.reddit.com/r/guwahati/comments/1e2mq7p/need_suggestions_of_lawyersintellectuals/,cyber crime,General Cybercrime / Cyber Fraud Terms,General Cybercrime,THIRD-PARTY,NARCF6-00095.txt,City: Guwahati | Author: u/Right_Test_5749 | Score: 5 | Reddit ID: 1e2mq7p
1gzg9ph,NARCF6-00096,2026-04-11,Soubhik Sarkar,Reddit r/Guwahati,reddit.com,2024-11-25,Can anyone tell me how to speed up cybercrime complaint.dm me,https://www.reddit.com/r/guwahati/comments/1gzg9ph/can_anyone_tell_me_how_to_speed_up_cybercrime/,cybercrime,General Cybercrime / Cyber Fraud Terms,General Cybercrime,THIRD-PARTY,NARCF6-00096.txt,City: Guwahati | Author: u/West-General8596 | Score: 1 | Reddit ID: 1gzg9ph
pwgktx,NARCF6-00097,2026-04-11,Soubhik Sarkar,Reddit r/Guwahati,reddit.com,2021-09-27,"Assam records 10.1% cybercrime rate, higher than the national rate",https://www.reddit.com/r/guwahati/comments/pwgktx/assam_records_101_cybercrime_rate_higher_than_the/,cybercrime,General Cybercrime / Cyber Fraud Terms,General Cybercrime,THIRD-PARTY,NARCF6-00097.txt,City: Guwahati | Author: u/sentinelguwahati | Score: 1 | Reddit ID: pwgktx
1joypmc,NARCF6-00098,2026-04-11,Soubhik Sarkar,Reddit r/Guwahati,reddit.com,2025-04-01,"Love, Lies, and Loot: Serial Fraudster Dupes 10 Women, Scams ₹50 Lakh—Busted by Bhangagarh Police!",https://www.reddit.com/r/guwahati/comments/1joypmc/love_lies_and_loot_serial_fraudster_dupes_10/,online fraud,General Cybercrime / Cyber Fraud Terms,General Cybercrime,NEAR-MISS,NARCF6-00098.txt,City: Guwahati | Author: u/opinion_discarder | Score: 20 | Reddit ID: 1joypmc
1j4sx3k,NARCF6-00099,2026-04-11,Soubhik Sarkar,Reddit r/Guwahati,reddit.com,2025-03-06,Loan Officer Job from Job Consultancy,https://www.reddit.com/r/guwahati/comments/1j4sx3k/loan_officer_job_from_job_consultancy/,online fraud,General Cybercrime / Cyber Fraud Terms,General Cybercrime,THIRD-PARTY,NARCF6-00099.txt,City: Guwahati | Author: u/Livid_Comfort3138 | Score: 1 | Reddit ID: 1j4sx3k
1h02rsd,NARCF6-00100,2026-04-11,Soubhik Sarkar,Reddit r/Guwahati,reddit.com,2024-11-26,Canada to Guwahati,https://www.reddit.com/r/guwahati/comments/1h02rsd/canada_to_guwahati/,online scam,General Cybercrime / Cyber Fraud Terms,Cyber Scam,NEAR-MISS,NARCF6-00100.txt,City: Guwahati | Author: u/SplitReal8193 | Score: 1 | Reddit ID: 1h02rsd
1fvd58a,NARCF6-00101,2026-04-11,Soubhik Sarkar,Reddit r/Guwahati,reddit.com,2024-10-03,Diljit Dosanjh Guwahati concert tickets available ,https://www.reddit.com/r/guwahati/comments/1fvd58a/diljit_dosanjh_guwahati_concert_tickets_available/,online scam,General Cybercrime / Cyber Fraud Terms,Cyber Scam,THIRD-PARTY,NARCF6-00101.txt,City: Guwahati | Author: u/gasdajew88 | Score: 1 | Reddit ID: 1fvd58a
1dwni59,NARCF6-00102,2026-04-11,Soubhik Sarkar,Reddit r/Guwahati,reddit.com,2024-07-06,Scam? Or am I overthinking?,https://www.reddit.com/r/guwahati/comments/1dwni59/scam_or_am_i_overthinking/,online scam,General Cybercrime / Cyber Fraud Terms,Cyber Scam,THIRD-PARTY,NARCF6-00102.txt,City: Guwahati | Author: u/Giliiin | Score: 5 | Reddit ID: 1dwni59
1ikwp19,NARCF6-00103,2026-04-11,Soubhik Sarkar,Reddit r/Guwahati,reddit.com,2025-02-09,I helped my friend's EX.,https://www.reddit.com/r/guwahati/comments/1ikwp19/i_helped_my_friends_ex/,online cheating,General Cybercrime / Cyber Fraud Terms,Cyber Scam,THIRD-PARTY,NARCF6-00103.txt,City: Guwahati | Author: u/prativafromjune | Score: 1 | Reddit ID: 1ikwp19
1db7pof,NARCF6-00104,2026-04-11,Soubhik Sarkar,Reddit r/Guwahati,reddit.com,2024-06-08,Beware of Payment Scams in Shared Cabs,https://www.reddit.com/r/guwahati/comments/1db7pof/beware_of_payment_scams_in_shared_cabs/,UPI scam,UPI and Digital Payment Fraud,UPI Fraud,NEAR-MISS,NARCF6-00104.txt,City: Guwahati | Author: u/Trading_Elephant | Score: 1 | Reddit ID: 1db7pof
1henry2,NARCF6-00105,2026-04-11,Soubhik Sarkar,Reddit r/Guwahati,reddit.com,2024-12-15,New Delivery 🚚 scams in Guwahati ,https://www.reddit.com/r/guwahati/comments/1henry2/new_delivery_scams_in_guwahati/,QR code scam,UPI and Digital Payment Fraud,QR Code Fraud,VICTIM,NARCF6-00105.txt,City: Guwahati | Author: u/NoConstruction2076 | Score: 1 | Reddit ID: 1henry2
1guybqm,NARCF6-00106,2026-04-11,Soubhik Sarkar,Reddit r/Guwahati,reddit.com,2024-11-19,🚨SCAM ALERT!!!!!,https://www.reddit.com/r/guwahati/comments/1guybqm/scam_alert/,collect request scam,UPI and Digital Payment Fraud,Payment Link Fraud,THIRD-PARTY,NARCF6-00106.txt,City: Guwahati | Author: u/void1306 | Score: 32 | Reddit ID: 1guybqm
1dlpi8w,NARCF6-00107,2026-04-11,Soubhik Sarkar,Reddit r/Guwahati,reddit.com,2024-06-22,Assam Don Bosco University ,https://www.reddit.com/r/guwahati/comments/1dlpi8w/assam_don_bosco_university/,e-wallet scam,UPI and Digital Payment Fraud,Mobile Wallet Fraud,THIRD-PARTY,NARCF6-00107.txt,City: Guwahati | Author: u/Sea_Caramel_6714 | Score: 1 | Reddit ID: 1dlpi8w
1ajdp8r,NARCF6-00108,2026-04-11,Soubhik Sarkar,Reddit r/Guwahati,reddit.com,2024-02-05,Anyone lost and confused in life lately? Lets talk about it.,https://www.reddit.com/r/guwahati/comments/1ajdp8r/anyone_lost_and_confused_in_life_lately_lets_talk/,e-wallet scam,UPI and Digital Payment Fraud,Mobile Wallet Fraud,THIRD-PARTY,NARCF6-00108.txt,City: Guwahati | Author: u/Grouchy-Plan-2744 | Score: 1 | Reddit ID: 1ajdp8r
mo6qm7,NARCF6-00109,2026-04-11,Soubhik Sarkar,Reddit r/Guwahati,reddit.com,2021-04-10,Delhi Police Arrest Guwahati Resident for Duping People with Fake Online Job Ads,https://www.reddit.com/r/guwahati/comments/mo6qm7/delhi_police_arrest_guwahati_resident_for_duping/,fake arrest,Digital Arrest Scam,Digital Arrest,THIRD-PARTY,NARCF6-00109.txt,City: Guwahati | Author: u/sentinelguwahati | Score: 2 | Reddit ID: mo6qm7
1dohhwm,NARCF6-00110,2026-04-11,Soubhik Sarkar,Reddit r/Guwahati,reddit.com,2024-06-26,Awareness.,https://www.reddit.com/r/guwahati/comments/1dohhwm/awareness/,video call scam,Digital Arrest Scam,Video Call Coercion,THIRD-PARTY,NARCF6-00110.txt,City: Guwahati | Author: u/Right_Test_5749 | Score: 1 | Reddit ID: 1dohhwm
1jrwqz9,NARCF6-00111,2026-04-11,Soubhik Sarkar,Reddit r/Guwahati,reddit.com,2025-04-05,"Do you know Purbanshi Gogoi from Guwahati, check her pics and if know her connect to me",https://www.reddit.com/r/guwahati/comments/1jrwqz9/do_you_know_purbanshi_gogoi_from_guwahati_check/,fraud call,"Phishing, Vishing, and Smishing",Vishing,THIRD-PARTY,NARCF6-00111.txt,City: Guwahati | Author: u/Different-Swimmer-55 | Score: 1 | Reddit ID: 1jrwqz9
1dgp0z4,NARCF6-00112,2026-04-11,Soubhik Sarkar,Reddit r/Guwahati,reddit.com,2024-06-16,Stock market wave in Guwahati ,https://www.reddit.com/r/guwahati/comments/1dgp0z4/stock_market_wave_in_guwahati/,stock market scam,Investment and Trading Fraud,Stock Market Fraud,THIRD-PARTY,NARCF6-00112.txt,City: Guwahati | Author: u/deepanjal | Score: 1 | Reddit ID: 1dgp0z4
1jfo2sh,NARCF6-00113,2026-04-11,Soubhik Sarkar,Reddit r/Guwahati,reddit.com,2025-03-20,What Private job can I get in Guwahati??,https://www.reddit.com/r/guwahati/comments/1jfo2sh/what_private_job_can_i_get_in_guwahati/,part time job scam,Investment and Trading Fraud,Task Scam,THIRD-PARTY,NARCF6-00113.txt,City: Guwahati | Author: u/ComprehensiveRain643 | Score: 1 | Reddit ID: 1jfo2sh
1i5opkr,NARCF6-00114,2026-04-11,Soubhik Sarkar,Reddit r/Guwahati,reddit.com,2025-01-20,"Hi, moi rendi khana (spa) kisuman r location janu. Kunuba lora/manuh r jodi interest ase sex koribo, moi help koribo paru...",https://www.reddit.com/r/guwahati/comments/1i5opkr/hi_moi_rendi_khana_spa_kisuman_r_location_janu/,trust scam,Social Engineering and Romance/Sextortion,Social Engineering,THIRD-PARTY,NARCF6-00114.txt,City: Guwahati | Author: u/Happy-Market-2751 | Score: 0 | Reddit ID: 1i5opkr
1gibl06,NARCF6-00115,2026-04-11,Soubhik Sarkar,Reddit r/Guwahati,reddit.com,2024-11-03,Travel tips for kamakhya temple (how not to get scammed),https://www.reddit.com/r/guwahati/comments/1gibl06/travel_tips_for_kamakhya_temple_how_not_to_get/,trust scam,Social Engineering and Romance/Sextortion,Social Engineering,THIRD-PARTY,NARCF6-00115.txt,City: Guwahati | Author: u/Charming-Exercise-94 | Score: 1 | Reddit ID: 1gibl06
1ea71yw,NARCF6-00116,2026-04-11,Soubhik Sarkar,Reddit r/Guwahati,reddit.com,2024-07-23,PC repair shop suggestions,https://www.reddit.com/r/guwahati/comments/1ea71yw/pc_repair_shop_suggestions/,trust scam,Social Engineering and Romance/Sextortion,Social Engineering,THIRD-PARTY,NARCF6-00116.txt,City: Guwahati | Author: u/Lost-Refrigerator231 | Score: 1 | Reddit ID: 1ea71yw
1jo391w,NARCF6-00117,2026-04-11,Soubhik Sarkar,Reddit r/Guwahati,reddit.com,2025-03-31,"Purbanshi Gogoi from Dibrugarh Assam, who studied in PCPS POLYTECHNIC girlsCOLLEGE scammer Gold digger, in a video cam, honey trapping men. Her reality in this link https://youtu.be/eg2OhBOEvzY?si=O6w1WyJMPSlGTQid",https://www.reddit.com/r/guwahati/comments/1jo391w/purbanshi_gogoi_from_dibrugarh_assam_who_studied/,honey trap,Social Engineering and Romance/Sextortion,Romance Scam,THIRD-PARTY,NARCF6-00117.txt,City: Guwahati | Author: u/Different-Swimmer-55 | Score: 1 | Reddit ID: 1jo391w
1khxpu3,NARCF6-00118,2026-04-11,Soubhik Sarkar,Reddit r/Chandigarh,reddit.com,2025-05-09,[MEGATHREAD] India-Pakistan Conflict - Chandigarh - SAFETY AND SECURITY UPDATES,https://www.reddit.com/r/Chandigarh/comments/1khxpu3/megathread_indiapakistan_conflict_chandigarh/,cyber crime,General Cybercrime / Cyber Fraud Terms,General Cybercrime,NEAR-MISS,NARCF6-00118.txt,City: Chandigarh | Author: u/Ghostaflux | Score: 1 | Reddit ID: 1khxpu3
1jvzd01,NARCF6-00119,2026-04-11,Soubhik Sarkar,Reddit r/Chandigarh,reddit.com,2025-04-10,beware of fake cyber fraud branch employees,https://www.reddit.com/r/Chandigarh/comments/1jvzd01/beware_of_fake_cyber_fraud_branch_employees/,cyber crime,General Cybercrime / Cyber Fraud Terms,General Cybercrime,NEAR-MISS,NARCF6-00119.txt,City: Chandigarh | Author: u/These_Toe_5539 | Score: 1 | Reddit ID: 1jvzd01
1gloka9,NARCF6-00120,2026-04-11,Soubhik Sarkar,Reddit r/Chandigarh,reddit.com,2024-11-07,Scammed,https://www.reddit.com/r/Chandigarh/comments/1gloka9/scammed/,cyber crime,General Cybercrime / Cyber Fraud Terms,General Cybercrime,VICTIM,NARCF6-00120.txt,City: Chandigarh | Author: u/AssistanceTotal361 | Score: 1 | Reddit ID: 1gloka9
1ebuf34,NARCF6-00121,2026-04-11,Soubhik Sarkar,Reddit r/Chandigarh,reddit.com,2024-07-25,"Found info about stolen phone
",https://www.reddit.com/r/Chandigarh/comments/1ebuf34/found_info_about_stolen_phone/,cyber crime,General Cybercrime / Cyber Fraud Terms,General Cybercrime,VICTIM,NARCF6-00121.txt,City: Chandigarh | Author: u/Infinite_singularity | Score: 1 | Reddit ID: 1ebuf34
1cf1ykk,NARCF6-00122,2026-04-11,Soubhik Sarkar,Reddit r/Chandigarh,reddit.com,2024-04-28,How good is chandigarh police cyber crime branch? Asking for a friend. ,https://www.reddit.com/r/Chandigarh/comments/1cf1ykk/how_good_is_chandigarh_police_cyber_crime_branch/,cyber crime,General Cybercrime / Cyber Fraud Terms,General Cybercrime,THIRD-PARTY,NARCF6-00122.txt,City: Chandigarh | Author: u/barracuda0001 | Score: 1 | Reddit ID: 1cf1ykk
1510w8l,NARCF6-00123,2026-04-11,Soubhik Sarkar,Reddit r/Chandigarh,reddit.com,2023-07-16,Does anyone know where to report cyber crime in Chandigarh?,https://www.reddit.com/r/Chandigarh/comments/1510w8l/does_anyone_know_where_to_report_cyber_crime_in/,cyber crime,General Cybercrime / Cyber Fraud Terms,General Cybercrime,THIRD-PARTY,NARCF6-00123.txt,City: Chandigarh | Author: u/Professional_Lie5352 | Score: 2 | Reddit ID: 1510w8l
1jilgms,NARCF6-00124,2026-04-11,Soubhik Sarkar,Reddit r/Chandigarh,reddit.com,2025-03-24,Are police officials allowed to raise hands on minors ( age 17 ),https://www.reddit.com/r/Chandigarh/comments/1jilgms/are_police_officials_allowed_to_raise_hands_on/,cybercrime,General Cybercrime / Cyber Fraud Terms,General Cybercrime,THIRD-PARTY,NARCF6-00124.txt,City: Chandigarh | Author: u/Hot-Caterpillar-7704 | Score: 23 | Reddit ID: 1jilgms
1bhoqsw,NARCF6-00125,2026-04-11,Soubhik Sarkar,Reddit r/Chandigarh,reddit.com,2024-03-18,Please help me!,https://www.reddit.com/r/Chandigarh/comments/1bhoqsw/please_help_me/,cybercrime,General Cybercrime / Cyber Fraud Terms,General Cybercrime,THIRD-PARTY,NARCF6-00125.txt,City: Chandigarh | Author: u/Do-not_Know_Who | Score: 1 | Reddit ID: 1bhoqsw
1jxzxzw,NARCF6-00126,2026-04-11,Soubhik Sarkar,Reddit r/Chandigarh,reddit.com,2025-04-13,"Cyber police cracks `3.66-crore online share market fraud, arrests accused from Tihar Jail",https://www.reddit.com/r/Chandigarh/comments/1jxzxzw/cyber_police_cracks_366crore_online_share_market/,cyber fraud,General Cybercrime / Cyber Fraud Terms,General Cybercrime,THIRD-PARTY,NARCF6-00126.txt,City: Chandigarh | Author: u/Cybertronian1512 | Score: 1 | Reddit ID: 1jxzxzw
1gwahsi,NARCF6-00127,2026-04-11,Soubhik Sarkar,Reddit r/Chandigarh,reddit.com,2024-11-21,Olx fraud,https://www.reddit.com/r/Chandigarh/comments/1gwahsi/olx_fraud/,cyber fraud,General Cybercrime / Cyber Fraud Terms,General Cybercrime,NEAR-MISS,NARCF6-00127.txt,City: Chandigarh | Author: u/Honest_Particular_56 | Score: 1 | Reddit ID: 1gwahsi
10pwce4,NARCF6-00128,2026-04-11,Soubhik Sarkar,Reddit r/Chandigarh,reddit.com,2023-01-31,Do you know about the cyber frauds in Chandigarh?,https://www.reddit.com/r/Chandigarh/comments/10pwce4/do_you_know_about_the_cyber_frauds_in_chandigarh/,cyber fraud,General Cybercrime / Cyber Fraud Terms,General Cybercrime,THIRD-PARTY,NARCF6-00128.txt,City: Chandigarh | Author: u/CityWooferBlog | Score: 5 | Reddit ID: 10pwce4
sgxlne,NARCF6-00129,2026-04-11,Soubhik Sarkar,Reddit r/Chandigarh,reddit.com,2022-01-31,Credit Card fraud,https://www.reddit.com/r/Chandigarh/comments/sgxlne/credit_card_fraud/,cyber fraud,General Cybercrime / Cyber Fraud Terms,General Cybercrime,THIRD-PARTY,NARCF6-00129.txt,City: Chandigarh | Author: u/Vipin269120 | Score: 13 | Reddit ID: sgxlne
1kalr7u,NARCF6-00130,2026-04-11,Soubhik Sarkar,Reddit r/Chandigarh,reddit.com,2025-04-29,Broker Pretended to Be Landlord’s Relative - Kharar Rental Scam,https://www.reddit.com/r/Chandigarh/comments/1kalr7u/broker_pretended_to_be_landlords_relative_kharar/,online fraud,General Cybercrime / Cyber Fraud Terms,General Cybercrime,THIRD-PARTY,NARCF6-00130.txt,City: Chandigarh | Author: u/MeNorthernPanda | Score: 1 | Reddit ID: 1kalr7u
16iboo9,NARCF6-00131,2026-04-11,Soubhik Sarkar,Reddit r/Chandigarh,reddit.com,2023-09-14,"A possible scam was being perpetrated on r/chandigarh using the excuse of scientific advancement. If you are a reader interested in avoiding online scams / or an unfortunate victim of an online scam this is a book recommendation for you - ""Cyber Encounters-Cops Adventures with Online Criminals""",https://www.reddit.com/r/Chandigarh/comments/16iboo9/a_possible_scam_was_being_perpetrated_on/,cyber scam,General Cybercrime / Cyber Fraud Terms,Cyber Scam,THIRD-PARTY,NARCF6-00131.txt,City: Chandigarh | Author: u/Maddragon0088 | Score: 1 | Reddit ID: 16iboo9
1kgqcbx,NARCF6-00132,2026-04-11,Soubhik Sarkar,Reddit r/Chandigarh,reddit.com,2025-05-07,Genuinely Helping chandigarh folks: coz no student is aware about it (public awareness),https://www.reddit.com/r/Chandigarh/comments/1kgqcbx/genuinely_helping_chandigarh_folks_coz_no_student/,online scam,General Cybercrime / Cyber Fraud Terms,Cyber Scam,THIRD-PARTY,NARCF6-00132.txt,City: Chandigarh | Author: u/GuluGulu420si | Score: 1 | Reddit ID: 1kgqcbx
1jcd6i8,NARCF6-00133,2026-04-11,Soubhik Sarkar,Reddit r/Chandigarh,reddit.com,2025-03-16,Want to make easy 1000rs today?,https://www.reddit.com/r/Chandigarh/comments/1jcd6i8/want_to_make_easy_1000rs_today/,online scam,General Cybercrime / Cyber Fraud Terms,Cyber Scam,THIRD-PARTY,NARCF6-00133.txt,City: Chandigarh | Author: u/brokedia | Score: 1 | Reddit ID: 1jcd6i8
1i3bsb3,NARCF6-00134,2026-04-11,Soubhik Sarkar,Reddit r/Chandigarh,reddit.com,2025-01-17,Scam Alert ,https://www.reddit.com/r/Chandigarh/comments/1i3bsb3/scam_alert/,online scam,General Cybercrime / Cyber Fraud Terms,Cyber Scam,VICTIM,NARCF6-00134.txt,City: Chandigarh | Author: u/mohitxp1 | Score: 1 | Reddit ID: 1i3bsb3
1giectu,NARCF6-00135,2026-04-11,Soubhik Sarkar,Reddit r/Chandigarh,reddit.com,2024-11-03,HELP! - WhatsApp Stock Market Scam.,https://www.reddit.com/r/Chandigarh/comments/1giectu/help_whatsapp_stock_market_scam/,online scam,General Cybercrime / Cyber Fraud Terms,Cyber Scam,THIRD-PARTY,NARCF6-00135.txt,City: Chandigarh | Author: u/SnooGoats2271 | Score: 1 | Reddit ID: 1giectu
1ge294x,NARCF6-00136,2026-04-11,Soubhik Sarkar,Reddit r/Chandigarh,reddit.com,2024-10-28,Banger Carnival Offer ( Divine ),https://www.reddit.com/r/Chandigarh/comments/1ge294x/banger_carnival_offer_divine/,online scam,General Cybercrime / Cyber Fraud Terms,Cyber Scam,THIRD-PARTY,NARCF6-00136.txt,City: Chandigarh | Author: u/Akshit_Chauhan | Score: 1 | Reddit ID: 1ge294x
1i3yyad,NARCF6-00137,2026-04-11,Soubhik Sarkar,Reddit r/Chandigarh,reddit.com,2025-01-18,Is this a scam. What should I do now ,https://www.reddit.com/r/Chandigarh/comments/1i3yyad/is_this_a_scam_what_should_i_do_now/,internet scam,General Cybercrime / Cyber Fraud Terms,Cyber Scam,VICTIM,NARCF6-00137.txt,City: Chandigarh | Author: u/TheIconic7 | Score: 1 | Reddit ID: 1i3yyad
1hb0ubo,NARCF6-00138,2026-04-11,Soubhik Sarkar,Reddit r/Chandigarh,reddit.com,2024-12-10,🚨What is this kidney scam? Everyone here talking about? 🚨,https://www.reddit.com/r/Chandigarh/comments/1hb0ubo/what_is_this_kidney_scam_everyone_here_talking/,internet scam,General Cybercrime / Cyber Fraud Terms,Cyber Scam,THIRD-PARTY,NARCF6-00138.txt,City: Chandigarh | Author: u/RevealInteresting831 | Score: 0 | Reddit ID: 1hb0ubo
1dabpl4,NARCF6-00139,2026-04-11,Soubhik Sarkar,Reddit r/Chandigarh,reddit.com,2024-06-07,Help me find students in chandigarh!,https://www.reddit.com/r/Chandigarh/comments/1dabpl4/help_me_find_students_in_chandigarh/,internet scam,General Cybercrime / Cyber Fraud Terms,Cyber Scam,THIRD-PARTY,NARCF6-00139.txt,City: Chandigarh | Author: u/Blackberry4021 | Score: 1 | Reddit ID: 1dabpl4
17ofdn9,NARCF6-00140,2026-04-11,Soubhik Sarkar,Reddit r/Chandigarh,reddit.com,2023-11-05,New account being made by *apist hindutva IT cel and trolls to larp fake stories and spread disinformation on these subs to harras minority sikhs punjabs/punjabis holy sites just like it happens in real life,https://www.reddit.com/r/Chandigarh/comments/17ofdn9/new_account_being_made_by_apist_hindutva_it_cel/,internet scam,General Cybercrime / Cyber Fraud Terms,Cyber Scam,THIRD-PARTY,NARCF6-00140.txt,City: Chandigarh | Author: u/khalistanPANJAaB | Score: 1 | Reddit ID: 17ofdn9
l56btt,NARCF6-00141,2026-04-11,Soubhik Sarkar,Reddit r/Chandigarh,reddit.com,2021-01-26,"STOP paying ""study abroad"" agents for going to Canada, or anywhere. Use digital products and common sense.",https://www.reddit.com/r/Chandigarh/comments/l56btt/stop_paying_study_abroad_agents_for_going_to/,internet scam,General Cybercrime / Cyber Fraud Terms,Cyber Scam,THIRD-PARTY,NARCF6-00141.txt,City: Chandigarh | Author: u/dankinison | Score: 45 | Reddit ID: l56btt
1hdz50p,NARCF6-00142,2026-04-11,Soubhik Sarkar,Reddit r/Chandigarh,reddit.com,2024-12-14,Beware of Potential Fundraising Fraud: A User's Suspicious Activity Exposed,https://www.reddit.com/r/Chandigarh/comments/1hdz50p/beware_of_potential_fundraising_fraud_a_users/,UPI fraud,UPI and Digital Payment Fraud,UPI Fraud,NEAR-MISS,NARCF6-00142.txt,City: Chandigarh | Author: u/Objective_Trifle240 | Score: 1 | Reddit ID: 1hdz50p
1bi1fga,NARCF6-00143,2026-04-11,Soubhik Sarkar,Reddit r/Chandigarh,reddit.com,2024-03-19,Vrindavan Restored my Faith in Humanity! (Trip Update) ,https://www.reddit.com/r/Chandigarh/comments/1bi1fga/vrindavan_restored_my_faith_in_humanity_trip/,UPI scam,UPI and Digital Payment Fraud,UPI Fraud,VICTIM,NARCF6-00143.txt,City: Chandigarh | Author: u/Ok-Obligation-8731 | Score: 1 | Reddit ID: 1bi1fga
10nbwkx,NARCF6-00144,2026-04-11,Soubhik Sarkar,Reddit r/Chandigarh,reddit.com,2023-01-28,A Little Incident,https://www.reddit.com/r/Chandigarh/comments/10nbwkx/a_little_incident/,UPI scam,UPI and Digital Payment Fraud,UPI Fraud,THIRD-PARTY,NARCF6-00144.txt,City: Chandigarh | Author: u/Accomplished-Win8291 | Score: 16 | Reddit ID: 10nbwkx
1e58mpe,NARCF6-00145,2026-04-11,Soubhik Sarkar,Reddit r/Chandigarh,reddit.com,2024-07-17,IndiaRamblerTour the worst travel agency ,https://www.reddit.com/r/Chandigarh/comments/1e58mpe/indiaramblertour_the_worst_travel_agency/,Google Pay fraud,UPI and Digital Payment Fraud,UPI Fraud,NEAR-MISS,NARCF6-00145.txt,City: Chandigarh | Author: u/PerspectiveStreet961 | Score: 1 | Reddit ID: 1e58mpe
1bpm1g6,NARCF6-00146,2026-04-11,Soubhik Sarkar,Reddit r/Chandigarh,reddit.com,2024-03-28,Be cautious before booking your travel expedition ,https://www.reddit.com/r/Chandigarh/comments/1bpm1g6/be_cautious_before_booking_your_travel_expedition/,Google Pay fraud,UPI and Digital Payment Fraud,UPI Fraud,NEAR-MISS,NARCF6-00146.txt,City: Chandigarh | Author: u/PerspectiveStreet961 | Score: 1 | Reddit ID: 1bpm1g6
1b7oh0m,NARCF6-00147,2026-04-11,Soubhik Sarkar,Reddit r/Chandigarh,reddit.com,2024-03-06,Don't book from India rambler tour ,https://www.reddit.com/r/Chandigarh/comments/1b7oh0m/dont_book_from_india_rambler_tour/,Google Pay fraud,UPI and Digital Payment Fraud,UPI Fraud,NEAR-MISS,NARCF6-00147.txt,City: Chandigarh | Author: u/PerspectiveStreet961 | Score: 1 | Reddit ID: 1b7oh0m
15wdmcl,NARCF6-00148,2026-04-11,Soubhik Sarkar,Reddit r/Chandigarh,reddit.com,2023-08-20,Paytm fraud,https://www.reddit.com/r/Chandigarh/comments/15wdmcl/paytm_fraud/,Paytm fraud,UPI and Digital Payment Fraud,UPI Fraud,THIRD-PARTY,NARCF6-00148.txt,City: Chandigarh | Author: u/itsmeshrishti | Score: 1 | Reddit ID: 15wdmcl
1c3kuxf,NARCF6-00149,2026-04-11,Soubhik Sarkar,Reddit r/Chandigarh,reddit.com,2024-04-14,Horrible Experience at Mullanpur Stadium yesterday,https://www.reddit.com/r/Chandigarh/comments/1c3kuxf/horrible_experience_at_mullanpur_stadium_yesterday/,QR code scam,UPI and Digital Payment Fraud,QR Code Fraud,THIRD-PARTY,NARCF6-00149.txt,City: Chandigarh | Author: u/kaito__kido | Score: 1 | Reddit ID: 1c3kuxf
196nc6b,NARCF6-00150,2026-04-11,Soubhik Sarkar,Reddit r/Chandigarh,reddit.com,2024-01-15,OLX SCAM ALERT,https://www.reddit.com/r/Chandigarh/comments/196nc6b/olx_scam_alert/,QR code scam,UPI and Digital Payment Fraud,QR Code Fraud,THIRD-PARTY,NARCF6-00150.txt,City: Chandigarh | Author: u/External_Formal6395 | Score: 16 | Reddit ID: 196nc6b
1k3kuq0,NARCF6-00151,2026-04-11,Soubhik Sarkar,Reddit r/Chandigarh,reddit.com,2025-04-20,Mohali Real Estate Bubble? Here's What You're Not Being Told,https://www.reddit.com/r/Chandigarh/comments/1k3kuq0/mohali_real_estate_bubble_heres_what_youre_not/,e-wallet scam,UPI and Digital Payment Fraud,Mobile Wallet Fraud,THIRD-PARTY,NARCF6-00151.txt,City: Chandigarh | Author: u/liveecas | Score: 1 | Reddit ID: 1k3kuq0
1gu237w,NARCF6-00152,2026-04-11,Soubhik Sarkar,Reddit r/Chandigarh,reddit.com,2024-11-18,Since AQI is a problem ,https://www.reddit.com/r/Chandigarh/comments/1gu237w/since_aqi_is_a_problem/,e-wallet scam,UPI and Digital Payment Fraud,Mobile Wallet Fraud,THIRD-PARTY,NARCF6-00152.txt,City: Chandigarh | Author: u/PositiveFun8654 | Score: 1 | Reddit ID: 1gu237w
1e7qe21,NARCF6-00153,2026-04-11,Soubhik Sarkar,Reddit r/Chandigarh,reddit.com,2024-07-20,Broker not returning money,https://www.reddit.com/r/Chandigarh/comments/1e7qe21/broker_not_returning_money/,e-wallet scam,UPI and Digital Payment Fraud,Mobile Wallet Fraud,THIRD-PARTY,NARCF6-00153.txt,City: Chandigarh | Author: u/Bhindi12rupaykilo | Score: 1 | Reddit ID: 1e7qe21
1hgbgs3,NARCF6-00154,2026-04-11,Soubhik Sarkar,Reddit r/Chandigarh,reddit.com,2024-12-17,Blinkit scam!!!,https://www.reddit.com/r/Chandigarh/comments/1hgbgs3/blinkit_scam/,OTP scam,OTP and Authentication Fraud,OTP Fraud,THIRD-PARTY,NARCF6-00154.txt,City: Chandigarh | Author: u/cs21-10 | Score: 1 | Reddit ID: 1hgbgs3
1f0nmkv,NARCF6-00155,2026-04-11,Soubhik Sarkar,Reddit r/Chandigarh,reddit.com,2024-08-25,Possible Scam: Need Opinions,https://www.reddit.com/r/Chandigarh/comments/1f0nmkv/possible_scam_need_opinions/,KYC scam,OTP and Authentication Fraud,KYC Fraud,NEAR-MISS,NARCF6-00155.txt,City: Chandigarh | Author: u/nizhxnt | Score: 1 | Reddit ID: 1f0nmkv
1jo3zxu,NARCF6-00156,2026-04-11,Soubhik Sarkar,Reddit r/Chandigarh,reddit.com,2025-03-31,"This is how I scammed the scammer, but Unknowingly.",https://www.reddit.com/r/Chandigarh/comments/1jo3zxu/this_is_how_i_scammed_the_scammer_but_unknowingly/,digital arrest,Digital Arrest Scam,Digital Arrest,VICTIM,NARCF6-00156.txt,City: Chandigarh | Author: u/Head_Ad_8104 | Score: 1 | Reddit ID: 1jo3zxu
1hpm37u,NARCF6-00157,2026-04-11,Soubhik Sarkar,Reddit r/Chandigarh,reddit.com,2024-12-30,Growing Social Media influence and its adverse effects. (For Girls and Women out there),https://www.reddit.com/r/Chandigarh/comments/1hpm37u/growing_social_media_influence_and_its_adverse/,video call arrest,Digital Arrest Scam,Digital Arrest,NEAR-MISS,NARCF6-00157.txt,City: Chandigarh | Author: u/Pure_Definition_7372 | Score: 1 | Reddit ID: 1hpm37u
xhos3e,NARCF6-00158,2026-04-11,Soubhik Sarkar,Reddit r/Chandigarh,reddit.com,2022-09-19,Can anyone from CU tell what actually happened?,https://www.reddit.com/r/Chandigarh/comments/xhos3e/can_anyone_from_cu_tell_what_actually_happened/,video call arrest,Digital Arrest Scam,Digital Arrest,THIRD-PARTY,NARCF6-00158.txt,City: Chandigarh | Author: u/pisslickerr | Score: 2 | Reddit ID: xhos3e
1d4c63a,NARCF6-00159,2026-04-11,Soubhik Sarkar,Reddit r/Chandigarh,reddit.com,2024-05-31,Cafe/ Lounge scam,https://www.reddit.com/r/Chandigarh/comments/1d4c63a/cafe_lounge_scam/,video call scam,Digital Arrest Scam,Video Call Coercion,NEAR-MISS,NARCF6-00159.txt,City: Chandigarh | Author: u/minibot98 | Score: 1 | Reddit ID: 1d4c63a
1ki7z7v,NARCF6-00160,2026-04-11,Soubhik Sarkar,Reddit r/Chandigarh,reddit.com,2025-05-09,Let's Protect our national online,https://www.reddit.com/r/Chandigarh/comments/1ki7z7v/lets_protect_our_national_online/,phishing,"Phishing, Vishing, and Smishing",Phishing,THIRD-PARTY,NARCF6-00160.txt,City: Chandigarh | Author: u/Significant-Worth126 | Score: 1 | Reddit ID: 1ki7z7v
p8lrq5,NARCF6-00161,2026-04-11,Soubhik Sarkar,Reddit r/Chandigarh,reddit.com,2021-08-21,Protect yourself from email phishing.,https://www.reddit.com/r/Chandigarh/comments/p8lrq5/protect_yourself_from_email_phishing/,phishing,"Phishing, Vishing, and Smishing",Phishing,THIRD-PARTY,NARCF6-00161.txt,City: Chandigarh | Author: u/jatak007 | Score: 1 | Reddit ID: p8lrq5
1ij0kix,NARCF6-00162,2026-04-11,Soubhik Sarkar,Reddit r/Chandigarh,reddit.com,2025-02-06,Airpods scam in Zirakpur,https://www.reddit.com/r/Chandigarh/comments/1ij0kix/airpods_scam_in_zirakpur/,fake website,"Phishing, Vishing, and Smishing",Phishing,THIRD-PARTY,NARCF6-00162.txt,City: Chandigarh | Author: u/Individual_Wolf_8095 | Score: 13 | Reddit ID: 1ij0kix
1d8mszj,NARCF6-00163,2026-04-11,Soubhik Sarkar,Reddit r/Chandigarh,reddit.com,2024-06-05,New Scam going around,https://www.reddit.com/r/Chandigarh/comments/1d8mszj/new_scam_going_around/,fake website,"Phishing, Vishing, and Smishing",Phishing,NEAR-MISS,NARCF6-00163.txt,City: Chandigarh | Author: u/Friker69 | Score: 1 | Reddit ID: 1d8mszj
1jn6hq7,NARCF6-00164,2026-04-11,Soubhik Sarkar,Reddit r/Chandigarh,reddit.com,2025-03-30,Thanking this sub from saving me from a potential fraud,https://www.reddit.com/r/Chandigarh/comments/1jn6hq7/thanking_this_sub_from_saving_me_from_a_potential/,fraud call,"Phishing, Vishing, and Smishing",Vishing,THIRD-PARTY,NARCF6-00164.txt,City: Chandigarh | Author: u/girlslaying28 | Score: 1 | Reddit ID: 1jn6hq7
1jd8qb0,NARCF6-00165,2026-04-11,Soubhik Sarkar,Reddit r/Chandigarh,reddit.com,2025-03-17,Beware of this fraud,https://www.reddit.com/r/Chandigarh/comments/1jd8qb0/beware_of_this_fraud/,fraud call,"Phishing, Vishing, and Smishing",Vishing,NEAR-MISS,NARCF6-00165.txt,City: Chandigarh | Author: u/Accomplished_Ad7744 | Score: 1 | Reddit ID: 1jd8qb0
1gb3j2g,NARCF6-00166,2026-04-11,Soubhik Sarkar,Reddit r/Chandigarh,reddit.com,2024-10-24,Opinion on chandigarh university?,https://www.reddit.com/r/Chandigarh/comments/1gb3j2g/opinion_on_chandigarh_university/,fraud call,"Phishing, Vishing, and Smishing",Vishing,THIRD-PARTY,NARCF6-00166.txt,City: Chandigarh | Author: u/brightlight771 | Score: 1 | Reddit ID: 1gb3j2g
1cv65oc,NARCF6-00167,2026-04-11,Soubhik Sarkar,Reddit r/Chandigarh,reddit.com,2024-05-19,Please ,https://www.reddit.com/r/Chandigarh/comments/1cv65oc/please/,fraud call,"Phishing, Vishing, and Smishing",Vishing,THIRD-PARTY,NARCF6-00167.txt,City: Chandigarh | Author: u/Icy-Aardvark-5937 | Score: 1 | Reddit ID: 1cv65oc
1axpxy3,NARCF6-00168,2026-04-11,Soubhik Sarkar,Reddit r/Chandigarh,reddit.com,2024-02-23,8100540579 Scammer Alert,https://www.reddit.com/r/Chandigarh/comments/1axpxy3/8100540579_scammer_alert/,fraud call,"Phishing, Vishing, and Smishing",Vishing,NEAR-MISS,NARCF6-00168.txt,City: Chandigarh | Author: u/sandythedreamer | Score: 1 | Reddit ID: 1axpxy3
17lvo9u,NARCF6-00169,2026-04-11,Soubhik Sarkar,Reddit r/Chandigarh,reddit.com,2023-11-02,Job agency wants me to pay them 2K INR upfront,https://www.reddit.com/r/Chandigarh/comments/17lvo9u/job_agency_wants_me_to_pay_them_2k_inr_upfront/,fraud call,"Phishing, Vishing, and Smishing",Vishing,THIRD-PARTY,NARCF6-00169.txt,City: Chandigarh | Author: u/ucme316 | Score: 1 | Reddit ID: 17lvo9u
umc6x8,NARCF6-00170,2026-04-11,Soubhik Sarkar,Reddit r/Chandigarh,reddit.com,2022-05-10,"Reason for removal of my post highlighting scam call centre in Prosperity Square Mohali, Punjab.",https://www.reddit.com/r/Chandigarh/comments/umc6x8/reason_for_removal_of_my_post_highlighting_scam/,fraud call,"Phishing, Vishing, and Smishing",Vishing,THIRD-PARTY,NARCF6-00170.txt,City: Chandigarh | Author: u/saigalsaksham | Score: 36 | Reddit ID: umc6x8
1h3bjk1,NARCF6-00171,2026-04-11,Soubhik Sarkar,Reddit r/Chandigarh,reddit.com,2024-11-30,Chinese loan app blackmailing ,https://www.reddit.com/r/Chandigarh/comments/1h3bjk1/chinese_loan_app_blackmailing/,loan app blackmail,Online Lending and Loan App Fraud,Loan App Extortion,THIRD-PARTY,NARCF6-00171.txt,City: Chandigarh | Author: u/[deleted] | Score: 1 | Reddit ID: 1h3bjk1
1fwixri,NARCF6-00172,2026-04-11,Soubhik Sarkar,Reddit r/Chandigarh,reddit.com,2024-10-05,Need Help,https://www.reddit.com/r/Chandigarh/comments/1fwixri/need_help/,loan app blackmail,Online Lending and Loan App Fraud,Loan App Extortion,THIRD-PARTY,NARCF6-00172.txt,City: Chandigarh | Author: u/Negative_Fondant_231 | Score: 1 | Reddit ID: 1fwixri
1ko1grs,NARCF6-00173,2026-04-11,Soubhik Sarkar,Reddit r/Chandigarh,reddit.com,2025-05-16,Smoke? Or something else,https://www.reddit.com/r/Chandigarh/comments/1ko1grs/smoke_or_something_else/,pump and dump,Investment and Trading Fraud,Stock Market Fraud,THIRD-PARTY,NARCF6-00173.txt,City: Chandigarh | Author: u/anoopdhull | Score: 1 | Reddit ID: 1ko1grs
1jtf36u,NARCF6-00174,2026-04-11,Soubhik Sarkar,Reddit r/Chandigarh,reddit.com,2025-04-07,"As a middle-class Chandigarhian, here’s how I keep wasting money on dumb things every month (and still pretend I’m budgeting)",https://www.reddit.com/r/Chandigarh/comments/1jtf36u/as_a_middleclass_chandigarhian_heres_how_i_keep/,data leak,Identity Theft and Data Breach,Data Breach,THIRD-PARTY,NARCF6-00174.txt,City: Chandigarh | Author: u/Playful-Balance-3118 | Score: 1 | Reddit ID: 1jtf36u
1jdbyr2,NARCF6-00175,2026-04-11,Soubhik Sarkar,Reddit r/Chandigarh,reddit.com,2025-03-17,(Scam Alert) Beware of fake donation collectors in Chandigarh &amp; Mohali near IT Parks &amp; public places,https://www.reddit.com/r/Chandigarh/comments/1jdbyr2/scam_alert_beware_of_fake_donation_collectors_in/,manipulation scam,Social Engineering and Romance/Sextortion,Social Engineering,NEAR-MISS,NARCF6-00175.txt,City: Chandigarh | Author: u/ProfessionalGene4515 | Score: 1 | Reddit ID: 1jdbyr2
1kb9531,NARCF6-00176,2026-04-11,Soubhik Sarkar,Reddit r/Chandigarh,reddit.com,2025-04-30,Beware of Army Impersonation Scams: My Close Call at Godrej Chowk,https://www.reddit.com/r/Chandigarh/comments/1kb9531/beware_of_army_impersonation_scams_my_close_call/,trust scam,Social Engineering and Romance/Sextortion,Social Engineering,NEAR-MISS,NARCF6-00176.txt,City: Chandigarh | Author: u/Murky-Delay-1944 | Score: 1 | Reddit ID: 1kb9531
1k9v1l6,NARCF6-00177,2026-04-11,Soubhik Sarkar,Reddit r/Chandigarh,reddit.com,2025-04-28,"Cab Fare From Airport to LPU, Phagwara",https://www.reddit.com/r/Chandigarh/comments/1k9v1l6/cab_fare_from_airport_to_lpu_phagwara/,trust scam,Social Engineering and Romance/Sextortion,Social Engineering,THIRD-PARTY,NARCF6-00177.txt,City: Chandigarh | Author: u/Critical_Ad1220 | Score: 1 | Reddit ID: 1k9v1l6
1jxkabh,NARCF6-00178,2026-04-11,Soubhik Sarkar,Reddit r/Chandigarh,reddit.com,2025-04-12,Scam in sec 15 petrol pump,https://www.reddit.com/r/Chandigarh/comments/1jxkabh/scam_in_sec_15_petrol_pump/,trust scam,Social Engineering and Romance/Sextortion,Social Engineering,NEAR-MISS,NARCF6-00178.txt,City: Chandigarh | Author: u/Equivalent-Stage9057 | Score: 123 | Reddit ID: 1jxkabh
1cuf7pp,NARCF6-00179,2026-04-11,Soubhik Sarkar,Reddit r/Chandigarh,reddit.com,2024-05-18,Read this ,https://www.reddit.com/r/Chandigarh/comments/1cuf7pp/read_this/,trust scam,Social Engineering and Romance/Sextortion,Social Engineering,THIRD-PARTY,NARCF6-00179.txt,City: Chandigarh | Author: u/Professional_Age1823 | Score: 1 | Reddit ID: 1cuf7pp
178h4ef,NARCF6-00180,2026-04-11,Soubhik Sarkar,Reddit r/Chandigarh,reddit.com,2023-10-15,Need help from Mohali people to escape from a PG scam,https://www.reddit.com/r/Chandigarh/comments/178h4ef/need_help_from_mohali_people_to_escape_from_a_pg/,trust scam,Social Engineering and Romance/Sextortion,Social Engineering,THIRD-PARTY,NARCF6-00180.txt,City: Chandigarh | Author: u/BinaryBiryani | Score: 1 | Reddit ID: 178h4ef
1ik1rvf,NARCF6-00181,2026-04-11,Soubhik Sarkar,Reddit r/Chandigarh,reddit.com,2025-02-07,"Online Sextortion On Rise After Lockdown, Dehumanises &amp; Feeds On Victim's Shame: P&amp;H HC Rejects Bail To Woman Accused Of Blackmail",https://www.reddit.com/r/Chandigarh/comments/1ik1rvf/online_sextortion_on_rise_after_lockdown/,sextortion,Social Engineering and Romance/Sextortion,Sextortion,THIRD-PARTY,NARCF6-00181.txt,City: Chandigarh | Author: u/[deleted] | Score: 16 | Reddit ID: 1ik1rvf
1ghqv2f,NARCF6-00182,2026-04-11,Soubhik Sarkar,Reddit r/Chandigarh,reddit.com,2024-11-02,Fraud Broker &amp; Landlord ,https://www.reddit.com/r/Chandigarh/comments/1ghqv2f/fraud_broker_landlord/,refund scam,E-Commerce and Delivery Fraud,E-Commerce Fraud,THIRD-PARTY,NARCF6-00182.txt,City: Chandigarh | Author: u/theshotscout | Score: 1 | Reddit ID: 1ghqv2f
1e5y6yu,NARCF6-00183,2026-04-11,Soubhik Sarkar,Reddit r/Chandigarh,reddit.com,2024-07-18,Did I just get scammed on Uber?,https://www.reddit.com/r/Chandigarh/comments/1e5y6yu/did_i_just_get_scammed_on_uber/,refund scam,E-Commerce and Delivery Fraud,E-Commerce Fraud,THIRD-PARTY,NARCF6-00183.txt,City: Chandigarh | Author: u/nuclear_man34 | Score: 1 | Reddit ID: 1e5y6yu
1dc0x0q,NARCF6-00184,2026-04-11,Soubhik Sarkar,Reddit r/Chandigarh,reddit.com,2024-06-10,NEED HELP on how to proceed. SCAMMED by AMAZON DELIVERY AGENT. I made the cash payment on delivery. Opened the order after agent was gone. Wrong order. Called the delivery agent. He wouldnt pickup. Later he marked my order as rejected by user. Now i cant even make a complaint on amazon. I am fucked.,https://www.reddit.com/r/Chandigarh/comments/1dc0x0q/need_help_on_how_to_proceed_scammed_by_amazon/,refund scam,E-Commerce and Delivery Fraud,E-Commerce Fraud,THIRD-PARTY,NARCF6-00184.txt,City: Chandigarh | Author: u/scamhogaya | Score: 1 | Reddit ID: 1dc0x0q
1ipvh71,NARCF6-00185,2026-04-11,Soubhik Sarkar,Reddit r/Chandigarh,reddit.com,2025-02-15,Perfumes at Reasonable Prices!,https://www.reddit.com/r/Chandigarh/comments/1ipvh71/perfumes_at_reasonable_prices/,fake delivery,E-Commerce and Delivery Fraud,Delivery Fraud,THIRD-PARTY,NARCF6-00185.txt,City: Chandigarh | Author: u/United-Half-9144 | Score: 1 | Reddit ID: 1ipvh71
o7g7xg,NARCF6-00186,2026-04-11,Soubhik Sarkar,Reddit r/Chandigarh,reddit.com,2021-06-25,Bedi Hospital Chandigarh,https://www.reddit.com/r/Chandigarh/comments/o7g7xg/bedi_hospital_chandigarh/,fake delivery,E-Commerce and Delivery Fraud,Delivery Fraud,THIRD-PARTY,NARCF6-00186.txt,City: Chandigarh | Author: u/rummygill1 | Score: 10 | Reddit ID: o7g7xg
1k4xs56,NARCF6-00187,2026-04-11,Soubhik Sarkar,Reddit r/Chandigarh,reddit.com,2025-04-22,What’s with the slut-shaming of Himachali girls in Chandigarh? A genuine question.,https://www.reddit.com/r/Chandigarh/comments/1k4xs56/whats_with_the_slutshaming_of_himachali_girls_in/,online harassment,Emerging and Miscellaneous Fraud Types,Cyber Stalking,THIRD-PARTY,NARCF6-00187.txt,City: Chandigarh | Author: u/shi-kari | Score: 1 | Reddit ID: 1k4xs56
1j2g7jw,NARCF6-00188,2026-04-11,Soubhik Sarkar,Reddit r/Chandigarh,reddit.com,2025-03-03,"E-com site fined ₹18,000 for delaying Chandigarh resident’s refund.",https://www.reddit.com/r/Chandigarh/comments/1j2g7jw/ecom_site_fined_18000_for_delaying_chandigarh/,online harassment,Emerging and Miscellaneous Fraud Types,Cyber Stalking,NEAR-MISS,NARCF6-00188.txt,City: Chandigarh | Author: u/Voxyacomplaintforum | Score: 6 | Reddit ID: 1j2g7jw
1dztz27,NARCF6-00189,2026-04-11,Soubhik Sarkar,Reddit r/Chandigarh,reddit.com,2024-07-10,"Failure To Deliver Product, Process Refund Promptly, Chandigarh District Commission Holds Nykaa Liable",https://www.reddit.com/r/Chandigarh/comments/1dztz27/failure_to_deliver_product_process_refund/,online harassment,Emerging and Miscellaneous Fraud Types,Cyber Stalking,NEAR-MISS,NARCF6-00189.txt,City: Chandigarh | Author: u/Voxyacomplaintforum | Score: 7 | Reddit ID: 1dztz27
173l8vx,NARCF6-00190,2026-04-11,Soubhik Sarkar,Reddit r/Chandigarh,reddit.com,2023-10-09,Chandigarh Consumer Court Fines Dhabha For Charging 10 Times the Actual Bill - Lawtrend,https://www.reddit.com/r/Chandigarh/comments/173l8vx/chandigarh_consumer_court_fines_dhabha_for/,online harassment,Emerging and Miscellaneous Fraud Types,Cyber Stalking,THIRD-PARTY,NARCF6-00190.txt,City: Chandigarh | Author: u/Voxyacomplaintforum | Score: 1 | Reddit ID: 173l8vx
1fxjgmn,NARCF6-00191,2026-04-11,Soubhik Sarkar,Reddit r/Moradabad,reddit.com,2024-10-06,Scam ,https://www.reddit.com/r/Moradabad/comments/1fxjgmn/scam/,online scam,General Cybercrime / Cyber Fraud Terms,Cyber Scam,THIRD-PARTY,NARCF6-00191.txt,City: Moradabad | Author: u/ResolveConnect | Score: 1 | Reddit ID: 1fxjgmn
1jqdrwe,NARCF6-00192,2026-04-11,Soubhik Sarkar,Reddit r/Moradabad,reddit.com,2025-04-03,"Moradabad: Started Cheating After Watching Movie Special 26, Three Fake Sales Tax Officers Arrested - Amar Ujala Hindi News Live",https://www.reddit.com/r/Moradabad/comments/1jqdrwe/moradabad_started_cheating_after_watching_movie/,fake arrest,Digital Arrest Scam,Digital Arrest,THIRD-PARTY,NARCF6-00192.txt,City: Moradabad | Author: u/ashish043 | Score: 1 | Reddit ID: 1jqdrwe
1is58e7,NARCF6-00193,2026-04-11,Soubhik Sarkar,Reddit r/Gurgaon,reddit.com,2025-02-18,﻿Professionals in “ gurgaon“  Community should have little knowledge about Cyber Crime Attack methods to prevent them been a Victim of Fund Loss,https://www.reddit.com/r/gurgaon/comments/1is58e7/professionals_in_gurgaon_community_should_have/,cyber crime,General Cybercrime / Cyber Fraud Terms,General Cybercrime,THIRD-PARTY,NARCF6-00193.txt,City: Gurgaon | Author: u/Christinecall25 | Score: 1 | Reddit ID: 1is58e7
1h4qxwu,NARCF6-00194,2026-04-11,Soubhik Sarkar,Reddit r/Gurgaon,reddit.com,2024-12-02,"Got so triggered by these incessant scam calls that I decided to visit the cyber police station to complain, BUT...",https://www.reddit.com/r/gurgaon/comments/1h4qxwu/got_so_triggered_by_these_incessant_scam_calls/,cyber crime,General Cybercrime / Cyber Fraud Terms,General Cybercrime,VICTIM,NARCF6-00194.txt,City: Gurgaon | Author: u/deepthroatle | Score: 1 | Reddit ID: 1h4qxwu
1gof6ap,NARCF6-00195,2026-04-11,Soubhik Sarkar,Reddit r/Gurgaon,reddit.com,2024-11-11,How to tackle cyberbullying?,https://www.reddit.com/r/gurgaon/comments/1gof6ap/how_to_tackle_cyberbullying/,cyber crime,General Cybercrime / Cyber Fraud Terms,General Cybercrime,THIRD-PARTY,NARCF6-00195.txt,City: Gurgaon | Author: u/dankmimir69-69 | Score: 1 | Reddit ID: 1gof6ap
1fywny1,NARCF6-00196,2026-04-11,Soubhik Sarkar,Reddit r/Gurgaon,reddit.com,2024-10-08,Final update : Received my items. It was Luck and Hard work.,https://www.reddit.com/r/gurgaon/comments/1fywny1/final_update_received_my_items_it_was_luck_and/,cyber crime,General Cybercrime / Cyber Fraud Terms,General Cybercrime,THIRD-PARTY,NARCF6-00196.txt,City: Gurgaon | Author: u/Odd-Plantain-9170 | Score: 1 | Reddit ID: 1fywny1
1dw297u,NARCF6-00197,2026-04-11,Soubhik Sarkar,Reddit r/Gurgaon,reddit.com,2024-07-05,Got scammed of 6 lakhs,https://www.reddit.com/r/gurgaon/comments/1dw297u/got_scammed_of_6_lakhs/,cyber crime,General Cybercrime / Cyber Fraud Terms,General Cybercrime,THIRD-PARTY,NARCF6-00197.txt,City: Gurgaon | Author: u/BriefGuide9398 | Score: 64 | Reddit ID: 1dw297u
17g1l2t,NARCF6-00198,2026-04-11,Soubhik Sarkar,Reddit r/Gurgaon,reddit.com,2023-10-25,Anyone have any idea how to report cyber crime ? In gurgaon one of my friend got duped of 1.6 L by an escort service.,https://www.reddit.com/r/gurgaon/comments/17g1l2t/anyone_have_any_idea_how_to_report_cyber_crime_in/,cyber crime,General Cybercrime / Cyber Fraud Terms,General Cybercrime,VICTIM,NARCF6-00198.txt,City: Gurgaon | Author: u/__Professor___ | Score: 1 | Reddit ID: 17g1l2t
14nr6o4,NARCF6-00199,2026-04-11,Soubhik Sarkar,Reddit r/Gurgaon,reddit.com,2023-07-01,Anyone with any connection with cyber crime cell,https://www.reddit.com/r/gurgaon/comments/14nr6o4/anyone_with_any_connection_with_cyber_crime_cell/,cyber crime,General Cybercrime / Cyber Fraud Terms,General Cybercrime,THIRD-PARTY,NARCF6-00199.txt,City: Gurgaon | Author: u/kthetockstar | Score: 1 | Reddit ID: 14nr6o4
sqh4xs,NARCF6-00200,2026-04-11,Soubhik Sarkar,Reddit r/Gurgaon,reddit.com,2022-02-12,How do I file an FIR for a cyber crime issue?,https://www.reddit.com/r/gurgaon/comments/sqh4xs/how_do_i_file_an_fir_for_a_cyber_crime_issue/,cyber crime,General Cybercrime / Cyber Fraud Terms,General Cybercrime,THIRD-PARTY,NARCF6-00200.txt,City: Gurgaon | Author: u/[deleted] | Score: 4 | Reddit ID: sqh4xs
1idet8p,NARCF6-00201,2026-04-11,Soubhik Sarkar,Reddit r/Gurgaon,reddit.com,2025-01-30,Beware of Packers and Movers Scams,https://www.reddit.com/r/gurgaon/comments/1idet8p/beware_of_packers_and_movers_scams/,cybercrime,General Cybercrime / Cyber Fraud Terms,General Cybercrime,VICTIM,NARCF6-00201.txt,City: Gurgaon | Author: u/holidaysdeal | Score: 1 | Reddit ID: 1idet8p
1fyykkl,NARCF6-00202,2026-04-11,Soubhik Sarkar,Reddit r/Gurgaon,reddit.com,2024-10-08,"Finally, I got my Items. I ran to Police station for last 24 says . It was luck and running pillar to post. ",https://www.reddit.com/r/gurgaon/comments/1fyykkl/finally_i_got_my_items_i_ran_to_police_station/,cybercrime,General Cybercrime / Cyber Fraud Terms,General Cybercrime,THIRD-PARTY,NARCF6-00202.txt,City: Gurgaon | Author: u/Odd-Plantain-9170 | Score: 1 | Reddit ID: 1fyykkl
1bee5ge,NARCF6-00203,2026-04-11,Soubhik Sarkar,Reddit r/Gurgaon,reddit.com,2024-03-14,Local Police station not filing FIR for a cybercrime reported via 1930,https://www.reddit.com/r/gurgaon/comments/1bee5ge/local_police_station_not_filing_fir_for_a/,cybercrime,General Cybercrime / Cyber Fraud Terms,General Cybercrime,THIRD-PARTY,NARCF6-00203.txt,City: Gurgaon | Author: u/AdviceSeekerCA | Score: 1 | Reddit ID: 1bee5ge
16rukay,NARCF6-00204,2026-04-11,Soubhik Sarkar,Reddit r/Gurgaon,reddit.com,2023-09-25,Cybercrimes in Gurgaon,https://www.reddit.com/r/gurgaon/comments/16rukay/cybercrimes_in_gurgaon/,cybercrime,General Cybercrime / Cyber Fraud Terms,General Cybercrime,THIRD-PARTY,NARCF6-00204.txt,City: Gurgaon | Author: u/lord_ujjwal208 | Score: 1 | Reddit ID: 16rukay
1i42jyw,NARCF6-00205,2026-04-11,Soubhik Sarkar,Reddit r/Gurgaon,reddit.com,2025-01-18,Cyber fraud calls on rise in Gurgaon ? ,https://www.reddit.com/r/gurgaon/comments/1i42jyw/cyber_fraud_calls_on_rise_in_gurgaon/,cyber fraud,General Cybercrime / Cyber Fraud Terms,General Cybercrime,THIRD-PARTY,NARCF6-00205.txt,City: Gurgaon | Author: u/kay_2050 | Score: 2 | Reddit ID: 1i42jyw
1gmcm4i,NARCF6-00206,2026-04-11,Soubhik Sarkar,Reddit r/Gurgaon,reddit.com,2024-11-08,Fraud of 50K,https://www.reddit.com/r/gurgaon/comments/1gmcm4i/fraud_of_50k/,cyber fraud,General Cybercrime / Cyber Fraud Terms,General Cybercrime,THIRD-PARTY,NARCF6-00206.txt,City: Gurgaon | Author: u/Emotional_Pay_6622 | Score: 1 | Reddit ID: 1gmcm4i
1dl4g0h,NARCF6-00207,2026-04-11,Soubhik Sarkar,Reddit r/Gurgaon,reddit.com,2024-06-21,New Scammers....... ,https://www.reddit.com/r/gurgaon/comments/1dl4g0h/new_scammers/,cyber fraud,General Cybercrime / Cyber Fraud Terms,General Cybercrime,THIRD-PARTY,NARCF6-00207.txt,City: Gurgaon | Author: u/Practical-Lab-4082 | Score: 1 | Reddit ID: 1dl4g0h
13dtsuu,NARCF6-00208,2026-04-11,Soubhik Sarkar,Reddit r/Gurgaon,reddit.com,2023-05-10,"Haryana police unearth Rs 100-cr pan-India cyber fraud, break network of scammers in Nuh | Chandigarh News - Times of India",https://www.reddit.com/r/gurgaon/comments/13dtsuu/haryana_police_unearth_rs_100cr_panindia_cyber/,cyber fraud,General Cybercrime / Cyber Fraud Terms,General Cybercrime,THIRD-PARTY,NARCF6-00208.txt,City: Gurgaon | Author: u/VCardBGone | Score: 2 | Reddit ID: 13dtsuu
1fig23z,NARCF6-00209,2026-04-11,Soubhik Sarkar,Reddit r/Gurgaon,reddit.com,2024-09-17,Online Transaction Fraud,https://www.reddit.com/r/gurgaon/comments/1fig23z/online_transaction_fraud/,online fraud,General Cybercrime / Cyber Fraud Terms,General Cybercrime,THIRD-PARTY,NARCF6-00209.txt,City: Gurgaon | Author: u/vsvaruns29 | Score: 1 | Reddit ID: 1fig23z
1fiaqfc,NARCF6-00210,2026-04-11,Soubhik Sarkar,Reddit r/Gurgaon,reddit.com,2024-09-16,How to hire lawyer to recover money after online fraud,https://www.reddit.com/r/gurgaon/comments/1fiaqfc/how_to_hire_lawyer_to_recover_money_after_online/,online fraud,General Cybercrime / Cyber Fraud Terms,General Cybercrime,THIRD-PARTY,NARCF6-00210.txt,City: Gurgaon | Author: u/[deleted] | Score: 1 | Reddit ID: 1fiaqfc
1daadrx,NARCF6-00211,2026-04-11,Soubhik Sarkar,Reddit r/Gurgaon,reddit.com,2024-06-07,Should I pursue CISI course? 12 LPA. ,https://www.reddit.com/r/gurgaon/comments/1daadrx/should_i_pursue_cisi_course_12_lpa/,online fraud,General Cybercrime / Cyber Fraud Terms,General Cybercrime,THIRD-PARTY,NARCF6-00211.txt,City: Gurgaon | Author: u/notsharma_ | Score: 1 | Reddit ID: 1daadrx
17s9a23,NARCF6-00212,2026-04-11,Soubhik Sarkar,Reddit r/Gurgaon,reddit.com,2023-11-10,Has anyone been in a situation like this before?,https://www.reddit.com/r/gurgaon/comments/17s9a23/has_anyone_been_in_a_situation_like_this_before/,online fraud,General Cybercrime / Cyber Fraud Terms,General Cybercrime,THIRD-PARTY,NARCF6-00212.txt,City: Gurgaon | Author: u/Laylaleila | Score: 1 | Reddit ID: 17s9a23
1kcc0kr,NARCF6-00213,2026-04-11,Soubhik Sarkar,Reddit r/Gurgaon,reddit.com,2025-05-01,"24 F, forced to resign after rejecting going out with senior.",https://www.reddit.com/r/gurgaon/comments/1kcc0kr/24_f_forced_to_resign_after_rejecting_going_out/,digital fraud,General Cybercrime / Cyber Fraud Terms,General Cybercrime,THIRD-PARTY,NARCF6-00213.txt,City: Gurgaon | Author: u/Sufficient_Baby6495 | Score: 1 | Reddit ID: 1kcc0kr
1enwcrc,NARCF6-00214,2026-04-11,Soubhik Sarkar,Reddit r/Gurgaon,reddit.com,2024-08-09,The Dark Side of Tech Unicorns: Exposing Fraudulent Practices in the Digital Service Industry ,https://www.reddit.com/r/gurgaon/comments/1enwcrc/the_dark_side_of_tech_unicorns_exposing/,digital fraud,General Cybercrime / Cyber Fraud Terms,General Cybercrime,THIRD-PARTY,NARCF6-00214.txt,City: Gurgaon | Author: u/Senior_Addendum_704 | Score: 1 | Reddit ID: 1enwcrc
1h0u2zv,NARCF6-00215,2026-04-11,Soubhik Sarkar,Reddit r/Gurgaon,reddit.com,2024-11-27,How to spot a scam call? ,https://www.reddit.com/r/gurgaon/comments/1h0u2zv/how_to_spot_a_scam_call/,cyber scam,General Cybercrime / Cyber Fraud Terms,Cyber Scam,THIRD-PARTY,NARCF6-00215.txt,City: Gurgaon | Author: u/Bishy_bishy | Score: 1 | Reddit ID: 1h0u2zv
1fgpuap,NARCF6-00216,2026-04-11,Soubhik Sarkar,Reddit r/Gurgaon,reddit.com,2024-09-14,How to look for flats,https://www.reddit.com/r/gurgaon/comments/1fgpuap/how_to_look_for_flats/,cyber scam,General Cybercrime / Cyber Fraud Terms,Cyber Scam,THIRD-PARTY,NARCF6-00216.txt,City: Gurgaon | Author: u/ps2op | Score: 1 | Reddit ID: 1fgpuap
1d2k1ej,NARCF6-00217,2026-04-11,Soubhik Sarkar,Reddit r/Gurgaon,reddit.com,2024-05-28,Potential 'police call' scam?,https://www.reddit.com/r/gurgaon/comments/1d2k1ej/potential_police_call_scam/,cyber scam,General Cybercrime / Cyber Fraud Terms,Cyber Scam,THIRD-PARTY,NARCF6-00217.txt,City: Gurgaon | Author: u/ItisRunoutNotMankad | Score: 1 | Reddit ID: 1d2k1ej
126pzxw,NARCF6-00218,2026-04-11,Soubhik Sarkar,Reddit r/Gurgaon,reddit.com,2023-03-30,Flat Scam,https://www.reddit.com/r/gurgaon/comments/126pzxw/flat_scam/,cyber scam,General Cybercrime / Cyber Fraud Terms,Cyber Scam,NEAR-MISS,NARCF6-00218.txt,City: Gurgaon | Author: u/Almondgurl | Score: 49 | Reddit ID: 126pzxw
1kc8yab,NARCF6-00219,2026-04-11,Soubhik Sarkar,Reddit r/Gurgaon,reddit.com,2025-05-01,Should I accept this job?,https://www.reddit.com/r/gurgaon/comments/1kc8yab/should_i_accept_this_job/,online scam,General Cybercrime / Cyber Fraud Terms,Cyber Scam,THIRD-PARTY,NARCF6-00219.txt,City: Gurgaon | Author: u/Basic-Promotion4757 | Score: 1 | Reddit ID: 1kc8yab
1jkjjl9,NARCF6-00220,2026-04-11,Soubhik Sarkar,Reddit r/Gurgaon,reddit.com,2025-03-27,Blunder/ zepto order/ Apple earphones/ Helpp!!!!!!,https://www.reddit.com/r/gurgaon/comments/1jkjjl9/blunder_zepto_order_apple_earphones_helpp/,online scam,General Cybercrime / Cyber Fraud Terms,Cyber Scam,THIRD-PARTY,NARCF6-00220.txt,City: Gurgaon | Author: u/Local-Profession-311 | Score: 1 | Reddit ID: 1jkjjl9
1ilzb9b,NARCF6-00221,2026-04-11,Soubhik Sarkar,Reddit r/Gurgaon,reddit.com,2025-02-10,FnF Coliving Gurgaon/Pune is a SCAM – Beware!,https://www.reddit.com/r/gurgaon/comments/1ilzb9b/fnf_coliving_gurgaonpune_is_a_scam_beware/,online scam,General Cybercrime / Cyber Fraud Terms,Cyber Scam,NEAR-MISS,NARCF6-00221.txt,City: Gurgaon | Author: u/frubbly22 | Score: 16 | Reddit ID: 1ilzb9b
1ihby5l,NARCF6-00222,2026-04-11,Soubhik Sarkar,Reddit r/Gurgaon,reddit.com,2025-02-04,1 ticket for Ed Sheeran NCR show @ MRP,https://www.reddit.com/r/gurgaon/comments/1ihby5l/1_ticket_for_ed_sheeran_ncr_show_mrp/,online scam,General Cybercrime / Cyber Fraud Terms,Cyber Scam,THIRD-PARTY,NARCF6-00222.txt,City: Gurgaon | Author: u/podi-dosai | Score: 1 | Reddit ID: 1ihby5l
1h2r7lg,NARCF6-00223,2026-04-11,Soubhik Sarkar,Reddit r/Gurgaon,reddit.com,2024-11-29,Dating Scam in Gurgaon,https://www.reddit.com/r/gurgaon/comments/1h2r7lg/dating_scam_in_gurgaon/,online scam,General Cybercrime / Cyber Fraud Terms,Cyber Scam,THIRD-PARTY,NARCF6-00223.txt,City: Gurgaon | Author: u/vrun9 | Score: 55 | Reddit ID: 1h2r7lg
1h0bm3o,NARCF6-00224,2026-04-11,Soubhik Sarkar,Reddit r/Gurgaon,reddit.com,2024-11-26,Is prostituted scam?,https://www.reddit.com/r/gurgaon/comments/1h0bm3o/is_prostituted_scam/,online scam,General Cybercrime / Cyber Fraud Terms,Cyber Scam,NEAR-MISS,NARCF6-00224.txt,City: Gurgaon | Author: u/rebel1425 | Score: 1 | Reddit ID: 1h0bm3o
1fbukck,NARCF6-00225,2026-04-11,Soubhik Sarkar,Reddit r/Gurgaon,reddit.com,2024-09-08,Posting scam info here so you can be carefull and also have fun,https://www.reddit.com/r/gurgaon/comments/1fbukck/posting_scam_info_here_so_you_can_be_carefull_and/,online scam,General Cybercrime / Cyber Fraud Terms,Cyber Scam,THIRD-PARTY,NARCF6-00225.txt,City: Gurgaon | Author: u/she-only-says-no | Score: 1 | Reddit ID: 1fbukck
1cyjfya,NARCF6-00226,2026-04-11,Soubhik Sarkar,Reddit r/Gurgaon,reddit.com,2024-05-23,"New Scam in Sector 57, GGN. Near Two hungry stoners.  ",https://www.reddit.com/r/gurgaon/comments/1cyjfya/new_scam_in_sector_57_ggn_near_two_hungry_stoners/,online scam,General Cybercrime / Cyber Fraud Terms,Cyber Scam,THIRD-PARTY,NARCF6-00226.txt,City: Gurgaon | Author: u/Lord_Explicit_ | Score: 1 | Reddit ID: 1cyjfya
1co88hx,NARCF6-00227,2026-04-11,Soubhik Sarkar,Reddit r/Gurgaon,reddit.com,2024-05-10,New Scam Strategy ,https://www.reddit.com/r/gurgaon/comments/1co88hx/new_scam_strategy/,online scam,General Cybercrime / Cyber Fraud Terms,Cyber Scam,THIRD-PARTY,NARCF6-00227.txt,City: Gurgaon | Author: u/Vegetable-Job7956 | Score: 1 | Reddit ID: 1co88hx
1ckh5cy,NARCF6-00228,2026-04-11,Soubhik Sarkar,Reddit r/Gurgaon,reddit.com,2024-05-05,Help,https://www.reddit.com/r/gurgaon/comments/1ckh5cy/help/,online scam,General Cybercrime / Cyber Fraud Terms,Cyber Scam,VICTIM,NARCF6-00228.txt,City: Gurgaon | Author: u/Bitter-Anything6679 | Score: 1 | Reddit ID: 1ckh5cy
1ce9d0r,NARCF6-00229,2026-04-11,Soubhik Sarkar,Reddit r/Gurgaon,reddit.com,2024-04-27,Can someone Genuinely help in any IT job? - koi hai jo mera dard sunn raha hai?,https://www.reddit.com/r/gurgaon/comments/1ce9d0r/can_someone_genuinely_help_in_any_it_job_koi_hai/,online scam,General Cybercrime / Cyber Fraud Terms,Cyber Scam,THIRD-PARTY,NARCF6-00229.txt,City: Gurgaon | Author: u/Fantastic_Worth_457 | Score: 1 | Reddit ID: 1ce9d0r
17gbyut,NARCF6-00230,2026-04-11,Soubhik Sarkar,Reddit r/Gurgaon,reddit.com,2023-10-26,Recent post of getting scammed,https://www.reddit.com/r/gurgaon/comments/17gbyut/recent_post_of_getting_scammed/,online scam,General Cybercrime / Cyber Fraud Terms,Cyber Scam,THIRD-PARTY,NARCF6-00230.txt,City: Gurgaon | Author: u/FondantEmpty7355 | Score: 1 | Reddit ID: 17gbyut
175y353,NARCF6-00231,2026-04-11,Soubhik Sarkar,Reddit r/Gurgaon,reddit.com,2023-10-12,Bike Rental,https://www.reddit.com/r/gurgaon/comments/175y353/bike_rental/,online scam,General Cybercrime / Cyber Fraud Terms,Cyber Scam,THIRD-PARTY,NARCF6-00231.txt,City: Gurgaon | Author: u/pranabmohan22 | Score: 1 | Reddit ID: 175y353
16hr8jc,NARCF6-00232,2026-04-11,Soubhik Sarkar,Reddit r/Gurgaon,reddit.com,2023-09-13,Is this a SCAM?,https://www.reddit.com/r/gurgaon/comments/16hr8jc/is_this_a_scam/,online scam,General Cybercrime / Cyber Fraud Terms,Cyber Scam,NEAR-MISS,NARCF6-00232.txt,City: Gurgaon | Author: u/gyro-zeppelis-balls | Score: 1 | Reddit ID: 16hr8jc
15g1f95,NARCF6-00233,2026-04-11,Soubhik Sarkar,Reddit r/Gurgaon,reddit.com,2023-08-02,What is the best way to look for a flat in gurgaon?,https://www.reddit.com/r/gurgaon/comments/15g1f95/what_is_the_best_way_to_look_for_a_flat_in_gurgaon/,online scam,General Cybercrime / Cyber Fraud Terms,Cyber Scam,THIRD-PARTY,NARCF6-00233.txt,City: Gurgaon | Author: u/Far-League3068 | Score: 1 | Reddit ID: 15g1f95
14wkfuy,NARCF6-00234,2026-04-11,Soubhik Sarkar,Reddit r/Gurgaon,reddit.com,2023-07-11,Need suggestion/help for House Hunt,https://www.reddit.com/r/gurgaon/comments/14wkfuy/need_suggestionhelp_for_house_hunt/,online scam,General Cybercrime / Cyber Fraud Terms,Cyber Scam,THIRD-PARTY,NARCF6-00234.txt,City: Gurgaon | Author: u/vairaagee | Score: 3 | Reddit ID: 14wkfuy
12m61if,NARCF6-00235,2026-04-11,Soubhik Sarkar,Reddit r/Gurgaon,reddit.com,2023-04-14,Possible Flat Scam?,https://www.reddit.com/r/gurgaon/comments/12m61if/possible_flat_scam/,online scam,General Cybercrime / Cyber Fraud Terms,Cyber Scam,THIRD-PARTY,NARCF6-00235.txt,City: Gurgaon | Author: u/cutedevilak | Score: 0 | Reddit ID: 12m61if
12kflf8,NARCF6-00236,2026-04-11,Soubhik Sarkar,Reddit r/Gurgaon,reddit.com,2023-04-13,I'm offering an Adblocking / privacy / phishing protection service to any android user for ₹500 a year,https://www.reddit.com/r/gurgaon/comments/12kflf8/im_offering_an_adblocking_privacy_phishing/,online scam,General Cybercrime / Cyber Fraud Terms,Cyber Scam,THIRD-PARTY,NARCF6-00236.txt,City: Gurgaon | Author: u/destroyer-faith | Score: 1 | Reddit ID: 12kflf8
1jpu3hh,NARCF6-00237,2026-04-11,Soubhik Sarkar,Reddit r/Gurgaon,reddit.com,2025-04-02,"Puncture Scam: sector 85 HP petrol pump, opposite Elan Miracle",https://www.reddit.com/r/gurgaon/comments/1jpu3hh/puncture_scam_sector_85_hp_petrol_pump_opposite/,internet scam,General Cybercrime / Cyber Fraud Terms,Cyber Scam,NEAR-MISS,NARCF6-00237.txt,City: Gurgaon | Author: u/peace4231 | Score: 1 | Reddit ID: 1jpu3hh
1g2w1ez,NARCF6-00238,2026-04-11,Soubhik Sarkar,Reddit r/Gurgaon,reddit.com,2024-10-13,"People who have lived in Gurgaon for 2+ years, what are some tips to a newbie? ",https://www.reddit.com/r/gurgaon/comments/1g2w1ez/people_who_have_lived_in_gurgaon_for_2_years_what/,online cheating,General Cybercrime / Cyber Fraud Terms,Cyber Scam,THIRD-PARTY,NARCF6-00238.txt,City: Gurgaon | Author: u/RoundRobinGhost | Score: 1 | Reddit ID: 1g2w1ez
18jwg58,NARCF6-00239,2026-04-11,Soubhik Sarkar,Reddit r/Gurgaon,reddit.com,2023-12-16,Help my SM friend,https://www.reddit.com/r/gurgaon/comments/18jwg58/help_my_sm_friend/,e-banking fraud,General Cybercrime / Cyber Fraud Terms,Financial Cyber Fraud,THIRD-PARTY,NARCF6-00239.txt,City: Gurgaon | Author: u/Known_Platypus_3292 | Score: 1 | Reddit ID: 18jwg58
1i6267q,NARCF6-00240,2026-04-11,Soubhik Sarkar,Reddit r/Gurgaon,reddit.com,2025-01-21,Beware of Scammer – Amit Chandra Tiwari,https://www.reddit.com/r/gurgaon/comments/1i6267q/beware_of_scammer_amit_chandra_tiwari/,UPI fraud,UPI and Digital Payment Fraud,UPI Fraud,VICTIM,NARCF6-00240.txt,City: Gurgaon | Author: u/SlipperyBanana77 | Score: 1 | Reddit ID: 1i6267q
1hxzfo3,NARCF6-00241,2026-04-11,Soubhik Sarkar,Reddit r/Gurgaon,reddit.com,2025-01-10,Beware of Potential Fundraising Fraud: A User's Suspicious Activity Exposed ,https://www.reddit.com/r/gurgaon/comments/1hxzfo3/beware_of_potential_fundraising_fraud_a_users/,UPI fraud,UPI and Digital Payment Fraud,UPI Fraud,NEAR-MISS,NARCF6-00241.txt,City: Gurgaon | Author: u/jswntN | Score: 1 | Reddit ID: 1hxzfo3
1kcaq6u,NARCF6-00242,2026-04-11,Soubhik Sarkar,Reddit r/Gurgaon,reddit.com,2025-05-01,Gurgaon Scam,https://www.reddit.com/r/gurgaon/comments/1kcaq6u/gurgaon_scam/,UPI scam,UPI and Digital Payment Fraud,UPI Fraud,THIRD-PARTY,NARCF6-00242.txt,City: Gurgaon | Author: u/BeautifulStorage9782 | Score: 1 | Reddit ID: 1kcaq6u
1gspcuf,NARCF6-00243,2026-04-11,Soubhik Sarkar,Reddit r/Gurgaon,reddit.com,2024-11-16,"""Beware of Common Scams in Delhi NCR Markets: My Experience at Sector 31 Huda Market"" ",https://www.reddit.com/r/gurgaon/comments/1gspcuf/beware_of_common_scams_in_delhi_ncr_markets_my/,UPI scam,UPI and Digital Payment Fraud,UPI Fraud,NEAR-MISS,NARCF6-00243.txt,City: Gurgaon | Author: u/Lost_Awareness_7375 | Score: 1 | Reddit ID: 1gspcuf
1gsp8pr,NARCF6-00244,2026-04-11,Soubhik Sarkar,Reddit r/Gurgaon,reddit.com,2024-11-16,"""Beware of Common Scams in Delhi NCR Markets: My Experience at Sector 31 Huda Market"" ",https://www.reddit.com/r/gurgaon/comments/1gsp8pr/beware_of_common_scams_in_delhi_ncr_markets_my/,UPI scam,UPI and Digital Payment Fraud,UPI Fraud,NEAR-MISS,NARCF6-00244.txt,City: Gurgaon | Author: u/Lost_Awareness_7375 | Score: 1 | Reddit ID: 1gsp8pr
1grr58v,NARCF6-00245,2026-04-11,Soubhik Sarkar,Reddit r/Gurgaon,reddit.com,2024-11-15,Swiggy delivery person tried to scam me,https://www.reddit.com/r/gurgaon/comments/1grr58v/swiggy_delivery_person_tried_to_scam_me/,UPI scam,UPI and Digital Payment Fraud,UPI Fraud,NEAR-MISS,NARCF6-00245.txt,City: Gurgaon | Author: u/dontBorePls | Score: 1 | Reddit ID: 1grr58v
1gbn8jv,NARCF6-00246,2026-04-11,Soubhik Sarkar,Reddit r/Gurgaon,reddit.com,2024-10-25,Woman showed up asking for donation like I owe her money,https://www.reddit.com/r/gurgaon/comments/1gbn8jv/woman_showed_up_asking_for_donation_like_i_owe/,UPI scam,UPI and Digital Payment Fraud,UPI Fraud,NEAR-MISS,NARCF6-00246.txt,City: Gurgaon | Author: u/Bitter_Maximum3787 | Score: 1 | Reddit ID: 1gbn8jv
1g56s8s,NARCF6-00247,2026-04-11,Soubhik Sarkar,Reddit r/Gurgaon,reddit.com,2024-10-17,Got Scammed Today at IGI Airport ,https://www.reddit.com/r/gurgaon/comments/1g56s8s/got_scammed_today_at_igi_airport/,UPI scam,UPI and Digital Payment Fraud,UPI Fraud,THIRD-PARTY,NARCF6-00247.txt,City: Gurgaon | Author: u/happyy_developer | Score: 1 | Reddit ID: 1g56s8s
1ff2ja8,NARCF6-00248,2026-04-11,Soubhik Sarkar,Reddit r/Gurgaon,reddit.com,2024-09-12,Am I the Asshole for stopping someone from donating?,https://www.reddit.com/r/gurgaon/comments/1ff2ja8/am_i_the_asshole_for_stopping_someone_from/,UPI scam,UPI and Digital Payment Fraud,UPI Fraud,NEAR-MISS,NARCF6-00248.txt,City: Gurgaon | Author: u/ellokindfellow | Score: 1 | Reddit ID: 1ff2ja8
1dkc2x7,NARCF6-00249,2026-04-11,Soubhik Sarkar,Reddit r/Gurgaon,reddit.com,2024-06-20,Don't fall for sob stories on reddit!!! That's a scam!!!,https://www.reddit.com/r/gurgaon/comments/1dkc2x7/dont_fall_for_sob_stories_on_reddit_thats_a_scam/,UPI scam,UPI and Digital Payment Fraud,UPI Fraud,NEAR-MISS,NARCF6-00249.txt,City: Gurgaon | Author: u/Golgappa-King | Score: 1 | Reddit ID: 1dkc2x7
1ddt1d9,NARCF6-00250,2026-04-11,Soubhik Sarkar,Reddit r/Gurgaon,reddit.com,2024-06-12,Uber Driver Almost Scammed Me,https://www.reddit.com/r/gurgaon/comments/1ddt1d9/uber_driver_almost_scammed_me/,UPI scam,UPI and Digital Payment Fraud,UPI Fraud,NEAR-MISS,NARCF6-00250.txt,City: Gurgaon | Author: u/Bright_Bench_1816 | Score: 1 | Reddit ID: 1ddt1d9
1bjmhe4,NARCF6-00251,2026-04-11,Soubhik Sarkar,Reddit r/Gurgaon,reddit.com,2024-03-21,Got scammed in Gurgaon,https://www.reddit.com/r/gurgaon/comments/1bjmhe4/got_scammed_in_gurgaon/,UPI scam,UPI and Digital Payment Fraud,UPI Fraud,THIRD-PARTY,NARCF6-00251.txt,City: Gurgaon | Author: u/ZookeepergameGlad820 | Score: 1 | Reddit ID: 1bjmhe4
1bjmeud,NARCF6-00252,2026-04-11,Soubhik Sarkar,Reddit r/Gurgaon,reddit.com,2024-03-21,Got scammed in Gurgaon,https://www.reddit.com/r/gurgaon/comments/1bjmeud/got_scammed_in_gurgaon/,UPI scam,UPI and Digital Payment Fraud,UPI Fraud,THIRD-PARTY,NARCF6-00252.txt,City: Gurgaon | Author: u/TheCoolestGuy1994 | Score: 1 | Reddit ID: 1bjmeud
1798mfr,NARCF6-00253,2026-04-11,Soubhik Sarkar,Reddit r/Gurgaon,reddit.com,2023-10-16,••••Save Her Father••••,https://www.reddit.com/r/gurgaon/comments/1798mfr/save_her_father/,UPI scam,UPI and Digital Payment Fraud,UPI Fraud,THIRD-PARTY,NARCF6-00253.txt,City: Gurgaon | Author: u/EFOREJEC | Score: 1 | Reddit ID: 1798mfr
1ftwv3k,NARCF6-00254,2026-04-11,Soubhik Sarkar,Reddit r/Gurgaon,reddit.com,2024-10-02,"PG FRAUD, KV ROOMS",https://www.reddit.com/r/gurgaon/comments/1ftwv3k/pg_fraud_kv_rooms/,Google Pay fraud,UPI and Digital Payment Fraud,UPI Fraud,VICTIM,NARCF6-00254.txt,City: Gurgaon | Author: u/Technical-Cicada-581 | Score: 1 | Reddit ID: 1ftwv3k
1e2vb8b,NARCF6-00255,2026-04-11,Soubhik Sarkar,Reddit r/Gurgaon,reddit.com,2024-07-14,IndiaRamblerTour the worst travel agency ,https://www.reddit.com/r/gurgaon/comments/1e2vb8b/indiaramblertour_the_worst_travel_agency/,Google Pay fraud,UPI and Digital Payment Fraud,UPI Fraud,NEAR-MISS,NARCF6-00255.txt,City: Gurgaon | Author: u/PerspectiveStreet961 | Score: 5 | Reddit ID: 1e2vb8b
1bpbumy,NARCF6-00256,2026-04-11,Soubhik Sarkar,Reddit r/Gurgaon,reddit.com,2024-03-28,Be cautious before booking your travel expedition ,https://www.reddit.com/r/gurgaon/comments/1bpbumy/be_cautious_before_booking_your_travel_expedition/,Google Pay fraud,UPI and Digital Payment Fraud,UPI Fraud,NEAR-MISS,NARCF6-00256.txt,City: Gurgaon | Author: u/PerspectiveStreet961 | Score: 1 | Reddit ID: 1bpbumy
1b7agxj,NARCF6-00257,2026-04-11,Soubhik Sarkar,Reddit r/Gurgaon,reddit.com,2024-03-05,Don't book from India rambler tour ,https://www.reddit.com/r/gurgaon/comments/1b7agxj/dont_book_from_india_rambler_tour/,Google Pay fraud,UPI and Digital Payment Fraud,UPI Fraud,NEAR-MISS,NARCF6-00257.txt,City: Gurgaon | Author: u/PerspectiveStreet961 | Score: 1 | Reddit ID: 1b7agxj
1ay70un,NARCF6-00258,2026-04-11,Soubhik Sarkar,Reddit r/Gurgaon,reddit.com,2024-02-23,Saving fellow travellers from getting conned,https://www.reddit.com/r/gurgaon/comments/1ay70un/saving_fellow_travellers_from_getting_conned/,Google Pay fraud,UPI and Digital Payment Fraud,UPI Fraud,NEAR-MISS,NARCF6-00258.txt,City: Gurgaon | Author: u/PerspectiveStreet961 | Score: 1 | Reddit ID: 1ay70un
1fs5ifx,NARCF6-00259,2026-04-11,Soubhik Sarkar,Reddit r/Gurgaon,reddit.com,2024-09-29,Fraud by Paytm Travel App,https://www.reddit.com/r/gurgaon/comments/1fs5ifx/fraud_by_paytm_travel_app/,Paytm fraud,UPI and Digital Payment Fraud,UPI Fraud,THIRD-PARTY,NARCF6-00259.txt,City: Gurgaon | Author: u/mukku_413 | Score: 1 | Reddit ID: 1fs5ifx
1bhoveh,NARCF6-00260,2026-04-11,Soubhik Sarkar,Reddit r/Gurgaon,reddit.com,2024-03-18,"Swiggy driver tried to scam me, became aggressive when I denied him money",https://www.reddit.com/r/gurgaon/comments/1bhoveh/swiggy_driver_tried_to_scam_me_became_aggressive/,QR code scam,UPI and Digital Payment Fraud,QR Code Fraud,NEAR-MISS,NARCF6-00260.txt,City: Gurgaon | Author: u/DefinitelyMaybeX | Score: 1 | Reddit ID: 1bhoveh
196n9oq,NARCF6-00261,2026-04-11,Soubhik Sarkar,Reddit r/Gurgaon,reddit.com,2024-01-15,OLX SCAM ALERT!,https://www.reddit.com/r/gurgaon/comments/196n9oq/olx_scam_alert/,QR code scam,UPI and Digital Payment Fraud,QR Code Fraud,THIRD-PARTY,NARCF6-00261.txt,City: Gurgaon | Author: u/External_Formal6395 | Score: 14 | Reddit ID: 196n9oq
18bkjlv,NARCF6-00262,2026-04-11,Soubhik Sarkar,Reddit r/Gurgaon,reddit.com,2023-12-06,“Celebrity Scammer” wants to rent my “beautiful flat”. Help me teach him a lesson! 🥹,https://www.reddit.com/r/gurgaon/comments/18bkjlv/celebrity_scammer_wants_to_rent_my_beautiful_flat/,QR code scam,UPI and Digital Payment Fraud,QR Code Fraud,NEAR-MISS,NARCF6-00262.txt,City: Gurgaon | Author: u/Okayisnotokay | Score: 1 | Reddit ID: 18bkjlv
172a3j7,NARCF6-00263,2026-04-11,Soubhik Sarkar,Reddit r/Gurgaon,reddit.com,2023-10-07,Selling old Furniture and a Guitar. Moving to Bangalore,https://www.reddit.com/r/gurgaon/comments/172a3j7/selling_old_furniture_and_a_guitar_moving_to/,QR code scam,UPI and Digital Payment Fraud,QR Code Fraud,THIRD-PARTY,NARCF6-00263.txt,City: Gurgaon | Author: u/rollnumber001 | Score: 1 | Reddit ID: 172a3j7
15q3usi,NARCF6-00264,2026-04-11,Soubhik Sarkar,Reddit r/Gurgaon,reddit.com,2023-08-13,Mazza aaya Aaj scammer ka scam krdiya,https://www.reddit.com/r/gurgaon/comments/15q3usi/mazza_aaya_aaj_scammer_ka_scam_krdiya/,QR code scam,UPI and Digital Payment Fraud,QR Code Fraud,NEAR-MISS,NARCF6-00264.txt,City: Gurgaon | Author: u/Proof_Challenge9676 | Score: 372 | Reddit ID: 15q3usi
1hhjkek,NARCF6-00265,2026-04-11,Soubhik Sarkar,Reddit r/Gurgaon,reddit.com,2024-12-19,iPhone 16 pro max @ 1.25L,https://www.reddit.com/r/gurgaon/comments/1hhjkek/iphone_16_pro_max_125l/,e-wallet scam,UPI and Digital Payment Fraud,Mobile Wallet Fraud,THIRD-PARTY,NARCF6-00265.txt,City: Gurgaon | Author: u/ekanshmendiratta | Score: 1 | Reddit ID: 1hhjkek
1hhjinc,NARCF6-00266,2026-04-11,Soubhik Sarkar,Reddit r/Gurgaon,reddit.com,2024-12-19,iPhone 16 Pro Max @ 1.25L,https://www.reddit.com/r/gurgaon/comments/1hhjinc/iphone_16_pro_max_125l/,e-wallet scam,UPI and Digital Payment Fraud,Mobile Wallet Fraud,THIRD-PARTY,NARCF6-00266.txt,City: Gurgaon | Author: u/ekanshmendiratta | Score: 1 | Reddit ID: 1hhjinc
1h9j0ik,NARCF6-00267,2026-04-11,Soubhik Sarkar,Reddit r/Gurgaon,reddit.com,2024-12-08,Is 'Garden Lovers Cafe' safe to go on a date?,https://www.reddit.com/r/gurgaon/comments/1h9j0ik/is_garden_lovers_cafe_safe_to_go_on_a_date/,e-wallet scam,UPI and Digital Payment Fraud,Mobile Wallet Fraud,THIRD-PARTY,NARCF6-00267.txt,City: Gurgaon | Author: u/rustynailsinmydick | Score: 1 | Reddit ID: 1h9j0ik
1gu24s6,NARCF6-00268,2026-04-11,Soubhik Sarkar,Reddit r/Gurgaon,reddit.com,2024-11-18,Since AQI is a Problem ,https://www.reddit.com/r/gurgaon/comments/1gu24s6/since_aqi_is_a_problem/,e-wallet scam,UPI and Digital Payment Fraud,Mobile Wallet Fraud,THIRD-PARTY,NARCF6-00268.txt,City: Gurgaon | Author: u/PositiveFun8654 | Score: 1 | Reddit ID: 1gu24s6
1btvc0r,NARCF6-00269,2026-04-11,Soubhik Sarkar,Reddit r/Gurgaon,reddit.com,2024-04-02,Smile foundation,https://www.reddit.com/r/gurgaon/comments/1btvc0r/smile_foundation/,e-wallet scam,UPI and Digital Payment Fraud,Mobile Wallet Fraud,THIRD-PARTY,NARCF6-00269.txt,City: Gurgaon | Author: u/Illusions-Reality | Score: 1 | Reddit ID: 1btvc0r
1jna3m5,NARCF6-00270,2026-04-11,Soubhik Sarkar,Reddit r/Gurgaon,reddit.com,2025-03-30,Getting spammed with OTPs,https://www.reddit.com/r/gurgaon/comments/1jna3m5/getting_spammed_with_otps/,OTP scam,OTP and Authentication Fraud,OTP Fraud,THIRD-PARTY,NARCF6-00270.txt,City: Gurgaon | Author: u/sgt_based | Score: 1 | Reddit ID: 1jna3m5
1f8mbdo,NARCF6-00271,2026-04-11,Soubhik Sarkar,Reddit r/Gurgaon,reddit.com,2024-09-04,Delivery scam,https://www.reddit.com/r/gurgaon/comments/1f8mbdo/delivery_scam/,OTP scam,OTP and Authentication Fraud,OTP Fraud,THIRD-PARTY,NARCF6-00271.txt,City: Gurgaon | Author: u/BriefGuide9398 | Score: 1 | Reddit ID: 1f8mbdo
1i2kvvn,NARCF6-00272,2026-04-11,Soubhik Sarkar,Reddit r/Gurgaon,reddit.com,2025-01-16,Abandoned by the Banks: Exposing India’s KYC Failures and Identity Fraud Crisis (HDFC leading the path),https://www.reddit.com/r/gurgaon/comments/1i2kvvn/abandoned_by_the_banks_exposing_indias_kyc/,KYC fraud,OTP and Authentication Fraud,KYC Fraud,THIRD-PARTY,NARCF6-00272.txt,City: Gurgaon | Author: u/checknmater | Score: 1 | Reddit ID: 1i2kvvn
1h6gubi,NARCF6-00273,2026-04-11,Soubhik Sarkar,Reddit r/Gurgaon,reddit.com,2024-12-04,Attempted Digital Arrest Scam. Heart-to-Heart with Scammer,https://www.reddit.com/r/gurgaon/comments/1h6gubi/attempted_digital_arrest_scam_hearttoheart_with/,digital arrest,Digital Arrest Scam,Digital Arrest,THIRD-PARTY,NARCF6-00273.txt,City: Gurgaon | Author: u/anujkapoor | Score: 1 | Reddit ID: 1h6gubi
187lcin,NARCF6-00274,2026-04-11,Soubhik Sarkar,Reddit r/Gurgaon,reddit.com,2023-11-30,BE SAFE FROM WOMAN CALLED AYUSHI BHATIA IN GURGAON WHO FILES FALSE RAPE CASES,https://www.reddit.com/r/gurgaon/comments/187lcin/be_safe_from_woman_called_ayushi_bhatia_in/,fake arrest,Digital Arrest Scam,Digital Arrest,NEAR-MISS,NARCF6-00274.txt,City: Gurgaon | Author: u/Silent-Ad-42 | Score: 1 | Reddit ID: 187lcin
11fl9c2,NARCF6-00275,2026-04-11,Soubhik Sarkar,Reddit r/Gurgaon,reddit.com,2023-03-02,"Fake Call Centre Busted In Gurugram, 2 Foreigners Among 13 Arrested: Cops",https://www.reddit.com/r/gurgaon/comments/11fl9c2/fake_call_centre_busted_in_gurugram_2_foreigners/,fake arrest,Digital Arrest Scam,Digital Arrest,THIRD-PARTY,NARCF6-00275.txt,City: Gurgaon | Author: u/VCardBGone | Score: 0 | Reddit ID: 11fl9c2
1djdqmf,NARCF6-00276,2026-04-11,Soubhik Sarkar,Reddit r/Gurgaon,reddit.com,2024-06-19,Scam alert,https://www.reddit.com/r/gurgaon/comments/1djdqmf/scam_alert/,customs fraud call,Digital Arrest Scam,Impersonation Scam,THIRD-PARTY,NARCF6-00276.txt,City: Gurgaon | Author: u/dg8396 | Score: 1 | Reddit ID: 1djdqmf
1hvzxtm,NARCF6-00277,2026-04-11,Soubhik Sarkar,Reddit r/Gurgaon,reddit.com,2025-01-08,Story 4: How the Service Center Scammed Me Into a Five-Star Review,https://www.reddit.com/r/gurgaon/comments/1hvzxtm/story_4_how_the_service_center_scammed_me_into_a/,video call scam,Digital Arrest Scam,Video Call Coercion,NEAR-MISS,NARCF6-00277.txt,City: Gurgaon | Author: u/pfi5 | Score: 1 | Reddit ID: 1hvzxtm
1f4phf3,NARCF6-00278,2026-04-11,Soubhik Sarkar,Reddit r/Gurgaon,reddit.com,2024-08-30,"Rajat Dalal, A dehati Goon, must be punished",https://www.reddit.com/r/gurgaon/comments/1f4phf3/rajat_dalal_a_dehati_goon_must_be_punished/,video call scam,Digital Arrest Scam,Video Call Coercion,THIRD-PARTY,NARCF6-00278.txt,City: Gurgaon | Author: u/Careless_maccas | Score: 1 | Reddit ID: 1f4phf3
1dohjj4,NARCF6-00279,2026-04-11,Soubhik Sarkar,Reddit r/Gurgaon,reddit.com,2024-06-26,Awareness,https://www.reddit.com/r/gurgaon/comments/1dohjj4/awareness/,video call scam,Digital Arrest Scam,Video Call Coercion,THIRD-PARTY,NARCF6-00279.txt,City: Gurgaon | Author: u/Right_Test_5749 | Score: 1 | Reddit ID: 1dohjj4
1kgfbhe,NARCF6-00280,2026-04-11,Soubhik Sarkar,Reddit r/Gurgaon,reddit.com,2025-05-07,We got the revenge boys.,https://www.reddit.com/r/gurgaon/comments/1kgfbhe/we_got_the_revenge_boys/,fake website,"Phishing, Vishing, and Smishing",Phishing,THIRD-PARTY,NARCF6-00280.txt,City: Gurgaon | Author: u/OneDropYT | Score: 1 | Reddit ID: 1kgfbhe
1db1tci,NARCF6-00281,2026-04-11,Soubhik Sarkar,Reddit r/Gurgaon,reddit.com,2024-06-08,Need suggestions from the gym peeps here...,https://www.reddit.com/r/gurgaon/comments/1db1tci/need_suggestions_from_the_gym_peeps_here/,fake website,"Phishing, Vishing, and Smishing",Phishing,THIRD-PARTY,NARCF6-00281.txt,City: Gurgaon | Author: u/perpetual_dreamer86 | Score: 1 | Reddit ID: 1db1tci
1d0vxfi,NARCF6-00282,2026-04-11,Soubhik Sarkar,Reddit r/Gurgaon,reddit.com,2024-05-26,Never have I ever thought of posting this on a social media platform,https://www.reddit.com/r/gurgaon/comments/1d0vxfi/never_have_i_ever_thought_of_posting_this_on_a/,fake website,"Phishing, Vishing, and Smishing",Phishing,THIRD-PARTY,NARCF6-00282.txt,City: Gurgaon | Author: u/allout69 | Score: 1 | Reddit ID: 1d0vxfi
1aszla5,NARCF6-00283,2026-04-11,Soubhik Sarkar,Reddit r/Gurgaon,reddit.com,2024-02-17,Toxic Startup in Gurgaon,https://www.reddit.com/r/gurgaon/comments/1aszla5/toxic_startup_in_gurgaon/,fake website,"Phishing, Vishing, and Smishing",Phishing,THIRD-PARTY,NARCF6-00283.txt,City: Gurgaon | Author: u/Solitudeismyplace | Score: 1 | Reddit ID: 1aszla5
1k8qi8j,NARCF6-00284,2026-04-11,Soubhik Sarkar,Reddit r/Gurgaon,reddit.com,2025-04-27,Kyno home health care - unethical company,https://www.reddit.com/r/gurgaon/comments/1k8qi8j/kyno_home_health_care_unethical_company/,fraud call,"Phishing, Vishing, and Smishing",Vishing,THIRD-PARTY,NARCF6-00284.txt,City: Gurgaon | Author: u/Dickus_minimi001 | Score: 1 | Reddit ID: 1k8qi8j
1j3gdwi,NARCF6-00285,2026-04-11,Soubhik Sarkar,Reddit r/Gurgaon,reddit.com,2025-03-04,PG Owner Not Returning Deposit,https://www.reddit.com/r/gurgaon/comments/1j3gdwi/pg_owner_not_returning_deposit/,fraud call,"Phishing, Vishing, and Smishing",Vishing,THIRD-PARTY,NARCF6-00285.txt,City: Gurgaon | Author: u/Fun_Welder3246 | Score: 1 | Reddit ID: 1j3gdwi
1iyu75p,NARCF6-00286,2026-04-11,Soubhik Sarkar,Reddit r/Gurgaon,reddit.com,2025-02-26,Thank you Truecaller! 😂,https://www.reddit.com/r/gurgaon/comments/1iyu75p/thank_you_truecaller/,fraud call,"Phishing, Vishing, and Smishing",Vishing,THIRD-PARTY,NARCF6-00286.txt,City: Gurgaon | Author: u/Glad-Coyote9589 | Score: 1 | Reddit ID: 1iyu75p
1imt1ev,NARCF6-00287,2026-04-11,Soubhik Sarkar,Reddit r/Gurgaon,reddit.com,2025-02-11,Settl is a BIG SCAM,https://www.reddit.com/r/gurgaon/comments/1imt1ev/settl_is_a_big_scam/,fraud call,"Phishing, Vishing, and Smishing",Vishing,THIRD-PARTY,NARCF6-00287.txt,City: Gurgaon | Author: u/Dizzy_Draft874 | Score: 10 | Reddit ID: 1imt1ev
1gcj81h,NARCF6-00288,2026-04-11,Soubhik Sarkar,Reddit r/Gurgaon,reddit.com,2024-10-26,FURLENCO REVIEW: BIGGEST SCAM COMPANY ON THE PLANET,https://www.reddit.com/r/gurgaon/comments/1gcj81h/furlenco_review_biggest_scam_company_on_the_planet/,fraud call,"Phishing, Vishing, and Smishing",Vishing,THIRD-PARTY,NARCF6-00288.txt,City: Gurgaon | Author: u/Embarrassed-Active39 | Score: 1 | Reddit ID: 1gcj81h
1g0hsrr,NARCF6-00289,2026-04-11,Soubhik Sarkar,Reddit r/Gurgaon,reddit.com,2024-10-10,Security deposit dispute with fellow flatmate,https://www.reddit.com/r/gurgaon/comments/1g0hsrr/security_deposit_dispute_with_fellow_flatmate/,fraud call,"Phishing, Vishing, and Smishing",Vishing,NEAR-MISS,NARCF6-00289.txt,City: Gurgaon | Author: u/addyk31 | Score: 1 | Reddit ID: 1g0hsrr
1d6in2c,NARCF6-00290,2026-04-11,Soubhik Sarkar,Reddit r/Gurgaon,reddit.com,2024-06-02,Fraud / Awareness,https://www.reddit.com/r/gurgaon/comments/1d6in2c/fraud_awareness/,fraud call,"Phishing, Vishing, and Smishing",Vishing,NEAR-MISS,NARCF6-00290.txt,City: Gurgaon | Author: u/Weak_Sherbert_3832 | Score: 1 | Reddit ID: 1d6in2c
1cuvg2s,NARCF6-00291,2026-04-11,Soubhik Sarkar,Reddit r/Gurgaon,reddit.com,2024-05-18,"beware! Nice Maple, Sector 71, Furniture store",https://www.reddit.com/r/gurgaon/comments/1cuvg2s/beware_nice_maple_sector_71_furniture_store/,fraud call,"Phishing, Vishing, and Smishing",Vishing,VICTIM,NARCF6-00291.txt,City: Gurgaon | Author: u/Street_Ad_5611 | Score: 1 | Reddit ID: 1cuvg2s
1cuda2x,NARCF6-00292,2026-04-11,Soubhik Sarkar,Reddit r/Gurgaon,reddit.com,2024-05-18,Can't get help because of scammers,https://www.reddit.com/r/gurgaon/comments/1cuda2x/cant_get_help_because_of_scammers/,fraud call,"Phishing, Vishing, and Smishing",Vishing,THIRD-PARTY,NARCF6-00292.txt,City: Gurgaon | Author: u/Hopeful-Culture-6387 | Score: 1 | Reddit ID: 1cuda2x
1c2tj0w,NARCF6-00293,2026-04-11,Soubhik Sarkar,Reddit r/Gurgaon,reddit.com,2024-04-13,Got defrauded of 1100 today,https://www.reddit.com/r/gurgaon/comments/1c2tj0w/got_defrauded_of_1100_today/,fraud call,"Phishing, Vishing, and Smishing",Vishing,VICTIM,NARCF6-00293.txt,City: Gurgaon | Author: u/jyGrg | Score: 1 | Reddit ID: 1c2tj0w
1bu3wnb,NARCF6-00294,2026-04-11,Soubhik Sarkar,Reddit r/Gurgaon,reddit.com,2024-04-02,Recruitment Scam,https://www.reddit.com/r/gurgaon/comments/1bu3wnb/recruitment_scam/,fraud call,"Phishing, Vishing, and Smishing",Vishing,THIRD-PARTY,NARCF6-00294.txt,City: Gurgaon | Author: u/SweetDull00 | Score: 1 | Reddit ID: 1bu3wnb
1bhpub7,NARCF6-00295,2026-04-11,Soubhik Sarkar,Reddit r/Gurgaon,reddit.com,2024-03-18,New Scam in Town!,https://www.reddit.com/r/gurgaon/comments/1bhpub7/new_scam_in_town/,fraud call,"Phishing, Vishing, and Smishing",Vishing,THIRD-PARTY,NARCF6-00295.txt,City: Gurgaon | Author: u/Maximum-Guitar-1269 | Score: 1 | Reddit ID: 1bhpub7
mm3z6a,NARCF6-00296,2026-04-11,Soubhik Sarkar,Reddit r/Gurgaon,reddit.com,2021-04-07,Saw a man arguing over getting fined in metro for not wearing mask,https://www.reddit.com/r/gurgaon/comments/mm3z6a/saw_a_man_arguing_over_getting_fined_in_metro_for/,fraud call,"Phishing, Vishing, and Smishing",Vishing,THIRD-PARTY,NARCF6-00296.txt,City: Gurgaon | Author: u/_memes_indian_ | Score: 26 | Reddit ID: mm3z6a
1fh6mxp,NARCF6-00297,2026-04-11,Soubhik Sarkar,Reddit r/Gurgaon,reddit.com,2024-09-15,Gigs for Gurugram folks ( Shopping Audits) you can do anytime in your free time ( details in description),https://www.reddit.com/r/gurgaon/comments/1fh6mxp/gigs_for_gurugram_folks_shopping_audits_you_can/,SMS scam,"Phishing, Vishing, and Smishing",Smishing,THIRD-PARTY,NARCF6-00297.txt,City: Gurgaon | Author: u/OpenWeb5282 | Score: 1 | Reddit ID: 1fh6mxp
10cmhcf,NARCF6-00298,2026-04-11,Soubhik Sarkar,Reddit r/Gurgaon,reddit.com,2023-01-15,Commercial property part ownership,https://www.reddit.com/r/gurgaon/comments/10cmhcf/commercial_property_part_ownership/,investment scam,Investment and Trading Fraud,Investment Scam,THIRD-PARTY,NARCF6-00298.txt,City: Gurgaon | Author: u/NaiveAdministration3 | Score: 3 | Reddit ID: 10cmhcf
1hjzja3,NARCF6-00299,2026-04-11,Soubhik Sarkar,Reddit r/Gurgaon,reddit.com,2024-12-22,We got scammed.,https://www.reddit.com/r/gurgaon/comments/1hjzja3/we_got_scammed/,crypto scam,Investment and Trading Fraud,Investment Scam,THIRD-PARTY,NARCF6-00299.txt,City: Gurgaon | Author: u/CarnageEdits | Score: 1 | Reddit ID: 1hjzja3
1ekgnji,NARCF6-00300,2026-04-11,Soubhik Sarkar,Reddit r/Gurgaon,reddit.com,2024-08-05,Stock market Tips Scam,https://www.reddit.com/r/gurgaon/comments/1ekgnji/stock_market_tips_scam/,stock market scam,Investment and Trading Fraud,Stock Market Fraud,THIRD-PARTY,NARCF6-00300.txt,City: Gurgaon | Author: u/ur_tranquil | Score: 0 | Reddit ID: 1ekgnji
1ihgol5,NARCF6-00301,2026-04-11,Soubhik Sarkar,Reddit r/Gurgaon,reddit.com,2025-02-04,Let me tell you about smartworld scam. And red flags for 1st time buyers,https://www.reddit.com/r/gurgaon/comments/1ihgol5/let_me_tell_you_about_smartworld_scam_and_red/,part time job scam,Investment and Trading Fraud,Task Scam,NEAR-MISS,NARCF6-00301.txt,City: Gurgaon | Author: u/mjt256 | Score: 1 | Reddit ID: 1ihgol5
1cpqvmj,NARCF6-00302,2026-04-11,Soubhik Sarkar,Reddit r/Gurgaon,reddit.com,2024-05-12,Bye bye ,https://www.reddit.com/r/gurgaon/comments/1cpqvmj/bye_bye/,part time job scam,Investment and Trading Fraud,Task Scam,THIRD-PARTY,NARCF6-00302.txt,City: Gurgaon | Author: u/One_Somewhere4573 | Score: 1 | Reddit ID: 1cpqvmj
15zflpd,NARCF6-00303,2026-04-11,Soubhik Sarkar,Reddit r/Gurgaon,reddit.com,2023-08-24,UBER SCAM ALERT!!,https://www.reddit.com/r/gurgaon/comments/15zflpd/uber_scam_alert/,work from home scam,Investment and Trading Fraud,Task Scam,THIRD-PARTY,NARCF6-00303.txt,City: Gurgaon | Author: u/deadpool3727 | Score: 1 | Reddit ID: 15zflpd
1clgrux,NARCF6-00304,2026-04-11,Soubhik Sarkar,Reddit r/Gurgaon,reddit.com,2024-05-06,Has anybody processed their travel visa via atlys?,https://www.reddit.com/r/gurgaon/comments/1clgrux/has_anybody_processed_their_travel_visa_via_atlys/,identity theft,Identity Theft and Data Breach,Identity Theft,THIRD-PARTY,NARCF6-00304.txt,City: Gurgaon | Author: u/AdVarious2348 | Score: 1 | Reddit ID: 1clgrux
1e6y910,NARCF6-00305,2026-04-11,Soubhik Sarkar,Reddit r/Gurgaon,reddit.com,2024-07-19,Can someone do identity fraud or financial fraud using DL??,https://www.reddit.com/r/gurgaon/comments/1e6y910/can_someone_do_identity_fraud_or_financial_fraud/,identity fraud,Identity Theft and Data Breach,Identity Theft,THIRD-PARTY,NARCF6-00305.txt,City: Gurgaon | Author: u/Distinct_Hunter7987 | Score: 1 | Reddit ID: 1e6y910
1e6y8jr,NARCF6-00306,2026-04-11,Soubhik Sarkar,Reddit r/Gurgaon,reddit.com,2024-07-19,Can someone illegally take loan on my name or do an identity fraud?,https://www.reddit.com/r/gurgaon/comments/1e6y8jr/can_someone_illegally_take_loan_on_my_name_or_do/,identity fraud,Identity Theft and Data Breach,Identity Theft,THIRD-PARTY,NARCF6-00306.txt,City: Gurgaon | Author: u/PrivateBanger-21 | Score: 1 | Reddit ID: 1e6y8jr
1j1hw9e,NARCF6-00307,2026-04-11,Soubhik Sarkar,Reddit r/Gurgaon,reddit.com,2025-03-02,OP Needs Job Switch,https://www.reddit.com/r/gurgaon/comments/1j1hw9e/op_needs_job_switch/,data breach,Identity Theft and Data Breach,Data Breach,THIRD-PARTY,NARCF6-00307.txt,City: Gurgaon | Author: u/Dekh_dekho_vo_aagaya | Score: 1 | Reddit ID: 1j1hw9e
1gy4a2u,NARCF6-00308,2026-04-11,Soubhik Sarkar,Reddit r/Gurgaon,reddit.com,2024-11-23,Furniture Rental : Scam?,https://www.reddit.com/r/gurgaon/comments/1gy4a2u/furniture_rental_scam/,data breach,Identity Theft and Data Breach,Data Breach,THIRD-PARTY,NARCF6-00308.txt,City: Gurgaon | Author: u/BeginningFit7958 | Score: 1 | Reddit ID: 1gy4a2u
1cekac6,NARCF6-00309,2026-04-11,Soubhik Sarkar,Reddit r/Gurgaon,reddit.com,2024-04-27,Massive ICICI Credit Card Breach,https://www.reddit.com/r/gurgaon/comments/1cekac6/massive_icici_credit_card_breach/,data breach,Identity Theft and Data Breach,Data Breach,THIRD-PARTY,NARCF6-00309.txt,City: Gurgaon | Author: u/AmbitionSkies | Score: 1 | Reddit ID: 1cekac6
1c9dq9k,NARCF6-00310,2026-04-11,Soubhik Sarkar,Reddit r/Gurgaon,reddit.com,2024-04-21,Gurgaon District Commission Finds Asian Public School Guilty of Manipulating Admission and Withdrawal Dates for Overcharging Fees,https://www.reddit.com/r/gurgaon/comments/1c9dq9k/gurgaon_district_commission_finds_asian_public/,data breach,Identity Theft and Data Breach,Data Breach,THIRD-PARTY,NARCF6-00310.txt,City: Gurgaon | Author: u/Voxyacomplaintforum | Score: 1 | Reddit ID: 1c9dq9k
1bxya6q,NARCF6-00311,2026-04-11,Soubhik Sarkar,Reddit r/Gurgaon,reddit.com,2024-04-07,How comfortable are you sharing your mobile number as mandatory requirement for entering a restaurant for Breakfast ,https://www.reddit.com/r/gurgaon/comments/1bxya6q/how_comfortable_are_you_sharing_your_mobile/,data breach,Identity Theft and Data Breach,Data Breach,NEAR-MISS,NARCF6-00311.txt,City: Gurgaon | Author: u/ArnimZolaHydra | Score: 1 | Reddit ID: 1bxya6q
o6cngc,NARCF6-00312,2026-04-11,Soubhik Sarkar,Reddit r/Gurgaon,reddit.com,2021-06-23,"CoWIN portal hacked, more than 150 million user data leaked?",https://www.reddit.com/r/gurgaon/comments/o6cngc/cowin_portal_hacked_more_than_150_million_user/,data leak,Identity Theft and Data Breach,Data Breach,THIRD-PARTY,NARCF6-00312.txt,City: Gurgaon | Author: u/[deleted] | Score: 0 | Reddit ID: o6cngc
1i9fo71,NARCF6-00313,2026-04-11,Soubhik Sarkar,Reddit r/Gurgaon,reddit.com,2025-01-25,"Apple watch redemption Scam, pls help",https://www.reddit.com/r/gurgaon/comments/1i9fo71/apple_watch_redemption_scam_pls_help/,manipulation scam,Social Engineering and Romance/Sextortion,Social Engineering,THIRD-PARTY,NARCF6-00313.txt,City: Gurgaon | Author: u/PutridDig4565 | Score: 1 | Reddit ID: 1i9fo71
1d0dd9i,NARCF6-00314,2026-04-11,Soubhik Sarkar,Reddit r/Gurgaon,reddit.com,2024-05-25,"Let's make a pinned post/list of places like Sutra which have misbehaving staff, manipulation in quantity of items, mandatory service charge and other scams or shady practices.",https://www.reddit.com/r/gurgaon/comments/1d0dd9i/lets_make_a_pinned_postlist_of_places_like_sutra/,manipulation scam,Social Engineering and Romance/Sextortion,Social Engineering,THIRD-PARTY,NARCF6-00314.txt,City: Gurgaon | Author: u/yazagaza123 | Score: 1 | Reddit ID: 1d0dd9i
1ka0y7x,NARCF6-00315,2026-04-11,Soubhik Sarkar,Reddit r/Gurgaon,reddit.com,2025-04-28,Office-goers (especially women) commuting late at night — how are you managing after BluSmart shut down?,https://www.reddit.com/r/gurgaon/comments/1ka0y7x/officegoers_especially_women_commuting_late_at/,trust scam,Social Engineering and Romance/Sextortion,Social Engineering,THIRD-PARTY,NARCF6-00315.txt,City: Gurgaon | Author: u/Ms_Textaholic | Score: 1 | Reddit ID: 1ka0y7x
1jr8qw8,NARCF6-00316,2026-04-11,Soubhik Sarkar,Reddit r/Gurgaon,reddit.com,2025-04-04,Met a girl on Linkedin,https://www.reddit.com/r/gurgaon/comments/1jr8qw8/met_a_girl_on_linkedin/,trust scam,Social Engineering and Romance/Sextortion,Social Engineering,THIRD-PARTY,NARCF6-00316.txt,City: Gurgaon | Author: u/Freakin-far | Score: 1 | Reddit ID: 1jr8qw8
1ibv9u7,NARCF6-00317,2026-04-11,Soubhik Sarkar,Reddit r/Gurgaon,reddit.com,2025-01-28,Is kidspark.co.in legit ?,https://www.reddit.com/r/gurgaon/comments/1ibv9u7/is_kidsparkcoin_legit/,trust scam,Social Engineering and Romance/Sextortion,Social Engineering,THIRD-PARTY,NARCF6-00317.txt,City: Gurgaon | Author: u/DisastrousAppeal5551 | Score: 1 | Reddit ID: 1ibv9u7
1gqv3rn,NARCF6-00318,2026-04-11,Soubhik Sarkar,Reddit r/Gurgaon,reddit.com,2024-11-14,I have seen so many posts of these small time brokers scamming people. ,https://www.reddit.com/r/gurgaon/comments/1gqv3rn/i_have_seen_so_many_posts_of_these_small_time/,trust scam,Social Engineering and Romance/Sextortion,Social Engineering,NEAR-MISS,NARCF6-00318.txt,City: Gurgaon | Author: u/HistoricalExample156 | Score: 1 | Reddit ID: 1gqv3rn
1fluox3,NARCF6-00319,2026-04-11,Soubhik Sarkar,Reddit r/Gurgaon,reddit.com,2024-09-21,Moonwalk salon sector -70 ,https://www.reddit.com/r/gurgaon/comments/1fluox3/moonwalk_salon_sector_70/,trust scam,Social Engineering and Romance/Sextortion,Social Engineering,THIRD-PARTY,NARCF6-00319.txt,City: Gurgaon | Author: u/Practical-Outside-48 | Score: 3 | Reddit ID: 1fluox3
18mlcnb,NARCF6-00320,2026-04-11,Soubhik Sarkar,Reddit r/Gurgaon,reddit.com,2023-12-20,Internship opportunity,https://www.reddit.com/r/gurgaon/comments/18mlcnb/internship_opportunity/,trust scam,Social Engineering and Romance/Sextortion,Social Engineering,THIRD-PARTY,NARCF6-00320.txt,City: Gurgaon | Author: u/naman-alagh | Score: 1 | Reddit ID: 18mlcnb
1k4e2e3,NARCF6-00321,2026-04-11,Soubhik Sarkar,Reddit r/Gurgaon,reddit.com,2025-04-21,Romance scam. Got cheated and looted.,https://www.reddit.com/r/gurgaon/comments/1k4e2e3/romance_scam_got_cheated_and_looted/,romance scam,Social Engineering and Romance/Sextortion,Romance Scam,THIRD-PARTY,NARCF6-00321.txt,City: Gurgaon | Author: u/Classic-Tip3289 | Score: 1 | Reddit ID: 1k4e2e3
1ik1r8v,NARCF6-00322,2026-04-11,Soubhik Sarkar,Reddit r/Gurgaon,reddit.com,2025-02-07,"Online Sextortion On Rise After Lockdown, Dehumanises &amp; Feeds On Victim's Shame: P&amp;H HC Rejects Bail To Woman Accused Of Blackmail",https://www.reddit.com/r/gurgaon/comments/1ik1r8v/online_sextortion_on_rise_after_lockdown/,sextortion,Social Engineering and Romance/Sextortion,Sextortion,THIRD-PARTY,NARCF6-00322.txt,City: Gurgaon | Author: u/OrchidAltruistic8982 | Score: 1 | Reddit ID: 1ik1r8v
1hm6vet,NARCF6-00323,2026-04-11,Soubhik Sarkar,Reddit r/Gurgaon,reddit.com,2024-12-26,Need advice on Rent scene in Gurgaon + more,https://www.reddit.com/r/gurgaon/comments/1hm6vet/need_advice_on_rent_scene_in_gurgaon_more/,sextortion,Social Engineering and Romance/Sextortion,Sextortion,NEAR-MISS,NARCF6-00323.txt,City: Gurgaon | Author: u/bxsedgod | Score: 1 | Reddit ID: 1hm6vet
1jny99w,NARCF6-00324,2026-04-11,Soubhik Sarkar,Reddit r/Gurgaon,reddit.com,2025-03-31,"Swiggy scamming people- agent ran away with order, unprofessional behaviour of customer service agents",https://www.reddit.com/r/gurgaon/comments/1jny99w/swiggy_scamming_people_agent_ran_away_with_order/,refund scam,E-Commerce and Delivery Fraud,E-Commerce Fraud,THIRD-PARTY,NARCF6-00324.txt,City: Gurgaon | Author: u/Purrfectmystery_meow | Score: 1 | Reddit ID: 1jny99w
1jny6v3,NARCF6-00325,2026-04-11,Soubhik Sarkar,Reddit r/Gurgaon,reddit.com,2025-03-31,Swiggy- A Scam,https://www.reddit.com/r/gurgaon/comments/1jny6v3/swiggy_a_scam/,refund scam,E-Commerce and Delivery Fraud,E-Commerce Fraud,THIRD-PARTY,NARCF6-00325.txt,City: Gurgaon | Author: u/Purrfectmystery_meow | Score: 1 | Reddit ID: 1jny6v3
1jfg6yp,NARCF6-00326,2026-04-11,Soubhik Sarkar,Reddit r/Gurgaon,reddit.com,2025-03-20,Tiffin service fraud,https://www.reddit.com/r/gurgaon/comments/1jfg6yp/tiffin_service_fraud/,refund scam,E-Commerce and Delivery Fraud,E-Commerce Fraud,THIRD-PARTY,NARCF6-00326.txt,City: Gurgaon | Author: u/SeparateOkra9303 | Score: 1 | Reddit ID: 1jfg6yp
1igkh1g,NARCF6-00327,2026-04-11,Soubhik Sarkar,Reddit r/Gurgaon,reddit.com,2025-02-03,Dietician duped me need help,https://www.reddit.com/r/gurgaon/comments/1igkh1g/dietician_duped_me_need_help/,refund scam,E-Commerce and Delivery Fraud,E-Commerce Fraud,VICTIM,NARCF6-00327.txt,City: Gurgaon | Author: u/afwah_monger | Score: 1 | Reddit ID: 1igkh1g
1i5uxzp,NARCF6-00328,2026-04-11,Soubhik Sarkar,Reddit r/Gurgaon,reddit.com,2025-01-20,Got Scammed,https://www.reddit.com/r/gurgaon/comments/1i5uxzp/got_scammed/,refund scam,E-Commerce and Delivery Fraud,E-Commerce Fraud,THIRD-PARTY,NARCF6-00328.txt,City: Gurgaon | Author: u/Various_Bit_7302 | Score: 1 | Reddit ID: 1i5uxzp
1gn9rbt,NARCF6-00329,2026-04-11,Soubhik Sarkar,Reddit r/Gurgaon,reddit.com,2024-11-09,The advocate fighting for us against Gov for 15 yr old vehicle ban scam received death threats !!,https://www.reddit.com/r/gurgaon/comments/1gn9rbt/the_advocate_fighting_for_us_against_gov_for_15/,refund scam,E-Commerce and Delivery Fraud,E-Commerce Fraud,THIRD-PARTY,NARCF6-00329.txt,City: Gurgaon | Author: u/Extremepleasurepro | Score: 1 | Reddit ID: 1gn9rbt
1e1xsqu,NARCF6-00330,2026-04-11,Soubhik Sarkar,Reddit r/Gurgaon,reddit.com,2024-07-13,Spice jet ticket cancellation scam.,https://www.reddit.com/r/gurgaon/comments/1e1xsqu/spice_jet_ticket_cancellation_scam/,refund scam,E-Commerce and Delivery Fraud,E-Commerce Fraud,THIRD-PARTY,NARCF6-00330.txt,City: Gurgaon | Author: u/drunk-knight | Score: 11 | Reddit ID: 1e1xsqu
1cb3tr9,NARCF6-00331,2026-04-11,Soubhik Sarkar,Reddit r/Gurgaon,reddit.com,2024-04-23,Is it a scam? Owner asking for 1050 rupees as a prepayment for just visiting charges in Galaxy Apartments says its a visiting pass I'll have to give him my id and photo is it real and he says will be refunded if I didn't like the flat is this a scam?,https://www.reddit.com/r/gurgaon/comments/1cb3tr9/is_it_a_scam_owner_asking_for_1050_rupees_as_a/,refund scam,E-Commerce and Delivery Fraud,E-Commerce Fraud,THIRD-PARTY,NARCF6-00331.txt,City: Gurgaon | Author: u/psyacid27 | Score: 1 | Reddit ID: 1cb3tr9
1bnboo1,NARCF6-00332,2026-04-11,Soubhik Sarkar,Reddit r/Gurgaon,reddit.com,2024-03-25,domino's scam? is there any way i can get a refund here?,https://www.reddit.com/r/gurgaon/comments/1bnboo1/dominos_scam_is_there_any_way_i_can_get_a_refund/,refund scam,E-Commerce and Delivery Fraud,E-Commerce Fraud,THIRD-PARTY,NARCF6-00332.txt,City: Gurgaon | Author: u/ariellamusic | Score: 1 | Reddit ID: 1bnboo1
18jlw4i,NARCF6-00333,2026-04-11,Soubhik Sarkar,Reddit r/Gurgaon,reddit.com,2023-12-16,"Is there a hidden agenda, or is it a clash of ideologies in this Sandeep Maheshwari and Vivek Bindra controversy?",https://www.reddit.com/r/gurgaon/comments/18jlw4i/is_there_a_hidden_agenda_or_is_it_a_clash_of/,refund scam,E-Commerce and Delivery Fraud,E-Commerce Fraud,THIRD-PARTY,NARCF6-00333.txt,City: Gurgaon | Author: u/avgame | Score: 1 | Reddit ID: 18jlw4i
170bk81,NARCF6-00334,2026-04-11,Soubhik Sarkar,Reddit r/Gurgaon,reddit.com,2023-10-05,"Who else was asked to pay for ""visiting pass"" generation when looking for houses on rent in Noida, Gurgaon?",https://www.reddit.com/r/gurgaon/comments/170bk81/who_else_was_asked_to_pay_for_visiting_pass/,refund scam,E-Commerce and Delivery Fraud,E-Commerce Fraud,VICTIM,NARCF6-00334.txt,City: Gurgaon | Author: u/Eastwind_96 | Score: 1 | Reddit ID: 170bk81
10uae69,NARCF6-00335,2026-04-11,Soubhik Sarkar,Reddit r/Gurgaon,reddit.com,2023-02-05,Am I being scammed?,https://www.reddit.com/r/gurgaon/comments/10uae69/am_i_being_scammed/,refund scam,E-Commerce and Delivery Fraud,E-Commerce Fraud,THIRD-PARTY,NARCF6-00335.txt,City: Gurgaon | Author: u/sylviaslap | Score: 19 | Reddit ID: 10uae69
1jqf3kw,NARCF6-00336,2026-04-11,Soubhik Sarkar,Reddit r/Gurgaon,reddit.com,2025-04-03,Got scammed by swiggy delivery partner,https://www.reddit.com/r/gurgaon/comments/1jqf3kw/got_scammed_by_swiggy_delivery_partner/,fake delivery,E-Commerce and Delivery Fraud,Delivery Fraud,VICTIM,NARCF6-00336.txt,City: Gurgaon | Author: u/KungFuPanda229 | Score: 1 | Reddit ID: 1jqf3kw
1ikifre,NARCF6-00337,2026-04-11,Soubhik Sarkar,Reddit r/Gurgaon,reddit.com,2025-02-08,Need your help to grow our Small Business! 🙏🏼,https://www.reddit.com/r/gurgaon/comments/1ikifre/need_your_help_to_grow_our_small_business/,fake delivery,E-Commerce and Delivery Fraud,Delivery Fraud,THIRD-PARTY,NARCF6-00337.txt,City: Gurgaon | Author: u/United-Half-9144 | Score: 1 | Reddit ID: 1ikifre
1f0utbx,NARCF6-00338,2026-04-11,Soubhik Sarkar,Reddit r/Gurgaon,reddit.com,2024-08-25,Am I scammed ? (Gati Packers &amp; movers),https://www.reddit.com/r/gurgaon/comments/1f0utbx/am_i_scammed_gati_packers_movers/,fake delivery,E-Commerce and Delivery Fraud,Delivery Fraud,NEAR-MISS,NARCF6-00338.txt,City: Gurgaon | Author: u/zenisama02 | Score: 1 | Reddit ID: 1f0utbx
15buis5,NARCF6-00339,2026-04-11,Soubhik Sarkar,Reddit r/Gurgaon,reddit.com,2023-07-28,Vape Shop,https://www.reddit.com/r/gurgaon/comments/15buis5/vape_shop/,fake delivery,E-Commerce and Delivery Fraud,Delivery Fraud,THIRD-PARTY,NARCF6-00339.txt,City: Gurgaon | Author: u/solitarypizzaslice | Score: 1 | Reddit ID: 15buis5
1hlydbt,NARCF6-00340,2026-04-11,Soubhik Sarkar,Reddit r/Gurgaon,reddit.com,2024-12-25,Scam Calls,https://www.reddit.com/r/gurgaon/comments/1hlydbt/scam_calls/,parcel scam,E-Commerce and Delivery Fraud,Delivery Fraud,THIRD-PARTY,NARCF6-00340.txt,City: Gurgaon | Author: u/Revolutionary_Meal66 | Score: 1 | Reddit ID: 1hlydbt
1jtambn,NARCF6-00341,2026-04-11,Soubhik Sarkar,Reddit r/Gurgaon,reddit.com,2025-04-07,My flat owner has been systematically scamming me,https://www.reddit.com/r/gurgaon/comments/1jtambn/my_flat_owner_has_been_systematically_scamming_me/,electricity bill scam,Emerging and Miscellaneous Fraud Types,Utility Scam,THIRD-PARTY,NARCF6-00341.txt,City: Gurgaon | Author: u/naman2601 | Score: 1 | Reddit ID: 1jtambn
1blo0o3,NARCF6-00342,2026-04-11,Soubhik Sarkar,Reddit r/Gurgaon,reddit.com,2024-03-23,Career prospects ,https://www.reddit.com/r/gurgaon/comments/1blo0o3/career_prospects/,online harassment,Emerging and Miscellaneous Fraud Types,Cyber Stalking,VICTIM,NARCF6-00342.txt,City: Gurgaon | Author: u/Effective_Effort9982 | Score: 1 | Reddit ID: 1blo0o3
