Reddit Post ID,Unique ID,Date of Collection,Collector Name,Source Platform,Source Publication,Original Date,Title/Headline,URL,Search Query Used,Fraud Category,Fraud Subcategory,Narrative Type,TXT File Name,Notes
1i0a0r7,NARSS-00001,2026-04-10,SOUBHIK SARKAR,Reddit r/ArunachalPradesh,reddit.com,2025-01-13,ARUNACHAL TAXI SERVICE - BIGGEST FRAUD/SCAM,https://www.reddit.com/r/ArunachalPradesh/comments/1i0a0r7/arunachal_taxi_service_biggest_fraudscam/,UPI scam,UPI and Digital Payment Fraud,UPI Fraud,VICTIM,NARSS-00001.txt,State: Arunachal Pradesh | Author: u/iamirulofficial | Score: 1 | Reddit ID: 1i0a0r7
pwgl0r,NARSS-00002,2026-04-10,SOUBHIK SARKAR,Reddit r/Assam,reddit.com,2021-09-27,"Assam records 10.1% cybercrime rate, higher than the national rate",https://www.reddit.com/r/assam/comments/pwgl0r/assam_records_101_cybercrime_rate_higher_than_the/,cybercrime,General Cybercrime / Cyber Fraud Terms,General Cybercrime,THIRD-PARTY,NARSS-00002.txt,State: Assam | Author: u/sentinelguwahati | Score: 1 | Reddit ID: pwgl0r
18p3wms,NARSS-00003,2026-04-10,SOUBHIK SARKAR,Reddit r/Assam,reddit.com,2023-12-23,জানুন কীভাবে অনলাইন প্রতারকরা আপনাকে নিমিশেই করতে পারে নিঃস্ব। Online scam in Bangla,https://www.reddit.com/r/assam/comments/18p3wms/জনন_কভব_অনলইন_পরতরকর_আপনক_নমশই_করত_পর_নসব_online/,online scam,General Cybercrime / Cyber Fraud Terms,Cyber Scam,THIRD-PARTY,NARSS-00003.txt,State: Assam | Author: u/nowadayswow | Score: 1 | Reddit ID: 18p3wms
1f6whoy,NARSS-00004,2026-04-10,SOUBHIK SARKAR,Reddit r/Assam,reddit.com,2024-09-02,GiyasUddin was arrested by Cachar Police for economic fraud . But his Miya supporters came in large numbers and forcefully took away from police custody. ,https://www.reddit.com/r/assam/comments/1f6whoy/giyasuddin_was_arrested_by_cachar_police_for/,e-banking fraud,General Cybercrime / Cyber Fraud Terms,Financial Cyber Fraud,THIRD-PARTY,NARSS-00004.txt,State: Assam | Author: u/opinion_discarder | Score: 1 | Reddit ID: 1f6whoy
1f6wgyw,NARSS-00005,2026-04-10,SOUBHIK SARKAR,Reddit r/Assam,reddit.com,2024-09-02,GiyasUddin was arrested by Cachar Police for economic fraud . But his Miya supporters came in large numbers and forcefully took away from police custody. ,https://www.reddit.com/r/assam/comments/1f6wgyw/giyasuddin_was_arrested_by_cachar_police_for/,e-banking fraud,General Cybercrime / Cyber Fraud Terms,Financial Cyber Fraud,THIRD-PARTY,NARSS-00005.txt,State: Assam | Author: u/opinion_discarder | Score: 1 | Reddit ID: 1f6wgyw
1f6wghh,NARSS-00006,2026-04-10,SOUBHIK SARKAR,Reddit r/Assam,reddit.com,2024-09-02,GiyasUddin was arrested by Cachar Police for economic fraud . But his Miya supporters came in large numbers and forcefully took away from police custody. ,https://www.reddit.com/r/assam/comments/1f6wghh/giyasuddin_was_arrested_by_cachar_police_for/,e-banking fraud,General Cybercrime / Cyber Fraud Terms,Financial Cyber Fraud,THIRD-PARTY,NARSS-00006.txt,State: Assam | Author: u/opinion_discarder | Score: 1 | Reddit ID: 1f6wghh
sk6atr,NARSS-00007,2026-04-10,SOUBHIK SARKAR,Reddit r/Assam,reddit.com,2022-02-04,Biswanath police arrested six persons with fake rhino horn,https://www.reddit.com/r/assam/comments/sk6atr/biswanath_police_arrested_six_persons_with_fake/,fake arrest,Digital Arrest Scam,Digital Arrest,THIRD-PARTY,NARSS-00007.txt,State: Assam | Author: u/sentinelguwahati | Score: 5 | Reddit ID: sk6atr
oumass,NARSS-00008,2026-04-10,SOUBHIK SARKAR,Reddit r/Assam,reddit.com,2021-07-30,Is it the real AHSEC site?,https://www.reddit.com/r/assam/comments/oumass/is_it_the_real_ahsec_site/,fake website,"Phishing, Vishing, and Smishing",Phishing,THIRD-PARTY,NARSS-00008.txt,State: Assam | Author: u/Urten | Score: 3 | Reddit ID: oumass
17n14bh,NARSS-00009,2026-04-10,SOUBHIK SARKAR,Reddit r/Assam,reddit.com,2023-11-03,Legal advice needed.,https://www.reddit.com/r/assam/comments/17n14bh/legal_advice_needed/,fraud call,"Phishing, Vishing, and Smishing",Vishing,THIRD-PARTY,NARSS-00009.txt,State: Assam | Author: u/trigger_X23 | Score: 1 | Reddit ID: 17n14bh
1d6y3p8,NARSS-00010,2026-04-10,SOUBHIK SARKAR,Reddit r/Assam,reddit.com,2024-06-03,Tradingfx and Trade Bull - the new scam in Assam ,https://www.reddit.com/r/assam/comments/1d6y3p8/tradingfx_and_trade_bull_the_new_scam_in_assam/,investment scam,Investment and Trading Fraud,Investment Scam,THIRD-PARTY,NARSS-00010.txt,State: Assam | Author: u/Professional-Cap385 | Score: 1 | Reddit ID: 1d6y3p8
1fhht9m,NARSS-00011,2026-04-10,SOUBHIK SARKAR,Reddit r/Assam,reddit.com,2024-09-15,New scams happening specifically in Assam,https://www.reddit.com/r/assam/comments/1fhht9m/new_scams_happening_specifically_in_assam/,Ponzi scheme,Investment and Trading Fraud,Investment Scam,THIRD-PARTY,NARSS-00011.txt,State: Assam | Author: u/Diablo998899 | Score: 5 | Reddit ID: 1fhht9m
1dz3ipz,NARSS-00012,2026-04-10,SOUBHIK SARKAR,Reddit r/Assam,reddit.com,2024-07-09,🔒 Discussion on Bharti Airtel Data Breach⚠️,https://www.reddit.com/r/assam/comments/1dz3ipz/discussion_on_bharti_airtel_data_breach/,data breach,Identity Theft and Data Breach,Data Breach,THIRD-PARTY,NARSS-00012.txt,State: Assam | Author: u/originaldipankar | Score: 1 | Reddit ID: 1dz3ipz
1fnehd0,NARSS-00013,2026-04-10,SOUBHIK SARKAR,Reddit r/Assam,reddit.com,2024-09-23,Guwahati Honey Trap: Woman Extorts Rs 12 Lakh from Businessman,https://www.reddit.com/r/assam/comments/1fnehd0/guwahati_honey_trap_woman_extorts_rs_12_lakh_from/,honey trap,Social Engineering and Romance/Sextortion,Romance Scam,THIRD-PARTY,NARSS-00013.txt,State: Assam | Author: u/opinion_discarder | Score: 20 | Reddit ID: 1fnehd0
19441ro,NARSS-00014,2026-04-10,SOUBHIK SARKAR,Reddit r/Assam,reddit.com,2024-01-11,How to Meet People in Dibrugarh (dating &amp; friends),https://www.reddit.com/r/assam/comments/19441ro/how_to_meet_people_in_dibrugarh_dating_friends/,honey trap,Social Engineering and Romance/Sextortion,Romance Scam,THIRD-PARTY,NARSS-00014.txt,State: Assam | Author: u/Ok-Operation7666 | Score: 1 | Reddit ID: 19441ro
193y98d,NARSS-00015,2026-04-10,SOUBHIK SARKAR,Reddit r/Assam,reddit.com,2024-01-11,How to Meet People in Dibrugarh (dating &amp; friends),https://www.reddit.com/r/assam/comments/193y98d/how_to_meet_people_in_dibrugarh_dating_friends/,honey trap,Social Engineering and Romance/Sextortion,Romance Scam,THIRD-PARTY,NARSS-00015.txt,State: Assam | Author: u/Ok-Operation7666 | Score: 1 | Reddit ID: 193y98d
1jamayw,NARSS-00016,2026-04-10,SOUBHIK SARKAR,Reddit r/Bihar,reddit.com,2025-03-14,SCAM ALERT HELP NEEDED,https://www.reddit.com/r/bihar/comments/1jamayw/scam_alert_help_needed/,cyber crime,General Cybercrime / Cyber Fraud Terms,General Cybercrime,THIRD-PARTY,NARSS-00016.txt,State: Bihar | Author: u/0r4cle__45h | Score: 1 | Reddit ID: 1jamayw
1igkddf,NARSS-00017,2026-04-10,SOUBHIK SARKAR,Reddit r/Bihar,reddit.com,2025-02-03,Police tenant not showing id,https://www.reddit.com/r/bihar/comments/1igkddf/police_tenant_not_showing_id/,cyber crime,General Cybercrime / Cyber Fraud Terms,General Cybercrime,THIRD-PARTY,NARSS-00017.txt,State: Bihar | Author: u/Swimming-Business558 | Score: 1 | Reddit ID: 1igkddf
1cbt2tq,NARSS-00018,2026-04-10,SOUBHIK SARKAR,Reddit r/Bihar,reddit.com,2024-04-24,HELP HELP HELP,https://www.reddit.com/r/bihar/comments/1cbt2tq/help_help_help/,cyber crime,General Cybercrime / Cyber Fraud Terms,General Cybercrime,THIRD-PARTY,NARSS-00018.txt,State: Bihar | Author: u/MedicalDiver2670 | Score: 1 | Reddit ID: 1cbt2tq
146f7v8,NARSS-00019,2026-04-10,SOUBHIK SARKAR,Reddit r/Bihar,reddit.com,2023-06-11,Bihar News: Bihar में खुले 44 साइबर थाने | Bihar Police | Cyber Crime | TOP News | Latest News - News18 हिंदी,https://www.reddit.com/r/bihar/comments/146f7v8/bihar_news_bihar_म_खल_44_सइबर_थन_bihar_police/,cyber crime,General Cybercrime / Cyber Fraud Terms,General Cybercrime,THIRD-PARTY,NARSS-00019.txt,State: Bihar | Author: u/destroyer-faith | Score: 1 | Reddit ID: 146f7v8
14i0t3w,NARSS-00020,2026-04-10,SOUBHIK SARKAR,Reddit r/Bihar,reddit.com,2023-06-25,Bihar government expands police network to curb spike in cybercrime - The Hindu,https://www.reddit.com/r/bihar/comments/14i0t3w/bihar_government_expands_police_network_to_curb/,cybercrime,General Cybercrime / Cyber Fraud Terms,General Cybercrime,THIRD-PARTY,NARSS-00020.txt,State: Bihar | Author: u/destroyer-faith | Score: 1 | Reddit ID: 14i0t3w
yc8c7a,NARSS-00021,2026-04-10,SOUBHIK SARKAR,Reddit r/Bihar,reddit.com,2022-10-24,Cybercrime: Alert Bihar chief secretary foils bid to withdraw cash from his bank account - The New Indian Express,https://www.reddit.com/r/bihar/comments/yc8c7a/cybercrime_alert_bihar_chief_secretary_foils_bid/,cybercrime,General Cybercrime / Cyber Fraud Terms,General Cybercrime,THIRD-PARTY,NARSS-00021.txt,State: Bihar | Author: u/destroyer-faith | Score: 1 | Reddit ID: yc8c7a
1kmndf6,NARSS-00022,2026-04-10,SOUBHIK SARKAR,Reddit r/Bihar,reddit.com,2025-05-15,"Need Help: Duped of ₹40,000 via BharatPe QR Scam – What Can I Do Now?",https://www.reddit.com/r/bihar/comments/1kmndf6/need_help_duped_of_40000_via_bharatpe_qr_scam/,cyber fraud,General Cybercrime / Cyber Fraud Terms,General Cybercrime,VICTIM,NARSS-00022.txt,State: Bihar | Author: u/AdEnvironmental442 | Score: 7 | Reddit ID: 1kmndf6
1d4qbsg,NARSS-00023,2026-04-10,SOUBHIK SARKAR,Reddit r/Bihar,reddit.com,2024-05-31,Mobile number disconnected ,https://www.reddit.com/r/bihar/comments/1d4qbsg/mobile_number_disconnected/,cyber fraud,General Cybercrime / Cyber Fraud Terms,General Cybercrime,THIRD-PARTY,NARSS-00023.txt,State: Bihar | Author: u/Sauravkr_ | Score: 1 | Reddit ID: 1d4qbsg
16dbkwz,NARSS-00024,2026-04-10,SOUBHIK SARKAR,Reddit r/Bihar,reddit.com,2023-09-08,Pune cyber police arrest man from Bihar in ₹66.41 lakh fraud case - Hindustan Times,https://www.reddit.com/r/bihar/comments/16dbkwz/pune_cyber_police_arrest_man_from_bihar_in_6641/,cyber fraud,General Cybercrime / Cyber Fraud Terms,General Cybercrime,THIRD-PARTY,NARSS-00024.txt,State: Bihar | Author: u/destroyer-faith | Score: 1 | Reddit ID: 16dbkwz
16dbkw3,NARSS-00025,2026-04-10,SOUBHIK SARKAR,Reddit r/Bihar,reddit.com,2023-09-08,Scammer Who Deceived Victim Into Rs 66 Lakh Fraud Arrested From Bihar By Pune Cyber Police - Punekar News,https://www.reddit.com/r/bihar/comments/16dbkw3/scammer_who_deceived_victim_into_rs_66_lakh_fraud/,cyber fraud,General Cybercrime / Cyber Fraud Terms,General Cybercrime,THIRD-PARTY,NARSS-00025.txt,State: Bihar | Author: u/destroyer-faith | Score: 1 | Reddit ID: 16dbkw3
16d7mtb,NARSS-00026,2026-04-10,SOUBHIK SARKAR,Reddit r/Bihar,reddit.com,2023-09-08,Pune cyber police arrest man from Bihar in ₹66.41 lakh fraud case - Hindustan Times,https://www.reddit.com/r/bihar/comments/16d7mtb/pune_cyber_police_arrest_man_from_bihar_in_6641/,cyber fraud,General Cybercrime / Cyber Fraud Terms,General Cybercrime,THIRD-PARTY,NARSS-00026.txt,State: Bihar | Author: u/destroyer-faith | Score: 1 | Reddit ID: 16d7mtb
16d4h2p,NARSS-00027,2026-04-10,SOUBHIK SARKAR,Reddit r/Bihar,reddit.com,2023-09-08,Pune cyber police arrest man from Bihar in ₹66.41 lakh fraud case - Hindustan Times,https://www.reddit.com/r/bihar/comments/16d4h2p/pune_cyber_police_arrest_man_from_bihar_in_6641/,cyber fraud,General Cybercrime / Cyber Fraud Terms,General Cybercrime,THIRD-PARTY,NARSS-00027.txt,State: Bihar | Author: u/destroyer-faith | Score: 1 | Reddit ID: 16d4h2p
16d4h06,NARSS-00028,2026-04-10,SOUBHIK SARKAR,Reddit r/Bihar,reddit.com,2023-09-08,Scammer Who Deceived Victim Into Rs 66 Lakh Fraud Arrested From Bihar By Pune Cyber Police - Punekar News,https://www.reddit.com/r/bihar/comments/16d4h06/scammer_who_deceived_victim_into_rs_66_lakh_fraud/,cyber fraud,General Cybercrime / Cyber Fraud Terms,General Cybercrime,THIRD-PARTY,NARSS-00028.txt,State: Bihar | Author: u/destroyer-faith | Score: 1 | Reddit ID: 16d4h06
16d2fha,NARSS-00029,2026-04-10,SOUBHIK SARKAR,Reddit r/Bihar,reddit.com,2023-09-08,Scammer Who Deceived Victim Into Rs 66 Lakh Fraud Arrested From Bihar By Pune Cyber Police - Punekar News,https://www.reddit.com/r/bihar/comments/16d2fha/scammer_who_deceived_victim_into_rs_66_lakh_fraud/,cyber fraud,General Cybercrime / Cyber Fraud Terms,General Cybercrime,THIRD-PARTY,NARSS-00029.txt,State: Bihar | Author: u/destroyer-faith | Score: 1 | Reddit ID: 16d2fha
16cn78c,NARSS-00030,2026-04-10,SOUBHIK SARKAR,Reddit r/Bihar,reddit.com,2023-09-08,Pune cyber police arrest man from Bihar in ₹66.41 lakh fraud case - Hindustan Times,https://www.reddit.com/r/bihar/comments/16cn78c/pune_cyber_police_arrest_man_from_bihar_in_6641/,cyber fraud,General Cybercrime / Cyber Fraud Terms,General Cybercrime,THIRD-PARTY,NARSS-00030.txt,State: Bihar | Author: u/destroyer-faith | Score: 1 | Reddit ID: 16cn78c
16cn76y,NARSS-00031,2026-04-10,SOUBHIK SARKAR,Reddit r/Bihar,reddit.com,2023-09-08,Scammer Who Deceived Victim Into Rs 66 Lakh Fraud Arrested From Bihar By Pune Cyber Police - Punekar News,https://www.reddit.com/r/bihar/comments/16cn76y/scammer_who_deceived_victim_into_rs_66_lakh_fraud/,cyber fraud,General Cybercrime / Cyber Fraud Terms,General Cybercrime,THIRD-PARTY,NARSS-00031.txt,State: Bihar | Author: u/destroyer-faith | Score: 1 | Reddit ID: 16cn76y
15isug5,NARSS-00032,2026-04-10,SOUBHIK SARKAR,Reddit r/Bihar,reddit.com,2023-08-05,Ayushmann Khurrana lauded by Bihar Police for spreading message about cyber fraud - mid-day.com,https://www.reddit.com/r/bihar/comments/15isug5/ayushmann_khurrana_lauded_by_bihar_police_for/,cyber fraud,General Cybercrime / Cyber Fraud Terms,General Cybercrime,THIRD-PARTY,NARSS-00032.txt,State: Bihar | Author: u/destroyer-faith | Score: 1 | Reddit ID: 15isug5
15irrop,NARSS-00033,2026-04-10,SOUBHIK SARKAR,Reddit r/Bihar,reddit.com,2023-08-05,Ayushmann Khurrana lauded by Bihar Police for spreading message about cyber fraud - mid-day.com,https://www.reddit.com/r/bihar/comments/15irrop/ayushmann_khurrana_lauded_by_bihar_police_for/,cyber fraud,General Cybercrime / Cyber Fraud Terms,General Cybercrime,THIRD-PARTY,NARSS-00033.txt,State: Bihar | Author: u/destroyer-faith | Score: 1 | Reddit ID: 15irrop
145zsob,NARSS-00034,2026-04-10,SOUBHIK SARKAR,Reddit r/Bihar,reddit.com,2023-06-10,Bihar News : बिहार में खुले 44 साइबर थाने | Latest News | Top News | Cyber Fraud | Bihar Police - News18 हिंदी,https://www.reddit.com/r/bihar/comments/145zsob/bihar_news_बहर_म_खल_44_सइबर_थन_latest_news_top/,cyber fraud,General Cybercrime / Cyber Fraud Terms,General Cybercrime,THIRD-PARTY,NARSS-00034.txt,State: Bihar | Author: u/destroyer-faith | Score: 1 | Reddit ID: 145zsob
13v1yfd,NARSS-00035,2026-04-10,SOUBHIK SARKAR,Reddit r/Bihar,reddit.com,2023-05-29,12 arrested in Bihar for cheating BJP councillor in Haryana cyber fraud case - Hindustan Times,https://www.reddit.com/r/bihar/comments/13v1yfd/12_arrested_in_bihar_for_cheating_bjp_councillor/,cyber fraud,General Cybercrime / Cyber Fraud Terms,General Cybercrime,THIRD-PARTY,NARSS-00035.txt,State: Bihar | Author: u/destroyer-faith | Score: 1 | Reddit ID: 13v1yfd
13jiq21,NARSS-00036,2026-04-10,SOUBHIK SARKAR,Reddit r/Bihar,reddit.com,2023-05-17,17 people arrested for cyber fraud in Bihar’s Purnia so far this year: Police - Hindustan Times,https://www.reddit.com/r/bihar/comments/13jiq21/17_people_arrested_for_cyber_fraud_in_bihars/,cyber fraud,General Cybercrime / Cyber Fraud Terms,General Cybercrime,THIRD-PARTY,NARSS-00036.txt,State: Bihar | Author: u/destroyer-faith | Score: 1 | Reddit ID: 13jiq21
10elxor,NARSS-00037,2026-04-10,SOUBHIK SARKAR,Reddit r/Bihar,reddit.com,2023-01-18,"Two cyber frauds held from Bihar, Rs1.01 crore cash seized - Hindustan Times",https://www.reddit.com/r/bihar/comments/10elxor/two_cyber_frauds_held_from_bihar_rs101_crore_cash/,cyber fraud,General Cybercrime / Cyber Fraud Terms,General Cybercrime,THIRD-PARTY,NARSS-00037.txt,State: Bihar | Author: u/destroyer-faith | Score: 1 | Reddit ID: 10elxor
106pq20,NARSS-00038,2026-04-10,SOUBHIK SARKAR,Reddit r/Bihar,reddit.com,2023-01-08,"Delhi Police arrests 2 men for cyber fraud from Bihar, recovers Rs 1 crore cash - India Today",https://www.reddit.com/r/bihar/comments/106pq20/delhi_police_arrests_2_men_for_cyber_fraud_from/,cyber fraud,General Cybercrime / Cyber Fraud Terms,General Cybercrime,THIRD-PARTY,NARSS-00038.txt,State: Bihar | Author: u/destroyer-faith | Score: 1 | Reddit ID: 106pq20
xm983o,NARSS-00039,2026-04-10,SOUBHIK SARKAR,Reddit r/Bihar,reddit.com,2022-09-24,Cyber Fraud Racket: Odisha Police Gets Man From Bihar On Remand,https://www.reddit.com/r/bihar/comments/xm983o/cyber_fraud_racket_odisha_police_gets_man_from/,cyber fraud,General Cybercrime / Cyber Fraud Terms,General Cybercrime,THIRD-PARTY,NARSS-00039.txt,State: Bihar | Author: u/destroyer-faith | Score: 1 | Reddit ID: xm983o
10enhuv,NARSS-00040,2026-04-10,SOUBHIK SARKAR,Reddit r/Bihar,reddit.com,2023-01-18,Delhi Police nabs 2 from Bihar in online visa fraud case one had fought 2020 state polls - The Week,https://www.reddit.com/r/bihar/comments/10enhuv/delhi_police_nabs_2_from_bihar_in_online_visa/,online fraud,General Cybercrime / Cyber Fraud Terms,General Cybercrime,THIRD-PARTY,NARSS-00040.txt,State: Bihar | Author: u/destroyer-faith | Score: 1 | Reddit ID: 10enhuv
10elxp0,NARSS-00041,2026-04-10,SOUBHIK SARKAR,Reddit r/Bihar,reddit.com,2023-01-18,"Delhi Police nabs 2 from Bihar in online visa fraud case, one had fought 2020 state polls - ThePrint",https://www.reddit.com/r/bihar/comments/10elxp0/delhi_police_nabs_2_from_bihar_in_online_visa/,online fraud,General Cybercrime / Cyber Fraud Terms,General Cybercrime,THIRD-PARTY,NARSS-00041.txt,State: Bihar | Author: u/destroyer-faith | Score: 1 | Reddit ID: 10elxp0
1g8rghs,NARSS-00042,2026-04-10,SOUBHIK SARKAR,Reddit r/Bihar,reddit.com,2024-10-21,Where to complain about inflated/wrong electricity bill?,https://www.reddit.com/r/bihar/comments/1g8rghs/where_to_complain_about_inflatedwrong_electricity/,online scam,General Cybercrime / Cyber Fraud Terms,Cyber Scam,THIRD-PARTY,NARSS-00042.txt,State: Bihar | Author: u/Rude-Breath2928 | Score: 1 | Reddit ID: 1g8rghs
1dkg640,NARSS-00043,2026-04-10,SOUBHIK SARKAR,Reddit r/Bihar,reddit.com,2024-06-20,"To all the Girl/Boys who is in need of Jobs, please be alert , Major Crime Racket of Rape, torture is  Exposed",https://www.reddit.com/r/bihar/comments/1dkg640/to_all_the_girlboys_who_is_in_need_of_jobs_please/,online scam,General Cybercrime / Cyber Fraud Terms,Cyber Scam,THIRD-PARTY,NARSS-00043.txt,State: Bihar | Author: u/RuinEq3591 | Score: 1 | Reddit ID: 1dkg640
189wz9d,NARSS-00044,2026-04-10,SOUBHIK SARKAR,Reddit r/Bihar,reddit.com,2023-12-03,Has Aadhaar Seeding to a bank been stopped?,https://www.reddit.com/r/bihar/comments/189wz9d/has_aadhaar_seeding_to_a_bank_been_stopped/,online scam,General Cybercrime / Cyber Fraud Terms,Cyber Scam,THIRD-PARTY,NARSS-00044.txt,State: Bihar | Author: u/ArronAdler | Score: 1 | Reddit ID: 189wz9d
1h7883b,NARSS-00045,2026-04-10,SOUBHIK SARKAR,Reddit r/Bihar,reddit.com,2024-12-05,PLEASE HELP ME,https://www.reddit.com/r/bihar/comments/1h7883b/please_help_me/,internet scam,General Cybercrime / Cyber Fraud Terms,Cyber Scam,THIRD-PARTY,NARSS-00045.txt,State: Bihar | Author: u/Muted_Spring3090 | Score: 1 | Reddit ID: 1h7883b
1aii8c9,NARSS-00046,2026-04-10,SOUBHIK SARKAR,Reddit r/Bihar,reddit.com,2024-02-04,Forgotten glory days of lalu in bihar,https://www.reddit.com/r/bihar/comments/1aii8c9/forgotten_glory_days_of_lalu_in_bihar/,e-wallet scam,UPI and Digital Payment Fraud,Mobile Wallet Fraud,NEAR-MISS,NARSS-00046.txt,State: Bihar | Author: u/[deleted] | Score: 23 | Reddit ID: 1aii8c9
w8ujem,NARSS-00047,2026-04-10,SOUBHIK SARKAR,Reddit r/Bihar,reddit.com,2022-07-27,Blaming failure of other states on Biharis,https://www.reddit.com/r/bihar/comments/w8ujem/blaming_failure_of_other_states_on_biharis/,e-wallet scam,UPI and Digital Payment Fraud,Mobile Wallet Fraud,NEAR-MISS,NARSS-00047.txt,State: Bihar | Author: u/sidd_kr_sgh | Score: 35 | Reddit ID: w8ujem
yz7o57,NARSS-00048,2026-04-10,SOUBHIK SARKAR,Reddit r/Bihar,reddit.com,2022-11-19,Bihar native general store owner arrested in Dicarpale youth gruesome murder case - Digital Goa,https://www.reddit.com/r/bihar/comments/yz7o57/bihar_native_general_store_owner_arrested_in/,digital arrest,Digital Arrest Scam,Digital Arrest,THIRD-PARTY,NARSS-00048.txt,State: Bihar | Author: u/destroyer-faith | Score: 1 | Reddit ID: yz7o57
1j2bqrb,NARSS-00049,2026-04-10,SOUBHIK SARKAR,Reddit r/Bihar,reddit.com,2025-03-03,Is it real or fake? Nd even if this is real/fake why police don't arrest such scammers 🤷🏻,https://www.reddit.com/r/bihar/comments/1j2bqrb/is_it_real_or_fake_nd_even_if_this_is_realfake/,fake arrest,Digital Arrest Scam,Digital Arrest,THIRD-PARTY,NARSS-00049.txt,State: Bihar | Author: u/aihuihuii | Score: 2 | Reddit ID: 1j2bqrb
1fo6mfg,NARSS-00050,2026-04-10,SOUBHIK SARKAR,Reddit r/Bihar,reddit.com,2024-09-24,"Watch: Bihar teen tricked into paying Rs 2 lakh to ‘become’ IPS officer, arrested while flaunting fake uniform, pistol
",https://www.reddit.com/r/bihar/comments/1fo6mfg/watch_bihar_teen_tricked_into_paying_rs_2_lakh_to/,fake arrest,Digital Arrest Scam,Digital Arrest,THIRD-PARTY,NARSS-00050.txt,State: Bihar | Author: u/[deleted] | Score: 1 | Reddit ID: 1fo6mfg
1ccoyg5,NARSS-00051,2026-04-10,SOUBHIK SARKAR,Reddit r/Bihar,reddit.com,2024-04-25,YouTuber Manish Kashyap who was arrested for 'fake video' joins BJP on ‘mother’s advice',https://www.reddit.com/r/bihar/comments/1ccoyg5/youtuber_manish_kashyap_who_was_arrested_for_fake/,fake arrest,Digital Arrest Scam,Digital Arrest,THIRD-PARTY,NARSS-00051.txt,State: Bihar | Author: u/Terrible_Amoeba_8313 | Score: 1 | Reddit ID: 1ccoyg5
16i3a2y,NARSS-00052,2026-04-10,SOUBHIK SARKAR,Reddit r/Bihar,reddit.com,2023-09-14,Fake foreign job ads: 1 arrested from Bihar for cheating worth Rs 22.4L - The Indian Express,https://www.reddit.com/r/bihar/comments/16i3a2y/fake_foreign_job_ads_1_arrested_from_bihar_for/,fake arrest,Digital Arrest Scam,Digital Arrest,THIRD-PARTY,NARSS-00052.txt,State: Bihar | Author: u/destroyer-faith | Score: 1 | Reddit ID: 16i3a2y
16e6o00,NARSS-00053,2026-04-10,SOUBHIK SARKAR,Reddit r/Bihar,reddit.com,2023-09-09,Bihar policeman arrested in Assam for smuggling fake gold - Daijiworld.com,https://www.reddit.com/r/bihar/comments/16e6o00/bihar_policeman_arrested_in_assam_for_smuggling/,fake arrest,Digital Arrest Scam,Digital Arrest,THIRD-PARTY,NARSS-00053.txt,State: Bihar | Author: u/destroyer-faith | Score: 1 | Reddit ID: 16e6o00
15p0nlw,NARSS-00054,2026-04-10,SOUBHIK SARKAR,Reddit r/Bihar,reddit.com,2023-08-12,"Nepal Congress MP arrested for buying fake educational certificates from Bihar, used this ‘degree’ to study in China - OpIndia",https://www.reddit.com/r/bihar/comments/15p0nlw/nepal_congress_mp_arrested_for_buying_fake/,fake arrest,Digital Arrest Scam,Digital Arrest,THIRD-PARTY,NARSS-00054.txt,State: Bihar | Author: u/destroyer-faith | Score: 1 | Reddit ID: 15p0nlw
15oj4ji,NARSS-00055,2026-04-10,SOUBHIK SARKAR,Reddit r/Bihar,reddit.com,2023-08-12,Nepal MP arrested for purchasing fake degree from Bihar to study in China | Mint - Mint,https://www.reddit.com/r/bihar/comments/15oj4ji/nepal_mp_arrested_for_purchasing_fake_degree_from/,fake arrest,Digital Arrest Scam,Digital Arrest,THIRD-PARTY,NARSS-00055.txt,State: Bihar | Author: u/destroyer-faith | Score: 1 | Reddit ID: 15oj4ji
15oj4iz,NARSS-00056,2026-04-10,SOUBHIK SARKAR,Reddit r/Bihar,reddit.com,2023-08-12,Nepal MP Arrested For Fake Degree From Bihar After He Asked Resignations Over Alleged Gold Smuggling Case - Swarajya,https://www.reddit.com/r/bihar/comments/15oj4iz/nepal_mp_arrested_for_fake_degree_from_bihar/,fake arrest,Digital Arrest Scam,Digital Arrest,THIRD-PARTY,NARSS-00056.txt,State: Bihar | Author: u/destroyer-faith | Score: 1 | Reddit ID: 15oj4iz
15oj4ig,NARSS-00057,2026-04-10,SOUBHIK SARKAR,Reddit r/Bihar,reddit.com,2023-08-12,"Nepali Congress MP makes fake certificates from Bihar, gets arrested - The Statesman",https://www.reddit.com/r/bihar/comments/15oj4ig/nepali_congress_mp_makes_fake_certificates_from/,fake arrest,Digital Arrest Scam,Digital Arrest,THIRD-PARTY,NARSS-00057.txt,State: Bihar | Author: u/destroyer-faith | Score: 1 | Reddit ID: 15oj4ig
15oeet0,NARSS-00058,2026-04-10,SOUBHIK SARKAR,Reddit r/Bihar,reddit.com,2023-08-11,"Nepali Congress MP makes fake certificates from Bihar, gets arrested - The Statesman",https://www.reddit.com/r/bihar/comments/15oeet0/nepali_congress_mp_makes_fake_certificates_from/,fake arrest,Digital Arrest Scam,Digital Arrest,THIRD-PARTY,NARSS-00058.txt,State: Bihar | Author: u/destroyer-faith | Score: 1 | Reddit ID: 15oeet0
15ocvzo,NARSS-00059,2026-04-10,SOUBHIK SARKAR,Reddit r/Bihar,reddit.com,2023-08-11,Nepal MP Arrested For Fake Degree From Bihar After He Asked Resignations Over Alleged Gold Smuggling Case - Swarajya,https://www.reddit.com/r/bihar/comments/15ocvzo/nepal_mp_arrested_for_fake_degree_from_bihar/,fake arrest,Digital Arrest Scam,Digital Arrest,THIRD-PARTY,NARSS-00059.txt,State: Bihar | Author: u/destroyer-faith | Score: 1 | Reddit ID: 15ocvzo
15o9vyf,NARSS-00060,2026-04-10,SOUBHIK SARKAR,Reddit r/Bihar,reddit.com,2023-08-11,Nepal MP arrested for purchasing fake degree from Bihar to study in China | Mint - Mint,https://www.reddit.com/r/bihar/comments/15o9vyf/nepal_mp_arrested_for_purchasing_fake_degree_from/,fake arrest,Digital Arrest Scam,Digital Arrest,THIRD-PARTY,NARSS-00060.txt,State: Bihar | Author: u/destroyer-faith | Score: 1 | Reddit ID: 15o9vyf
15o9vx3,NARSS-00061,2026-04-10,SOUBHIK SARKAR,Reddit r/Bihar,reddit.com,2023-08-11,"Nepali Congress MP makes fake certificates from Bihar, gets arrested - The Statesman",https://www.reddit.com/r/bihar/comments/15o9vx3/nepali_congress_mp_makes_fake_certificates_from/,fake arrest,Digital Arrest Scam,Digital Arrest,THIRD-PARTY,NARSS-00061.txt,State: Bihar | Author: u/destroyer-faith | Score: 1 | Reddit ID: 15o9vx3
15o73yh,NARSS-00062,2026-04-10,SOUBHIK SARKAR,Reddit r/Bihar,reddit.com,2023-08-11,"Nepali Congress MP makes fake certificates from Bihar, gets arrested - The Statesman",https://www.reddit.com/r/bihar/comments/15o73yh/nepali_congress_mp_makes_fake_certificates_from/,fake arrest,Digital Arrest Scam,Digital Arrest,THIRD-PARTY,NARSS-00062.txt,State: Bihar | Author: u/destroyer-faith | Score: 1 | Reddit ID: 15o73yh
15o4pmo,NARSS-00063,2026-04-10,SOUBHIK SARKAR,Reddit r/Bihar,reddit.com,2023-08-11,Nepal MP arrested for purchasing fake degree from Bihar to study in China | Mint - Mint,https://www.reddit.com/r/bihar/comments/15o4pmo/nepal_mp_arrested_for_purchasing_fake_degree_from/,fake arrest,Digital Arrest Scam,Digital Arrest,THIRD-PARTY,NARSS-00063.txt,State: Bihar | Author: u/destroyer-faith | Score: 1 | Reddit ID: 15o4pmo
15o4pmb,NARSS-00064,2026-04-10,SOUBHIK SARKAR,Reddit r/Bihar,reddit.com,2023-08-11,Nepal MP Arrested For Fake Degree From Bihar After He Asked Resignations Over Alleged Gold Smuggling Case - Swarajya,https://www.reddit.com/r/bihar/comments/15o4pmb/nepal_mp_arrested_for_fake_degree_from_bihar/,fake arrest,Digital Arrest Scam,Digital Arrest,THIRD-PARTY,NARSS-00064.txt,State: Bihar | Author: u/destroyer-faith | Score: 1 | Reddit ID: 15o4pmb
152t5zx,NARSS-00065,2026-04-10,SOUBHIK SARKAR,Reddit r/Bihar,reddit.com,2023-07-18,Bihar Police arrest nine for running 'fake' cigarette factory - Telangana Today,https://www.reddit.com/r/bihar/comments/152t5zx/bihar_police_arrest_nine_for_running_fake/,fake arrest,Digital Arrest Scam,Digital Arrest,THIRD-PARTY,NARSS-00065.txt,State: Bihar | Author: u/destroyer-faith | Score: 1 | Reddit ID: 152t5zx
14v9rxo,NARSS-00066,2026-04-10,SOUBHIK SARKAR,Reddit r/Bihar,reddit.com,2023-07-10,Serial killer from Bihar who wanted to fake his own death arrested had murdered four others earlier - The Indian Express,https://www.reddit.com/r/bihar/comments/14v9rxo/serial_killer_from_bihar_who_wanted_to_fake_his/,fake arrest,Digital Arrest Scam,Digital Arrest,THIRD-PARTY,NARSS-00066.txt,State: Bihar | Author: u/destroyer-faith | Score: 1 | Reddit ID: 14v9rxo
13voews,NARSS-00067,2026-04-10,SOUBHIK SARKAR,Reddit r/Bihar,reddit.com,2023-05-30,"Bihar: Nishant Raza poses as Brahmin, possesses fake IDs and character certificates, blackmails two Hindu women, arrested - OpIndia",https://www.reddit.com/r/bihar/comments/13voews/bihar_nishant_raza_poses_as_brahmin_possesses/,fake arrest,Digital Arrest Scam,Digital Arrest,THIRD-PARTY,NARSS-00067.txt,State: Bihar | Author: u/destroyer-faith | Score: 1 | Reddit ID: 13voews
13vh4ys,NARSS-00068,2026-04-10,SOUBHIK SARKAR,Reddit r/Bihar,reddit.com,2023-05-30,"Bihar: Nishant Raza poses as Brahmin, possesses fake IDs and character certificates, blackmails two Hindu women, arrested - OpIndia",https://www.reddit.com/r/bihar/comments/13vh4ys/bihar_nishant_raza_poses_as_brahmin_possesses/,fake arrest,Digital Arrest Scam,Digital Arrest,THIRD-PARTY,NARSS-00068.txt,State: Bihar | Author: u/destroyer-faith | Score: 1 | Reddit ID: 13vh4ys
11w3t2h,NARSS-00069,2026-04-10,SOUBHIK SARKAR,Reddit r/Bihar,reddit.com,2023-03-20,Man arrested from Bihar for posting fake video of violent propaganda in TN - Daijiworld.com,https://www.reddit.com/r/bihar/comments/11w3t2h/man_arrested_from_bihar_for_posting_fake_video_of/,fake arrest,Digital Arrest Scam,Digital Arrest,THIRD-PARTY,NARSS-00069.txt,State: Bihar | Author: u/destroyer-faith | Score: 1 | Reddit ID: 11w3t2h
11vshly,NARSS-00070,2026-04-10,SOUBHIK SARKAR,Reddit r/Bihar,reddit.com,2023-03-19,"Bihar migrant fake video: After Manish Kashyap, another accused arrested from Muzaffarpur - India TV News",https://www.reddit.com/r/bihar/comments/11vshly/bihar_migrant_fake_video_after_manish_kashyap/,fake arrest,Digital Arrest Scam,Digital Arrest,THIRD-PARTY,NARSS-00070.txt,State: Bihar | Author: u/destroyer-faith | Score: 1 | Reddit ID: 11vshly
11vnoix,NARSS-00071,2026-04-10,SOUBHIK SARKAR,Reddit r/Bihar,reddit.com,2023-03-19,Police arrests man from Bihar’s Muzaffarpur over fake Tamil Nadu video case - ThePrint,https://www.reddit.com/r/bihar/comments/11vnoix/police_arrests_man_from_bihars_muzaffarpur_over/,fake arrest,Digital Arrest Scam,Digital Arrest,THIRD-PARTY,NARSS-00071.txt,State: Bihar | Author: u/destroyer-faith | Score: 1 | Reddit ID: 11vnoix
11vf80c,NARSS-00072,2026-04-10,SOUBHIK SARKAR,Reddit r/Bihar,reddit.com,2023-03-19,Bihar YouTuber arrested for fake videos of migrant workers attacked in Tamil Nadu - ThePrint,https://www.reddit.com/r/bihar/comments/11vf80c/bihar_youtuber_arrested_for_fake_videos_of/,fake arrest,Digital Arrest Scam,Digital Arrest,THIRD-PARTY,NARSS-00072.txt,State: Bihar | Author: u/destroyer-faith | Score: 1 | Reddit ID: 11vf80c
11qlpor,NARSS-00073,2026-04-10,SOUBHIK SARKAR,Reddit r/Bihar,reddit.com,2023-03-14,"Fake video on migrant attack in Tamil Nadu shot in Bihar, 3 arrested - Hindustan Times",https://www.reddit.com/r/bihar/comments/11qlpor/fake_video_on_migrant_attack_in_tamil_nadu_shot/,fake arrest,Digital Arrest Scam,Digital Arrest,THIRD-PARTY,NARSS-00073.txt,State: Bihar | Author: u/destroyer-faith | Score: 1 | Reddit ID: 11qlpor
11pvois,NARSS-00074,2026-04-10,SOUBHIK SARKAR,Reddit r/Bihar,reddit.com,2023-03-13,Main accused behind 'fake' videos of attacks on Bihar migrants in TN arrested - The Tribune India,https://www.reddit.com/r/bihar/comments/11pvois/main_accused_behind_fake_videos_of_attacks_on/,fake arrest,Digital Arrest Scam,Digital Arrest,THIRD-PARTY,NARSS-00074.txt,State: Bihar | Author: u/destroyer-faith | Score: 1 | Reddit ID: 11pvois
11pmqyj,NARSS-00075,2026-04-10,SOUBHIK SARKAR,Reddit r/Bihar,reddit.com,2023-03-13,Tiruppur police arrest Bihar native in Jharkhand for spreading fake news online - The Hindu,https://www.reddit.com/r/bihar/comments/11pmqyj/tiruppur_police_arrest_bihar_native_in_jharkhand/,fake arrest,Digital Arrest Scam,Digital Arrest,THIRD-PARTY,NARSS-00075.txt,State: Bihar | Author: u/destroyer-faith | Score: 1 | Reddit ID: 11pmqyj
11pe2zg,NARSS-00076,2026-04-10,SOUBHIK SARKAR,Reddit r/Bihar,reddit.com,2023-03-12,Bihar Migrant Workers Attack: Main Accused YouTuber Manish Kashyap Arrested In `Fake` Videos Case - Zee News,https://www.reddit.com/r/bihar/comments/11pe2zg/bihar_migrant_workers_attack_main_accused/,fake arrest,Digital Arrest Scam,Digital Arrest,THIRD-PARTY,NARSS-00076.txt,State: Bihar | Author: u/destroyer-faith | Score: 1 | Reddit ID: 11pe2zg
11oef7u,NARSS-00077,2026-04-10,SOUBHIK SARKAR,Reddit r/Bihar,reddit.com,2023-03-11,Bihar police arrests man allegedly behind ‘fake’ videos of migrants being attacked in Tamil Nadu - OpIndia,https://www.reddit.com/r/bihar/comments/11oef7u/bihar_police_arrests_man_allegedly_behind_fake/,fake arrest,Digital Arrest Scam,Digital Arrest,THIRD-PARTY,NARSS-00077.txt,State: Bihar | Author: u/destroyer-faith | Score: 1 | Reddit ID: 11oef7u
11o928a,NARSS-00078,2026-04-10,SOUBHIK SARKAR,Reddit r/Bihar,reddit.com,2023-03-11,Main accused behind 'fake' videos of attacks on Bihar migrants in TN arrested - The Tribune India,https://www.reddit.com/r/bihar/comments/11o928a/main_accused_behind_fake_videos_of_attacks_on/,fake arrest,Digital Arrest Scam,Digital Arrest,THIRD-PARTY,NARSS-00078.txt,State: Bihar | Author: u/destroyer-faith | Score: 1 | Reddit ID: 11o928a
11kxk0s,NARSS-00079,2026-04-10,SOUBHIK SARKAR,Reddit r/Bihar,reddit.com,2023-03-07,Bihar: Man arrested for spreading fake videos of attack on migrant workers in Tamil Nadu - India TV News,https://www.reddit.com/r/bihar/comments/11kxk0s/bihar_man_arrested_for_spreading_fake_videos_of/,fake arrest,Digital Arrest Scam,Digital Arrest,THIRD-PARTY,NARSS-00079.txt,State: Bihar | Author: u/destroyer-faith | Score: 1 | Reddit ID: 11kxk0s
11kxjzx,NARSS-00080,2026-04-10,SOUBHIK SARKAR,Reddit r/Bihar,reddit.com,2023-03-07,Bihar cops arrest YouTuber over fake videos claiming attacks on migrant workers in TN - The News Minute,https://www.reddit.com/r/bihar/comments/11kxjzx/bihar_cops_arrest_youtuber_over_fake_videos/,fake arrest,Digital Arrest Scam,Digital Arrest,THIRD-PARTY,NARSS-00080.txt,State: Bihar | Author: u/destroyer-faith | Score: 1 | Reddit ID: 11kxjzx
11kpuux,NARSS-00081,2026-04-10,SOUBHIK SARKAR,Reddit r/Bihar,reddit.com,2023-03-07,Migrant workers attack row: Bihar's anti-terrorism squad makes first arrest in fake videos case - The New Indian Express,https://www.reddit.com/r/bihar/comments/11kpuux/migrant_workers_attack_row_bihars_antiterrorism/,fake arrest,Digital Arrest Scam,Digital Arrest,THIRD-PARTY,NARSS-00081.txt,State: Bihar | Author: u/destroyer-faith | Score: 1 | Reddit ID: 11kpuux
11kn8hd,NARSS-00082,2026-04-10,SOUBHIK SARKAR,Reddit r/Bihar,reddit.com,2023-03-07,Man arrested from Jamui for fake videos of attacks on Bihar migrants in TN - India Today,https://www.reddit.com/r/bihar/comments/11kn8hd/man_arrested_from_jamui_for_fake_videos_of/,fake arrest,Digital Arrest Scam,Digital Arrest,THIRD-PARTY,NARSS-00082.txt,State: Bihar | Author: u/destroyer-faith | Score: 1 | Reddit ID: 11kn8hd
11k7si6,NARSS-00083,2026-04-10,SOUBHIK SARKAR,Reddit r/Bihar,reddit.com,2023-03-06,Bihar man arrested for fake videos of attack on migrants in TN - Rediff.com,https://www.reddit.com/r/bihar/comments/11k7si6/bihar_man_arrested_for_fake_videos_of_attack_on/,fake arrest,Digital Arrest Scam,Digital Arrest,THIRD-PARTY,NARSS-00083.txt,State: Bihar | Author: u/destroyer-faith | Score: 1 | Reddit ID: 11k7si6
11k7s87,NARSS-00084,2026-04-10,SOUBHIK SARKAR,Reddit r/Bihar,reddit.com,2023-03-06,Man Arrested from Jamui for Fake Videos of Attacks on Bihar Migrants in Tamil Nadu - News18,https://www.reddit.com/r/bihar/comments/11k7s87/man_arrested_from_jamui_for_fake_videos_of/,fake arrest,Digital Arrest Scam,Digital Arrest,THIRD-PARTY,NARSS-00084.txt,State: Bihar | Author: u/destroyer-faith | Score: 1 | Reddit ID: 11k7s87
11k2ujm,NARSS-00085,2026-04-10,SOUBHIK SARKAR,Reddit r/Bihar,reddit.com,2023-03-06,Man arrested for 'fake' videos of attacks on Bihar migrants in Tamil Nadu - Deccan Herald,https://www.reddit.com/r/bihar/comments/11k2ujm/man_arrested_for_fake_videos_of_attacks_on_bihar/,fake arrest,Digital Arrest Scam,Digital Arrest,THIRD-PARTY,NARSS-00085.txt,State: Bihar | Author: u/destroyer-faith | Score: 1 | Reddit ID: 11k2ujm
11jztjl,NARSS-00086,2026-04-10,SOUBHIK SARKAR,Reddit r/Bihar,reddit.com,2023-03-06,Man arrested in Bihar for sharing fake video of attacks on migrants in T.N. - The Hindu,https://www.reddit.com/r/bihar/comments/11jztjl/man_arrested_in_bihar_for_sharing_fake_video_of/,fake arrest,Digital Arrest Scam,Digital Arrest,THIRD-PARTY,NARSS-00086.txt,State: Bihar | Author: u/destroyer-faith | Score: 1 | Reddit ID: 11jztjl
11jztj5,NARSS-00087,2026-04-10,SOUBHIK SARKAR,Reddit r/Bihar,reddit.com,2023-03-06,Bihar Police Arrest Man For Fake Videos Of Workers Attacked In Tamil Nadu - NDTV,https://www.reddit.com/r/bihar/comments/11jztj5/bihar_police_arrest_man_for_fake_videos_of/,fake arrest,Digital Arrest Scam,Digital Arrest,THIRD-PARTY,NARSS-00087.txt,State: Bihar | Author: u/destroyer-faith | Score: 1 | Reddit ID: 11jztj5
11jztib,NARSS-00088,2026-04-10,SOUBHIK SARKAR,Reddit r/Bihar,reddit.com,2023-03-06,One arrested from Jamui in Bihar for spreading ‘fake’ video on migrants beaten up in Tamil Nadu - The Hindu,https://www.reddit.com/r/bihar/comments/11jztib/one_arrested_from_jamui_in_bihar_for_spreading/,fake arrest,Digital Arrest Scam,Digital Arrest,THIRD-PARTY,NARSS-00088.txt,State: Bihar | Author: u/destroyer-faith | Score: 1 | Reddit ID: 11jztib
zgikl2,NARSS-00089,2026-04-10,SOUBHIK SARKAR,Reddit r/Bihar,reddit.com,2022-12-09,Prime accused in fake drug case arrested from Bihar - The New Indian Express,https://www.reddit.com/r/bihar/comments/zgikl2/prime_accused_in_fake_drug_case_arrested_from/,fake arrest,Digital Arrest Scam,Digital Arrest,THIRD-PARTY,NARSS-00089.txt,State: Bihar | Author: u/destroyer-faith | Score: 1 | Reddit ID: zgikl2
zg3a7p,NARSS-00090,2026-04-10,SOUBHIK SARKAR,Reddit r/Bihar,reddit.com,2022-12-08,Odisha: Third Arrest From Bihar In Fake Medicines Racket - odishabytes - OdishaBytes,https://www.reddit.com/r/bihar/comments/zg3a7p/odisha_third_arrest_from_bihar_in_fake_medicines/,fake arrest,Digital Arrest Scam,Digital Arrest,THIRD-PARTY,NARSS-00090.txt,State: Bihar | Author: u/destroyer-faith | Score: 1 | Reddit ID: zg3a7p
zfx2gc,NARSS-00091,2026-04-10,SOUBHIK SARKAR,Reddit r/Bihar,reddit.com,2022-12-08,Twin City Police arrest one more person from Bihar in fake drugs racket in Odisha - Sambad English,https://www.reddit.com/r/bihar/comments/zfx2gc/twin_city_police_arrest_one_more_person_from/,fake arrest,Digital Arrest Scam,Digital Arrest,THIRD-PARTY,NARSS-00091.txt,State: Bihar | Author: u/destroyer-faith | Score: 1 | Reddit ID: zfx2gc
yt0g23,NARSS-00092,2026-04-10,SOUBHIK SARKAR,Reddit r/Bihar,reddit.com,2022-11-12,"3 Bihar Men Arrested For Making Fake Patanjali Website, Cheating People - NDTV",https://www.reddit.com/r/bihar/comments/yt0g23/3_bihar_men_arrested_for_making_fake_patanjali/,fake arrest,Digital Arrest Scam,Digital Arrest,THIRD-PARTY,NARSS-00092.txt,State: Bihar | Author: u/destroyer-faith | Score: 1 | Reddit ID: yt0g23
y7vltt,NARSS-00093,2026-04-10,SOUBHIK SARKAR,Reddit r/Bihar,reddit.com,2022-10-19,"Bihar: Father fakes son's death, submits death certificate to evade arrest after facing rape charges - The New Indian Express",https://www.reddit.com/r/bihar/comments/y7vltt/bihar_father_fakes_sons_death_submits_death/,fake arrest,Digital Arrest Scam,Digital Arrest,THIRD-PARTY,NARSS-00093.txt,State: Bihar | Author: u/destroyer-faith | Score: 1 | Reddit ID: y7vltt
xv2c80,NARSS-00094,2026-04-10,SOUBHIK SARKAR,Reddit r/Bihar,reddit.com,2022-10-04,"Bihar man arrested in Assam, police recover fake gold - ANI News",https://www.reddit.com/r/bihar/comments/xv2c80/bihar_man_arrested_in_assam_police_recover_fake/,fake arrest,Digital Arrest Scam,Digital Arrest,THIRD-PARTY,NARSS-00094.txt,State: Bihar | Author: u/destroyer-faith | Score: 1 | Reddit ID: xv2c80
xuqqo2,NARSS-00095,2026-04-10,SOUBHIK SARKAR,Reddit r/Bihar,reddit.com,2022-10-03,"Bihar man arrested in Assam, police recover fake gold - ThePrint",https://www.reddit.com/r/bihar/comments/xuqqo2/bihar_man_arrested_in_assam_police_recover_fake/,fake arrest,Digital Arrest Scam,Digital Arrest,THIRD-PARTY,NARSS-00095.txt,State: Bihar | Author: u/destroyer-faith | Score: 3 | Reddit ID: xuqqo2
wyvnmz,NARSS-00096,2026-04-10,SOUBHIK SARKAR,Reddit r/Bihar,reddit.com,2022-08-27,Man arrested for running fake Twitter account of Bihar CMO,https://www.reddit.com/r/bihar/comments/wyvnmz/man_arrested_for_running_fake_twitter_account_of/,fake arrest,Digital Arrest Scam,Digital Arrest,THIRD-PARTY,NARSS-00096.txt,State: Bihar | Author: u/destroyer-faith | Score: 1 | Reddit ID: wyvnmz
wypwqf,NARSS-00097,2026-04-10,SOUBHIK SARKAR,Reddit r/Bihar,reddit.com,2022-08-27,Man arrested for running fake Twitter account of Bihar CMO,https://www.reddit.com/r/bihar/comments/wypwqf/man_arrested_for_running_fake_twitter_account_of/,fake arrest,Digital Arrest Scam,Digital Arrest,THIRD-PARTY,NARSS-00097.txt,State: Bihar | Author: u/destroyer-faith | Score: 1 | Reddit ID: wypwqf
wyn38n,NARSS-00098,2026-04-10,SOUBHIK SARKAR,Reddit r/Bihar,reddit.com,2022-08-27,Man arrested for running fake Twitter account of Bihar CMO,https://www.reddit.com/r/bihar/comments/wyn38n/man_arrested_for_running_fake_twitter_account_of/,fake arrest,Digital Arrest Scam,Digital Arrest,THIRD-PARTY,NARSS-00098.txt,State: Bihar | Author: u/destroyer-faith | Score: 1 | Reddit ID: wyn38n
1j4br2k,NARSS-00099,2026-04-10,SOUBHIK SARKAR,Reddit r/Bihar,reddit.com,2025-03-06,"I worked as a teacher in G D Goenka Public School, Lalgarh,Bettiah,Bihar. Worst experience of my life.",https://www.reddit.com/r/bihar/comments/1j4br2k/i_worked_as_a_teacher_in_g_d_goenka_public_school/,video call arrest,Digital Arrest Scam,Digital Arrest,THIRD-PARTY,NARSS-00099.txt,State: Bihar | Author: u/canthidethisshit | Score: 135 | Reddit ID: 1j4br2k
1jiyu5h,NARSS-00100,2026-04-10,SOUBHIK SARKAR,Reddit r/Bihar,reddit.com,2025-03-25,I'm running my own life because of online gambling addiction 😭,https://www.reddit.com/r/bihar/comments/1jiyu5h/im_running_my_own_life_because_of_online_gambling/,fraud call,"Phishing, Vishing, and Smishing",Vishing,THIRD-PARTY,NARSS-00100.txt,State: Bihar | Author: u/Pale_Archer_2714 | Score: 1 | Reddit ID: 1jiyu5h
1ildzjv,NARSS-00101,2026-04-10,SOUBHIK SARKAR,Reddit r/Bihar,reddit.com,2025-02-09,I got scammed.,https://www.reddit.com/r/bihar/comments/1ildzjv/i_got_scammed/,fraud call,"Phishing, Vishing, and Smishing",Vishing,THIRD-PARTY,NARSS-00101.txt,State: Bihar | Author: u/WishFit2544 | Score: 70 | Reddit ID: 1ildzjv
1dk7w7o,NARSS-00102,2026-04-10,SOUBHIK SARKAR,Reddit r/Bihar,reddit.com,2024-06-20,"Fraud, Mental Torture And Rape: Bihar's Call Centre From Hell",https://www.reddit.com/r/bihar/comments/1dk7w7o/fraud_mental_torture_and_rape_bihars_call_centre/,fraud call,"Phishing, Vishing, and Smishing",Vishing,THIRD-PARTY,NARSS-00102.txt,State: Bihar | Author: u/MangoComfortable3793 | Score: 1 | Reddit ID: 1dk7w7o
130gft8,NARSS-00103,2026-04-10,SOUBHIK SARKAR,Reddit r/Bihar,reddit.com,2023-04-27,Suprise 1 lac fine,https://www.reddit.com/r/bihar/comments/130gft8/suprise_1_lac_fine/,fraud call,"Phishing, Vishing, and Smishing",Vishing,THIRD-PARTY,NARSS-00103.txt,State: Bihar | Author: u/Crazy-Dish4691 | Score: 2 | Reddit ID: 130gft8
1jwidfx,NARSS-00104,2026-04-10,SOUBHIK SARKAR,Reddit r/Bihar,reddit.com,2025-04-11,Modi Press conference nahi karte bolne waale log.. why did congress pick him when there were so many others to pick as CM for Bihar? Your opinion?,https://www.reddit.com/r/bihar/comments/1jwidfx/modi_press_conference_nahi_karte_bolne_waale_log/,fake bank call,"Phishing, Vishing, and Smishing",Vishing,THIRD-PARTY,NARSS-00104.txt,State: Bihar | Author: u/someonenoo | Score: 3 | Reddit ID: 1jwidfx
14v3qs9,NARSS-00105,2026-04-10,SOUBHIK SARKAR,Reddit r/Bihar,reddit.com,2023-07-09,Bihar Police seek ban on over 100 gambling gaming illegal loan apps - ThePrint,https://www.reddit.com/r/bihar/comments/14v3qs9/bihar_police_seek_ban_on_over_100_gambling_gaming/,illegal loan app,Online Lending and Loan App Fraud,Loan App Fraud,THIRD-PARTY,NARSS-00105.txt,State: Bihar | Author: u/destroyer-faith | Score: 1 | Reddit ID: 14v3qs9
14ufdrk,NARSS-00106,2026-04-10,SOUBHIK SARKAR,Reddit r/Bihar,reddit.com,2023-07-09,Bihar police seek ban on over 100 gambling gaming and illegal loan apps - ThePrint,https://www.reddit.com/r/bihar/comments/14ufdrk/bihar_police_seek_ban_on_over_100_gambling_gaming/,illegal loan app,Online Lending and Loan App Fraud,Loan App Fraud,THIRD-PARTY,NARSS-00106.txt,State: Bihar | Author: u/destroyer-faith | Score: 1 | Reddit ID: 14ufdrk
14u6kaw,NARSS-00107,2026-04-10,SOUBHIK SARKAR,Reddit r/Bihar,reddit.com,2023-07-08,Bihar Police seek ban on over 100 gambling gaming 'illegal' loan apps - Economic Times,https://www.reddit.com/r/bihar/comments/14u6kaw/bihar_police_seek_ban_on_over_100_gambling_gaming/,illegal loan app,Online Lending and Loan App Fraud,Loan App Fraud,THIRD-PARTY,NARSS-00107.txt,State: Bihar | Author: u/destroyer-faith | Score: 1 | Reddit ID: 14u6kaw
14u6ka6,NARSS-00108,2026-04-10,SOUBHIK SARKAR,Reddit r/Bihar,reddit.com,2023-07-08,Bihar police seek ban on over 100 gambling gaming and illegal loan apps - The New Indian Express,https://www.reddit.com/r/bihar/comments/14u6ka6/bihar_police_seek_ban_on_over_100_gambling_gaming/,illegal loan app,Online Lending and Loan App Fraud,Loan App Fraud,THIRD-PARTY,NARSS-00108.txt,State: Bihar | Author: u/destroyer-faith | Score: 1 | Reddit ID: 14u6ka6
14tyzcn,NARSS-00109,2026-04-10,SOUBHIK SARKAR,Reddit r/Bihar,reddit.com,2023-07-08,Bihar police reach out to IT ministry seeking ban on 100 gambling gaming and illegal loan apps - Economic Times,https://www.reddit.com/r/bihar/comments/14tyzcn/bihar_police_reach_out_to_it_ministry_seeking_ban/,illegal loan app,Online Lending and Loan App Fraud,Loan App Fraud,THIRD-PARTY,NARSS-00109.txt,State: Bihar | Author: u/destroyer-faith | Score: 1 | Reddit ID: 14tyzcn
jej922,NARSS-00110,2026-04-10,SOUBHIK SARKAR,Reddit r/Bihar,reddit.com,2020-10-20,28 of the 61 nominations filed by Plurals party for the first round was declared invalid by the Election commission.,https://www.reddit.com/r/bihar/comments/jej922/28_of_the_61_nominations_filed_by_plurals_party/,Ponzi scheme,Investment and Trading Fraud,Investment Scam,THIRD-PARTY,NARSS-00110.txt,State: Bihar | Author: u/Shriman_Ripley | Score: 8 | Reddit ID: jej922
1i4clyp,NARSS-00111,2026-04-10,SOUBHIK SARKAR,Reddit r/Bihar,reddit.com,2025-01-18,How to Systematically Destroy a State: A Case Study on Bihar,https://www.reddit.com/r/bihar/comments/1i4clyp/how_to_systematically_destroy_a_state_a_case/,identity theft,Identity Theft and Data Breach,Identity Theft,THIRD-PARTY,NARSS-00111.txt,State: Bihar | Author: u/Foreign-System-556 | Score: 1 | Reddit ID: 1i4clyp
1ctizdv,NARSS-00112,2026-04-10,SOUBHIK SARKAR,Reddit r/Bihar,reddit.com,2024-05-16,Plz help me to Identify this is a job scam or not?,https://www.reddit.com/r/bihar/comments/1ctizdv/plz_help_me_to_identify_this_is_a_job_scam_or_not/,identity theft,Identity Theft and Data Breach,Identity Theft,THIRD-PARTY,NARSS-00112.txt,State: Bihar | Author: u/lethargic_lemom | Score: 1 | Reddit ID: 1ctizdv
14fu1l8,NARSS-00113,2026-04-10,SOUBHIK SARKAR,Reddit r/Bihar,reddit.com,2023-06-22,CoWIN Data Breach on Telegram: Bihar Man Arrested By Delhi Police IFSO - BREKING NEWS - Times Now,https://www.reddit.com/r/bihar/comments/14fu1l8/cowin_data_breach_on_telegram_bihar_man_arrested/,data breach,Identity Theft and Data Breach,Data Breach,THIRD-PARTY,NARSS-00113.txt,State: Bihar | Author: u/destroyer-faith | Score: 1 | Reddit ID: 14fu1l8
14fu1kl,NARSS-00114,2026-04-10,SOUBHIK SARKAR,Reddit r/Bihar,reddit.com,2023-06-22,Delhi Police nabs Bihar man and minor in CoWin data breach probe | Mint - Mint,https://www.reddit.com/r/bihar/comments/14fu1kl/delhi_police_nabs_bihar_man_and_minor_in_cowin/,data breach,Identity Theft and Data Breach,Data Breach,THIRD-PARTY,NARSS-00114.txt,State: Bihar | Author: u/destroyer-faith | Score: 1 | Reddit ID: 14fu1kl
1jrtufs,NARSS-00115,2026-04-10,SOUBHIK SARKAR,Reddit r/Bihar,reddit.com,2025-04-05,Sinauli female spicemen shows 80% steppe ancestry??,https://www.reddit.com/r/bihar/comments/1jrtufs/sinauli_female_spicemen_shows_80_steppe_ancestry/,data leak,Identity Theft and Data Breach,Data Breach,THIRD-PARTY,NARSS-00115.txt,State: Bihar | Author: u/virgin_human | Score: 1 | Reddit ID: 1jrtufs
1dougqo,NARSS-00116,2026-04-10,SOUBHIK SARKAR,Reddit r/Bihar,reddit.com,2024-06-26,Zomato potential scam,https://www.reddit.com/r/bihar/comments/1dougqo/zomato_potential_scam/,data leak,Identity Theft and Data Breach,Data Breach,NEAR-MISS,NARSS-00116.txt,State: Bihar | Author: u/Ok_Inevitable4137 | Score: 1 | Reddit ID: 1dougqo
14i0t5d,NARSS-00117,2026-04-10,SOUBHIK SARKAR,Reddit r/Bihar,reddit.com,2023-06-25,CoWin Data Leak: 2 teen brothers held in Bihar for CoWin data theft | Delhi News - Indiatimes.com,https://www.reddit.com/r/bihar/comments/14i0t5d/cowin_data_leak_2_teen_brothers_held_in_bihar_for/,data leak,Identity Theft and Data Breach,Data Breach,THIRD-PARTY,NARSS-00117.txt,State: Bihar | Author: u/destroyer-faith | Score: 1 | Reddit ID: 14i0t5d
14hcmvo,NARSS-00118,2026-04-10,SOUBHIK SARKAR,Reddit r/Bihar,reddit.com,2023-06-24,Bihar man arrested for uploading CoWIN data on Telegram; data leak sparks privacy concerns - OTV News,https://www.reddit.com/r/bihar/comments/14hcmvo/bihar_man_arrested_for_uploading_cowin_data_on/,data leak,Identity Theft and Data Breach,Data Breach,THIRD-PARTY,NARSS-00118.txt,State: Bihar | Author: u/destroyer-faith | Score: 1 | Reddit ID: 14hcmvo
14gsjub,NARSS-00119,2026-04-10,SOUBHIK SARKAR,Reddit r/Bihar,reddit.com,2023-06-23,CoWIN Data Leak: Two Bihar Brothers Apprehended For Allegedly Leaking Data From Portal On Telegram - Swarajya,https://www.reddit.com/r/bihar/comments/14gsjub/cowin_data_leak_two_bihar_brothers_apprehended/,data leak,Identity Theft and Data Breach,Data Breach,THIRD-PARTY,NARSS-00119.txt,State: Bihar | Author: u/destroyer-faith | Score: 1 | Reddit ID: 14gsjub
14gf0bl,NARSS-00120,2026-04-10,SOUBHIK SARKAR,Reddit r/Bihar,reddit.com,2023-06-23,Police arrest man detain minor in Bihar over CoWIN data leak - Hindustan Times,https://www.reddit.com/r/bihar/comments/14gf0bl/police_arrest_man_detain_minor_in_bihar_over/,data leak,Identity Theft and Data Breach,Data Breach,THIRD-PARTY,NARSS-00120.txt,State: Bihar | Author: u/destroyer-faith | Score: 1 | Reddit ID: 14gf0bl
14gbw7z,NARSS-00121,2026-04-10,SOUBHIK SARKAR,Reddit r/Bihar,reddit.com,2023-06-23,Co-WIN Data Leak: Delhi Police Arrests Bihar Man - The Wire,https://www.reddit.com/r/bihar/comments/14gbw7z/cowin_data_leak_delhi_police_arrests_bihar_man/,data leak,Identity Theft and Data Breach,Data Breach,THIRD-PARTY,NARSS-00121.txt,State: Bihar | Author: u/destroyer-faith | Score: 1 | Reddit ID: 14gbw7z
14g7h65,NARSS-00122,2026-04-10,SOUBHIK SARKAR,Reddit r/Bihar,reddit.com,2023-06-22,CoWIN Data Leak: Bihar Man Arrested By Delhi Police For Leaking Data On Telegram - Jagran English,https://www.reddit.com/r/bihar/comments/14g7h65/cowin_data_leak_bihar_man_arrested_by_delhi/,data leak,Identity Theft and Data Breach,Data Breach,THIRD-PARTY,NARSS-00122.txt,State: Bihar | Author: u/destroyer-faith | Score: 1 | Reddit ID: 14g7h65
14g4gr3,NARSS-00123,2026-04-10,SOUBHIK SARKAR,Reddit r/Bihar,reddit.com,2023-06-22,Co-WIN Data Leak: Delhi Police Arrests Bihar Man - The Wire,https://www.reddit.com/r/bihar/comments/14g4gr3/cowin_data_leak_delhi_police_arrests_bihar_man/,data leak,Identity Theft and Data Breach,Data Breach,THIRD-PARTY,NARSS-00123.txt,State: Bihar | Author: u/destroyer-faith | Score: 1 | Reddit ID: 14g4gr3
14g1pv8,NARSS-00124,2026-04-10,SOUBHIK SARKAR,Reddit r/Bihar,reddit.com,2023-06-22,Delhi Police arrests man from Bihar in CoWIN data leak case - Times of India,https://www.reddit.com/r/bihar/comments/14g1pv8/delhi_police_arrests_man_from_bihar_in_cowin_data/,data leak,Identity Theft and Data Breach,Data Breach,THIRD-PARTY,NARSS-00124.txt,State: Bihar | Author: u/destroyer-faith | Score: 1 | Reddit ID: 14g1pv8
14fyak6,NARSS-00125,2026-04-10,SOUBHIK SARKAR,Reddit r/Bihar,reddit.com,2023-06-22,Bihar man teen arrested for CoWIN data leak via Telegram - Rediff.com,https://www.reddit.com/r/bihar/comments/14fyak6/bihar_man_teen_arrested_for_cowin_data_leak_via/,data leak,Identity Theft and Data Breach,Data Breach,THIRD-PARTY,NARSS-00125.txt,State: Bihar | Author: u/destroyer-faith | Score: 1 | Reddit ID: 14fyak6
14fyaji,NARSS-00126,2026-04-10,SOUBHIK SARKAR,Reddit r/Bihar,reddit.com,2023-06-22,Bihar man arrested for allegedly leaking CoWIN data - Scroll.in,https://www.reddit.com/r/bihar/comments/14fyaji/bihar_man_arrested_for_allegedly_leaking_cowin/,data leak,Identity Theft and Data Breach,Data Breach,THIRD-PARTY,NARSS-00126.txt,State: Bihar | Author: u/destroyer-faith | Score: 1 | Reddit ID: 14fyaji
14fyafu,NARSS-00127,2026-04-10,SOUBHIK SARKAR,Reddit r/Bihar,reddit.com,2023-06-22,CoWIN data leak: Delhi police arrests Bihar man for uploading personal data of vaccinated Indians on Telegram - India Today,https://www.reddit.com/r/bihar/comments/14fyafu/cowin_data_leak_delhi_police_arrests_bihar_man/,data leak,Identity Theft and Data Breach,Data Breach,THIRD-PARTY,NARSS-00127.txt,State: Bihar | Author: u/destroyer-faith | Score: 1 | Reddit ID: 14fyafu
14fw78p,NARSS-00128,2026-04-10,SOUBHIK SARKAR,Reddit r/Bihar,reddit.com,2023-06-22,CoWIN data leak: Bihar man arrested for allegedly leaking data from portal on Telegram - The Indian Express,https://www.reddit.com/r/bihar/comments/14fw78p/cowin_data_leak_bihar_man_arrested_for_allegedly/,data leak,Identity Theft and Data Breach,Data Breach,THIRD-PARTY,NARSS-00128.txt,State: Bihar | Author: u/destroyer-faith | Score: 1 | Reddit ID: 14fw78p
14fw787,NARSS-00129,2026-04-10,SOUBHIK SARKAR,Reddit r/Bihar,reddit.com,2023-06-22,Days After CoWIN Data Leak Reports Arrest In Bihar - NDTV,https://www.reddit.com/r/bihar/comments/14fw787/days_after_cowin_data_leak_reports_arrest_in/,data leak,Identity Theft and Data Breach,Data Breach,THIRD-PARTY,NARSS-00129.txt,State: Bihar | Author: u/destroyer-faith | Score: 1 | Reddit ID: 14fw787
14fw77s,NARSS-00130,2026-04-10,SOUBHIK SARKAR,Reddit r/Bihar,reddit.com,2023-06-22,Bihar man arrested for leaking data from CoWIN portal on Telegram - The Financial Express,https://www.reddit.com/r/bihar/comments/14fw77s/bihar_man_arrested_for_leaking_data_from_cowin/,data leak,Identity Theft and Data Breach,Data Breach,THIRD-PARTY,NARSS-00130.txt,State: Bihar | Author: u/destroyer-faith | Score: 1 | Reddit ID: 14fw77s
14fu1lm,NARSS-00131,2026-04-10,SOUBHIK SARKAR,Reddit r/Bihar,reddit.com,2023-06-22,Delhi News Live Updates: Bihar man arrested for allegedly leaking data from coWIN portal on Telegram - The Indian Express,https://www.reddit.com/r/bihar/comments/14fu1lm/delhi_news_live_updates_bihar_man_arrested_for/,data leak,Identity Theft and Data Breach,Data Breach,THIRD-PARTY,NARSS-00131.txt,State: Bihar | Author: u/destroyer-faith | Score: 1 | Reddit ID: 14fu1lm
14gkmgz,NARSS-00132,2026-04-10,SOUBHIK SARKAR,Reddit r/Bihar,reddit.com,2023-06-23,2 teen brothers held in Bihar for CoWin data theft - Times of India,https://www.reddit.com/r/bihar/comments/14gkmgz/2_teen_brothers_held_in_bihar_for_cowin_data/,data theft,Identity Theft and Data Breach,Data Breach,THIRD-PARTY,NARSS-00132.txt,State: Bihar | Author: u/destroyer-faith | Score: 1 | Reddit ID: 14gkmgz
1ddbnqw,NARSS-00133,2026-04-10,SOUBHIK SARKAR,Reddit r/Bihar,reddit.com,2024-06-11,"Support Against the NEET Exam Scam
",https://www.reddit.com/r/bihar/comments/1ddbnqw/support_against_the_neet_exam_scam/,trust scam,Social Engineering and Romance/Sextortion,Social Engineering,THIRD-PARTY,NARSS-00133.txt,State: Bihar | Author: u/Aside-Physical | Score: 1 | Reddit ID: 1ddbnqw
121s3f8,NARSS-00134,2026-04-10,SOUBHIK SARKAR,Reddit r/Bihar,reddit.com,2023-03-25,"Land-for-jobs 'scam': Bihar Deputy CM Tejashwi questioned by CBI, ED quizzes sister Misa - Press Trust of India",https://www.reddit.com/r/bihar/comments/121s3f8/landforjobs_scam_bihar_deputy_cm_tejashwi/,trust scam,Social Engineering and Romance/Sextortion,Social Engineering,THIRD-PARTY,NARSS-00134.txt,State: Bihar | Author: u/destroyer-faith | Score: 1 | Reddit ID: 121s3f8
yien2t,NARSS-00135,2026-04-10,SOUBHIK SARKAR,Reddit r/Bihar,reddit.com,2022-10-31,Vyapam scam: Bihar man gets 7 years in jail for Pre-Medical Test impersonation - Press Trust of India,https://www.reddit.com/r/bihar/comments/yien2t/vyapam_scam_bihar_man_gets_7_years_in_jail_for/,trust scam,Social Engineering and Romance/Sextortion,Social Engineering,THIRD-PARTY,NARSS-00135.txt,State: Bihar | Author: u/destroyer-faith | Score: 1 | Reddit ID: yien2t
164minn,NARSS-00136,2026-04-10,SOUBHIK SARKAR,Reddit r/Bihar,reddit.com,2023-08-29,Honey-trapped Bihar man arrested for sharing classified inputs with Pakistani agent | Mint - Mint,https://www.reddit.com/r/bihar/comments/164minn/honeytrapped_bihar_man_arrested_for_sharing/,honey trap,Social Engineering and Romance/Sextortion,Romance Scam,THIRD-PARTY,NARSS-00136.txt,State: Bihar | Author: u/destroyer-faith | Score: 1 | Reddit ID: 164minn
164ffb9,NARSS-00137,2026-04-10,SOUBHIK SARKAR,Reddit r/Bihar,reddit.com,2023-08-29,Honey-trapped Bihar man arrested for sharing classified inputs with Pakistani agent | Mint - Mint,https://www.reddit.com/r/bihar/comments/164ffb9/honeytrapped_bihar_man_arrested_for_sharing/,honey trap,Social Engineering and Romance/Sextortion,Romance Scam,THIRD-PARTY,NARSS-00137.txt,State: Bihar | Author: u/destroyer-faith | Score: 1 | Reddit ID: 164ffb9
163j444,NARSS-00138,2026-04-10,SOUBHIK SARKAR,Reddit r/Bihar,reddit.com,2023-08-28,Honey-trapped Bihar man arrested for sharing classified inputs with Pakistani agent | Mint - Mint,https://www.reddit.com/r/bihar/comments/163j444/honeytrapped_bihar_man_arrested_for_sharing/,honey trap,Social Engineering and Romance/Sextortion,Romance Scam,THIRD-PARTY,NARSS-00138.txt,State: Bihar | Author: u/destroyer-faith | Score: 1 | Reddit ID: 163j444
1639g0k,NARSS-00139,2026-04-10,SOUBHIK SARKAR,Reddit r/Bihar,reddit.com,2023-08-28,Kolkata Police STF busted a honey trap which was passing on sensitive information to Pakistan's ISI Source - TOI,https://www.reddit.com/r/bihar/comments/1639g0k/kolkata_police_stf_busted_a_honey_trap_which_was/,honey trap,Social Engineering and Romance/Sextortion,Romance Scam,THIRD-PARTY,NARSS-00139.txt,State: Bihar | Author: u/Effective-Sign4714 | Score: 1 | Reddit ID: 1639g0k
162g25b,NARSS-00140,2026-04-10,SOUBHIK SARKAR,Reddit r/Bihar,reddit.com,2023-08-27,Honey-trapped Bihar man arrested for sharing classified inputs with Pakistani agent | Mint - Mint,https://www.reddit.com/r/bihar/comments/162g25b/honeytrapped_bihar_man_arrested_for_sharing/,honey trap,Social Engineering and Romance/Sextortion,Romance Scam,THIRD-PARTY,NARSS-00140.txt,State: Bihar | Author: u/destroyer-faith | Score: 1 | Reddit ID: 162g25b
14y7n4z,NARSS-00141,2026-04-10,SOUBHIK SARKAR,Reddit r/Bihar,reddit.com,2023-07-13,"Bihar youth, dad held for sextortion of 16-yr-old girl - Indiatimes.com",https://www.reddit.com/r/bihar/comments/14y7n4z/bihar_youth_dad_held_for_sextortion_of_16yrold/,sextortion,Social Engineering and Romance/Sextortion,Sextortion,THIRD-PARTY,NARSS-00141.txt,State: Bihar | Author: u/destroyer-faith | Score: 1 | Reddit ID: 14y7n4z
14y54v8,NARSS-00142,2026-04-10,SOUBHIK SARKAR,Reddit r/Bihar,reddit.com,2023-07-13,"Bihar youth, dad held for sextortion of 16-yr-old girl - Times of India",https://www.reddit.com/r/bihar/comments/14y54v8/bihar_youth_dad_held_for_sextortion_of_16yrold/,sextortion,Social Engineering and Romance/Sextortion,Sextortion,THIRD-PARTY,NARSS-00142.txt,State: Bihar | Author: u/destroyer-faith | Score: 1 | Reddit ID: 14y54v8
1hztdyq,NARSS-00143,2026-04-10,SOUBHIK SARKAR,Reddit r/Bihar,reddit.com,2025-01-13,South Bihar Power Distribution Company Ltd. Scamming Commercial Consumers with Unjust Charges and Bribes,https://www.reddit.com/r/bihar/comments/1hztdyq/south_bihar_power_distribution_company_ltd/,electricity bill scam,Emerging and Miscellaneous Fraud Types,Utility Scam,THIRD-PARTY,NARSS-00143.txt,State: Bihar | Author: u/Kitty_Kat699 | Score: 1 | Reddit ID: 1hztdyq
1fjz7rn,NARSS-00144,2026-04-10,SOUBHIK SARKAR,Reddit r/Bihar,reddit.com,2024-09-18,Female Infanticide and Dowry: A Harrowing Reality in My Hometown (Katihar),https://www.reddit.com/r/bihar/comments/1fjz7rn/female_infanticide_and_dowry_a_harrowing_reality/,online harassment,Emerging and Miscellaneous Fraud Types,Cyber Stalking,THIRD-PARTY,NARSS-00144.txt,State: Bihar | Author: u/_mr_misfit_ | Score: 11 | Reddit ID: 1fjz7rn
x6i34k,NARSS-00145,2026-04-10,SOUBHIK SARKAR,Reddit r/Bihar,reddit.com,2022-09-05,Help/ Legal Advice needed.,https://www.reddit.com/r/bihar/comments/x6i34k/help_legal_advice_needed/,online harassment,Emerging and Miscellaneous Fraud Types,Cyber Stalking,THIRD-PARTY,NARSS-00145.txt,State: Bihar | Author: u/Such_Investigator404 | Score: 10 | Reddit ID: x6i34k
1khxpu3,NARSS-00146,2026-04-10,SOUBHIK SARKAR,Reddit r/Chandigarh,reddit.com,2025-05-09,[MEGATHREAD] India-Pakistan Conflict - Chandigarh - SAFETY AND SECURITY UPDATES,https://www.reddit.com/r/Chandigarh/comments/1khxpu3/megathread_indiapakistan_conflict_chandigarh/,cyber crime,General Cybercrime / Cyber Fraud Terms,General Cybercrime,NEAR-MISS,NARSS-00146.txt,State: Chandigarh | Author: u/Ghostaflux | Score: 1 | Reddit ID: 1khxpu3
1jvzd01,NARSS-00147,2026-04-10,SOUBHIK SARKAR,Reddit r/Chandigarh,reddit.com,2025-04-10,beware of fake cyber fraud branch employees,https://www.reddit.com/r/Chandigarh/comments/1jvzd01/beware_of_fake_cyber_fraud_branch_employees/,cyber crime,General Cybercrime / Cyber Fraud Terms,General Cybercrime,NEAR-MISS,NARSS-00147.txt,State: Chandigarh | Author: u/These_Toe_5539 | Score: 1 | Reddit ID: 1jvzd01
1gloka9,NARSS-00148,2026-04-10,SOUBHIK SARKAR,Reddit r/Chandigarh,reddit.com,2024-11-07,Scammed,https://www.reddit.com/r/Chandigarh/comments/1gloka9/scammed/,cyber crime,General Cybercrime / Cyber Fraud Terms,General Cybercrime,VICTIM,NARSS-00148.txt,State: Chandigarh | Author: u/AssistanceTotal361 | Score: 1 | Reddit ID: 1gloka9
1ebuf34,NARSS-00149,2026-04-10,SOUBHIK SARKAR,Reddit r/Chandigarh,reddit.com,2024-07-25,"Found info about stolen phone
",https://www.reddit.com/r/Chandigarh/comments/1ebuf34/found_info_about_stolen_phone/,cyber crime,General Cybercrime / Cyber Fraud Terms,General Cybercrime,VICTIM,NARSS-00149.txt,State: Chandigarh | Author: u/Infinite_singularity | Score: 1 | Reddit ID: 1ebuf34
1cf1ykk,NARSS-00150,2026-04-10,SOUBHIK SARKAR,Reddit r/Chandigarh,reddit.com,2024-04-28,How good is chandigarh police cyber crime branch? Asking for a friend. ,https://www.reddit.com/r/Chandigarh/comments/1cf1ykk/how_good_is_chandigarh_police_cyber_crime_branch/,cyber crime,General Cybercrime / Cyber Fraud Terms,General Cybercrime,THIRD-PARTY,NARSS-00150.txt,State: Chandigarh | Author: u/barracuda0001 | Score: 1 | Reddit ID: 1cf1ykk
1510w8l,NARSS-00151,2026-04-10,SOUBHIK SARKAR,Reddit r/Chandigarh,reddit.com,2023-07-16,Does anyone know where to report cyber crime in Chandigarh?,https://www.reddit.com/r/Chandigarh/comments/1510w8l/does_anyone_know_where_to_report_cyber_crime_in/,cyber crime,General Cybercrime / Cyber Fraud Terms,General Cybercrime,THIRD-PARTY,NARSS-00151.txt,State: Chandigarh | Author: u/Professional_Lie5352 | Score: 2 | Reddit ID: 1510w8l
1jilgms,NARSS-00152,2026-04-10,SOUBHIK SARKAR,Reddit r/Chandigarh,reddit.com,2025-03-24,Are police officials allowed to raise hands on minors ( age 17 ),https://www.reddit.com/r/Chandigarh/comments/1jilgms/are_police_officials_allowed_to_raise_hands_on/,cybercrime,General Cybercrime / Cyber Fraud Terms,General Cybercrime,THIRD-PARTY,NARSS-00152.txt,State: Chandigarh | Author: u/Hot-Caterpillar-7704 | Score: 23 | Reddit ID: 1jilgms
1bhoqsw,NARSS-00153,2026-04-10,SOUBHIK SARKAR,Reddit r/Chandigarh,reddit.com,2024-03-18,Please help me!,https://www.reddit.com/r/Chandigarh/comments/1bhoqsw/please_help_me/,cybercrime,General Cybercrime / Cyber Fraud Terms,General Cybercrime,THIRD-PARTY,NARSS-00153.txt,State: Chandigarh | Author: u/Do-not_Know_Who | Score: 1 | Reddit ID: 1bhoqsw
1jxzxzw,NARSS-00154,2026-04-10,SOUBHIK SARKAR,Reddit r/Chandigarh,reddit.com,2025-04-13,"Cyber police cracks `3.66-crore online share market fraud, arrests accused from Tihar Jail",https://www.reddit.com/r/Chandigarh/comments/1jxzxzw/cyber_police_cracks_366crore_online_share_market/,cyber fraud,General Cybercrime / Cyber Fraud Terms,General Cybercrime,THIRD-PARTY,NARSS-00154.txt,State: Chandigarh | Author: u/Cybertronian1512 | Score: 1 | Reddit ID: 1jxzxzw
1gwahsi,NARSS-00155,2026-04-10,SOUBHIK SARKAR,Reddit r/Chandigarh,reddit.com,2024-11-21,Olx fraud,https://www.reddit.com/r/Chandigarh/comments/1gwahsi/olx_fraud/,cyber fraud,General Cybercrime / Cyber Fraud Terms,General Cybercrime,NEAR-MISS,NARSS-00155.txt,State: Chandigarh | Author: u/Honest_Particular_56 | Score: 1 | Reddit ID: 1gwahsi
10pwce4,NARSS-00156,2026-04-10,SOUBHIK SARKAR,Reddit r/Chandigarh,reddit.com,2023-01-31,Do you know about the cyber frauds in Chandigarh?,https://www.reddit.com/r/Chandigarh/comments/10pwce4/do_you_know_about_the_cyber_frauds_in_chandigarh/,cyber fraud,General Cybercrime / Cyber Fraud Terms,General Cybercrime,THIRD-PARTY,NARSS-00156.txt,State: Chandigarh | Author: u/CityWooferBlog | Score: 5 | Reddit ID: 10pwce4
sgxlne,NARSS-00157,2026-04-10,SOUBHIK SARKAR,Reddit r/Chandigarh,reddit.com,2022-01-31,Credit Card fraud,https://www.reddit.com/r/Chandigarh/comments/sgxlne/credit_card_fraud/,cyber fraud,General Cybercrime / Cyber Fraud Terms,General Cybercrime,THIRD-PARTY,NARSS-00157.txt,State: Chandigarh | Author: u/Vipin269120 | Score: 13 | Reddit ID: sgxlne
1kalr7u,NARSS-00158,2026-04-10,SOUBHIK SARKAR,Reddit r/Chandigarh,reddit.com,2025-04-29,Broker Pretended to Be Landlord’s Relative - Kharar Rental Scam,https://www.reddit.com/r/Chandigarh/comments/1kalr7u/broker_pretended_to_be_landlords_relative_kharar/,online fraud,General Cybercrime / Cyber Fraud Terms,General Cybercrime,THIRD-PARTY,NARSS-00158.txt,State: Chandigarh | Author: u/MeNorthernPanda | Score: 1 | Reddit ID: 1kalr7u
16iboo9,NARSS-00159,2026-04-10,SOUBHIK SARKAR,Reddit r/Chandigarh,reddit.com,2023-09-14,"A possible scam was being perpetrated on r/chandigarh using the excuse of scientific advancement. If you are a reader interested in avoiding online scams / or an unfortunate victim of an online scam this is a book recommendation for you - ""Cyber Encounters-Cops Adventures with Online Criminals""",https://www.reddit.com/r/Chandigarh/comments/16iboo9/a_possible_scam_was_being_perpetrated_on/,cyber scam,General Cybercrime / Cyber Fraud Terms,Cyber Scam,THIRD-PARTY,NARSS-00159.txt,State: Chandigarh | Author: u/Maddragon0088 | Score: 1 | Reddit ID: 16iboo9
1kgqcbx,NARSS-00160,2026-04-10,SOUBHIK SARKAR,Reddit r/Chandigarh,reddit.com,2025-05-07,Genuinely Helping chandigarh folks: coz no student is aware about it (public awareness),https://www.reddit.com/r/Chandigarh/comments/1kgqcbx/genuinely_helping_chandigarh_folks_coz_no_student/,online scam,General Cybercrime / Cyber Fraud Terms,Cyber Scam,THIRD-PARTY,NARSS-00160.txt,State: Chandigarh | Author: u/GuluGulu420si | Score: 1 | Reddit ID: 1kgqcbx
1jcd6i8,NARSS-00161,2026-04-10,SOUBHIK SARKAR,Reddit r/Chandigarh,reddit.com,2025-03-16,Want to make easy 1000rs today?,https://www.reddit.com/r/Chandigarh/comments/1jcd6i8/want_to_make_easy_1000rs_today/,online scam,General Cybercrime / Cyber Fraud Terms,Cyber Scam,THIRD-PARTY,NARSS-00161.txt,State: Chandigarh | Author: u/brokedia | Score: 1 | Reddit ID: 1jcd6i8
1i3bsb3,NARSS-00162,2026-04-10,SOUBHIK SARKAR,Reddit r/Chandigarh,reddit.com,2025-01-17,Scam Alert ,https://www.reddit.com/r/Chandigarh/comments/1i3bsb3/scam_alert/,online scam,General Cybercrime / Cyber Fraud Terms,Cyber Scam,VICTIM,NARSS-00162.txt,State: Chandigarh | Author: u/mohitxp1 | Score: 1 | Reddit ID: 1i3bsb3
1giectu,NARSS-00163,2026-04-10,SOUBHIK SARKAR,Reddit r/Chandigarh,reddit.com,2024-11-03,HELP! - WhatsApp Stock Market Scam.,https://www.reddit.com/r/Chandigarh/comments/1giectu/help_whatsapp_stock_market_scam/,online scam,General Cybercrime / Cyber Fraud Terms,Cyber Scam,THIRD-PARTY,NARSS-00163.txt,State: Chandigarh | Author: u/SnooGoats2271 | Score: 1 | Reddit ID: 1giectu
1ge294x,NARSS-00164,2026-04-10,SOUBHIK SARKAR,Reddit r/Chandigarh,reddit.com,2024-10-28,Banger Carnival Offer ( Divine ),https://www.reddit.com/r/Chandigarh/comments/1ge294x/banger_carnival_offer_divine/,online scam,General Cybercrime / Cyber Fraud Terms,Cyber Scam,THIRD-PARTY,NARSS-00164.txt,State: Chandigarh | Author: u/Akshit_Chauhan | Score: 1 | Reddit ID: 1ge294x
1i3yyad,NARSS-00165,2026-04-10,SOUBHIK SARKAR,Reddit r/Chandigarh,reddit.com,2025-01-18,Is this a scam. What should I do now ,https://www.reddit.com/r/Chandigarh/comments/1i3yyad/is_this_a_scam_what_should_i_do_now/,internet scam,General Cybercrime / Cyber Fraud Terms,Cyber Scam,VICTIM,NARSS-00165.txt,State: Chandigarh | Author: u/TheIconic7 | Score: 1 | Reddit ID: 1i3yyad
1hb0ubo,NARSS-00166,2026-04-10,SOUBHIK SARKAR,Reddit r/Chandigarh,reddit.com,2024-12-10,🚨What is this kidney scam? Everyone here talking about? 🚨,https://www.reddit.com/r/Chandigarh/comments/1hb0ubo/what_is_this_kidney_scam_everyone_here_talking/,internet scam,General Cybercrime / Cyber Fraud Terms,Cyber Scam,THIRD-PARTY,NARSS-00166.txt,State: Chandigarh | Author: u/RevealInteresting831 | Score: 0 | Reddit ID: 1hb0ubo
1dabpl4,NARSS-00167,2026-04-10,SOUBHIK SARKAR,Reddit r/Chandigarh,reddit.com,2024-06-07,Help me find students in chandigarh!,https://www.reddit.com/r/Chandigarh/comments/1dabpl4/help_me_find_students_in_chandigarh/,internet scam,General Cybercrime / Cyber Fraud Terms,Cyber Scam,THIRD-PARTY,NARSS-00167.txt,State: Chandigarh | Author: u/Blackberry4021 | Score: 1 | Reddit ID: 1dabpl4
17ofdn9,NARSS-00168,2026-04-10,SOUBHIK SARKAR,Reddit r/Chandigarh,reddit.com,2023-11-05,New account being made by *apist hindutva IT cel and trolls to larp fake stories and spread disinformation on these subs to harras minority sikhs punjabs/punjabis holy sites just like it happens in real life,https://www.reddit.com/r/Chandigarh/comments/17ofdn9/new_account_being_made_by_apist_hindutva_it_cel/,internet scam,General Cybercrime / Cyber Fraud Terms,Cyber Scam,THIRD-PARTY,NARSS-00168.txt,State: Chandigarh | Author: u/khalistanPANJAaB | Score: 1 | Reddit ID: 17ofdn9
l56btt,NARSS-00169,2026-04-10,SOUBHIK SARKAR,Reddit r/Chandigarh,reddit.com,2021-01-26,"STOP paying ""study abroad"" agents for going to Canada, or anywhere. Use digital products and common sense.",https://www.reddit.com/r/Chandigarh/comments/l56btt/stop_paying_study_abroad_agents_for_going_to/,internet scam,General Cybercrime / Cyber Fraud Terms,Cyber Scam,THIRD-PARTY,NARSS-00169.txt,State: Chandigarh | Author: u/dankinison | Score: 45 | Reddit ID: l56btt
1hdz50p,NARSS-00170,2026-04-10,SOUBHIK SARKAR,Reddit r/Chandigarh,reddit.com,2024-12-14,Beware of Potential Fundraising Fraud: A User's Suspicious Activity Exposed,https://www.reddit.com/r/Chandigarh/comments/1hdz50p/beware_of_potential_fundraising_fraud_a_users/,UPI fraud,UPI and Digital Payment Fraud,UPI Fraud,NEAR-MISS,NARSS-00170.txt,State: Chandigarh | Author: u/Objective_Trifle240 | Score: 1 | Reddit ID: 1hdz50p
1bi1fga,NARSS-00171,2026-04-10,SOUBHIK SARKAR,Reddit r/Chandigarh,reddit.com,2024-03-19,Vrindavan Restored my Faith in Humanity! (Trip Update) ,https://www.reddit.com/r/Chandigarh/comments/1bi1fga/vrindavan_restored_my_faith_in_humanity_trip/,UPI scam,UPI and Digital Payment Fraud,UPI Fraud,VICTIM,NARSS-00171.txt,State: Chandigarh | Author: u/Ok-Obligation-8731 | Score: 1 | Reddit ID: 1bi1fga
10nbwkx,NARSS-00172,2026-04-10,SOUBHIK SARKAR,Reddit r/Chandigarh,reddit.com,2023-01-28,A Little Incident,https://www.reddit.com/r/Chandigarh/comments/10nbwkx/a_little_incident/,UPI scam,UPI and Digital Payment Fraud,UPI Fraud,THIRD-PARTY,NARSS-00172.txt,State: Chandigarh | Author: u/Accomplished-Win8291 | Score: 16 | Reddit ID: 10nbwkx
1e58mpe,NARSS-00173,2026-04-10,SOUBHIK SARKAR,Reddit r/Chandigarh,reddit.com,2024-07-17,IndiaRamblerTour the worst travel agency ,https://www.reddit.com/r/Chandigarh/comments/1e58mpe/indiaramblertour_the_worst_travel_agency/,Google Pay fraud,UPI and Digital Payment Fraud,UPI Fraud,NEAR-MISS,NARSS-00173.txt,State: Chandigarh | Author: u/PerspectiveStreet961 | Score: 1 | Reddit ID: 1e58mpe
1bpm1g6,NARSS-00174,2026-04-10,SOUBHIK SARKAR,Reddit r/Chandigarh,reddit.com,2024-03-28,Be cautious before booking your travel expedition ,https://www.reddit.com/r/Chandigarh/comments/1bpm1g6/be_cautious_before_booking_your_travel_expedition/,Google Pay fraud,UPI and Digital Payment Fraud,UPI Fraud,NEAR-MISS,NARSS-00174.txt,State: Chandigarh | Author: u/PerspectiveStreet961 | Score: 1 | Reddit ID: 1bpm1g6
1b7oh0m,NARSS-00175,2026-04-10,SOUBHIK SARKAR,Reddit r/Chandigarh,reddit.com,2024-03-06,Don't book from India rambler tour ,https://www.reddit.com/r/Chandigarh/comments/1b7oh0m/dont_book_from_india_rambler_tour/,Google Pay fraud,UPI and Digital Payment Fraud,UPI Fraud,NEAR-MISS,NARSS-00175.txt,State: Chandigarh | Author: u/PerspectiveStreet961 | Score: 1 | Reddit ID: 1b7oh0m
15wdmcl,NARSS-00176,2026-04-10,SOUBHIK SARKAR,Reddit r/Chandigarh,reddit.com,2023-08-20,Paytm fraud,https://www.reddit.com/r/Chandigarh/comments/15wdmcl/paytm_fraud/,Paytm fraud,UPI and Digital Payment Fraud,UPI Fraud,THIRD-PARTY,NARSS-00176.txt,State: Chandigarh | Author: u/itsmeshrishti | Score: 1 | Reddit ID: 15wdmcl
1c3kuxf,NARSS-00177,2026-04-10,SOUBHIK SARKAR,Reddit r/Chandigarh,reddit.com,2024-04-14,Horrible Experience at Mullanpur Stadium yesterday,https://www.reddit.com/r/Chandigarh/comments/1c3kuxf/horrible_experience_at_mullanpur_stadium_yesterday/,QR code scam,UPI and Digital Payment Fraud,QR Code Fraud,THIRD-PARTY,NARSS-00177.txt,State: Chandigarh | Author: u/kaito__kido | Score: 1 | Reddit ID: 1c3kuxf
196nc6b,NARSS-00178,2026-04-10,SOUBHIK SARKAR,Reddit r/Chandigarh,reddit.com,2024-01-15,OLX SCAM ALERT,https://www.reddit.com/r/Chandigarh/comments/196nc6b/olx_scam_alert/,QR code scam,UPI and Digital Payment Fraud,QR Code Fraud,THIRD-PARTY,NARSS-00178.txt,State: Chandigarh | Author: u/External_Formal6395 | Score: 16 | Reddit ID: 196nc6b
1k3kuq0,NARSS-00179,2026-04-10,SOUBHIK SARKAR,Reddit r/Chandigarh,reddit.com,2025-04-20,Mohali Real Estate Bubble? Here's What You're Not Being Told,https://www.reddit.com/r/Chandigarh/comments/1k3kuq0/mohali_real_estate_bubble_heres_what_youre_not/,e-wallet scam,UPI and Digital Payment Fraud,Mobile Wallet Fraud,THIRD-PARTY,NARSS-00179.txt,State: Chandigarh | Author: u/liveecas | Score: 1 | Reddit ID: 1k3kuq0
1gu237w,NARSS-00180,2026-04-10,SOUBHIK SARKAR,Reddit r/Chandigarh,reddit.com,2024-11-18,Since AQI is a problem ,https://www.reddit.com/r/Chandigarh/comments/1gu237w/since_aqi_is_a_problem/,e-wallet scam,UPI and Digital Payment Fraud,Mobile Wallet Fraud,THIRD-PARTY,NARSS-00180.txt,State: Chandigarh | Author: u/PositiveFun8654 | Score: 1 | Reddit ID: 1gu237w
1e7qe21,NARSS-00181,2026-04-10,SOUBHIK SARKAR,Reddit r/Chandigarh,reddit.com,2024-07-20,Broker not returning money,https://www.reddit.com/r/Chandigarh/comments/1e7qe21/broker_not_returning_money/,e-wallet scam,UPI and Digital Payment Fraud,Mobile Wallet Fraud,THIRD-PARTY,NARSS-00181.txt,State: Chandigarh | Author: u/Bhindi12rupaykilo | Score: 1 | Reddit ID: 1e7qe21
1hgbgs3,NARSS-00182,2026-04-10,SOUBHIK SARKAR,Reddit r/Chandigarh,reddit.com,2024-12-17,Blinkit scam!!!,https://www.reddit.com/r/Chandigarh/comments/1hgbgs3/blinkit_scam/,OTP scam,OTP and Authentication Fraud,OTP Fraud,THIRD-PARTY,NARSS-00182.txt,State: Chandigarh | Author: u/cs21-10 | Score: 1 | Reddit ID: 1hgbgs3
1f0nmkv,NARSS-00183,2026-04-10,SOUBHIK SARKAR,Reddit r/Chandigarh,reddit.com,2024-08-25,Possible Scam: Need Opinions,https://www.reddit.com/r/Chandigarh/comments/1f0nmkv/possible_scam_need_opinions/,KYC scam,OTP and Authentication Fraud,KYC Fraud,NEAR-MISS,NARSS-00183.txt,State: Chandigarh | Author: u/nizhxnt | Score: 1 | Reddit ID: 1f0nmkv
1jo3zxu,NARSS-00184,2026-04-10,SOUBHIK SARKAR,Reddit r/Chandigarh,reddit.com,2025-03-31,"This is how I scammed the scammer, but Unknowingly.",https://www.reddit.com/r/Chandigarh/comments/1jo3zxu/this_is_how_i_scammed_the_scammer_but_unknowingly/,digital arrest,Digital Arrest Scam,Digital Arrest,VICTIM,NARSS-00184.txt,State: Chandigarh | Author: u/Head_Ad_8104 | Score: 1 | Reddit ID: 1jo3zxu
1hpm37u,NARSS-00185,2026-04-10,SOUBHIK SARKAR,Reddit r/Chandigarh,reddit.com,2024-12-30,Growing Social Media influence and its adverse effects. (For Girls and Women out there),https://www.reddit.com/r/Chandigarh/comments/1hpm37u/growing_social_media_influence_and_its_adverse/,video call arrest,Digital Arrest Scam,Digital Arrest,NEAR-MISS,NARSS-00185.txt,State: Chandigarh | Author: u/Pure_Definition_7372 | Score: 1 | Reddit ID: 1hpm37u
xhos3e,NARSS-00186,2026-04-10,SOUBHIK SARKAR,Reddit r/Chandigarh,reddit.com,2022-09-19,Can anyone from CU tell what actually happened?,https://www.reddit.com/r/Chandigarh/comments/xhos3e/can_anyone_from_cu_tell_what_actually_happened/,video call arrest,Digital Arrest Scam,Digital Arrest,THIRD-PARTY,NARSS-00186.txt,State: Chandigarh | Author: u/pisslickerr | Score: 2 | Reddit ID: xhos3e
1d4c63a,NARSS-00187,2026-04-10,SOUBHIK SARKAR,Reddit r/Chandigarh,reddit.com,2024-05-31,Cafe/ Lounge scam,https://www.reddit.com/r/Chandigarh/comments/1d4c63a/cafe_lounge_scam/,video call scam,Digital Arrest Scam,Video Call Coercion,NEAR-MISS,NARSS-00187.txt,State: Chandigarh | Author: u/minibot98 | Score: 1 | Reddit ID: 1d4c63a
1ki7z7v,NARSS-00188,2026-04-10,SOUBHIK SARKAR,Reddit r/Chandigarh,reddit.com,2025-05-09,Let's Protect our national online,https://www.reddit.com/r/Chandigarh/comments/1ki7z7v/lets_protect_our_national_online/,phishing,"Phishing, Vishing, and Smishing",Phishing,THIRD-PARTY,NARSS-00188.txt,State: Chandigarh | Author: u/Significant-Worth126 | Score: 1 | Reddit ID: 1ki7z7v
p8lrq5,NARSS-00189,2026-04-10,SOUBHIK SARKAR,Reddit r/Chandigarh,reddit.com,2021-08-21,Protect yourself from email phishing.,https://www.reddit.com/r/Chandigarh/comments/p8lrq5/protect_yourself_from_email_phishing/,phishing,"Phishing, Vishing, and Smishing",Phishing,THIRD-PARTY,NARSS-00189.txt,State: Chandigarh | Author: u/jatak007 | Score: 1 | Reddit ID: p8lrq5
1ij0kix,NARSS-00190,2026-04-10,SOUBHIK SARKAR,Reddit r/Chandigarh,reddit.com,2025-02-06,Airpods scam in Zirakpur,https://www.reddit.com/r/Chandigarh/comments/1ij0kix/airpods_scam_in_zirakpur/,fake website,"Phishing, Vishing, and Smishing",Phishing,THIRD-PARTY,NARSS-00190.txt,State: Chandigarh | Author: u/Individual_Wolf_8095 | Score: 13 | Reddit ID: 1ij0kix
1d8mszj,NARSS-00191,2026-04-10,SOUBHIK SARKAR,Reddit r/Chandigarh,reddit.com,2024-06-05,New Scam going around,https://www.reddit.com/r/Chandigarh/comments/1d8mszj/new_scam_going_around/,fake website,"Phishing, Vishing, and Smishing",Phishing,NEAR-MISS,NARSS-00191.txt,State: Chandigarh | Author: u/Friker69 | Score: 1 | Reddit ID: 1d8mszj
1jn6hq7,NARSS-00192,2026-04-10,SOUBHIK SARKAR,Reddit r/Chandigarh,reddit.com,2025-03-30,Thanking this sub from saving me from a potential fraud,https://www.reddit.com/r/Chandigarh/comments/1jn6hq7/thanking_this_sub_from_saving_me_from_a_potential/,fraud call,"Phishing, Vishing, and Smishing",Vishing,THIRD-PARTY,NARSS-00192.txt,State: Chandigarh | Author: u/girlslaying28 | Score: 1 | Reddit ID: 1jn6hq7
1jd8qb0,NARSS-00193,2026-04-10,SOUBHIK SARKAR,Reddit r/Chandigarh,reddit.com,2025-03-17,Beware of this fraud,https://www.reddit.com/r/Chandigarh/comments/1jd8qb0/beware_of_this_fraud/,fraud call,"Phishing, Vishing, and Smishing",Vishing,NEAR-MISS,NARSS-00193.txt,State: Chandigarh | Author: u/Accomplished_Ad7744 | Score: 1 | Reddit ID: 1jd8qb0
1gb3j2g,NARSS-00194,2026-04-10,SOUBHIK SARKAR,Reddit r/Chandigarh,reddit.com,2024-10-24,Opinion on chandigarh university?,https://www.reddit.com/r/Chandigarh/comments/1gb3j2g/opinion_on_chandigarh_university/,fraud call,"Phishing, Vishing, and Smishing",Vishing,THIRD-PARTY,NARSS-00194.txt,State: Chandigarh | Author: u/brightlight771 | Score: 1 | Reddit ID: 1gb3j2g
1cv65oc,NARSS-00195,2026-04-10,SOUBHIK SARKAR,Reddit r/Chandigarh,reddit.com,2024-05-19,Please ,https://www.reddit.com/r/Chandigarh/comments/1cv65oc/please/,fraud call,"Phishing, Vishing, and Smishing",Vishing,THIRD-PARTY,NARSS-00195.txt,State: Chandigarh | Author: u/Icy-Aardvark-5937 | Score: 1 | Reddit ID: 1cv65oc
1axpxy3,NARSS-00196,2026-04-10,SOUBHIK SARKAR,Reddit r/Chandigarh,reddit.com,2024-02-23,8100540579 Scammer Alert,https://www.reddit.com/r/Chandigarh/comments/1axpxy3/8100540579_scammer_alert/,fraud call,"Phishing, Vishing, and Smishing",Vishing,NEAR-MISS,NARSS-00196.txt,State: Chandigarh | Author: u/sandythedreamer | Score: 1 | Reddit ID: 1axpxy3
17lvo9u,NARSS-00197,2026-04-10,SOUBHIK SARKAR,Reddit r/Chandigarh,reddit.com,2023-11-02,Job agency wants me to pay them 2K INR upfront,https://www.reddit.com/r/Chandigarh/comments/17lvo9u/job_agency_wants_me_to_pay_them_2k_inr_upfront/,fraud call,"Phishing, Vishing, and Smishing",Vishing,THIRD-PARTY,NARSS-00197.txt,State: Chandigarh | Author: u/ucme316 | Score: 1 | Reddit ID: 17lvo9u
umc6x8,NARSS-00198,2026-04-10,SOUBHIK SARKAR,Reddit r/Chandigarh,reddit.com,2022-05-10,"Reason for removal of my post highlighting scam call centre in Prosperity Square Mohali, Punjab.",https://www.reddit.com/r/Chandigarh/comments/umc6x8/reason_for_removal_of_my_post_highlighting_scam/,fraud call,"Phishing, Vishing, and Smishing",Vishing,THIRD-PARTY,NARSS-00198.txt,State: Chandigarh | Author: u/saigalsaksham | Score: 36 | Reddit ID: umc6x8
1h3bjk1,NARSS-00199,2026-04-10,SOUBHIK SARKAR,Reddit r/Chandigarh,reddit.com,2024-11-30,Chinese loan app blackmailing ,https://www.reddit.com/r/Chandigarh/comments/1h3bjk1/chinese_loan_app_blackmailing/,loan app blackmail,Online Lending and Loan App Fraud,Loan App Extortion,THIRD-PARTY,NARSS-00199.txt,State: Chandigarh | Author: u/Legitimate-Finish-66 | Score: 1 | Reddit ID: 1h3bjk1
1fwixri,NARSS-00200,2026-04-10,SOUBHIK SARKAR,Reddit r/Chandigarh,reddit.com,2024-10-05,Need Help,https://www.reddit.com/r/Chandigarh/comments/1fwixri/need_help/,loan app blackmail,Online Lending and Loan App Fraud,Loan App Extortion,THIRD-PARTY,NARSS-00200.txt,State: Chandigarh | Author: u/Negative_Fondant_231 | Score: 1 | Reddit ID: 1fwixri
1ko1grs,NARSS-00201,2026-04-10,SOUBHIK SARKAR,Reddit r/Chandigarh,reddit.com,2025-05-16,Smoke? Or something else,https://www.reddit.com/r/Chandigarh/comments/1ko1grs/smoke_or_something_else/,pump and dump,Investment and Trading Fraud,Stock Market Fraud,THIRD-PARTY,NARSS-00201.txt,State: Chandigarh | Author: u/anoopdhull | Score: 1 | Reddit ID: 1ko1grs
1jtf36u,NARSS-00202,2026-04-10,SOUBHIK SARKAR,Reddit r/Chandigarh,reddit.com,2025-04-07,"As a middle-class Chandigarhian, here’s how I keep wasting money on dumb things every month (and still pretend I’m budgeting)",https://www.reddit.com/r/Chandigarh/comments/1jtf36u/as_a_middleclass_chandigarhian_heres_how_i_keep/,data leak,Identity Theft and Data Breach,Data Breach,THIRD-PARTY,NARSS-00202.txt,State: Chandigarh | Author: u/Playful-Balance-3118 | Score: 1 | Reddit ID: 1jtf36u
1jdbyr2,NARSS-00203,2026-04-10,SOUBHIK SARKAR,Reddit r/Chandigarh,reddit.com,2025-03-17,(Scam Alert) Beware of fake donation collectors in Chandigarh &amp; Mohali near IT Parks &amp; public places,https://www.reddit.com/r/Chandigarh/comments/1jdbyr2/scam_alert_beware_of_fake_donation_collectors_in/,manipulation scam,Social Engineering and Romance/Sextortion,Social Engineering,NEAR-MISS,NARSS-00203.txt,State: Chandigarh | Author: u/ProfessionalGene4515 | Score: 1 | Reddit ID: 1jdbyr2
1kb9531,NARSS-00204,2026-04-10,SOUBHIK SARKAR,Reddit r/Chandigarh,reddit.com,2025-04-30,Beware of Army Impersonation Scams: My Close Call at Godrej Chowk,https://www.reddit.com/r/Chandigarh/comments/1kb9531/beware_of_army_impersonation_scams_my_close_call/,trust scam,Social Engineering and Romance/Sextortion,Social Engineering,NEAR-MISS,NARSS-00204.txt,State: Chandigarh | Author: u/Murky-Delay-1944 | Score: 1 | Reddit ID: 1kb9531
1k9v1l6,NARSS-00205,2026-04-10,SOUBHIK SARKAR,Reddit r/Chandigarh,reddit.com,2025-04-28,"Cab Fare From Airport to LPU, Phagwara",https://www.reddit.com/r/Chandigarh/comments/1k9v1l6/cab_fare_from_airport_to_lpu_phagwara/,trust scam,Social Engineering and Romance/Sextortion,Social Engineering,THIRD-PARTY,NARSS-00205.txt,State: Chandigarh | Author: u/Critical_Ad1220 | Score: 1 | Reddit ID: 1k9v1l6
1jxkabh,NARSS-00206,2026-04-10,SOUBHIK SARKAR,Reddit r/Chandigarh,reddit.com,2025-04-12,Scam in sec 15 petrol pump,https://www.reddit.com/r/Chandigarh/comments/1jxkabh/scam_in_sec_15_petrol_pump/,trust scam,Social Engineering and Romance/Sextortion,Social Engineering,NEAR-MISS,NARSS-00206.txt,State: Chandigarh | Author: u/Equivalent-Stage9057 | Score: 123 | Reddit ID: 1jxkabh
1cuf7pp,NARSS-00207,2026-04-10,SOUBHIK SARKAR,Reddit r/Chandigarh,reddit.com,2024-05-18,Read this ,https://www.reddit.com/r/Chandigarh/comments/1cuf7pp/read_this/,trust scam,Social Engineering and Romance/Sextortion,Social Engineering,THIRD-PARTY,NARSS-00207.txt,State: Chandigarh | Author: u/Professional_Age1823 | Score: 1 | Reddit ID: 1cuf7pp
178h4ef,NARSS-00208,2026-04-10,SOUBHIK SARKAR,Reddit r/Chandigarh,reddit.com,2023-10-15,Need help from Mohali people to escape from a PG scam,https://www.reddit.com/r/Chandigarh/comments/178h4ef/need_help_from_mohali_people_to_escape_from_a_pg/,trust scam,Social Engineering and Romance/Sextortion,Social Engineering,THIRD-PARTY,NARSS-00208.txt,State: Chandigarh | Author: u/BinaryBiryani | Score: 1 | Reddit ID: 178h4ef
1ik1rvf,NARSS-00209,2026-04-10,SOUBHIK SARKAR,Reddit r/Chandigarh,reddit.com,2025-02-07,"Online Sextortion On Rise After Lockdown, Dehumanises &amp; Feeds On Victim's Shame: P&amp;H HC Rejects Bail To Woman Accused Of Blackmail",https://www.reddit.com/r/Chandigarh/comments/1ik1rvf/online_sextortion_on_rise_after_lockdown/,sextortion,Social Engineering and Romance/Sextortion,Sextortion,THIRD-PARTY,NARSS-00209.txt,State: Chandigarh | Author: u/[deleted] | Score: 16 | Reddit ID: 1ik1rvf
1ghqv2f,NARSS-00210,2026-04-10,SOUBHIK SARKAR,Reddit r/Chandigarh,reddit.com,2024-11-02,Fraud Broker &amp; Landlord ,https://www.reddit.com/r/Chandigarh/comments/1ghqv2f/fraud_broker_landlord/,refund scam,E-Commerce and Delivery Fraud,E-Commerce Fraud,THIRD-PARTY,NARSS-00210.txt,State: Chandigarh | Author: u/theshotscout | Score: 1 | Reddit ID: 1ghqv2f
1e5y6yu,NARSS-00211,2026-04-10,SOUBHIK SARKAR,Reddit r/Chandigarh,reddit.com,2024-07-18,Did I just get scammed on Uber?,https://www.reddit.com/r/Chandigarh/comments/1e5y6yu/did_i_just_get_scammed_on_uber/,refund scam,E-Commerce and Delivery Fraud,E-Commerce Fraud,THIRD-PARTY,NARSS-00211.txt,State: Chandigarh | Author: u/nuclear_man34 | Score: 1 | Reddit ID: 1e5y6yu
1dc0x0q,NARSS-00212,2026-04-10,SOUBHIK SARKAR,Reddit r/Chandigarh,reddit.com,2024-06-10,NEED HELP on how to proceed. SCAMMED by AMAZON DELIVERY AGENT. I made the cash payment on delivery. Opened the order after agent was gone. Wrong order. Called the delivery agent. He wouldnt pickup. Later he marked my order as rejected by user. Now i cant even make a complaint on amazon. I am fucked.,https://www.reddit.com/r/Chandigarh/comments/1dc0x0q/need_help_on_how_to_proceed_scammed_by_amazon/,refund scam,E-Commerce and Delivery Fraud,E-Commerce Fraud,THIRD-PARTY,NARSS-00212.txt,State: Chandigarh | Author: u/scamhogaya | Score: 1 | Reddit ID: 1dc0x0q
1ipvh71,NARSS-00213,2026-04-10,SOUBHIK SARKAR,Reddit r/Chandigarh,reddit.com,2025-02-15,Perfumes at Reasonable Prices!,https://www.reddit.com/r/Chandigarh/comments/1ipvh71/perfumes_at_reasonable_prices/,fake delivery,E-Commerce and Delivery Fraud,Delivery Fraud,THIRD-PARTY,NARSS-00213.txt,State: Chandigarh | Author: u/United-Half-9144 | Score: 1 | Reddit ID: 1ipvh71
o7g7xg,NARSS-00214,2026-04-10,SOUBHIK SARKAR,Reddit r/Chandigarh,reddit.com,2021-06-25,Bedi Hospital Chandigarh,https://www.reddit.com/r/Chandigarh/comments/o7g7xg/bedi_hospital_chandigarh/,fake delivery,E-Commerce and Delivery Fraud,Delivery Fraud,THIRD-PARTY,NARSS-00214.txt,State: Chandigarh | Author: u/rummygill1 | Score: 10 | Reddit ID: o7g7xg
1k4xs56,NARSS-00215,2026-04-10,SOUBHIK SARKAR,Reddit r/Chandigarh,reddit.com,2025-04-22,What’s with the slut-shaming of Himachali girls in Chandigarh? A genuine question.,https://www.reddit.com/r/Chandigarh/comments/1k4xs56/whats_with_the_slutshaming_of_himachali_girls_in/,online harassment,Emerging and Miscellaneous Fraud Types,Cyber Stalking,THIRD-PARTY,NARSS-00215.txt,State: Chandigarh | Author: u/shi-kari | Score: 1 | Reddit ID: 1k4xs56
1j2g7jw,NARSS-00216,2026-04-10,SOUBHIK SARKAR,Reddit r/Chandigarh,reddit.com,2025-03-03,"E-com site fined ₹18,000 for delaying Chandigarh resident’s refund.",https://www.reddit.com/r/Chandigarh/comments/1j2g7jw/ecom_site_fined_18000_for_delaying_chandigarh/,online harassment,Emerging and Miscellaneous Fraud Types,Cyber Stalking,NEAR-MISS,NARSS-00216.txt,State: Chandigarh | Author: u/Voxyacomplaintforum | Score: 6 | Reddit ID: 1j2g7jw
1dztz27,NARSS-00217,2026-04-10,SOUBHIK SARKAR,Reddit r/Chandigarh,reddit.com,2024-07-10,"Failure To Deliver Product, Process Refund Promptly, Chandigarh District Commission Holds Nykaa Liable",https://www.reddit.com/r/Chandigarh/comments/1dztz27/failure_to_deliver_product_process_refund/,online harassment,Emerging and Miscellaneous Fraud Types,Cyber Stalking,NEAR-MISS,NARSS-00217.txt,State: Chandigarh | Author: u/Voxyacomplaintforum | Score: 7 | Reddit ID: 1dztz27
173l8vx,NARSS-00218,2026-04-10,SOUBHIK SARKAR,Reddit r/Chandigarh,reddit.com,2023-10-09,Chandigarh Consumer Court Fines Dhabha For Charging 10 Times the Actual Bill - Lawtrend,https://www.reddit.com/r/Chandigarh/comments/173l8vx/chandigarh_consumer_court_fines_dhabha_for/,online harassment,Emerging and Miscellaneous Fraud Types,Cyber Stalking,THIRD-PARTY,NARSS-00218.txt,State: Chandigarh | Author: u/Voxyacomplaintforum | Score: 1 | Reddit ID: 173l8vx
17sa3t3,NARSS-00219,2026-04-10,SOUBHIK SARKAR,Reddit r/Chhattisgarh,reddit.com,2023-11-10,Shubham Soni will go to jail?,https://www.reddit.com/r/Chhattisgarh/comments/17sa3t3/shubham_soni_will_go_to_jail/,online fraud,General Cybercrime / Cyber Fraud Terms,General Cybercrime,THIRD-PARTY,NARSS-00219.txt,State: Chhattisgarh | Author: u/DemiTheX | Score: 1 | Reddit ID: 17sa3t3
18afmmt,NARSS-00220,2026-04-10,SOUBHIK SARKAR,Reddit r/Chhattisgarh,reddit.com,2023-12-04,Fraud people trying to scam me on OLX,https://www.reddit.com/r/Chhattisgarh/comments/18afmmt/fraud_people_trying_to_scam_me_on_olx/,online scam,General Cybercrime / Cyber Fraud Terms,Cyber Scam,VICTIM,NARSS-00220.txt,State: Chhattisgarh | Author: u/Fun_North_5398 | Score: 1 | Reddit ID: 18afmmt
1gemh17,NARSS-00221,2026-04-10,SOUBHIK SARKAR,Reddit r/Chhattisgarh,reddit.com,2024-10-29,DURG DOESN'T REALLY EXIST !! HERE'S THE TRUTH,https://www.reddit.com/r/Chhattisgarh/comments/1gemh17/durg_doesnt_really_exist_heres_the_truth/,internet scam,General Cybercrime / Cyber Fraud Terms,Cyber Scam,THIRD-PARTY,NARSS-00221.txt,State: Chhattisgarh | Author: u/Suspicious-Row5831 | Score: 1 | Reddit ID: 1gemh17
1k1eapk,NARSS-00222,2026-04-10,SOUBHIK SARKAR,Reddit r/Delhi,reddit.com,2025-04-17,My sister was scammed out of ₹75K by someone posing as a family member needing urgent medical funds. I have the scammer's real phone number to which the UPI transaction was made.,https://www.reddit.com/r/delhi/comments/1k1eapk/my_sister_was_scammed_out_of_75k_by_someone/,cyber crime,General Cybercrime / Cyber Fraud Terms,General Cybercrime,THIRD-PARTY,NARSS-00222.txt,State: Delhi | Author: u/KomaramB | Score: 1 | Reddit ID: 1k1eapk
1jw7ldq,NARSS-00223,2026-04-10,SOUBHIK SARKAR,Reddit r/Delhi,reddit.com,2025-04-11,I got scammed of 1.4L by Rohit Sugatekar based in Mumbai - Sharda Uni alumni,https://www.reddit.com/r/delhi/comments/1jw7ldq/i_got_scammed_of_14l_by_rohit_sugatekar_based_in/,cyber crime,General Cybercrime / Cyber Fraud Terms,General Cybercrime,THIRD-PARTY,NARSS-00223.txt,State: Delhi | Author: u/Primary_Category_127 | Score: 1 | Reddit ID: 1jw7ldq
1ju49z5,NARSS-00224,2026-04-10,SOUBHIK SARKAR,Reddit r/Delhi,reddit.com,2025-04-08,Ration date scam with me yesterday,https://www.reddit.com/r/delhi/comments/1ju49z5/ration_date_scam_with_me_yesterday/,cyber crime,General Cybercrime / Cyber Fraud Terms,General Cybercrime,THIRD-PARTY,NARSS-00224.txt,State: Delhi | Author: u/[deleted] | Score: 1 | Reddit ID: 1ju49z5
1jn00h4,NARSS-00225,2026-04-10,SOUBHIK SARKAR,Reddit r/Delhi,reddit.com,2025-03-30,Karnataka Cyber Fraud Suicide: Could This Happen to Delhi's Elderly?,https://www.reddit.com/r/delhi/comments/1jn00h4/karnataka_cyber_fraud_suicide_could_this_happen/,cyber crime,General Cybercrime / Cyber Fraud Terms,General Cybercrime,THIRD-PARTY,NARSS-00225.txt,State: Delhi | Author: u/SquaredAndRooted | Score: 1 | Reddit ID: 1jn00h4
1jexd3g,NARSS-00226,2026-04-10,SOUBHIK SARKAR,Reddit r/Delhi,reddit.com,2025-03-19,Got scammed by a million followers influencer!!,https://www.reddit.com/r/delhi/comments/1jexd3g/got_scammed_by_a_million_followers_influencer/,cyber crime,General Cybercrime / Cyber Fraud Terms,General Cybercrime,THIRD-PARTY,NARSS-00226.txt,State: Delhi | Author: u/Soulgirlamy | Score: 2 | Reddit ID: 1jexd3g
1j5ca7o,NARSS-00227,2026-04-10,SOUBHIK SARKAR,Reddit r/Delhi,reddit.com,2025-03-07,Cyber crime dept. SCAM or NOT?,https://www.reddit.com/r/delhi/comments/1j5ca7o/cyber_crime_dept_scam_or_not/,cyber crime,General Cybercrime / Cyber Fraud Terms,General Cybercrime,THIRD-PARTY,NARSS-00227.txt,State: Delhi | Author: u/Few-Calligrapher8892 | Score: 1 | Reddit ID: 1j5ca7o
1ive4gn,NARSS-00228,2026-04-10,SOUBHIK SARKAR,Reddit r/Delhi,reddit.com,2025-02-22,How to withdraw a complaint filed in Cyber Crime Portal,https://www.reddit.com/r/delhi/comments/1ive4gn/how_to_withdraw_a_complaint_filed_in_cyber_crime/,cyber crime,General Cybercrime / Cyber Fraud Terms,General Cybercrime,THIRD-PARTY,NARSS-00228.txt,State: Delhi | Author: u/Fluffy_Elderberry219 | Score: 1 | Reddit ID: 1ive4gn
1iva35g,NARSS-00229,2026-04-10,SOUBHIK SARKAR,Reddit r/Delhi,reddit.com,2025-02-22,I’m so stupid and I’m so pissed,https://www.reddit.com/r/delhi/comments/1iva35g/im_so_stupid_and_im_so_pissed/,cyber crime,General Cybercrime / Cyber Fraud Terms,General Cybercrime,VICTIM,NARSS-00229.txt,State: Delhi | Author: u/Buttbuttchin | Score: 1 | Reddit ID: 1iva35g
1is4p3o,NARSS-00230,2026-04-10,SOUBHIK SARKAR,Reddit r/Delhi,reddit.com,2025-02-18,﻿Professionals in “ Delhi“  Community should have little knowledge about Cyber Crime Attack methods to prevent them been a Victim of Fund Loss,https://www.reddit.com/r/delhi/comments/1is4p3o/professionals_in_delhi_community_should_have/,cyber crime,General Cybercrime / Cyber Fraud Terms,General Cybercrime,THIRD-PARTY,NARSS-00230.txt,State: Delhi | Author: u/Christinecall25 | Score: 1 | Reddit ID: 1is4p3o
1hph44b,NARSS-00231,2026-04-10,SOUBHIK SARKAR,Reddit r/Delhi,reddit.com,2024-12-30,What qualities should one look for when choosing the best cyber crime lawyer in India to handle complex digital cases?,https://www.reddit.com/r/delhi/comments/1hph44b/what_qualities_should_one_look_for_when_choosing/,cyber crime,General Cybercrime / Cyber Fraud Terms,General Cybercrime,THIRD-PARTY,NARSS-00231.txt,State: Delhi | Author: u/advocatedeepak | Score: 1 | Reddit ID: 1hph44b
1hmix3q,NARSS-00232,2026-04-10,SOUBHIK SARKAR,Reddit r/Delhi,reddit.com,2024-12-26,"What are the primary legal remedies available to victims of cyber crime in India, and how can they be effectively utilized to ensure justice?",https://www.reddit.com/r/delhi/comments/1hmix3q/what_are_the_primary_legal_remedies_available_to/,cyber crime,General Cybercrime / Cyber Fraud Terms,General Cybercrime,THIRD-PARTY,NARSS-00232.txt,State: Delhi | Author: u/advocatedeepak | Score: 1 | Reddit ID: 1hmix3q
1hlanz2,NARSS-00233,2026-04-10,SOUBHIK SARKAR,Reddit r/Delhi,reddit.com,2024-12-24,Fake cyber crime emails,https://www.reddit.com/r/delhi/comments/1hlanz2/fake_cyber_crime_emails/,cyber crime,General Cybercrime / Cyber Fraud Terms,General Cybercrime,THIRD-PARTY,NARSS-00233.txt,State: Delhi | Author: u/maddyiipm | Score: 1 | Reddit ID: 1hlanz2
1hl8doz,NARSS-00234,2026-04-10,SOUBHIK SARKAR,Reddit r/Delhi,reddit.com,2024-12-24,"What qualities and expertise make Advocate Deepak the best cyber crime lawyer in Ghaziabad for handling complex digital crime cases?
",https://www.reddit.com/r/delhi/comments/1hl8doz/what_qualities_and_expertise_make_advocate_deepak/,cyber crime,General Cybercrime / Cyber Fraud Terms,General Cybercrime,THIRD-PARTY,NARSS-00234.txt,State: Delhi | Author: u/advocatedeepak | Score: 1 | Reddit ID: 1hl8doz
1hj4jcw,NARSS-00235,2026-04-10,SOUBHIK SARKAR,Reddit r/Delhi,reddit.com,2024-12-21,What qualities and expertise make Advocate Deepak stand out as the best cyber crime lawyer in Delhi for handling complex digital cases?,https://www.reddit.com/r/delhi/comments/1hj4jcw/what_qualities_and_expertise_make_advocate_deepak/,cyber crime,General Cybercrime / Cyber Fraud Terms,General Cybercrime,THIRD-PARTY,NARSS-00235.txt,State: Delhi | Author: u/advocatedeepak | Score: 1 | Reddit ID: 1hj4jcw
1hdxz7c,NARSS-00236,2026-04-10,SOUBHIK SARKAR,Reddit r/Delhi,reddit.com,2024-12-14,"What are the common types of cyber crimes committed by juveniles, and how does the legal system address such cases to ensure both accountability and rehabilitation?",https://www.reddit.com/r/delhi/comments/1hdxz7c/what_are_the_common_types_of_cyber_crimes/,cyber crime,General Cybercrime / Cyber Fraud Terms,General Cybercrime,THIRD-PARTY,NARSS-00236.txt,State: Delhi | Author: u/advocatedeepak | Score: 1 | Reddit ID: 1hdxz7c
1hdxaon,NARSS-00237,2026-04-10,SOUBHIK SARKAR,Reddit r/Delhi,reddit.com,2024-12-14,The cyber crime website is so bad,https://www.reddit.com/r/delhi/comments/1hdxaon/the_cyber_crime_website_is_so_bad/,cyber crime,General Cybercrime / Cyber Fraud Terms,General Cybercrime,THIRD-PARTY,NARSS-00237.txt,State: Delhi | Author: u/mikehawk005 | Score: 1 | Reddit ID: 1hdxaon
1h6an3i,NARSS-00238,2026-04-10,SOUBHIK SARKAR,Reddit r/Delhi,reddit.com,2024-12-04,"What are the legal remedies available to a victim of cyberbullying under Indian laws, and how can a cyber crime lawyer assist in pursuing these remedies?",https://www.reddit.com/r/delhi/comments/1h6an3i/what_are_the_legal_remedies_available_to_a_victim/,cyber crime,General Cybercrime / Cyber Fraud Terms,General Cybercrime,THIRD-PARTY,NARSS-00238.txt,State: Delhi | Author: u/advocatedeepak | Score: 1 | Reddit ID: 1h6an3i
1h1khos,NARSS-00239,2026-04-10,SOUBHIK SARKAR,Reddit r/Delhi,reddit.com,2024-11-28,Beware of FB Marketplace and don’t pay upfront,https://www.reddit.com/r/delhi/comments/1h1khos/beware_of_fb_marketplace_and_dont_pay_upfront/,cyber crime,General Cybercrime / Cyber Fraud Terms,General Cybercrime,VICTIM,NARSS-00239.txt,State: Delhi | Author: u/Jeenekhainchardin | Score: 1 | Reddit ID: 1h1khos
1gzf4ik,NARSS-00240,2026-04-10,SOUBHIK SARKAR,Reddit r/Delhi,reddit.com,2024-11-25,"What are the primary legal remedies available under Indian law for victims of cyber crime, and how can they seek recourse through the Information Technology Act, 2000?",https://www.reddit.com/r/delhi/comments/1gzf4ik/what_are_the_primary_legal_remedies_available/,cyber crime,General Cybercrime / Cyber Fraud Terms,General Cybercrime,THIRD-PARTY,NARSS-00240.txt,State: Delhi | Author: u/advocatedeepak | Score: 1 | Reddit ID: 1gzf4ik
1gxumul,NARSS-00241,2026-04-10,SOUBHIK SARKAR,Reddit r/Delhi,reddit.com,2024-11-23,"What are the key legal remedies available under Indian law for individuals who have been victims of cyber crimes such as hacking, identity theft, or online harassment?
",https://www.reddit.com/r/delhi/comments/1gxumul/what_are_the_key_legal_remedies_available_under/,cyber crime,General Cybercrime / Cyber Fraud Terms,General Cybercrime,THIRD-PARTY,NARSS-00241.txt,State: Delhi | Author: u/advocatedeepak | Score: 1 | Reddit ID: 1gxumul
1gx2864,NARSS-00242,2026-04-10,SOUBHIK SARKAR,Reddit r/Delhi,reddit.com,2024-11-22,"What are the common types of cyber crime cases reported in Noida, and how can individuals protect themselves from falling victim to such crimes?
",https://www.reddit.com/r/delhi/comments/1gx2864/what_are_the_common_types_of_cyber_crime_cases/,cyber crime,General Cybercrime / Cyber Fraud Terms,General Cybercrime,THIRD-PARTY,NARSS-00242.txt,State: Delhi | Author: u/advocatedeepak | Score: 1 | Reddit ID: 1gx2864
1gtzzp8,NARSS-00243,2026-04-10,SOUBHIK SARKAR,Reddit r/Delhi,reddit.com,2024-11-18,"What role does a bail lawyer play in securing bail for individuals accused in cyber crime cases, and how do they address the legal complexities of digital evidence?
",https://www.reddit.com/r/delhi/comments/1gtzzp8/what_role_does_a_bail_lawyer_play_in_securing/,cyber crime,General Cybercrime / Cyber Fraud Terms,General Cybercrime,THIRD-PARTY,NARSS-00243.txt,State: Delhi | Author: u/advocatedeepak | Score: 1 | Reddit ID: 1gtzzp8
1grpw1n,NARSS-00244,2026-04-10,SOUBHIK SARKAR,Reddit r/Delhi,reddit.com,2024-11-15,"How does a bail lawyer specializing in cyber crime cases in Noida help clients understand the legal process and requirements for securing bail in digital-related offenses?
",https://www.reddit.com/r/delhi/comments/1grpw1n/how_does_a_bail_lawyer_specializing_in_cyber/,cyber crime,General Cybercrime / Cyber Fraud Terms,General Cybercrime,THIRD-PARTY,NARSS-00244.txt,State: Delhi | Author: u/advocatedeepak | Score: 1 | Reddit ID: 1grpw1n
1gmbr90,NARSS-00245,2026-04-10,SOUBHIK SARKAR,Reddit r/Delhi,reddit.com,2024-11-08,"What are the key qualifications and experience a top cyber crime lawyer in Ahmedabad should possess to handle complex cyber crime cases involving data breaches and hacking incidents?
",https://www.reddit.com/r/delhi/comments/1gmbr90/what_are_the_key_qualifications_and_experience_a/,cyber crime,General Cybercrime / Cyber Fraud Terms,General Cybercrime,THIRD-PARTY,NARSS-00245.txt,State: Delhi | Author: u/advocatedeepak | Score: 1 | Reddit ID: 1gmbr90
1glllm5,NARSS-00246,2026-04-10,SOUBHIK SARKAR,Reddit r/Delhi,reddit.com,2024-11-07,What qualities and expertise make Advocate Deepak stand out as the best cyber crime lawyer in Noida for handling complex digital fraud cases?,https://www.reddit.com/r/delhi/comments/1glllm5/what_qualities_and_expertise_make_advocate_deepak/,cyber crime,General Cybercrime / Cyber Fraud Terms,General Cybercrime,THIRD-PARTY,NARSS-00246.txt,State: Delhi | Author: u/advocatedeepak | Score: 1 | Reddit ID: 1glllm5
1gl4cn6,NARSS-00247,2026-04-10,SOUBHIK SARKAR,Reddit r/Delhi,reddit.com,2024-11-06,Can someone tell me is my phone or sim is hacked?,https://www.reddit.com/r/delhi/comments/1gl4cn6/can_someone_tell_me_is_my_phone_or_sim_is_hacked/,cyber crime,General Cybercrime / Cyber Fraud Terms,General Cybercrime,NEAR-MISS,NARSS-00247.txt,State: Delhi | Author: u/Whitenblue_wire | Score: 1 | Reddit ID: 1gl4cn6
1gktkwa,NARSS-00248,2026-04-10,SOUBHIK SARKAR,Reddit r/Delhi,reddit.com,2024-11-06,"What qualities should one look for in the best cyber crime lawyer in Ghaziabad to ensure effective handling of digital crime cases?
",https://www.reddit.com/r/delhi/comments/1gktkwa/what_qualities_should_one_look_for_in_the_best/,cyber crime,General Cybercrime / Cyber Fraud Terms,General Cybercrime,THIRD-PARTY,NARSS-00248.txt,State: Delhi | Author: u/advocatedeepak | Score: 1 | Reddit ID: 1gktkwa
1gk1pf0,NARSS-00249,2026-04-10,SOUBHIK SARKAR,Reddit r/Delhi,reddit.com,2024-11-05,What key qualities should I look for in an online cyber crime lawyer to ensure they have the expertise and experience to handle my case effectively?,https://www.reddit.com/r/delhi/comments/1gk1pf0/what_key_qualities_should_i_look_for_in_an_online/,cyber crime,General Cybercrime / Cyber Fraud Terms,General Cybercrime,THIRD-PARTY,NARSS-00249.txt,State: Delhi | Author: u/advocatedeepak | Score: 1 | Reddit ID: 1gk1pf0
1ghs0v6,NARSS-00250,2026-04-10,SOUBHIK SARKAR,Reddit r/Delhi,reddit.com,2024-11-02,How can a bail lawyer in a cyber crime case in Delhi help navigate the complexities of digital evidence to secure a timely bail for the accused?,https://www.reddit.com/r/delhi/comments/1ghs0v6/how_can_a_bail_lawyer_in_a_cyber_crime_case_in/,cyber crime,General Cybercrime / Cyber Fraud Terms,General Cybercrime,THIRD-PARTY,NARSS-00250.txt,State: Delhi | Author: u/advocatedeepak | Score: 1 | Reddit ID: 1ghs0v6
1gdwz4w,NARSS-00251,2026-04-10,SOUBHIK SARKAR,Reddit r/Delhi,reddit.com,2024-10-28,"What role does a bail lawyer in cyber crime cases in Noida play in securing timely bail for individuals accused of digital offenses, and how can they help navigate complex cyber laws?
",https://www.reddit.com/r/delhi/comments/1gdwz4w/what_role_does_a_bail_lawyer_in_cyber_crime_cases/,cyber crime,General Cybercrime / Cyber Fraud Terms,General Cybercrime,THIRD-PARTY,NARSS-00251.txt,State: Delhi | Author: u/advocatedeepak | Score: 1 | Reddit ID: 1gdwz4w
1gch4yr,NARSS-00252,2026-04-10,SOUBHIK SARKAR,Reddit r/Delhi,reddit.com,2024-10-26,"What qualities and expertise make a lawyer the best cyber crime lawyer in India for handling complex cases involving digital fraud and online harassment?
",https://www.reddit.com/r/delhi/comments/1gch4yr/what_qualities_and_expertise_make_a_lawyer_the/,cyber crime,General Cybercrime / Cyber Fraud Terms,General Cybercrime,THIRD-PARTY,NARSS-00252.txt,State: Delhi | Author: u/advocatedeepak | Score: 1 | Reddit ID: 1gch4yr
1gbjm5t,NARSS-00253,2026-04-10,SOUBHIK SARKAR,Reddit r/Delhi,reddit.com,2024-10-25,Beware of Fake FedEx and Mumbai Police Scam,https://www.reddit.com/r/delhi/comments/1gbjm5t/beware_of_fake_fedex_and_mumbai_police_scam/,cyber crime,General Cybercrime / Cyber Fraud Terms,General Cybercrime,VICTIM,NARSS-00253.txt,State: Delhi | Author: u/Conscious-Finding-81 | Score: 1 | Reddit ID: 1gbjm5t
1gaxle1,NARSS-00254,2026-04-10,SOUBHIK SARKAR,Reddit r/Delhi,reddit.com,2024-10-24,What qualities should one look for when choosing the best cyber crime lawyer in Ghaziabad to ensure effective representation in digital fraud or cyber harassment cases?,https://www.reddit.com/r/delhi/comments/1gaxle1/what_qualities_should_one_look_for_when_choosing/,cyber crime,General Cybercrime / Cyber Fraud Terms,General Cybercrime,THIRD-PARTY,NARSS-00254.txt,State: Delhi | Author: u/advocatedeepak | Score: 1 | Reddit ID: 1gaxle1
1ga500r,NARSS-00255,2026-04-10,SOUBHIK SARKAR,Reddit r/Delhi,reddit.com,2024-10-23,"What are the key legal services provided by a cyber crime lawyer in Noida, and how can they assist individuals facing online fraud or digital harassment cases?
",https://www.reddit.com/r/delhi/comments/1ga500r/what_are_the_key_legal_services_provided_by_a/,cyber crime,General Cybercrime / Cyber Fraud Terms,General Cybercrime,THIRD-PARTY,NARSS-00255.txt,State: Delhi | Author: u/advocatedeepak | Score: 1 | Reddit ID: 1ga500r
1g9dlqh,NARSS-00256,2026-04-10,SOUBHIK SARKAR,Reddit r/Delhi,reddit.com,2024-10-22,"What are the key services provided by a cyber crime lawyer in Delhi, and how do they assist clients in navigating complex digital laws?
",https://www.reddit.com/r/delhi/comments/1g9dlqh/what_are_the_key_services_provided_by_a_cyber/,cyber crime,General Cybercrime / Cyber Fraud Terms,General Cybercrime,THIRD-PARTY,NARSS-00256.txt,State: Delhi | Author: u/advocatedeepak | Score: 1 | Reddit ID: 1g9dlqh
1g9dfmr,NARSS-00257,2026-04-10,SOUBHIK SARKAR,Reddit r/Delhi,reddit.com,2024-10-22,What's inside the mind of a Troll? ,https://www.reddit.com/r/delhi/comments/1g9dfmr/whats_inside_the_mind_of_a_troll/,cyber crime,General Cybercrime / Cyber Fraud Terms,General Cybercrime,THIRD-PARTY,NARSS-00257.txt,State: Delhi | Author: u/Government-is-shit | Score: 1 | Reddit ID: 1g9dfmr
1g8kwyg,NARSS-00258,2026-04-10,SOUBHIK SARKAR,Reddit r/Delhi,reddit.com,2024-10-21,"What qualities should the best advocate for cyber crime online possess to effectively handle complex digital cases?
",https://www.reddit.com/r/delhi/comments/1g8kwyg/what_qualities_should_the_best_advocate_for_cyber/,cyber crime,General Cybercrime / Cyber Fraud Terms,General Cybercrime,THIRD-PARTY,NARSS-00258.txt,State: Delhi | Author: u/advocatedeepak | Score: 1 | Reddit ID: 1g8kwyg
1g7403h,NARSS-00259,2026-04-10,SOUBHIK SARKAR,Reddit r/Delhi,reddit.com,2024-10-19,"How can a cyber crime investigation lawyer in Mumbai assist in cases involving online fraud, identity theft, or data breaches?
",https://www.reddit.com/r/delhi/comments/1g7403h/how_can_a_cyber_crime_investigation_lawyer_in/,cyber crime,General Cybercrime / Cyber Fraud Terms,General Cybercrime,THIRD-PARTY,NARSS-00259.txt,State: Delhi | Author: u/advocatedeepak | Score: 1 | Reddit ID: 1g7403h
1g6nok3,NARSS-00260,2026-04-10,SOUBHIK SARKAR,Reddit r/Delhi,reddit.com,2024-10-18,Fraud call from cyber crime ,https://www.reddit.com/r/delhi/comments/1g6nok3/fraud_call_from_cyber_crime/,cyber crime,General Cybercrime / Cyber Fraud Terms,General Cybercrime,THIRD-PARTY,NARSS-00260.txt,State: Delhi | Author: u/[deleted] | Score: 1 | Reddit ID: 1g6nok3
1g6dhun,NARSS-00261,2026-04-10,SOUBHIK SARKAR,Reddit r/Delhi,reddit.com,2024-10-18,is this the new Scam? Need help,https://www.reddit.com/r/delhi/comments/1g6dhun/is_this_the_new_scam_need_help/,cyber crime,General Cybercrime / Cyber Fraud Terms,General Cybercrime,THIRD-PARTY,NARSS-00261.txt,State: Delhi | Author: u/ambitious0ne | Score: 1 | Reddit ID: 1g6dhun
1g42ha8,NARSS-00262,2026-04-10,SOUBHIK SARKAR,Reddit r/Delhi,reddit.com,2024-10-15,"How does a bail lawyer in cyber crime cases in Noida effectively navigate the complexities of digital evidence to secure bail for their clients?
",https://www.reddit.com/r/delhi/comments/1g42ha8/how_does_a_bail_lawyer_in_cyber_crime_cases_in/,cyber crime,General Cybercrime / Cyber Fraud Terms,General Cybercrime,THIRD-PARTY,NARSS-00262.txt,State: Delhi | Author: u/advocatedeepak | Score: 1 | Reddit ID: 1g42ha8
1g3b5nl,NARSS-00263,2026-04-10,SOUBHIK SARKAR,Reddit r/Delhi,reddit.com,2024-10-14,What specific legal expertise does a cyber crime investigation lawyer in Delhi offer to help individuals and businesses navigate the complexities of digital fraud and cyber security breaches?,https://www.reddit.com/r/delhi/comments/1g3b5nl/what_specific_legal_expertise_does_a_cyber_crime/,cyber crime,General Cybercrime / Cyber Fraud Terms,General Cybercrime,THIRD-PARTY,NARSS-00263.txt,State: Delhi | Author: u/advocatedeepak | Score: 1 | Reddit ID: 1g3b5nl
1g3b1iy,NARSS-00264,2026-04-10,SOUBHIK SARKAR,Reddit r/Delhi,reddit.com,2024-10-14,Cyber-crime victim here. Need some advice. ,https://www.reddit.com/r/delhi/comments/1g3b1iy/cybercrime_victim_here_need_some_advice/,cyber crime,General Cybercrime / Cyber Fraud Terms,General Cybercrime,THIRD-PARTY,NARSS-00264.txt,State: Delhi | Author: u/S_Magin | Score: 1 | Reddit ID: 1g3b1iy
1g1wg4n,NARSS-00265,2026-04-10,SOUBHIK SARKAR,Reddit r/Delhi,reddit.com,2024-10-12,"How does a cyber crime investigation lawyer in Noida help clients navigate the complexities of digital forensic evidence to strengthen their defense in cyber crime cases?
",https://www.reddit.com/r/delhi/comments/1g1wg4n/how_does_a_cyber_crime_investigation_lawyer_in/,cyber crime,General Cybercrime / Cyber Fraud Terms,General Cybercrime,THIRD-PARTY,NARSS-00265.txt,State: Delhi | Author: u/advocatedeepak | Score: 1 | Reddit ID: 1g1wg4n
1g15xfq,NARSS-00266,2026-04-10,SOUBHIK SARKAR,Reddit r/Delhi,reddit.com,2024-10-11,"What qualities should one look for in the best cyber crime lawyer in Ghaziabad to ensure effective legal representation in digital crime cases?
",https://www.reddit.com/r/delhi/comments/1g15xfq/what_qualities_should_one_look_for_in_the_best/,cyber crime,General Cybercrime / Cyber Fraud Terms,General Cybercrime,THIRD-PARTY,NARSS-00266.txt,State: Delhi | Author: u/advocatedeepak | Score: 1 | Reddit ID: 1g15xfq
1g0dz5r,NARSS-00267,2026-04-10,SOUBHIK SARKAR,Reddit r/Delhi,reddit.com,2024-10-10,"How can a cyber crime lawyer in Bangalore assist individuals and businesses in navigating legal complexities related to online fraud, data breaches, and cyber harassment?",https://www.reddit.com/r/delhi/comments/1g0dz5r/how_can_a_cyber_crime_lawyer_in_bangalore_assist/,cyber crime,General Cybercrime / Cyber Fraud Terms,General Cybercrime,THIRD-PARTY,NARSS-00267.txt,State: Delhi | Author: u/advocatedeepak | Score: 1 | Reddit ID: 1g0dz5r
1fzkohi,NARSS-00268,2026-04-10,SOUBHIK SARKAR,Reddit r/Delhi,reddit.com,2024-10-09,"What are the key legal strategies a bail lawyer in cyber crime cases in Noida can use to secure bail for the accused?
",https://www.reddit.com/r/delhi/comments/1fzkohi/what_are_the_key_legal_strategies_a_bail_lawyer/,cyber crime,General Cybercrime / Cyber Fraud Terms,General Cybercrime,THIRD-PARTY,NARSS-00268.txt,State: Delhi | Author: u/advocatedeepak | Score: 1 | Reddit ID: 1fzkohi
1fyvd9b,NARSS-00269,2026-04-10,SOUBHIK SARKAR,Reddit r/Delhi,reddit.com,2024-10-08,"What are the key legal services offered by a cyber crime lawyer in Ahmedabad, and how can they assist in cases involving online fraud and data breaches?",https://www.reddit.com/r/delhi/comments/1fyvd9b/what_are_the_key_legal_services_offered_by_a/,cyber crime,General Cybercrime / Cyber Fraud Terms,General Cybercrime,THIRD-PARTY,NARSS-00269.txt,State: Delhi | Author: u/advocatedeepak | Score: 1 | Reddit ID: 1fyvd9b
1fy2a2a,NARSS-00270,2026-04-10,SOUBHIK SARKAR,Reddit r/Delhi,reddit.com,2024-10-07,"What are the key legal strategies that a bail lawyer in a cyber crime case in India can employ to secure bail for the accused, particularly in cases involving serious offenses like hacking or data theft?
",https://www.reddit.com/r/delhi/comments/1fy2a2a/what_are_the_key_legal_strategies_that_a_bail/,cyber crime,General Cybercrime / Cyber Fraud Terms,General Cybercrime,THIRD-PARTY,NARSS-00270.txt,State: Delhi | Author: u/advocatedeepak | Score: 1 | Reddit ID: 1fy2a2a
1fubpas,NARSS-00271,2026-04-10,SOUBHIK SARKAR,Reddit r/Delhi,reddit.com,2024-10-02,"What qualities should one look for when choosing the best cyber crime lawyer in Ghaziabad, and how does Advocate Deepak stand out in this field?
",https://www.reddit.com/r/delhi/comments/1fubpas/what_qualities_should_one_look_for_when_choosing/,cyber crime,General Cybercrime / Cyber Fraud Terms,General Cybercrime,THIRD-PARTY,NARSS-00271.txt,State: Delhi | Author: u/advocatedeepak | Score: 1 | Reddit ID: 1fubpas
1fsqhgn,NARSS-00272,2026-04-10,SOUBHIK SARKAR,Reddit r/Delhi,reddit.com,2024-09-30,"How can a specialized bail lawyer in cyber crime cases in Noida, such as Advocate Deepak, assist in securing bail for individuals accused of cyber crimes, and what legal strategies are typically employed?
",https://www.reddit.com/r/delhi/comments/1fsqhgn/how_can_a_specialized_bail_lawyer_in_cyber_crime/,cyber crime,General Cybercrime / Cyber Fraud Terms,General Cybercrime,THIRD-PARTY,NARSS-00272.txt,State: Delhi | Author: u/advocatedeepak | Score: 1 | Reddit ID: 1fsqhgn
1fqje3y,NARSS-00273,2026-04-10,SOUBHIK SARKAR,Reddit r/Delhi,reddit.com,2024-09-27,"What sets Advocate Deepak apart as the best cyber crime lawyer in Noida when handling complex digital fraud and online harassment cases?
",https://www.reddit.com/r/delhi/comments/1fqje3y/what_sets_advocate_deepak_apart_as_the_best_cyber/,cyber crime,General Cybercrime / Cyber Fraud Terms,General Cybercrime,THIRD-PARTY,NARSS-00273.txt,State: Delhi | Author: u/advocatedeepak | Score: 1 | Reddit ID: 1fqje3y
1foyu5f,NARSS-00274,2026-04-10,SOUBHIK SARKAR,Reddit r/Delhi,reddit.com,2024-09-25,"What key qualities should one look for when choosing the best cyber crime lawyer in Ghaziabad, and how does Advocate Deepak stand out in handling complex cyber crime cases?",https://www.reddit.com/r/delhi/comments/1foyu5f/what_key_qualities_should_one_look_for_when/,cyber crime,General Cybercrime / Cyber Fraud Terms,General Cybercrime,THIRD-PARTY,NARSS-00274.txt,State: Delhi | Author: u/advocatedeepak | Score: 1 | Reddit ID: 1foyu5f
1fnfnc8,NARSS-00275,2026-04-10,SOUBHIK SARKAR,Reddit r/Delhi,reddit.com,2024-09-23,"What are the key qualifications and expertise to look for when choosing a cyber crime lawyer in Ahmedabad to handle complex digital fraud cases?
",https://www.reddit.com/r/delhi/comments/1fnfnc8/what_are_the_key_qualifications_and_expertise_to/,cyber crime,General Cybercrime / Cyber Fraud Terms,General Cybercrime,THIRD-PARTY,NARSS-00275.txt,State: Delhi | Author: u/advocatedeepak | Score: 1 | Reddit ID: 1fnfnc8
1fkfjzs,NARSS-00276,2026-04-10,SOUBHIK SARKAR,Reddit r/Delhi,reddit.com,2024-09-19,"How can the best cyber crime lawyer in Ghaziabad, like Advocate Deepak, assist individuals facing cyber crime charges, ensuring a robust legal defense and successful resolution of the case?
",https://www.reddit.com/r/delhi/comments/1fkfjzs/how_can_the_best_cyber_crime_lawyer_in_ghaziabad/,cyber crime,General Cybercrime / Cyber Fraud Terms,General Cybercrime,THIRD-PARTY,NARSS-00276.txt,State: Delhi | Author: u/advocatedeepak | Score: 1 | Reddit ID: 1fkfjzs
1fjjqqc,NARSS-00277,2026-04-10,SOUBHIK SARKAR,Reddit r/Delhi,reddit.com,2024-09-18,"What qualities should you look for in the best cyber crime lawyer in Noida, and how does Advocate Deepak meet these criteria?
",https://www.reddit.com/r/delhi/comments/1fjjqqc/what_qualities_should_you_look_for_in_the_best/,cyber crime,General Cybercrime / Cyber Fraud Terms,General Cybercrime,THIRD-PARTY,NARSS-00277.txt,State: Delhi | Author: u/advocatedeepak | Score: 1 | Reddit ID: 1fjjqqc
1fhy91l,NARSS-00278,2026-04-10,SOUBHIK SARKAR,Reddit r/Delhi,reddit.com,2024-09-16,What qualities and expertise should I look for when choosing the best cyber crime lawyer in Ghaziabad to handle complex cyber fraud and data theft cases?,https://www.reddit.com/r/delhi/comments/1fhy91l/what_qualities_and_expertise_should_i_look_for/,cyber crime,General Cybercrime / Cyber Fraud Terms,General Cybercrime,THIRD-PARTY,NARSS-00278.txt,State: Delhi | Author: u/advocatedeepak | Score: 1 | Reddit ID: 1fhy91l
1ffpyje,NARSS-00279,2026-04-10,SOUBHIK SARKAR,Reddit r/Delhi,reddit.com,2024-09-13,What role does a bail lawyer play in securing regular and anticipatory bail for individuals accused of cyber crime offenses?,https://www.reddit.com/r/delhi/comments/1ffpyje/what_role_does_a_bail_lawyer_play_in_securing/,cyber crime,General Cybercrime / Cyber Fraud Terms,General Cybercrime,THIRD-PARTY,NARSS-00279.txt,State: Delhi | Author: u/advocatedeepak | Score: 1 | Reddit ID: 1ffpyje
1fe6dq9,NARSS-00280,2026-04-10,SOUBHIK SARKAR,Reddit r/Delhi,reddit.com,2024-09-11,"What are the key legal strategies that a bail lawyer in cyber crime cases in Noida can employ to secure bail for the accused?
",https://www.reddit.com/r/delhi/comments/1fe6dq9/what_are_the_key_legal_strategies_that_a_bail/,cyber crime,General Cybercrime / Cyber Fraud Terms,General Cybercrime,THIRD-PARTY,NARSS-00280.txt,State: Delhi | Author: u/advocatedeepak | Score: 1 | Reddit ID: 1fe6dq9
1fa93ce,NARSS-00281,2026-04-10,SOUBHIK SARKAR,Reddit r/Delhi,reddit.com,2024-09-06,"What legal strategies do cyber crime lawyers employ to assist individuals whose online accounts have been hacked or compromised, ensuring the recovery of lost data and protection of personal information?",https://www.reddit.com/r/delhi/comments/1fa93ce/what_legal_strategies_do_cyber_crime_lawyers/,cyber crime,General Cybercrime / Cyber Fraud Terms,General Cybercrime,THIRD-PARTY,NARSS-00281.txt,State: Delhi | Author: u/advocatedeepak | Score: 1 | Reddit ID: 1fa93ce
1f8ne8f,NARSS-00282,2026-04-10,SOUBHIK SARKAR,Reddit r/Delhi,reddit.com,2024-09-04,"What specific challenges do cyber crime investigation lawyers in Mumbai face when dealing with complex digital evidence in high-profile cases, and how do they overcome these obstacles to build a strong defense?

",https://www.reddit.com/r/delhi/comments/1f8ne8f/what_specific_challenges_do_cyber_crime/,cyber crime,General Cybercrime / Cyber Fraud Terms,General Cybercrime,THIRD-PARTY,NARSS-00282.txt,State: Delhi | Author: u/advocatedeepak | Score: 1 | Reddit ID: 1f8ne8f
1f72fbu,NARSS-00283,2026-04-10,SOUBHIK SARKAR,Reddit r/Delhi,reddit.com,2024-09-02,"What specific legal challenges do cyber crime lawyers face when representing clients involved in stock market-related cyber crimes, such as insider trading or data breaches?",https://www.reddit.com/r/delhi/comments/1f72fbu/what_specific_legal_challenges_do_cyber_crime/,cyber crime,General Cybercrime / Cyber Fraud Terms,General Cybercrime,THIRD-PARTY,NARSS-00283.txt,State: Delhi | Author: u/advocatedeepak | Score: 1 | Reddit ID: 1f72fbu
1f4p9m6,NARSS-00284,2026-04-10,SOUBHIK SARKAR,Reddit r/Delhi,reddit.com,2024-08-30,"How does the expertise of a specialized bail lawyer in cyber crime cases in Noida contribute to effectively navigating the legal complexities and ensuring timely bail for the accused?

",https://www.reddit.com/r/delhi/comments/1f4p9m6/how_does_the_expertise_of_a_specialized_bail/,cyber crime,General Cybercrime / Cyber Fraud Terms,General Cybercrime,THIRD-PARTY,NARSS-00284.txt,State: Delhi | Author: u/advocatedeepak | Score: 1 | Reddit ID: 1f4p9m6
1f2a5ic,NARSS-00285,2026-04-10,SOUBHIK SARKAR,Reddit r/Delhi,reddit.com,2024-08-27,"How can a specialized bail lawyer assist in securing bail for individuals accused of cyber crime, and what unique challenges do they address in such cases?

",https://www.reddit.com/r/delhi/comments/1f2a5ic/how_can_a_specialized_bail_lawyer_assist_in/,cyber crime,General Cybercrime / Cyber Fraud Terms,General Cybercrime,THIRD-PARTY,NARSS-00285.txt,State: Delhi | Author: u/advocatedeepak | Score: 1 | Reddit ID: 1f2a5ic
1ewnn9v,NARSS-00286,2026-04-10,SOUBHIK SARKAR,Reddit r/Delhi,reddit.com,2024-08-20,"How do lawyers specializing in cyber crime navigate the complexities of digital evidence while ensuring the protection of their client's privacy rights?
",https://www.reddit.com/r/delhi/comments/1ewnn9v/how_do_lawyers_specializing_in_cyber_crime/,cyber crime,General Cybercrime / Cyber Fraud Terms,General Cybercrime,THIRD-PARTY,NARSS-00286.txt,State: Delhi | Author: u/advocatedeepak | Score: 1 | Reddit ID: 1ewnn9v
1ev0i3p,NARSS-00287,2026-04-10,SOUBHIK SARKAR,Reddit r/Delhi,reddit.com,2024-08-18,"What are the key challenges that bail lawyers in India face when securing bail for clients involved in cyber crime cases, and how do they address these challenges within the legal framework?",https://www.reddit.com/r/delhi/comments/1ev0i3p/what_are_the_key_challenges_that_bail_lawyers_in/,cyber crime,General Cybercrime / Cyber Fraud Terms,General Cybercrime,THIRD-PARTY,NARSS-00287.txt,State: Delhi | Author: u/advocatedeepak | Score: 1 | Reddit ID: 1ev0i3p
1euays7,NARSS-00288,2026-04-10,SOUBHIK SARKAR,Reddit r/Delhi,reddit.com,2024-08-17,"What are the key factors that a bail lawyer in a cyber crime case in Delhi considers when preparing a bail application to ensure a successful outcome?
",https://www.reddit.com/r/delhi/comments/1euays7/what_are_the_key_factors_that_a_bail_lawyer_in_a/,cyber crime,General Cybercrime / Cyber Fraud Terms,General Cybercrime,THIRD-PARTY,NARSS-00288.txt,State: Delhi | Author: u/advocatedeepak | Score: 1 | Reddit ID: 1euays7
1ethnhv,NARSS-00289,2026-04-10,SOUBHIK SARKAR,Reddit r/Delhi,reddit.com,2024-08-16,"What are the key legal provisions and conditions under which a person can apply for anticipatory bail in a cyber crime case in India?What are the key legal provisions and conditions under which a person can apply for anticipatory bail in a cyber crime case in India?


",https://www.reddit.com/r/delhi/comments/1ethnhv/what_are_the_key_legal_provisions_and_conditions/,cyber crime,General Cybercrime / Cyber Fraud Terms,General Cybercrime,THIRD-PARTY,NARSS-00289.txt,State: Delhi | Author: u/advocatedeepak | Score: 1 | Reddit ID: 1ethnhv
1esmyq6,NARSS-00290,2026-04-10,SOUBHIK SARKAR,Reddit r/Delhi,reddit.com,2024-08-15,"What are the legal grounds and procedures for obtaining regular bail in a cyber crime case in India, and how do they differ from other types of criminal cases?

",https://www.reddit.com/r/delhi/comments/1esmyq6/what_are_the_legal_grounds_and_procedures_for/,cyber crime,General Cybercrime / Cyber Fraud Terms,General Cybercrime,THIRD-PARTY,NARSS-00290.txt,State: Delhi | Author: u/advocatedeepak | Score: 1 | Reddit ID: 1esmyq6
1eru7ih,NARSS-00291,2026-04-10,SOUBHIK SARKAR,Reddit r/Delhi,reddit.com,2024-08-14,"What strategies can a bail lawyer in Delhi employ to secure bail for an accused in a cyber crime case, particularly when dealing with complex digital evidence and the stringent provisions under the Information Technology Act?
",https://www.reddit.com/r/delhi/comments/1eru7ih/what_strategies_can_a_bail_lawyer_in_delhi_employ/,cyber crime,General Cybercrime / Cyber Fraud Terms,General Cybercrime,THIRD-PARTY,NARSS-00291.txt,State: Delhi | Author: u/advocatedeepak | Score: 1 | Reddit ID: 1eru7ih
1er1p9l,NARSS-00292,2026-04-10,SOUBHIK SARKAR,Reddit r/Delhi,reddit.com,2024-08-13,"What are the key factors a bail lawyer in Noida should consider when seeking bail for a client involved in a cyber crime case, and how can they effectively argue for bail in such cases?
",https://www.reddit.com/r/delhi/comments/1er1p9l/what_are_the_key_factors_a_bail_lawyer_in_noida/,cyber crime,General Cybercrime / Cyber Fraud Terms,General Cybercrime,THIRD-PARTY,NARSS-00292.txt,State: Delhi | Author: u/advocatedeepak | Score: 1 | Reddit ID: 1er1p9l
1eq7naw,NARSS-00293,2026-04-10,SOUBHIK SARKAR,Reddit r/Delhi,reddit.com,2024-08-12,"Any Lawyers here, Need Legal Advice, Please comment and I'll Direct message you",https://www.reddit.com/r/delhi/comments/1eq7naw/any_lawyers_here_need_legal_advice_please_comment/,cyber crime,General Cybercrime / Cyber Fraud Terms,General Cybercrime,THIRD-PARTY,NARSS-00293.txt,State: Delhi | Author: u/Over-Awareness9312 | Score: 1 | Reddit ID: 1eq7naw
1eom28x,NARSS-00294,2026-04-10,SOUBHIK SARKAR,Reddit r/Delhi,reddit.com,2024-08-10,"What qualities and experience should I look for when choosing the best cyber crime lawyer in Ghaziabad?
",https://www.reddit.com/r/delhi/comments/1eom28x/what_qualities_and_experience_should_i_look_for/,cyber crime,General Cybercrime / Cyber Fraud Terms,General Cybercrime,THIRD-PARTY,NARSS-00294.txt,State: Delhi | Author: u/advocatedeepak | Score: 1 | Reddit ID: 1eom28x
1emy10v,NARSS-00295,2026-04-10,SOUBHIK SARKAR,Reddit r/Delhi,reddit.com,2024-08-08,"What are the essential qualities and expertise that make Advocate Deepak the best choice for handling cyber crime cases in Noida?
",https://www.reddit.com/r/delhi/comments/1emy10v/what_are_the_essential_qualities_and_expertise/,cyber crime,General Cybercrime / Cyber Fraud Terms,General Cybercrime,THIRD-PARTY,NARSS-00295.txt,State: Delhi | Author: u/advocatedeepak | Score: 1 | Reddit ID: 1emy10v
1elboj3,NARSS-00296,2026-04-10,SOUBHIK SARKAR,Reddit r/Delhi,reddit.com,2024-08-06,"What are the key qualifications and experience one should look for when hiring a cyber crime investigation lawyer in Mumbai, and how does Advocate Deepak meet these criteria?

",https://www.reddit.com/r/delhi/comments/1elboj3/what_are_the_key_qualifications_and_experience/,cyber crime,General Cybercrime / Cyber Fraud Terms,General Cybercrime,THIRD-PARTY,NARSS-00296.txt,State: Delhi | Author: u/advocatedeepak | Score: 1 | Reddit ID: 1elboj3
1ejn4ao,NARSS-00297,2026-04-10,SOUBHIK SARKAR,Reddit r/Delhi,reddit.com,2024-08-04,"What are the key qualifications and areas of expertise one should look for when hiring a cyber crime lawyer in Ahmedabad?
",https://www.reddit.com/r/delhi/comments/1ejn4ao/what_are_the_key_qualifications_and_areas_of/,cyber crime,General Cybercrime / Cyber Fraud Terms,General Cybercrime,THIRD-PARTY,NARSS-00297.txt,State: Delhi | Author: u/advocatedeepak | Score: 1 | Reddit ID: 1ejn4ao
1eiv7fv,NARSS-00298,2026-04-10,SOUBHIK SARKAR,Reddit r/Delhi,reddit.com,2024-08-03,"How does Advocate Deepak leverage his extensive expertise in cyber crime investigation to assist clients in India, and what unique strategies does he employ to ensure successful outcomes in complex cyber crime cases?

",https://www.reddit.com/r/delhi/comments/1eiv7fv/how_does_advocate_deepak_leverage_his_extensive/,cyber crime,General Cybercrime / Cyber Fraud Terms,General Cybercrime,THIRD-PARTY,NARSS-00298.txt,State: Delhi | Author: u/advocatedeepak | Score: 1 | Reddit ID: 1eiv7fv
1eh98x8,NARSS-00299,2026-04-10,SOUBHIK SARKAR,Reddit r/Delhi,reddit.com,2024-08-01,What are the key qualifications and experiences that a top cyber crime investigation lawyer in Delhi should possess to effectively handle complex digital fraud cases?,https://www.reddit.com/r/delhi/comments/1eh98x8/what_are_the_key_qualifications_and_experiences/,cyber crime,General Cybercrime / Cyber Fraud Terms,General Cybercrime,THIRD-PARTY,NARSS-00299.txt,State: Delhi | Author: u/advocatedeepak | Score: 1 | Reddit ID: 1eh98x8
1egimmu,NARSS-00300,2026-04-10,SOUBHIK SARKAR,Reddit r/Delhi,reddit.com,2024-07-31,"What specialized legal services does a cyber crime investigation lawyer in Noida provide to help individuals and businesses facing cyber threats and data breaches?
",https://www.reddit.com/r/delhi/comments/1egimmu/what_specialized_legal_services_does_a_cyber/,cyber crime,General Cybercrime / Cyber Fraud Terms,General Cybercrime,THIRD-PARTY,NARSS-00300.txt,State: Delhi | Author: u/advocatedeepak | Score: 1 | Reddit ID: 1egimmu
1efpj5z,NARSS-00301,2026-04-10,SOUBHIK SARKAR,Reddit r/Delhi,reddit.com,2024-07-30,"What are the key qualifications and areas of expertise that one should look for when hiring a cyber crime lawyer in Gurgaon?
",https://www.reddit.com/r/delhi/comments/1efpj5z/what_are_the_key_qualifications_and_areas_of/,cyber crime,General Cybercrime / Cyber Fraud Terms,General Cybercrime,THIRD-PARTY,NARSS-00301.txt,State: Delhi | Author: u/advocatedeepak | Score: 1 | Reddit ID: 1efpj5z
1eew510,NARSS-00302,2026-04-10,SOUBHIK SARKAR,Reddit r/Delhi,reddit.com,2024-07-29,What qualifications and experience should one look for when hiring a cyber crime lawyer in Delhi?,https://www.reddit.com/r/delhi/comments/1eew510/what_qualifications_and_experience_should_one/,cyber crime,General Cybercrime / Cyber Fraud Terms,General Cybercrime,THIRD-PARTY,NARSS-00302.txt,State: Delhi | Author: u/advocatedeepak | Score: 1 | Reddit ID: 1eew510
1edddjc,NARSS-00303,2026-04-10,SOUBHIK SARKAR,Reddit r/Delhi,reddit.com,2024-07-27,"What criteria were used to determine the ranking of the top 5 best cyber crime lawyers in Noida, and how does each lawyer's expertise and track record reflect these criteria?
",https://www.reddit.com/r/delhi/comments/1edddjc/what_criteria_were_used_to_determine_the_ranking/,cyber crime,General Cybercrime / Cyber Fraud Terms,General Cybercrime,THIRD-PARTY,NARSS-00303.txt,State: Delhi | Author: u/advocatedeepak | Score: 1 | Reddit ID: 1edddjc
1eclhpt,NARSS-00304,2026-04-10,SOUBHIK SARKAR,Reddit r/Delhi,reddit.com,2024-07-26,"What are the key challenges faced by cyber crime lawyers in Gujarat when handling cases related to online fraud and identity theft?
",https://www.reddit.com/r/delhi/comments/1eclhpt/what_are_the_key_challenges_faced_by_cyber_crime/,cyber crime,General Cybercrime / Cyber Fraud Terms,General Cybercrime,THIRD-PARTY,NARSS-00304.txt,State: Delhi | Author: u/advocatedeepak | Score: 1 | Reddit ID: 1eclhpt
1ebr623,NARSS-00305,2026-04-10,SOUBHIK SARKAR,Reddit r/Delhi,reddit.com,2024-07-25,"How can a cyber crime lawyer in Bangalore assist individuals or businesses in navigating the legal challenges related to cyber security breaches and online fraud?
",https://www.reddit.com/r/delhi/comments/1ebr623/how_can_a_cyber_crime_lawyer_in_bangalore_assist/,cyber crime,General Cybercrime / Cyber Fraud Terms,General Cybercrime,THIRD-PARTY,NARSS-00305.txt,State: Delhi | Author: u/advocatedeepak | Score: 1 | Reddit ID: 1ebr623
1eaxqrz,NARSS-00306,2026-04-10,SOUBHIK SARKAR,Reddit r/Delhi,reddit.com,2024-07-24,"What are the key legal services offered by Advocate Deepak, a prominent cyber crime lawyer in Ahmedabad, and how do they address the unique challenges posed by digital offenses?",https://www.reddit.com/r/delhi/comments/1eaxqrz/what_are_the_key_legal_services_offered_by/,cyber crime,General Cybercrime / Cyber Fraud Terms,General Cybercrime,THIRD-PARTY,NARSS-00306.txt,State: Delhi | Author: u/advocatedeepak | Score: 1 | Reddit ID: 1eaxqrz
1e7s65u,NARSS-00307,2026-04-10,SOUBHIK SARKAR,Reddit r/Delhi,reddit.com,2024-07-20,What qualifications and experience should one look for when hiring a cyber crime lawyer in Kolkata?,https://www.reddit.com/r/delhi/comments/1e7s65u/what_qualifications_and_experience_should_one/,cyber crime,General Cybercrime / Cyber Fraud Terms,General Cybercrime,THIRD-PARTY,NARSS-00307.txt,State: Delhi | Author: u/advocatedeepak | Score: 1 | Reddit ID: 1e7s65u
1e710wh,NARSS-00308,2026-04-10,SOUBHIK SARKAR,Reddit r/Delhi,reddit.com,2024-07-19,"What qualifications and experience should I look for in a reputable cyber crime lawyer near me to ensure they can effectively handle my case?
",https://www.reddit.com/r/delhi/comments/1e710wh/what_qualifications_and_experience_should_i_look/,cyber crime,General Cybercrime / Cyber Fraud Terms,General Cybercrime,THIRD-PARTY,NARSS-00308.txt,State: Delhi | Author: u/advocatedeepak | Score: 1 | Reddit ID: 1e710wh
1e691il,NARSS-00309,2026-04-10,SOUBHIK SARKAR,Reddit r/Delhi,reddit.com,2024-07-18,What are the key qualifications and experience necessary for a cyber crime lawyer in Gurgaon to effectively handle complex cases involving digital fraud and online harassment?,https://www.reddit.com/r/delhi/comments/1e691il/what_are_the_key_qualifications_and_experience/,cyber crime,General Cybercrime / Cyber Fraud Terms,General Cybercrime,THIRD-PARTY,NARSS-00309.txt,State: Delhi | Author: u/advocatedeepak | Score: 1 | Reddit ID: 1e691il
1e5d2x7,NARSS-00310,2026-04-10,SOUBHIK SARKAR,Reddit r/Delhi,reddit.com,2024-07-17,"What are the key qualifications and experience that a top Cyber Crime Lawyer in Gurgaon, such as Advocate Deepak, should possess to effectively handle complex cyber crime cases?",https://www.reddit.com/r/delhi/comments/1e5d2x7/what_are_the_key_qualifications_and_experience/,cyber crime,General Cybercrime / Cyber Fraud Terms,General Cybercrime,THIRD-PARTY,NARSS-00310.txt,State: Delhi | Author: u/advocatedeepak | Score: 1 | Reddit ID: 1e5d2x7
1e4lmj9,NARSS-00311,2026-04-10,SOUBHIK SARKAR,Reddit r/Delhi,reddit.com,2024-07-16,"What qualifications and experience should I look for when choosing the best cyber crime lawyer in Noida to handle my case?

",https://www.reddit.com/r/delhi/comments/1e4lmj9/what_qualifications_and_experience_should_i_look/,cyber crime,General Cybercrime / Cyber Fraud Terms,General Cybercrime,THIRD-PARTY,NARSS-00311.txt,State: Delhi | Author: u/advocatedeepak | Score: 1 | Reddit ID: 1e4lmj9
1e3tasu,NARSS-00312,2026-04-10,SOUBHIK SARKAR,Reddit r/Delhi,reddit.com,2024-07-15,What qualities and experience should I look for in the best cyber crime lawyer in Ghaziabad to ensure they can effectively handle complex cyber crime cases?,https://www.reddit.com/r/delhi/comments/1e3tasu/what_qualities_and_experience_should_i_look_for/,cyber crime,General Cybercrime / Cyber Fraud Terms,General Cybercrime,THIRD-PARTY,NARSS-00312.txt,State: Delhi | Author: u/advocatedeepak | Score: 1 | Reddit ID: 1e3tasu
1e0lze2,NARSS-00313,2026-04-10,SOUBHIK SARKAR,Reddit r/Delhi,reddit.com,2024-07-11,"What services does a Cyber Crime Lawyer in Faridabad, such as Advocate Deepak, provide to individuals and businesses facing cyber threats and legal issues related to cybercrime?",https://www.reddit.com/r/delhi/comments/1e0lze2/what_services_does_a_cyber_crime_lawyer_in/,cyber crime,General Cybercrime / Cyber Fraud Terms,General Cybercrime,THIRD-PARTY,NARSS-00313.txt,State: Delhi | Author: u/advocatedeepak | Score: 1 | Reddit ID: 1e0lze2
1dzt2su,NARSS-00314,2026-04-10,SOUBHIK SARKAR,Reddit r/Delhi,reddit.com,2024-07-10,"What specific qualifications and experience does a Cyber Crime Lawyer in Gurgaon, like Advocate Deepak, need to effectively handle complex cybercrime cases?",https://www.reddit.com/r/delhi/comments/1dzt2su/what_specific_qualifications_and_experience_does/,cyber crime,General Cybercrime / Cyber Fraud Terms,General Cybercrime,THIRD-PARTY,NARSS-00314.txt,State: Delhi | Author: u/advocatedeepak | Score: 1 | Reddit ID: 1dzt2su
1dyzvhl,NARSS-00315,2026-04-10,SOUBHIK SARKAR,Reddit r/Delhi,reddit.com,2024-07-09,How has Advocate Deepak's expertise in handling cyber crime cases contributed to his reputation as the best cyber crime lawyer in Delhi? Contact +917303072764,https://www.reddit.com/r/delhi/comments/1dyzvhl/how_has_advocate_deepaks_expertise_in_handling/,cyber crime,General Cybercrime / Cyber Fraud Terms,General Cybercrime,THIRD-PARTY,NARSS-00315.txt,State: Delhi | Author: u/advocatedeepak | Score: 1 | Reddit ID: 1dyzvhl
1cbt486,NARSS-00316,2026-04-10,SOUBHIK SARKAR,Reddit r/Delhi,reddit.com,2024-04-24,HELP HELP HELP HELP ,https://www.reddit.com/r/delhi/comments/1cbt486/help_help_help_help/,cyber crime,General Cybercrime / Cyber Fraud Terms,General Cybercrime,THIRD-PARTY,NARSS-00316.txt,State: Delhi | Author: u/MedicalDiver2670 | Score: 1 | Reddit ID: 1cbt486
1bk082t,NARSS-00317,2026-04-10,SOUBHIK SARKAR,Reddit r/Delhi,reddit.com,2024-03-21,"Wrong sub IK, but why cyber crime blocks bank account for p2p transactions?",https://www.reddit.com/r/delhi/comments/1bk082t/wrong_sub_ik_but_why_cyber_crime_blocks_bank/,cyber crime,General Cybercrime / Cyber Fraud Terms,General Cybercrime,THIRD-PARTY,NARSS-00317.txt,State: Delhi | Author: u/gaandmedum | Score: 1 | Reddit ID: 1bk082t
1aof6tu,NARSS-00318,2026-04-10,SOUBHIK SARKAR,Reddit r/Delhi,reddit.com,2024-02-12,Is the anonymous option of reporting cyber crime truly anonymous?,https://www.reddit.com/r/delhi/comments/1aof6tu/is_the_anonymous_option_of_reporting_cyber_crime/,cyber crime,General Cybercrime / Cyber Fraud Terms,General Cybercrime,THIRD-PARTY,NARSS-00318.txt,State: Delhi | Author: u/[deleted] | Score: 3 | Reddit ID: 1aof6tu
18hivx3,NARSS-00319,2026-04-10,SOUBHIK SARKAR,Reddit r/Delhi,reddit.com,2023-12-13,"Scam ho gaya, any help?",https://www.reddit.com/r/delhi/comments/18hivx3/scam_ho_gaya_any_help/,cyber crime,General Cybercrime / Cyber Fraud Terms,General Cybercrime,THIRD-PARTY,NARSS-00319.txt,State: Delhi | Author: u/3AM_buddy | Score: 1 | Reddit ID: 18hivx3
18aitx9,NARSS-00320,2026-04-10,SOUBHIK SARKAR,Reddit r/Delhi,reddit.com,2023-12-04,"Cyber crime cases in Delhi nearly doubled in 2022, says NCRB report",https://www.reddit.com/r/delhi/comments/18aitx9/cyber_crime_cases_in_delhi_nearly_doubled_in_2022/,cyber crime,General Cybercrime / Cyber Fraud Terms,General Cybercrime,THIRD-PARTY,NARSS-00320.txt,State: Delhi | Author: u/VCardBGone | Score: 1 | Reddit ID: 18aitx9
185to5t,NARSS-00321,2026-04-10,SOUBHIK SARKAR,Reddit r/Delhi,reddit.com,2023-11-28,Instagram Got Hacked then the hackers got access to mobile device.,https://www.reddit.com/r/delhi/comments/185to5t/instagram_got_hacked_then_the_hackers_got_access/,cyber crime,General Cybercrime / Cyber Fraud Terms,General Cybercrime,THIRD-PARTY,NARSS-00321.txt,State: Delhi | Author: u/Main-Row-6771 | Score: 1 | Reddit ID: 185to5t
17xmmwn,NARSS-00322,2026-04-10,SOUBHIK SARKAR,Reddit r/Delhi,reddit.com,2023-11-18,Lost 20k to credit card fraud,https://www.reddit.com/r/delhi/comments/17xmmwn/lost_20k_to_credit_card_fraud/,cyber crime,General Cybercrime / Cyber Fraud Terms,General Cybercrime,THIRD-PARTY,NARSS-00322.txt,State: Delhi | Author: u/Zealousideal_Side641 | Score: 1 | Reddit ID: 17xmmwn
17v9jmy,NARSS-00323,2026-04-10,SOUBHIK SARKAR,Reddit r/Delhi,reddit.com,2023-11-15,Hey does anyone got any connection with delhi police or cyber crime ?! (My college is getting blackmailed by a girl online so need help regarding that),https://www.reddit.com/r/delhi/comments/17v9jmy/hey_does_anyone_got_any_connection_with_delhi/,cyber crime,General Cybercrime / Cyber Fraud Terms,General Cybercrime,THIRD-PARTY,NARSS-00323.txt,State: Delhi | Author: u/uronlyfansmanager | Score: 1 | Reddit ID: 17v9jmy
179cekx,NARSS-00324,2026-04-10,SOUBHIK SARKAR,Reddit r/Delhi,reddit.com,2023-10-16,Credit card scam (specifically ICICI Amazon Pay/Citibank),https://www.reddit.com/r/delhi/comments/179cekx/credit_card_scam_specifically_icici_amazon/,cyber crime,General Cybercrime / Cyber Fraud Terms,General Cybercrime,THIRD-PARTY,NARSS-00324.txt,State: Delhi | Author: u/Stunning-Magician177 | Score: 1 | Reddit ID: 179cekx
16yqpof,NARSS-00325,2026-04-10,SOUBHIK SARKAR,Reddit r/Delhi,reddit.com,2023-10-03,Help related a man who is obsessed with me,https://www.reddit.com/r/delhi/comments/16yqpof/help_related_a_man_who_is_obsessed_with_me/,cyber crime,General Cybercrime / Cyber Fraud Terms,General Cybercrime,THIRD-PARTY,NARSS-00325.txt,State: Delhi | Author: u/Flashy_Self9315 | Score: 1 | Reddit ID: 16yqpof
16yjpng,NARSS-00326,2026-04-10,SOUBHIK SARKAR,Reddit r/Delhi,reddit.com,2023-10-03,SCAMMED!! Crying for help,https://www.reddit.com/r/delhi/comments/16yjpng/scammed_crying_for_help/,cyber crime,General Cybercrime / Cyber Fraud Terms,General Cybercrime,VICTIM,NARSS-00326.txt,State: Delhi | Author: u/NetMassive645 | Score: 1 | Reddit ID: 16yjpng
16u7urc,NARSS-00327,2026-04-10,SOUBHIK SARKAR,Reddit r/Delhi,reddit.com,2023-09-28,Indian scammers online are fearless now?,https://www.reddit.com/r/delhi/comments/16u7urc/indian_scammers_online_are_fearless_now/,cyber crime,General Cybercrime / Cyber Fraud Terms,General Cybercrime,THIRD-PARTY,NARSS-00327.txt,State: Delhi | Author: u/chuchupu | Score: 1 | Reddit ID: 16u7urc
16ngaia,NARSS-00328,2026-04-10,SOUBHIK SARKAR,Reddit r/Delhi,reddit.com,2023-09-20,I'm 23 and my gf is 28. What's the problem here ? [ help required],https://www.reddit.com/r/delhi/comments/16ngaia/im_23_and_my_gf_is_28_whats_the_problem_here_help/,cyber crime,General Cybercrime / Cyber Fraud Terms,General Cybercrime,THIRD-PARTY,NARSS-00328.txt,State: Delhi | Author: u/External_Cell1643 | Score: 1 | Reddit ID: 16ngaia
16e0x4q,NARSS-00329,2026-04-10,SOUBHIK SARKAR,Reddit r/Delhi,reddit.com,2023-09-09,Seems like a fraud to me. What's your take?,https://www.reddit.com/r/delhi/comments/16e0x4q/seems_like_a_fraud_to_me_whats_your_take/,cyber crime,General Cybercrime / Cyber Fraud Terms,General Cybercrime,NEAR-MISS,NARSS-00329.txt,State: Delhi | Author: u/Alternative_Pay7255 | Score: 1 | Reddit ID: 16e0x4q
162x730,NARSS-00330,2026-04-10,SOUBHIK SARKAR,Reddit r/Delhi,reddit.com,2023-08-27,Fucked up big time because of horny please help me out,https://www.reddit.com/r/delhi/comments/162x730/fucked_up_big_time_because_of_horny_please_help/,cyber crime,General Cybercrime / Cyber Fraud Terms,General Cybercrime,VICTIM,NARSS-00330.txt,State: Delhi | Author: u/awmnesium | Score: 1 | Reddit ID: 162x730
15yvujl,NARSS-00331,2026-04-10,SOUBHIK SARKAR,Reddit r/Delhi,reddit.com,2023-08-23,"Digital Data Protection Act 2023, A Lawyer's perspective",https://www.reddit.com/r/delhi/comments/15yvujl/digital_data_protection_act_2023_a_lawyers/,cyber crime,General Cybercrime / Cyber Fraud Terms,General Cybercrime,THIRD-PARTY,NARSS-00331.txt,State: Delhi | Author: u/vikas12_12 | Score: 1 | Reddit ID: 15yvujl
15vru38,NARSS-00332,2026-04-10,SOUBHIK SARKAR,Reddit r/Delhi,reddit.com,2023-08-20,Hotel Booking Scam Alert!,https://www.reddit.com/r/delhi/comments/15vru38/hotel_booking_scam_alert/,cyber crime,General Cybercrime / Cyber Fraud Terms,General Cybercrime,VICTIM,NARSS-00332.txt,State: Delhi | Author: u/Vagabored | Score: 1 | Reddit ID: 15vru38
15sl6t5,NARSS-00333,2026-04-10,SOUBHIK SARKAR,Reddit r/Delhi,reddit.com,2023-08-16,Digital Data Protection Act 2023: Lawyer’s perspective,https://www.reddit.com/r/delhi/comments/15sl6t5/digital_data_protection_act_2023_lawyers/,cyber crime,General Cybercrime / Cyber Fraud Terms,General Cybercrime,THIRD-PARTY,NARSS-00333.txt,State: Delhi | Author: u/vikas12_12 | Score: 1 | Reddit ID: 15sl6t5
15ro13r,NARSS-00334,2026-04-10,SOUBHIK SARKAR,Reddit r/Delhi,reddit.com,2023-08-15,"Cyber crimes soar in Delhi, complaints jump 200% in 2023",https://www.reddit.com/r/delhi/comments/15ro13r/cyber_crimes_soar_in_delhi_complaints_jump_200_in/,cyber crime,General Cybercrime / Cyber Fraud Terms,General Cybercrime,THIRD-PARTY,NARSS-00334.txt,State: Delhi | Author: u/VCardBGone | Score: 5 | Reddit ID: 15ro13r
15jnajw,NARSS-00335,2026-04-10,SOUBHIK SARKAR,Reddit r/Delhi,reddit.com,2023-08-06,Beware of ANYDESK app.,https://www.reddit.com/r/delhi/comments/15jnajw/beware_of_anydesk_app/,cyber crime,General Cybercrime / Cyber Fraud Terms,General Cybercrime,NEAR-MISS,NARSS-00335.txt,State: Delhi | Author: u/Mediocre-Nose-2822 | Score: 1 | Reddit ID: 15jnajw
15i16ng,NARSS-00336,2026-04-10,SOUBHIK SARKAR,Reddit r/Delhi,reddit.com,2023-08-04,Got scammed. Need help.,https://www.reddit.com/r/delhi/comments/15i16ng/got_scammed_need_help/,cyber crime,General Cybercrime / Cyber Fraud Terms,General Cybercrime,THIRD-PARTY,NARSS-00336.txt,State: Delhi | Author: u/Duryodhan69 | Score: 6 | Reddit ID: 15i16ng
15hwl2e,NARSS-00337,2026-04-10,SOUBHIK SARKAR,Reddit r/Delhi,reddit.com,2023-08-04,Genuine advice needed from,https://www.reddit.com/r/delhi/comments/15hwl2e/genuine_advice_needed_from/,cyber crime,General Cybercrime / Cyber Fraud Terms,General Cybercrime,THIRD-PARTY,NARSS-00337.txt,State: Delhi | Author: u/Homosapienherebro | Score: 1 | Reddit ID: 15hwl2e
15gdwt6,NARSS-00338,2026-04-10,SOUBHIK SARKAR,Reddit r/Delhi,reddit.com,2023-08-02,Shocking violence in and around Delhi!,https://www.reddit.com/r/delhi/comments/15gdwt6/shocking_violence_in_and_around_delhi/,cyber crime,General Cybercrime / Cyber Fraud Terms,General Cybercrime,THIRD-PARTY,NARSS-00338.txt,State: Delhi | Author: u/kaajukatla | Score: 1 | Reddit ID: 15gdwt6
15atpbc,NARSS-00339,2026-04-10,SOUBHIK SARKAR,Reddit r/Delhi,reddit.com,2023-07-27,"Please check if this is fraud. According to me this is a scam, please report this to cyber crime if anyone knows the process",https://www.reddit.com/r/delhi/comments/15atpbc/please_check_if_this_is_fraud_according_to_me/,cyber crime,General Cybercrime / Cyber Fraud Terms,General Cybercrime,THIRD-PARTY,NARSS-00339.txt,State: Delhi | Author: u/[deleted] | Score: 6 | Reddit ID: 15atpbc
14y1dtk,NARSS-00340,2026-04-10,SOUBHIK SARKAR,Reddit r/Delhi,reddit.com,2023-07-13,"I Got Scammed In Delhi while ordering vape Online. I want to sue this person, please suggest me what can i do?",https://www.reddit.com/r/delhi/comments/14y1dtk/i_got_scammed_in_delhi_while_ordering_vape_online/,cyber crime,General Cybercrime / Cyber Fraud Terms,General Cybercrime,VICTIM,NARSS-00340.txt,State: Delhi | Author: u/gooner2197 | Score: 0 | Reddit ID: 14y1dtk
137n8xc,NARSS-00341,2026-04-10,SOUBHIK SARKAR,Reddit r/Delhi,reddit.com,2023-05-04,What to do if photo morphing scam occurs to you in India?,https://www.reddit.com/r/delhi/comments/137n8xc/what_to_do_if_photo_morphing_scam_occurs_to_you/,cyber crime,General Cybercrime / Cyber Fraud Terms,General Cybercrime,THIRD-PARTY,NARSS-00341.txt,State: Delhi | Author: u/mahajan_bhandari | Score: 14 | Reddit ID: 137n8xc
12eiqao,NARSS-00342,2026-04-10,SOUBHIK SARKAR,Reddit r/Delhi,reddit.com,2023-04-07,Bumble Dating App Pub Food Scams in Delhi @karkardooma Cross River Mall Big Daddy &amp; Probably in GTB Nagar too (Let's meet today),https://www.reddit.com/r/delhi/comments/12eiqao/bumble_dating_app_pub_food_scams_in_delhi/,cyber crime,General Cybercrime / Cyber Fraud Terms,General Cybercrime,THIRD-PARTY,NARSS-00342.txt,State: Delhi | Author: u/jonsnow_ViSa | Score: 307 | Reddit ID: 12eiqao
10pg1yp,NARSS-00343,2026-04-10,SOUBHIK SARKAR,Reddit r/Delhi,reddit.com,2023-01-31,Fraud ho gaya?,https://www.reddit.com/r/delhi/comments/10pg1yp/fraud_ho_gaya/,cyber crime,General Cybercrime / Cyber Fraud Terms,General Cybercrime,THIRD-PARTY,NARSS-00343.txt,State: Delhi | Author: u/fraudhogaya | Score: 0 | Reddit ID: 10pg1yp
zptb33,NARSS-00344,2026-04-10,SOUBHIK SARKAR,Reddit r/Delhi,reddit.com,2022-12-19,Is cyber crime the only future for non IT guys/ hermits like me?,https://www.reddit.com/r/delhi/comments/zptb33/is_cyber_crime_the_only_future_for_non_it_guys/,cyber crime,General Cybercrime / Cyber Fraud Terms,General Cybercrime,THIRD-PARTY,NARSS-00344.txt,State: Delhi | Author: u/[deleted] | Score: 1 | Reddit ID: zptb33
v7payz,NARSS-00345,2026-04-10,SOUBHIK SARKAR,Reddit r/Delhi,reddit.com,2022-06-08,Need help - Missing Person,https://www.reddit.com/r/delhi/comments/v7payz/need_help_missing_person/,cyber crime,General Cybercrime / Cyber Fraud Terms,General Cybercrime,THIRD-PARTY,NARSS-00345.txt,State: Delhi | Author: u/SofaAloo | Score: 3 | Reddit ID: v7payz
uwnmzp,NARSS-00346,2026-04-10,SOUBHIK SARKAR,Reddit r/Delhi,reddit.com,2022-05-24,Is it cyber crime?,https://www.reddit.com/r/delhi/comments/uwnmzp/is_it_cyber_crime/,cyber crime,General Cybercrime / Cyber Fraud Terms,General Cybercrime,THIRD-PARTY,NARSS-00346.txt,State: Delhi | Author: u/GodLovePisces | Score: 1 | Reddit ID: uwnmzp
ul2zil,NARSS-00347,2026-04-10,SOUBHIK SARKAR,Reddit r/Delhi,reddit.com,2022-05-08,"Oxford book store, scamsters in Delhi.",https://www.reddit.com/r/delhi/comments/ul2zil/oxford_book_store_scamsters_in_delhi/,cyber crime,General Cybercrime / Cyber Fraud Terms,General Cybercrime,VICTIM,NARSS-00347.txt,State: Delhi | Author: u/AmoebaBusy9852 | Score: 39 | Reddit ID: ul2zil
ikfq4b,NARSS-00348,2026-04-10,SOUBHIK SARKAR,Reddit r/Delhi,reddit.com,2020-09-01,Whom to contact?,https://www.reddit.com/r/delhi/comments/ikfq4b/whom_to_contact/,cyber crime,General Cybercrime / Cyber Fraud Terms,General Cybercrime,THIRD-PARTY,NARSS-00348.txt,State: Delhi | Author: u/Xyzeedtim | Score: 2 | Reddit ID: ikfq4b
gp0f2u,NARSS-00349,2026-04-10,SOUBHIK SARKAR,Reddit r/Delhi,reddit.com,2020-05-23,please support me for cyber crime awareness,https://www.reddit.com/r/delhi/comments/gp0f2u/please_support_me_for_cyber_crime_awareness/,cyber crime,General Cybercrime / Cyber Fraud Terms,General Cybercrime,THIRD-PARTY,NARSS-00349.txt,State: Delhi | Author: u/Minute_Site | Score: 1 | Reddit ID: gp0f2u
gix2l9,NARSS-00350,2026-04-10,SOUBHIK SARKAR,Reddit r/Delhi,reddit.com,2020-05-13,cyber crime investigator,https://www.reddit.com/r/delhi/comments/gix2l9/cyber_crime_investigator/,cyber crime,General Cybercrime / Cyber Fraud Terms,General Cybercrime,THIRD-PARTY,NARSS-00350.txt,State: Delhi | Author: u/ccastraining1 | Score: 1 | Reddit ID: gix2l9
frjfos,NARSS-00351,2026-04-10,SOUBHIK SARKAR,Reddit r/Delhi,reddit.com,2020-03-30,cyber crime investigator,https://www.reddit.com/r/delhi/comments/frjfos/cyber_crime_investigator/,cyber crime,General Cybercrime / Cyber Fraud Terms,General Cybercrime,THIRD-PARTY,NARSS-00351.txt,State: Delhi | Author: u/digitalnirmal12 | Score: 1 | Reddit ID: frjfos
fp8o2w,NARSS-00352,2026-04-10,SOUBHIK SARKAR,Reddit r/Delhi,reddit.com,2020-03-26,cyber crime investigator,https://www.reddit.com/r/delhi/comments/fp8o2w/cyber_crime_investigator/,cyber crime,General Cybercrime / Cyber Fraud Terms,General Cybercrime,THIRD-PARTY,NARSS-00352.txt,State: Delhi | Author: u/digitalnirmal12 | Score: 1 | Reddit ID: fp8o2w
1jv5n5h,NARSS-00353,2026-04-10,SOUBHIK SARKAR,Reddit r/Delhi,reddit.com,2025-04-09,Friend lost his Airtel number to sim fraud - anyway to get it back?,https://www.reddit.com/r/delhi/comments/1jv5n5h/friend_lost_his_airtel_number_to_sim_fraud_anyway/,cybercrime,General Cybercrime / Cyber Fraud Terms,General Cybercrime,THIRD-PARTY,NARSS-00353.txt,State: Delhi | Author: u/Sudden_Ad_6818 | Score: 1 | Reddit ID: 1jv5n5h
1j76noc,NARSS-00354,2026-04-10,SOUBHIK SARKAR,Reddit r/Delhi,reddit.com,2025-03-09,"Alert! Delhi NCR is witnessing a sharp increase in cybercrime and online scams in India, affecting thousands of individuals and businesses., with a 35% rise in cyber fraud complaints reported in the first quarter of 2025, according to Delhi Police Cyber Cell., with a surge in cases related to financ",https://www.reddit.com/r/delhi/comments/1j76noc/alert_delhi_ncr_is_witnessing_a_sharp_increase_in/,cybercrime,General Cybercrime / Cyber Fraud Terms,General Cybercrime,THIRD-PARTY,NARSS-00354.txt,State: Delhi | Author: u/SwitchMain56 | Score: 1 | Reddit ID: 1j76noc
1ieg8py,NARSS-00355,2026-04-10,SOUBHIK SARKAR,Reddit r/Delhi,reddit.com,2025-01-31,"Got some money in this scam, they haven't asked or forced me to pay yet. Do what you want guys, should I report complain in cybercrime",https://www.reddit.com/r/delhi/comments/1ieg8py/got_some_money_in_this_scam_they_havent_asked_or/,cybercrime,General Cybercrime / Cyber Fraud Terms,General Cybercrime,THIRD-PARTY,NARSS-00355.txt,State: Delhi | Author: u/please_don5_ban_me | Score: 1 | Reddit ID: 1ieg8py
1idemcv,NARSS-00356,2026-04-10,SOUBHIK SARKAR,Reddit r/Delhi,reddit.com,2025-01-30,Hiring Packers &amp; Movers? Read This Before You Lose Everything!,https://www.reddit.com/r/delhi/comments/1idemcv/hiring_packers_movers_read_this_before_you_lose/,cybercrime,General Cybercrime / Cyber Fraud Terms,General Cybercrime,VICTIM,NARSS-00356.txt,State: Delhi | Author: u/holidaysdeal | Score: 1 | Reddit ID: 1idemcv
1i9ry6m,NARSS-00357,2026-04-10,SOUBHIK SARKAR,Reddit r/Delhi,reddit.com,2025-01-25,Is there no trust left in the city and country,https://www.reddit.com/r/delhi/comments/1i9ry6m/is_there_no_trust_left_in_the_city_and_country/,cybercrime,General Cybercrime / Cyber Fraud Terms,General Cybercrime,NEAR-MISS,NARSS-00357.txt,State: Delhi | Author: u/chemical_freak | Score: 1 | Reddit ID: 1i9ry6m
1hguz24,NARSS-00358,2026-04-10,SOUBHIK SARKAR,Reddit r/Delhi,reddit.com,2024-12-18,"What are the legal consequences of cyberbullying under existing cybercrime laws, and how do they vary across different jurisdictions?
",https://www.reddit.com/r/delhi/comments/1hguz24/what_are_the_legal_consequences_of_cyberbullying/,cybercrime,General Cybercrime / Cyber Fraud Terms,General Cybercrime,THIRD-PARTY,NARSS-00358.txt,State: Delhi | Author: u/advocatedeepak | Score: 1 | Reddit ID: 1hguz24
1hfcefm,NARSS-00359,2026-04-10,SOUBHIK SARKAR,Reddit r/Delhi,reddit.com,2024-12-16,"What are the potential criminal charges and penalties an individual may face for engaging in cyberbullying under prevailing cybercrime laws?
",https://www.reddit.com/r/delhi/comments/1hfcefm/what_are_the_potential_criminal_charges_and/,cybercrime,General Cybercrime / Cyber Fraud Terms,General Cybercrime,THIRD-PARTY,NARSS-00359.txt,State: Delhi | Author: u/advocatedeepak | Score: 1 | Reddit ID: 1hfcefm
1h6mcgo,NARSS-00360,2026-04-10,SOUBHIK SARKAR,Reddit r/Delhi,reddit.com,2024-12-04,Repost featuring rant,https://www.reddit.com/r/delhi/comments/1h6mcgo/repost_featuring_rant/,cybercrime,General Cybercrime / Cyber Fraud Terms,General Cybercrime,THIRD-PARTY,NARSS-00360.txt,State: Delhi | Author: u/Between3-20Chars | Score: 1 | Reddit ID: 1h6mcgo
1h2h45b,NARSS-00361,2026-04-10,SOUBHIK SARKAR,Reddit r/Delhi,reddit.com,2024-11-29,"What legal strategies and documentation are essential to secure bail in cybercrime cases, as per Advocate Deepak's expertise?",https://www.reddit.com/r/delhi/comments/1h2h45b/what_legal_strategies_and_documentation_are/,cybercrime,General Cybercrime / Cyber Fraud Terms,General Cybercrime,THIRD-PARTY,NARSS-00361.txt,State: Delhi | Author: u/advocatedeepak | Score: 1 | Reddit ID: 1h2h45b
1gpxc41,NARSS-00362,2026-04-10,SOUBHIK SARKAR,Reddit r/Delhi,reddit.com,2024-11-13,Got scammed big time,https://www.reddit.com/r/delhi/comments/1gpxc41/got_scammed_big_time/,cybercrime,General Cybercrime / Cyber Fraud Terms,General Cybercrime,THIRD-PARTY,NARSS-00362.txt,State: Delhi | Author: u/NorthPainting6940 | Score: 1 | Reddit ID: 1gpxc41
1fuldoj,NARSS-00363,2026-04-10,SOUBHIK SARKAR,Reddit r/Delhi,reddit.com,2024-10-02,How to report cybercrime here ?,https://www.reddit.com/r/delhi/comments/1fuldoj/how_to_report_cybercrime_here/,cybercrime,General Cybercrime / Cyber Fraud Terms,General Cybercrime,THIRD-PARTY,NARSS-00363.txt,State: Delhi | Author: u/Ok-Philosopher3058 | Score: 1 | Reddit ID: 1fuldoj
1fagztj,NARSS-00364,2026-04-10,SOUBHIK SARKAR,Reddit r/Delhi,reddit.com,2024-09-06,The Cybercrime Scam ,https://www.reddit.com/r/delhi/comments/1fagztj/the_cybercrime_scam/,cybercrime,General Cybercrime / Cyber Fraud Terms,General Cybercrime,THIRD-PARTY,NARSS-00364.txt,State: Delhi | Author: u/HeightWhich6490 | Score: 1 | Reddit ID: 1fagztj
1f2kwri,NARSS-00365,2026-04-10,SOUBHIK SARKAR,Reddit r/Delhi,reddit.com,2024-08-27,Help needed for hacked Facebook/Instagram,https://www.reddit.com/r/delhi/comments/1f2kwri/help_needed_for_hacked_facebookinstagram/,cybercrime,General Cybercrime / Cyber Fraud Terms,General Cybercrime,THIRD-PARTY,NARSS-00365.txt,State: Delhi | Author: u/crucifier_09 | Score: 1 | Reddit ID: 1f2kwri
1f0ppti,NARSS-00366,2026-04-10,SOUBHIK SARKAR,Reddit r/Delhi,reddit.com,2024-08-25,"What are the key legal considerations and prerequisites for obtaining anticipatory bail in cybercrime cases under Indian law?
",https://www.reddit.com/r/delhi/comments/1f0ppti/what_are_the_key_legal_considerations_and/,cybercrime,General Cybercrime / Cyber Fraud Terms,General Cybercrime,THIRD-PARTY,NARSS-00366.txt,State: Delhi | Author: u/advocatedeepak | Score: 1 | Reddit ID: 1f0ppti
1epjcpp,NARSS-00367,2026-04-10,SOUBHIK SARKAR,Reddit r/Delhi,reddit.com,2024-08-11,Scammed in OLX and even complained but no result even after a month.,https://www.reddit.com/r/delhi/comments/1epjcpp/scammed_in_olx_and_even_complained_but_no_result/,cybercrime,General Cybercrime / Cyber Fraud Terms,General Cybercrime,VICTIM,NARSS-00367.txt,State: Delhi | Author: u/Pangolin-Ornery | Score: 1 | Reddit ID: 1epjcpp
1dgzs30,NARSS-00368,2026-04-10,SOUBHIK SARKAR,Reddit r/Delhi,reddit.com,2024-06-16,I'm conducting a survey on Cybercrime on social media and require response from Indians aged 18-30.,https://www.reddit.com/r/delhi/comments/1dgzs30/im_conducting_a_survey_on_cybercrime_on_social/,cybercrime,General Cybercrime / Cyber Fraud Terms,General Cybercrime,THIRD-PARTY,NARSS-00368.txt,State: Delhi | Author: u/healingo8 | Score: 1 | Reddit ID: 1dgzs30
1c67067,NARSS-00369,2026-04-10,SOUBHIK SARKAR,Reddit r/Delhi,reddit.com,2024-04-17,Scammed a scammer. Now what next?,https://www.reddit.com/r/delhi/comments/1c67067/scammed_a_scammer_now_what_next/,cybercrime,General Cybercrime / Cyber Fraud Terms,General Cybercrime,NEAR-MISS,NARSS-00369.txt,State: Delhi | Author: u/arorocks | Score: 1 | Reddit ID: 1c67067
1bjy7fg,NARSS-00370,2026-04-10,SOUBHIK SARKAR,Reddit r/Delhi,reddit.com,2024-03-21,"My Experience with Online Fraud: Dealing with Cyber Police in Delhi, India.",https://www.reddit.com/r/delhi/comments/1bjy7fg/my_experience_with_online_fraud_dealing_with/,cybercrime,General Cybercrime / Cyber Fraud Terms,General Cybercrime,THIRD-PARTY,NARSS-00370.txt,State: Delhi | Author: u/Few_Falcon6974 | Score: 1 | Reddit ID: 1bjy7fg
195wxd0,NARSS-00371,2026-04-10,SOUBHIK SARKAR,Reddit r/Delhi,reddit.com,2024-01-14,Mobile snatched in delhi,https://www.reddit.com/r/delhi/comments/195wxd0/mobile_snatched_in_delhi/,cybercrime,General Cybercrime / Cyber Fraud Terms,General Cybercrime,VICTIM,NARSS-00371.txt,State: Delhi | Author: u/Soggy_Evidence_3091 | Score: 1 | Reddit ID: 195wxd0
18uo1uv,NARSS-00372,2026-04-10,SOUBHIK SARKAR,Reddit r/Delhi,reddit.com,2023-12-31,What should I do.....?????,https://www.reddit.com/r/delhi/comments/18uo1uv/what_should_i_do/,cybercrime,General Cybercrime / Cyber Fraud Terms,General Cybercrime,THIRD-PARTY,NARSS-00372.txt,State: Delhi | Author: u/Gokusan00 | Score: 1 | Reddit ID: 18uo1uv
18roe9s,NARSS-00373,2026-04-10,SOUBHIK SARKAR,Reddit r/Delhi,reddit.com,2023-12-27,My dad got conned - Anything he can do?,https://www.reddit.com/r/delhi/comments/18roe9s/my_dad_got_conned_anything_he_can_do/,cybercrime,General Cybercrime / Cyber Fraud Terms,General Cybercrime,THIRD-PARTY,NARSS-00373.txt,State: Delhi | Author: u/ivandor | Score: 1 | Reddit ID: 18roe9s
17y0bcw,NARSS-00374,2026-04-10,SOUBHIK SARKAR,Reddit r/Delhi,reddit.com,2023-11-18,New Scam just dropped guys,https://www.reddit.com/r/delhi/comments/17y0bcw/new_scam_just_dropped_guys/,cybercrime,General Cybercrime / Cyber Fraud Terms,General Cybercrime,NEAR-MISS,NARSS-00374.txt,State: Delhi | Author: u/the_eminemist | Score: 1 | Reddit ID: 17y0bcw
164aqtu,NARSS-00375,2026-04-10,SOUBHIK SARKAR,Reddit r/Delhi,reddit.com,2023-08-29,Urgent Help Needed in Delhi Regarding Financial Fraud - Seeking Advice and Support,https://www.reddit.com/r/delhi/comments/164aqtu/urgent_help_needed_in_delhi_regarding_financial/,cybercrime,General Cybercrime / Cyber Fraud Terms,General Cybercrime,THIRD-PARTY,NARSS-00375.txt,State: Delhi | Author: u/No-Comedian-3961 | Score: 1 | Reddit ID: 164aqtu
13t51r6,NARSS-00376,2026-04-10,SOUBHIK SARKAR,Reddit r/Delhi,reddit.com,2023-05-27,Cybercrime getting out of hands,https://www.reddit.com/r/delhi/comments/13t51r6/cybercrime_getting_out_of_hands/,cybercrime,General Cybercrime / Cyber Fraud Terms,General Cybercrime,NEAR-MISS,NARSS-00376.txt,State: Delhi | Author: u/prankh2403 | Score: 14 | Reddit ID: 13t51r6
10lkcoq,NARSS-00377,2026-04-10,SOUBHIK SARKAR,Reddit r/Delhi,reddit.com,2023-01-26,Does anyone know in how much time does Cybercrime resolves that case of internet banking fraud?,https://www.reddit.com/r/delhi/comments/10lkcoq/does_anyone_know_in_how_much_time_does_cybercrime/,cybercrime,General Cybercrime / Cyber Fraud Terms,General Cybercrime,THIRD-PARTY,NARSS-00377.txt,State: Delhi | Author: u/[deleted] | Score: 1 | Reddit ID: 10lkcoq
10d73k3,NARSS-00378,2026-04-10,SOUBHIK SARKAR,Reddit r/Delhi,reddit.com,2023-01-16,Guys be careful new SCAM is going on in Market,https://www.reddit.com/r/delhi/comments/10d73k3/guys_be_careful_new_scam_is_going_on_in_market/,cybercrime,General Cybercrime / Cyber Fraud Terms,General Cybercrime,THIRD-PARTY,NARSS-00378.txt,State: Delhi | Author: u/__Pixie___ | Score: 68 | Reddit ID: 10d73k3
guoidg,NARSS-00379,2026-04-10,SOUBHIK SARKAR,Reddit r/Delhi,reddit.com,2020-06-01,BHIM e Payments App: Leaked Data of 7.2 m users cybercrime fraud,https://www.reddit.com/r/delhi/comments/guoidg/bhim_e_payments_app_leaked_data_of_72_m_users/,cybercrime,General Cybercrime / Cyber Fraud Terms,General Cybercrime,THIRD-PARTY,NARSS-00379.txt,State: Delhi | Author: u/rishusharma488 | Score: 1 | Reddit ID: guoidg
1kcen7d,NARSS-00380,2026-04-10,SOUBHIK SARKAR,Reddit r/Delhi,reddit.com,2025-05-01,"Scammed While PG-Hunting in Delhi, Any way to recover ₹5k from a landlord who blocked me?",https://www.reddit.com/r/delhi/comments/1kcen7d/scammed_while_pghunting_in_delhi_any_way_to/,cyber fraud,General Cybercrime / Cyber Fraud Terms,General Cybercrime,THIRD-PARTY,NARSS-00380.txt,State: Delhi | Author: u/helpkardoplease | Score: 1 | Reddit ID: 1kcen7d
1jqo7e8,NARSS-00381,2026-04-10,SOUBHIK SARKAR,Reddit r/Delhi,reddit.com,2025-04-03,Escaped Rapido Scam (at least I think so),https://www.reddit.com/r/delhi/comments/1jqo7e8/escaped_rapido_scam_at_least_i_think_so/,cyber fraud,General Cybercrime / Cyber Fraud Terms,General Cybercrime,THIRD-PARTY,NARSS-00381.txt,State: Delhi | Author: u/Ankushsingh7 | Score: 1 | Reddit ID: 1jqo7e8
1iqvb05,NARSS-00382,2026-04-10,SOUBHIK SARKAR,Reddit r/Delhi,reddit.com,2025-02-16,Secured an anticipatory bail for my client in a fake cyber fraud case in  Delhi,https://www.reddit.com/r/delhi/comments/1iqvb05/secured_an_anticipatory_bail_for_my_client_in_a/,cyber fraud,General Cybercrime / Cyber Fraud Terms,General Cybercrime,THIRD-PARTY,NARSS-00382.txt,State: Delhi | Author: u/Indication_Other | Score: 1 | Reddit ID: 1iqvb05
1gzhsmp,NARSS-00383,2026-04-10,SOUBHIK SARKAR,Reddit r/Delhi,reddit.com,2024-11-25,"Free Cyber Security Assessment Services for Indian Victims of Cyber Fraud, Websites &amp; Android Applications",https://www.reddit.com/r/delhi/comments/1gzhsmp/free_cyber_security_assessment_services_for/,cyber fraud,General Cybercrime / Cyber Fraud Terms,General Cybercrime,THIRD-PARTY,NARSS-00383.txt,State: Delhi | Author: u/Security_3nthusiast | Score: 1 | Reddit ID: 1gzhsmp
1f688lg,NARSS-00384,2026-04-10,SOUBHIK SARKAR,Reddit r/Delhi,reddit.com,2024-09-01,Can I report this kind of fraud?,https://www.reddit.com/r/delhi/comments/1f688lg/can_i_report_this_kind_of_fraud/,cyber fraud,General Cybercrime / Cyber Fraud Terms,General Cybercrime,THIRD-PARTY,NARSS-00384.txt,State: Delhi | Author: u/LEGEND_GAMERZ_ | Score: 1 | Reddit ID: 1f688lg
1d2cwkp,NARSS-00385,2026-04-10,SOUBHIK SARKAR,Reddit r/Delhi,reddit.com,2024-05-28,Suggestion for Fraud complaint to Delhi Cyber Police,https://www.reddit.com/r/delhi/comments/1d2cwkp/suggestion_for_fraud_complaint_to_delhi_cyber/,cyber fraud,General Cybercrime / Cyber Fraud Terms,General Cybercrime,THIRD-PARTY,NARSS-00385.txt,State: Delhi | Author: u/Exotic-Letterhead-23 | Score: 1 | Reddit ID: 1d2cwkp
1b3v8az,NARSS-00386,2026-04-10,SOUBHIK SARKAR,Reddit r/Delhi,reddit.com,2024-03-01,"Cyber Fraud, FedEx Package, Illegal Drug, Skype Call",https://www.reddit.com/r/delhi/comments/1b3v8az/cyber_fraud_fedex_package_illegal_drug_skype_call/,cyber fraud,General Cybercrime / Cyber Fraud Terms,General Cybercrime,THIRD-PARTY,NARSS-00386.txt,State: Delhi | Author: u/Gokus_Legacy | Score: 1 | Reddit ID: 1b3v8az
16kda7f,NARSS-00387,2026-04-10,SOUBHIK SARKAR,Reddit r/Delhi,reddit.com,2023-09-16,Cyber Fraud with Old parents by Man claiming from INDIAN AMRY,https://www.reddit.com/r/delhi/comments/16kda7f/cyber_fraud_with_old_parents_by_man_claiming_from/,cyber fraud,General Cybercrime / Cyber Fraud Terms,General Cybercrime,THIRD-PARTY,NARSS-00387.txt,State: Delhi | Author: u/MranonymousSir | Score: 1 | Reddit ID: 16kda7f
15094qx,NARSS-00388,2026-04-10,SOUBHIK SARKAR,Reddit r/Delhi,reddit.com,2023-07-15,Question regarding a computer institute,https://www.reddit.com/r/delhi/comments/15094qx/question_regarding_a_computer_institute/,cyber fraud,General Cybercrime / Cyber Fraud Terms,General Cybercrime,THIRD-PARTY,NARSS-00388.txt,State: Delhi | Author: u/Ok_Juggernaut_5619 | Score: 0 | Reddit ID: 15094qx
110luw9,NARSS-00389,2026-04-10,SOUBHIK SARKAR,Reddit r/Delhi,reddit.com,2023-02-12,"Delhi police, Truecaller to ink pact for protecting people from cyber frauds",https://www.reddit.com/r/delhi/comments/110luw9/delhi_police_truecaller_to_ink_pact_for/,cyber fraud,General Cybercrime / Cyber Fraud Terms,General Cybercrime,THIRD-PARTY,NARSS-00389.txt,State: Delhi | Author: u/Appropriate-Elk9588 | Score: 2 | Reddit ID: 110luw9
zc8kld,NARSS-00390,2026-04-10,SOUBHIK SARKAR,Reddit r/Delhi,reddit.com,2022-12-04,Is this some new cyber fraud/scam? This came up on a porn site that someone was watching and now they are very tensed about this.I mean its cleary a fraud as why would they be asked to pay directly without any formal case being registered. and the only option they get is to put their card details...,https://www.reddit.com/r/delhi/comments/zc8kld/is_this_some_new_cyber_fraudscam_this_came_up_on/,cyber fraud,General Cybercrime / Cyber Fraud Terms,General Cybercrime,THIRD-PARTY,NARSS-00390.txt,State: Delhi | Author: u/hell_on_world | Score: 210 | Reddit ID: zc8kld
wznl6i,NARSS-00391,2026-04-10,SOUBHIK SARKAR,Reddit r/Delhi,reddit.com,2022-08-28,Fraud!!! 90k Deducted,https://www.reddit.com/r/delhi/comments/wznl6i/fraud_90k_deducted/,cyber fraud,General Cybercrime / Cyber Fraud Terms,General Cybercrime,THIRD-PARTY,NARSS-00391.txt,State: Delhi | Author: u/the_sarcastic_user | Score: 0 | Reddit ID: wznl6i
o41hf0,NARSS-00392,2026-04-10,SOUBHIK SARKAR,Reddit r/Delhi,reddit.com,2021-06-20,Need Help - Online selling landed me into trouble,https://www.reddit.com/r/delhi/comments/o41hf0/need_help_online_selling_landed_me_into_trouble/,cyber fraud,General Cybercrime / Cyber Fraud Terms,General Cybercrime,THIRD-PARTY,NARSS-00392.txt,State: Delhi | Author: u/IcyMovie674 | Score: 6 | Reddit ID: o41hf0
1jycdv4,NARSS-00393,2026-04-10,SOUBHIK SARKAR,Reddit r/Delhi,reddit.com,2025-04-13,"Online Datingg App Girl fraud with Bar &amp; Lounge (M/s OhBoy Lounge &amp; Bar, M/s Bagheera Cafe &amp; Lounge, etc.) at Hudson Lane, North Campus, Delhi University-GTB Nagar, Mukherjee Nagar, Delhi, India",https://www.reddit.com/r/delhi/comments/1jycdv4/online_datingg_app_girl_fraud_with_bar_lounge_ms/,online fraud,General Cybercrime / Cyber Fraud Terms,General Cybercrime,THIRD-PARTY,NARSS-00393.txt,State: Delhi | Author: u/AppropriateTip8648 | Score: 1 | Reddit ID: 1jycdv4
1idti1o,NARSS-00394,2026-04-10,SOUBHIK SARKAR,Reddit r/Delhi,reddit.com,2025-01-30,"As an Indian man, is there any solution to these problems, or is not marrying the only way to avoid the legal and social traps set for us?",https://www.reddit.com/r/delhi/comments/1idti1o/as_an_indian_man_is_there_any_solution_to_these/,online fraud,General Cybercrime / Cyber Fraud Terms,General Cybercrime,NEAR-MISS,NARSS-00394.txt,State: Delhi | Author: u/Alert-Turn-3222 | Score: 2 | Reddit ID: 1idti1o
1hhiudx,NARSS-00395,2026-04-10,SOUBHIK SARKAR,Reddit r/Delhi,reddit.com,2024-12-19,Messed up badly. Need help. ,https://www.reddit.com/r/delhi/comments/1hhiudx/messed_up_badly_need_help/,online fraud,General Cybercrime / Cyber Fraud Terms,General Cybercrime,NEAR-MISS,NARSS-00395.txt,State: Delhi | Author: u/Any_Cranberry_373 | Score: 1 | Reddit ID: 1hhiudx
1hg2ko4,NARSS-00396,2026-04-10,SOUBHIK SARKAR,Reddit r/Delhi,reddit.com,2024-12-17,Need 3rd person perspective ,https://www.reddit.com/r/delhi/comments/1hg2ko4/need_3rd_person_perspective/,online fraud,General Cybercrime / Cyber Fraud Terms,General Cybercrime,THIRD-PARTY,NARSS-00396.txt,State: Delhi | Author: u/SnooDogs362 | Score: 1 | Reddit ID: 1hg2ko4
1gevt5y,NARSS-00397,2026-04-10,SOUBHIK SARKAR,Reddit r/Delhi,reddit.com,2024-10-29,how was your year? mine was bad!,https://www.reddit.com/r/delhi/comments/1gevt5y/how_was_your_year_mine_was_bad/,online fraud,General Cybercrime / Cyber Fraud Terms,General Cybercrime,THIRD-PARTY,NARSS-00397.txt,State: Delhi | Author: u/tarundham | Score: 3 | Reddit ID: 1gevt5y
1fjmrrr,NARSS-00398,2026-04-10,SOUBHIK SARKAR,Reddit r/Delhi,reddit.com,2024-09-18,1 CRORE ONLINE TRADING FRAUD,https://www.reddit.com/r/delhi/comments/1fjmrrr/1_crore_online_trading_fraud/,online fraud,General Cybercrime / Cyber Fraud Terms,General Cybercrime,NEAR-MISS,NARSS-00398.txt,State: Delhi | Author: u/Savings-Start-1032 | Score: 28 | Reddit ID: 1fjmrrr
1f5ihae,NARSS-00399,2026-04-10,SOUBHIK SARKAR,Reddit r/Delhi,reddit.com,2024-08-31,"Hi folks, A young lawyer here if you need help",https://www.reddit.com/r/delhi/comments/1f5ihae/hi_folks_a_young_lawyer_here_if_you_need_help/,online fraud,General Cybercrime / Cyber Fraud Terms,General Cybercrime,THIRD-PARTY,NARSS-00399.txt,State: Delhi | Author: u/Federal_Canary2931 | Score: 1 | Reddit ID: 1f5ihae
1daaejy,NARSS-00400,2026-04-10,SOUBHIK SARKAR,Reddit r/Delhi,reddit.com,2024-06-07,Should I pursue CISI course from Collegedekho? 12 Lpa ,https://www.reddit.com/r/delhi/comments/1daaejy/should_i_pursue_cisi_course_from_collegedekho_12/,online fraud,General Cybercrime / Cyber Fraud Terms,General Cybercrime,THIRD-PARTY,NARSS-00400.txt,State: Delhi | Author: u/notsharma_ | Score: 1 | Reddit ID: 1daaejy
1co4fxy,NARSS-00401,2026-04-10,SOUBHIK SARKAR,Reddit r/Delhi,reddit.com,2024-05-10,Fraud by a online app..help needed from you guys . Can talk in real and call if you ask for authenticity.,https://www.reddit.com/r/delhi/comments/1co4fxy/fraud_by_a_online_apphelp_needed_from_you_guys/,online fraud,General Cybercrime / Cyber Fraud Terms,General Cybercrime,THIRD-PARTY,NARSS-00401.txt,State: Delhi | Author: u/MR___DIY | Score: 1 | Reddit ID: 1co4fxy
18mvh8a,NARSS-00402,2026-04-10,SOUBHIK SARKAR,Reddit r/Delhi,reddit.com,2023-12-20,To people who believe in online donation,https://www.reddit.com/r/delhi/comments/18mvh8a/to_people_who_believe_in_online_donation/,online fraud,General Cybercrime / Cyber Fraud Terms,General Cybercrime,THIRD-PARTY,NARSS-00402.txt,State: Delhi | Author: u/Impressive-Aide-7540 | Score: 1 | Reddit ID: 18mvh8a
17vw7tu,NARSS-00403,2026-04-10,SOUBHIK SARKAR,Reddit r/Delhi,reddit.com,2023-11-15,How do you guys spot potential scammers and frauds on online selling websites like olx and such?,https://www.reddit.com/r/delhi/comments/17vw7tu/how_do_you_guys_spot_potential_scammers_and/,online fraud,General Cybercrime / Cyber Fraud Terms,General Cybercrime,THIRD-PARTY,NARSS-00403.txt,State: Delhi | Author: u/Tanishh1 | Score: 1 | Reddit ID: 17vw7tu
17p494p,NARSS-00404,2026-04-10,SOUBHIK SARKAR,Reddit r/Delhi,reddit.com,2023-11-06,Info about The Bimba Store for paintings Legit or fraud?,https://www.reddit.com/r/delhi/comments/17p494p/info_about_the_bimba_store_for_paintings_legit_or/,online fraud,General Cybercrime / Cyber Fraud Terms,General Cybercrime,THIRD-PARTY,NARSS-00404.txt,State: Delhi | Author: u/Vintopk | Score: 1 | Reddit ID: 17p494p
16l7ofv,NARSS-00405,2026-04-10,SOUBHIK SARKAR,Reddit r/Delhi,reddit.com,2023-09-17,Taxation of single person US LLC of agency owners and freelancers when the owner is resident of India- Analysis of the Indian side- Part 1,https://www.reddit.com/r/delhi/comments/16l7ofv/taxation_of_single_person_us_llc_of_agency_owners/,online fraud,General Cybercrime / Cyber Fraud Terms,General Cybercrime,THIRD-PARTY,NARSS-00405.txt,State: Delhi | Author: u/PM_me_ur_pain | Score: 1 | Reddit ID: 16l7ofv
168wia3,NARSS-00406,2026-04-10,SOUBHIK SARKAR,Reddit r/Delhi,reddit.com,2023-09-03,Please help me by filling this form,https://www.reddit.com/r/delhi/comments/168wia3/please_help_me_by_filling_this_form/,online fraud,General Cybercrime / Cyber Fraud Terms,General Cybercrime,THIRD-PARTY,NARSS-00406.txt,State: Delhi | Author: u/JEEvanNEETi | Score: 1 | Reddit ID: 168wia3
151c19a,NARSS-00407,2026-04-10,SOUBHIK SARKAR,Reddit r/Delhi,reddit.com,2023-07-16,stay away from this person,https://www.reddit.com/r/delhi/comments/151c19a/stay_away_from_this_person/,online fraud,General Cybercrime / Cyber Fraud Terms,General Cybercrime,THIRD-PARTY,NARSS-00407.txt,State: Delhi | Author: u/sangArora1980 | Score: 1 | Reddit ID: 151c19a
14nszxp,NARSS-00408,2026-04-10,SOUBHIK SARKAR,Reddit r/Delhi,reddit.com,2023-07-01,Almost got scammed,https://www.reddit.com/r/delhi/comments/14nszxp/almost_got_scammed/,online fraud,General Cybercrime / Cyber Fraud Terms,General Cybercrime,NEAR-MISS,NARSS-00408.txt,State: Delhi | Author: u/Department_Radiant | Score: 1 | Reddit ID: 14nszxp
12ronnf,NARSS-00409,2026-04-10,SOUBHIK SARKAR,Reddit r/Delhi,reddit.com,2023-04-19,Need help/advice/ insight (if any),https://www.reddit.com/r/delhi/comments/12ronnf/need_helpadvice_insight_if_any/,online fraud,General Cybercrime / Cyber Fraud Terms,General Cybercrime,THIRD-PARTY,NARSS-00409.txt,State: Delhi | Author: u/let_juice | Score: 7 | Reddit ID: 12ronnf
11bez4s,NARSS-00410,2026-04-10,SOUBHIK SARKAR,Reddit r/Delhi,reddit.com,2023-02-25,How do you compare? Where do you buy it? Is price and offer matter? | GYMBROS | Workout | Whey Protein,https://www.reddit.com/r/delhi/comments/11bez4s/how_do_you_compare_where_do_you_buy_it_is_price/,online fraud,General Cybercrime / Cyber Fraud Terms,General Cybercrime,THIRD-PARTY,NARSS-00410.txt,State: Delhi | Author: u/pnkjjsr | Score: 0 | Reddit ID: 11bez4s
xxgnfb,NARSS-00411,2026-04-10,SOUBHIK SARKAR,Reddit r/Delhi,reddit.com,2022-10-07,Stay safe from online frauds this festive season- Here’s how,https://www.reddit.com/r/delhi/comments/xxgnfb/stay_safe_from_online_frauds_this_festive_season/,online fraud,General Cybercrime / Cyber Fraud Terms,General Cybercrime,THIRD-PARTY,NARSS-00411.txt,State: Delhi | Author: u/VCardBGone | Score: 1 | Reddit ID: xxgnfb
xjco2n,NARSS-00412,2026-04-10,SOUBHIK SARKAR,Reddit r/Delhi,reddit.com,2022-09-20,Fraud case of a widow getting manipulated into buying a piece of land from her employer but the person never bought the land and gave her the money back from last 2 years.,https://www.reddit.com/r/delhi/comments/xjco2n/fraud_case_of_a_widow_getting_manipulated_into/,online fraud,General Cybercrime / Cyber Fraud Terms,General Cybercrime,THIRD-PARTY,NARSS-00412.txt,State: Delhi | Author: u/knockoutttt | Score: 6 | Reddit ID: xjco2n
x70uho,NARSS-00413,2026-04-10,SOUBHIK SARKAR,Reddit r/Delhi,reddit.com,2022-09-06,"Online fraud : वापस मिल सकते हैं ऑनलाइन फ्रॉड से गए हुए पैसे , डायल करें ये 4 नंबर - News Hindi 24",https://www.reddit.com/r/delhi/comments/x70uho/online_fraud_वपस_मल_सकत_ह_ऑनलइन_फरड_स_गए_हए_पस/,online fraud,General Cybercrime / Cyber Fraud Terms,General Cybercrime,THIRD-PARTY,NARSS-00413.txt,State: Delhi | Author: u/newshindi24 | Score: 1 | Reddit ID: x70uho
wxtxxv,NARSS-00414,2026-04-10,SOUBHIK SARKAR,Reddit r/Delhi,reddit.com,2022-08-26,PLEASE HELP ME EXPOSE AND TAKE DOWN THE MASSIVE SCAM THAT IS DR BATRAS,https://www.reddit.com/r/delhi/comments/wxtxxv/please_help_me_expose_and_take_down_the_massive/,online fraud,General Cybercrime / Cyber Fraud Terms,General Cybercrime,THIRD-PARTY,NARSS-00414.txt,State: Delhi | Author: u/ThePopeyeSky | Score: 434 | Reddit ID: wxtxxv
t9b1el,NARSS-00415,2026-04-10,SOUBHIK SARKAR,Reddit r/Delhi,reddit.com,2022-03-08,EWS quota nursery admissions scam - what happenned to that case?,https://www.reddit.com/r/delhi/comments/t9b1el/ews_quota_nursery_admissions_scam_what_happenned/,online fraud,General Cybercrime / Cyber Fraud Terms,General Cybercrime,THIRD-PARTY,NARSS-00415.txt,State: Delhi | Author: u/jaibajrangbaliji | Score: 5 | Reddit ID: t9b1el
r1f8z2,NARSS-00416,2026-04-10,SOUBHIK SARKAR,Reddit r/Delhi,reddit.com,2021-11-25,Metro station scam alert !,https://www.reddit.com/r/delhi/comments/r1f8z2/metro_station_scam_alert/,online fraud,General Cybercrime / Cyber Fraud Terms,General Cybercrime,THIRD-PARTY,NARSS-00416.txt,State: Delhi | Author: u/[deleted] | Score: 211 | Reddit ID: r1f8z2
1i3id8h,NARSS-00417,2026-04-10,SOUBHIK SARKAR,Reddit r/Delhi,reddit.com,2025-01-17,Fraud alert : Airtel wifi,https://www.reddit.com/r/delhi/comments/1i3id8h/fraud_alert_airtel_wifi/,internet fraud,General Cybercrime / Cyber Fraud Terms,General Cybercrime,THIRD-PARTY,NARSS-00417.txt,State: Delhi | Author: u/Fluffy-Cry-79 | Score: 1 | Reddit ID: 1i3id8h
1gvpvzc,NARSS-00418,2026-04-10,SOUBHIK SARKAR,Reddit r/Delhi,reddit.com,2024-11-20,how to approach a girl (as an introvert)? ,https://www.reddit.com/r/delhi/comments/1gvpvzc/how_to_approach_a_girl_as_an_introvert/,internet fraud,General Cybercrime / Cyber Fraud Terms,General Cybercrime,THIRD-PARTY,NARSS-00418.txt,State: Delhi | Author: u/NoIndependent8505 | Score: 1 | Reddit ID: 1gvpvzc
1f4s878,NARSS-00419,2026-04-10,SOUBHIK SARKAR,Reddit r/Delhi,reddit.com,2024-08-30,"Work visa scam!! WVP Consultancy Nehru Place, New Delhi. ",https://www.reddit.com/r/delhi/comments/1f4s878/work_visa_scam_wvp_consultancy_nehru_place_new/,internet fraud,General Cybercrime / Cyber Fraud Terms,General Cybercrime,THIRD-PARTY,NARSS-00419.txt,State: Delhi | Author: u/johnash14 | Score: 1 | Reddit ID: 1f4s878
1dubg6u,NARSS-00420,2026-04-10,SOUBHIK SARKAR,Reddit r/Delhi,reddit.com,2024-07-03,Dtc busses sucks. It is not organised.,https://www.reddit.com/r/delhi/comments/1dubg6u/dtc_busses_sucks_it_is_not_organised/,internet fraud,General Cybercrime / Cyber Fraud Terms,General Cybercrime,THIRD-PARTY,NARSS-00420.txt,State: Delhi | Author: u/justworldlyaffairs | Score: 1 | Reddit ID: 1dubg6u
1dubg6a,NARSS-00421,2026-04-10,SOUBHIK SARKAR,Reddit r/Delhi,reddit.com,2024-07-03,Dtc busses sucks. It is not organised.,https://www.reddit.com/r/delhi/comments/1dubg6a/dtc_busses_sucks_it_is_not_organised/,internet fraud,General Cybercrime / Cyber Fraud Terms,General Cybercrime,THIRD-PARTY,NARSS-00421.txt,State: Delhi | Author: u/justworldlyaffairs | Score: 1 | Reddit ID: 1dubg6a
1btsp1m,NARSS-00422,2026-04-10,SOUBHIK SARKAR,Reddit r/Delhi,reddit.com,2024-04-02,EXCITEL Internet Company Fraud,https://www.reddit.com/r/delhi/comments/1btsp1m/excitel_internet_company_fraud/,internet fraud,General Cybercrime / Cyber Fraud Terms,General Cybercrime,THIRD-PARTY,NARSS-00422.txt,State: Delhi | Author: u/Cultural_Shock69 | Score: 1 | Reddit ID: 1btsp1m
15kvyhq,NARSS-00423,2026-04-10,SOUBHIK SARKAR,Reddit r/Delhi,reddit.com,2023-08-08,Has anyone being victim of Act Fibernet fraudulent scehemes and services?,https://www.reddit.com/r/delhi/comments/15kvyhq/has_anyone_being_victim_of_act_fibernet/,internet fraud,General Cybercrime / Cyber Fraud Terms,General Cybercrime,VICTIM,NARSS-00423.txt,State: Delhi | Author: u/abhidas0 | Score: 2 | Reddit ID: 15kvyhq
104322k,NARSS-00424,2026-04-10,SOUBHIK SARKAR,Reddit r/Delhi,reddit.com,2023-01-05,how &amp; where to find a job in delhi?,https://www.reddit.com/r/delhi/comments/104322k/how_where_to_find_a_job_in_delhi/,internet fraud,General Cybercrime / Cyber Fraud Terms,General Cybercrime,THIRD-PARTY,NARSS-00424.txt,State: Delhi | Author: u/nahydkme | Score: 5 | Reddit ID: 104322k
1ji4g6w,NARSS-00425,2026-04-10,SOUBHIK SARKAR,Reddit r/Delhi,reddit.com,2025-03-23,Delhi police has infinite aura,https://www.reddit.com/r/delhi/comments/1ji4g6w/delhi_police_has_infinite_aura/,digital fraud,General Cybercrime / Cyber Fraud Terms,General Cybercrime,NEAR-MISS,NARSS-00425.txt,State: Delhi | Author: u/Ok-Constant-807 | Score: 1 | Reddit ID: 1ji4g6w
1ji3xyc,NARSS-00426,2026-04-10,SOUBHIK SARKAR,Reddit r/Delhi,reddit.com,2025-03-23,Delhi police has infinite aura,https://www.reddit.com/r/delhi/comments/1ji3xyc/delhi_police_has_infinite_aura/,digital fraud,General Cybercrime / Cyber Fraud Terms,General Cybercrime,NEAR-MISS,NARSS-00426.txt,State: Delhi | Author: u/Ok-Constant-807 | Score: 1 | Reddit ID: 1ji3xyc
15leka1,NARSS-00427,2026-04-10,SOUBHIK SARKAR,Reddit r/Delhi,reddit.com,2023-08-08,"Saving the textile industry of India (Unfiltered, because it's the whole truth), Scroll directly to the bottom if you only want to read the brief written in bold.",https://www.reddit.com/r/delhi/comments/15leka1/saving_the_textile_industry_of_india_unfiltered/,digital fraud,General Cybercrime / Cyber Fraud Terms,General Cybercrime,THIRD-PARTY,NARSS-00427.txt,State: Delhi | Author: u/throwaway_scared66 | Score: 1 | Reddit ID: 15leka1
w1cyg5,NARSS-00428,2026-04-10,SOUBHIK SARKAR,Reddit r/Delhi,reddit.com,2022-07-17,new type of digital scam fraud 2022,https://www.reddit.com/r/delhi/comments/w1cyg5/new_type_of_digital_scam_fraud_2022/,digital fraud,General Cybercrime / Cyber Fraud Terms,General Cybercrime,THIRD-PARTY,NARSS-00428.txt,State: Delhi | Author: u/sushmity1 | Score: 0 | Reddit ID: w1cyg5
1jjlmwa,NARSS-00429,2026-04-10,SOUBHIK SARKAR,Reddit r/Delhi,reddit.com,2025-03-25,"Paid ₹3,000 for an Income Certificate renewal, Now the Agent Ghosted Me! What Can I Do?",https://www.reddit.com/r/delhi/comments/1jjlmwa/paid_3000_for_an_income_certificate_renewal_now/,cyber scam,General Cybercrime / Cyber Fraud Terms,Cyber Scam,THIRD-PARTY,NARSS-00429.txt,State: Delhi | Author: u/Imaginary_Break_8211 | Score: 1 | Reddit ID: 1jjlmwa
1h5kidf,NARSS-00430,2026-04-10,SOUBHIK SARKAR,Reddit r/Delhi,reddit.com,2024-12-03,"Got so triggered by these incessant scam calls that I decided to visit the cyber police station to complain, BUT...",https://www.reddit.com/r/delhi/comments/1h5kidf/got_so_triggered_by_these_incessant_scam_calls/,cyber scam,General Cybercrime / Cyber Fraud Terms,Cyber Scam,THIRD-PARTY,NARSS-00430.txt,State: Delhi | Author: u/deepthroatle | Score: 1 | Reddit ID: 1h5kidf
1g4efru,NARSS-00431,2026-04-10,SOUBHIK SARKAR,Reddit r/Delhi,reddit.com,2024-10-15,Is anyone else getting the 'fedex parcel' scam call?,https://www.reddit.com/r/delhi/comments/1g4efru/is_anyone_else_getting_the_fedex_parcel_scam_call/,cyber scam,General Cybercrime / Cyber Fraud Terms,Cyber Scam,THIRD-PARTY,NARSS-00431.txt,State: Delhi | Author: u/dwightkidiwanii | Score: 3 | Reddit ID: 1g4efru
1g3e9wv,NARSS-00432,2026-04-10,SOUBHIK SARKAR,Reddit r/Delhi,reddit.com,2024-10-14,couldn't figure out if it was real or a scam,https://www.reddit.com/r/delhi/comments/1g3e9wv/couldnt_figure_out_if_it_was_real_or_a_scam/,cyber scam,General Cybercrime / Cyber Fraud Terms,Cyber Scam,THIRD-PARTY,NARSS-00432.txt,State: Delhi | Author: u/shittytherapistofdog | Score: 0 | Reddit ID: 1g3e9wv
1fyxtf9,NARSS-00433,2026-04-10,SOUBHIK SARKAR,Reddit r/Delhi,reddit.com,2024-10-08,Is this a Fedex scam?,https://www.reddit.com/r/delhi/comments/1fyxtf9/is_this_a_fedex_scam/,cyber scam,General Cybercrime / Cyber Fraud Terms,Cyber Scam,THIRD-PARTY,NARSS-00433.txt,State: Delhi | Author: u/heisenberg15o1 | Score: 1 | Reddit ID: 1fyxtf9
1ezfsfq,NARSS-00434,2026-04-10,SOUBHIK SARKAR,Reddit r/Delhi,reddit.com,2024-08-23,Delhi Metro Scam of estimated INR 1000 crore ,https://www.reddit.com/r/delhi/comments/1ezfsfq/delhi_metro_scam_of_estimated_inr_1000_crore/,cyber scam,General Cybercrime / Cyber Fraud Terms,Cyber Scam,THIRD-PARTY,NARSS-00434.txt,State: Delhi | Author: u/Awesome_Neel | Score: 1 | Reddit ID: 1ezfsfq
1eqiobl,NARSS-00435,2026-04-10,SOUBHIK SARKAR,Reddit r/Delhi,reddit.com,2024-08-12,Corrective measures &amp; Compensation for privacy invasion and unwanted intrusion of lives by corrupt staff of different agencies roaming frivolously on public expense instead of putting their hands in much needed duties.,https://www.reddit.com/r/delhi/comments/1eqiobl/corrective_measures_compensation_for_privacy/,cyber scam,General Cybercrime / Cyber Fraud Terms,Cyber Scam,THIRD-PARTY,NARSS-00435.txt,State: Delhi | Author: u/Awesome_Neel | Score: 1 | Reddit ID: 1eqiobl
1eoz51a,NARSS-00436,2026-04-10,SOUBHIK SARKAR,Reddit r/Delhi,reddit.com,2024-08-10,No more Delhi Metro scams - time to improve things ,https://www.reddit.com/r/delhi/comments/1eoz51a/no_more_delhi_metro_scams_time_to_improve_things/,cyber scam,General Cybercrime / Cyber Fraud Terms,Cyber Scam,THIRD-PARTY,NARSS-00436.txt,State: Delhi | Author: u/Awesome_Neel | Score: 1 | Reddit ID: 1eoz51a
1ees4g5,NARSS-00437,2026-04-10,SOUBHIK SARKAR,Reddit r/Delhi,reddit.com,2024-07-29,"Cyber Scam in the name of Police
",https://www.reddit.com/r/delhi/comments/1ees4g5/cyber_scam_in_the_name_of_police/,cyber scam,General Cybercrime / Cyber Fraud Terms,Cyber Scam,THIRD-PARTY,NARSS-00437.txt,State: Delhi | Author: u/AdFantastic2830 | Score: 1 | Reddit ID: 1ees4g5
1cw7ygm,NARSS-00438,2026-04-10,SOUBHIK SARKAR,Reddit r/Delhi,reddit.com,2024-05-20,Scam Alert - Beware !,https://www.reddit.com/r/delhi/comments/1cw7ygm/scam_alert_beware/,cyber scam,General Cybercrime / Cyber Fraud Terms,Cyber Scam,VICTIM,NARSS-00438.txt,State: Delhi | Author: u/20chars_aint_enough | Score: 1 | Reddit ID: 1cw7ygm
1879yjt,NARSS-00439,2026-04-10,SOUBHIK SARKAR,Reddit r/Delhi,reddit.com,2023-11-30,Deepfake Video Scam in Delhi,https://www.reddit.com/r/delhi/comments/1879yjt/deepfake_video_scam_in_delhi/,cyber scam,General Cybercrime / Cyber Fraud Terms,Cyber Scam,VICTIM,NARSS-00439.txt,State: Delhi | Author: u/3_inch_dick | Score: 1 | Reddit ID: 1879yjt
pf2ai6,NARSS-00440,2026-04-10,SOUBHIK SARKAR,Reddit r/Delhi,reddit.com,2021-08-31,What kind of scam are they doing with these details?,https://www.reddit.com/r/delhi/comments/pf2ai6/what_kind_of_scam_are_they_doing_with_these/,cyber scam,General Cybercrime / Cyber Fraud Terms,Cyber Scam,NEAR-MISS,NARSS-00440.txt,State: Delhi | Author: u/bhs49 | Score: 15 | Reddit ID: pf2ai6
1kdoo60,NARSS-00441,2026-04-10,SOUBHIK SARKAR,Reddit r/Delhi,reddit.com,2025-05-03,Scam Max mueller Goethe impersonating Max mueller bhavan.,https://www.reddit.com/r/delhi/comments/1kdoo60/scam_max_mueller_goethe_impersonating_max_mueller/,online scam,General Cybercrime / Cyber Fraud Terms,Cyber Scam,THIRD-PARTY,NARSS-00441.txt,State: Delhi | Author: u/Glass-Body-485 | Score: 1 | Reddit ID: 1kdoo60
1kaku6u,NARSS-00442,2026-04-10,SOUBHIK SARKAR,Reddit r/Delhi,reddit.com,2025-04-29,"Never give money to a delivery personnel, never.",https://www.reddit.com/r/delhi/comments/1kaku6u/never_give_money_to_a_delivery_personnel_never/,online scam,General Cybercrime / Cyber Fraud Terms,Cyber Scam,NEAR-MISS,NARSS-00442.txt,State: Delhi | Author: u/itsraamu | Score: 1 | Reddit ID: 1kaku6u
1k6f1hn,NARSS-00443,2026-04-10,SOUBHIK SARKAR,Reddit r/Delhi,reddit.com,2025-04-24,Vape scam India  IVS international Dushyant Sahu scammer,https://www.reddit.com/r/delhi/comments/1k6f1hn/vape_scam_india_ivs_international_dushyant_sahu/,online scam,General Cybercrime / Cyber Fraud Terms,Cyber Scam,THIRD-PARTY,NARSS-00443.txt,State: Delhi | Author: u/Far_Juggernaut8120 | Score: 2 | Reddit ID: 1k6f1hn
1k3nn5s,NARSS-00444,2026-04-10,SOUBHIK SARKAR,Reddit r/Delhi,reddit.com,2025-04-20,"Cracked, Not Cooked: The Story of Pranav (me)",https://www.reddit.com/r/delhi/comments/1k3nn5s/cracked_not_cooked_the_story_of_pranav_me/,online scam,General Cybercrime / Cyber Fraud Terms,Cyber Scam,THIRD-PARTY,NARSS-00444.txt,State: Delhi | Author: u/Useful-Tangerine-694 | Score: 1 | Reddit ID: 1k3nn5s
1k387ip,NARSS-00445,2026-04-10,SOUBHIK SARKAR,Reddit r/Delhi,reddit.com,2025-04-20,Scam alert online!!!!,https://www.reddit.com/r/delhi/comments/1k387ip/scam_alert_online/,online scam,General Cybercrime / Cyber Fraud Terms,Cyber Scam,NEAR-MISS,NARSS-00445.txt,State: Delhi | Author: u/GaMe-X-nOoB | Score: 1 | Reddit ID: 1k387ip
1k1iy0w,NARSS-00446,2026-04-10,SOUBHIK SARKAR,Reddit r/Delhi,reddit.com,2025-04-17,Tinder Scam in Delhi – My friend just had a terrifying experience. Please stay alert.,https://www.reddit.com/r/delhi/comments/1k1iy0w/tinder_scam_in_delhi_my_friend_just_had_a/,online scam,General Cybercrime / Cyber Fraud Terms,Cyber Scam,THIRD-PARTY,NARSS-00446.txt,State: Delhi | Author: u/TheMamaSteve | Score: 1 | Reddit ID: 1k1iy0w
1k0d3t2,NARSS-00447,2026-04-10,SOUBHIK SARKAR,Reddit r/Delhi,reddit.com,2025-04-16,is Amazon India Development Centre Noida sec 62 a scam?,https://www.reddit.com/r/delhi/comments/1k0d3t2/is_amazon_india_development_centre_noida_sec_62_a/,online scam,General Cybercrime / Cyber Fraud Terms,Cyber Scam,THIRD-PARTY,NARSS-00447.txt,State: Delhi | Author: u/Silentwrath477 | Score: 1 | Reddit ID: 1k0d3t2
1jubra7,NARSS-00448,2026-04-10,SOUBHIK SARKAR,Reddit r/Delhi,reddit.com,2025-04-08,Be aware of the scam on massage republic online platform for escorts in new delhi.,https://www.reddit.com/r/delhi/comments/1jubra7/be_aware_of_the_scam_on_massage_republic_online/,online scam,General Cybercrime / Cyber Fraud Terms,Cyber Scam,THIRD-PARTY,NARSS-00448.txt,State: Delhi | Author: u/Mettalurgy | Score: 1 | Reddit ID: 1jubra7
1jha1rp,NARSS-00449,2026-04-10,SOUBHIK SARKAR,Reddit r/Delhi,reddit.com,2025-03-22,"How astrologers scam you, from a former astrologer",https://www.reddit.com/r/delhi/comments/1jha1rp/how_astrologers_scam_you_from_a_former_astrologer/,online scam,General Cybercrime / Cyber Fraud Terms,Cyber Scam,THIRD-PARTY,NARSS-00449.txt,State: Delhi | Author: u/Intelligent_Hawk_673 | Score: 1 | Reddit ID: 1jha1rp
1j4a6xd,NARSS-00450,2026-04-10,SOUBHIK SARKAR,Reddit r/Delhi,reddit.com,2025-03-06,"Guys, How not to get scammed when it comes to token amount( booking amount) for a flat which is gonna be available for rent from next month?",https://www.reddit.com/r/delhi/comments/1j4a6xd/guys_how_not_to_get_scammed_when_it_comes_to/,online scam,General Cybercrime / Cyber Fraud Terms,Cyber Scam,THIRD-PARTY,NARSS-00450.txt,State: Delhi | Author: u/whotfwasthatguy | Score: 3 | Reddit ID: 1j4a6xd
1j3xv51,NARSS-00451,2026-04-10,SOUBHIK SARKAR,Reddit r/Delhi,reddit.com,2025-03-05,UNREAL SHIT HAPPENED WITH ME AND MY FRIENDS 2 DAYS AGO!,https://www.reddit.com/r/delhi/comments/1j3xv51/unreal_shit_happened_with_me_and_my_friends_2/,online scam,General Cybercrime / Cyber Fraud Terms,Cyber Scam,THIRD-PARTY,NARSS-00451.txt,State: Delhi | Author: u/tyfun_ | Score: 1 | Reddit ID: 1j3xv51
1j3e1ik,NARSS-00452,2026-04-10,SOUBHIK SARKAR,Reddit r/Delhi,reddit.com,2025-03-04,Is online attachment always a scam ?,https://www.reddit.com/r/delhi/comments/1j3e1ik/is_online_attachment_always_a_scam/,online scam,General Cybercrime / Cyber Fraud Terms,Cyber Scam,THIRD-PARTY,NARSS-00452.txt,State: Delhi | Author: u/Responsible_Lion_209 | Score: 1 | Reddit ID: 1j3e1ik
1j0adu8,NARSS-00453,2026-04-10,SOUBHIK SARKAR,Reddit r/Delhi,reddit.com,2025-02-28,Uber Courier Scam! Help me!,https://www.reddit.com/r/delhi/comments/1j0adu8/uber_courier_scam_help_me/,online scam,General Cybercrime / Cyber Fraud Terms,Cyber Scam,THIRD-PARTY,NARSS-00453.txt,State: Delhi | Author: u/pawanaggarwal1404 | Score: 1 | Reddit ID: 1j0adu8
1iw8ejn,NARSS-00454,2026-04-10,SOUBHIK SARKAR,Reddit r/Delhi,reddit.com,2025-02-23,Have someone ever tried to scam you online or in real life ?,https://www.reddit.com/r/delhi/comments/1iw8ejn/have_someone_ever_tried_to_scam_you_online_or_in/,online scam,General Cybercrime / Cyber Fraud Terms,Cyber Scam,NEAR-MISS,NARSS-00454.txt,State: Delhi | Author: u/Signal-Drink5854 | Score: 1 | Reddit ID: 1iw8ejn
1ir05mk,NARSS-00455,2026-04-10,SOUBHIK SARKAR,Reddit r/Delhi,reddit.com,2025-02-17,"Hi, I want to buy books from my first stipend from internship, would you suggest online or offline shopping?",https://www.reddit.com/r/delhi/comments/1ir05mk/hi_i_want_to_buy_books_from_my_first_stipend_from/,online scam,General Cybercrime / Cyber Fraud Terms,Cyber Scam,THIRD-PARTY,NARSS-00455.txt,State: Delhi | Author: u/Ticket-Financial | Score: 1 | Reddit ID: 1ir05mk
1imx43n,NARSS-00456,2026-04-10,SOUBHIK SARKAR,Reddit r/Delhi,reddit.com,2025-02-11,2transgender traumatized me and my friend,https://www.reddit.com/r/delhi/comments/1imx43n/2transgender_traumatized_me_and_my_friend/,online scam,General Cybercrime / Cyber Fraud Terms,Cyber Scam,THIRD-PARTY,NARSS-00456.txt,State: Delhi | Author: u/StrangerGlad6744 | Score: 1 | Reddit ID: 1imx43n
1imjaiv,NARSS-00457,2026-04-10,SOUBHIK SARKAR,Reddit r/Delhi,reddit.com,2025-02-11,"Scammed ₹400 by a WhatsApp ""Job"" – Need Genuine Online Job Suggestions",https://www.reddit.com/r/delhi/comments/1imjaiv/scammed_400_by_a_whatsapp_job_need_genuine_online/,online scam,General Cybercrime / Cyber Fraud Terms,Cyber Scam,THIRD-PARTY,NARSS-00457.txt,State: Delhi | Author: u/Ixon11000 | Score: 1 | Reddit ID: 1imjaiv
1iixsdx,NARSS-00458,2026-04-10,SOUBHIK SARKAR,Reddit r/Delhi,reddit.com,2025-02-06,"Scam by Online Vape Seller - India - Delhi, Mumbai, Hyderabad",https://www.reddit.com/r/delhi/comments/1iixsdx/scam_by_online_vape_seller_india_delhi_mumbai/,online scam,General Cybercrime / Cyber Fraud Terms,Cyber Scam,THIRD-PARTY,NARSS-00458.txt,State: Delhi | Author: u/United-Frosting-4270 | Score: 1 | Reddit ID: 1iixsdx
1ibvabn,NARSS-00459,2026-04-10,SOUBHIK SARKAR,Reddit r/Delhi,reddit.com,2025-01-28,Best ways to find tenants for your property?,https://www.reddit.com/r/delhi/comments/1ibvabn/best_ways_to_find_tenants_for_your_property/,online scam,General Cybercrime / Cyber Fraud Terms,Cyber Scam,THIRD-PARTY,NARSS-00459.txt,State: Delhi | Author: u/chilllllnoob | Score: 1 | Reddit ID: 1ibvabn
1ibul4w,NARSS-00460,2026-04-10,SOUBHIK SARKAR,Reddit r/Delhi,reddit.com,2025-01-28,Where to but Italian charm bracelets in Delhi?,https://www.reddit.com/r/delhi/comments/1ibul4w/where_to_but_italian_charm_bracelets_in_delhi/,online scam,General Cybercrime / Cyber Fraud Terms,Cyber Scam,THIRD-PARTY,NARSS-00460.txt,State: Delhi | Author: u/Illustrious-Yam8338 | Score: 1 | Reddit ID: 1ibul4w
1iabtth,NARSS-00461,2026-04-10,SOUBHIK SARKAR,Reddit r/Delhi,reddit.com,2025-01-26,Is this new scam online,https://www.reddit.com/r/delhi/comments/1iabtth/is_this_new_scam_online/,online scam,General Cybercrime / Cyber Fraud Terms,Cyber Scam,THIRD-PARTY,NARSS-00461.txt,State: Delhi | Author: u/Longjumping_Peak_840 | Score: 1 | Reddit ID: 1iabtth
1i6mhyh,NARSS-00462,2026-04-10,SOUBHIK SARKAR,Reddit r/Delhi,reddit.com,2025-01-21,encounter with a potential scammer in metro,https://www.reddit.com/r/delhi/comments/1i6mhyh/encounter_with_a_potential_scammer_in_metro/,online scam,General Cybercrime / Cyber Fraud Terms,Cyber Scam,THIRD-PARTY,NARSS-00462.txt,State: Delhi | Author: u/assdedo | Score: 2 | Reddit ID: 1i6mhyh
1i6lt4l,NARSS-00463,2026-04-10,SOUBHIK SARKAR,Reddit r/Delhi,reddit.com,2025-01-21,What should I do when Blinkit delivery boy asks for extra money on sympathetic ground? ,https://www.reddit.com/r/delhi/comments/1i6lt4l/what_should_i_do_when_blinkit_delivery_boy_asks/,online scam,General Cybercrime / Cyber Fraud Terms,Cyber Scam,THIRD-PARTY,NARSS-00463.txt,State: Delhi | Author: u/TemporaryStraight733 | Score: 1 | Reddit ID: 1i6lt4l
1i4b9fd,NARSS-00464,2026-04-10,SOUBHIK SARKAR,Reddit r/Delhi,reddit.com,2025-01-18,Online orders scam 😭,https://www.reddit.com/r/delhi/comments/1i4b9fd/online_orders_scam/,online scam,General Cybercrime / Cyber Fraud Terms,Cyber Scam,THIRD-PARTY,NARSS-00464.txt,State: Delhi | Author: u/Additional-Button213 | Score: 1 | Reddit ID: 1i4b9fd
1hu8l67,NARSS-00465,2026-04-10,SOUBHIK SARKAR,Reddit r/Delhi,reddit.com,2025-01-05,"Online Scammer from Rohini area, delhi. He scams innocent people across the world.Even his son in the second pic is also a part of the scams. If anyone knows them, please shame them. Inform their neighbours.",https://www.reddit.com/r/delhi/comments/1hu8l67/online_scammer_from_rohini_area_delhi_he_scams/,online scam,General Cybercrime / Cyber Fraud Terms,Cyber Scam,THIRD-PARTY,NARSS-00465.txt,State: Delhi | Author: u/Front-Divide7265 | Score: 1 | Reddit ID: 1hu8l67
1htn7sg,NARSS-00466,2026-04-10,SOUBHIK SARKAR,Reddit r/Delhi,reddit.com,2025-01-05,Scam by delivery boy,https://www.reddit.com/r/delhi/comments/1htn7sg/scam_by_delivery_boy/,online scam,General Cybercrime / Cyber Fraud Terms,Cyber Scam,VICTIM,NARSS-00466.txt,State: Delhi | Author: u/ShirtDecent3183 | Score: 7 | Reddit ID: 1htn7sg
1htc2nm,NARSS-00467,2026-04-10,SOUBHIK SARKAR,Reddit r/Delhi,reddit.com,2025-01-04,Got Scammed by Swiggy Delivery Partner Today,https://www.reddit.com/r/delhi/comments/1htc2nm/got_scammed_by_swiggy_delivery_partner_today/,online scam,General Cybercrime / Cyber Fraud Terms,Cyber Scam,THIRD-PARTY,NARSS-00467.txt,State: Delhi | Author: u/chillchowow | Score: 1 | Reddit ID: 1htc2nm
1htc1ve,NARSS-00468,2026-04-10,SOUBHIK SARKAR,Reddit r/Delhi,reddit.com,2025-01-04,Got Scammed by Swiggy Today,https://www.reddit.com/r/delhi/comments/1htc1ve/got_scammed_by_swiggy_today/,online scam,General Cybercrime / Cyber Fraud Terms,Cyber Scam,THIRD-PARTY,NARSS-00468.txt,State: Delhi | Author: u/chillchowow | Score: 1 | Reddit ID: 1htc1ve
1hfi2af,NARSS-00469,2026-04-10,SOUBHIK SARKAR,Reddit r/Delhi,reddit.com,2024-12-16,NPCI issues an advisory about 'online scams' that Indians are losing crores to,https://www.reddit.com/r/delhi/comments/1hfi2af/npci_issues_an_advisory_about_online_scams_that/,online scam,General Cybercrime / Cyber Fraud Terms,Cyber Scam,THIRD-PARTY,NARSS-00469.txt,State: Delhi | Author: u/VCardBGone | Score: 1 | Reddit ID: 1hfi2af
1hevfsi,NARSS-00470,2026-04-10,SOUBHIK SARKAR,Reddit r/Delhi,reddit.com,2024-12-15,Diagnosis scam or not?,https://www.reddit.com/r/delhi/comments/1hevfsi/diagnosis_scam_or_not/,online scam,General Cybercrime / Cyber Fraud Terms,Cyber Scam,THIRD-PARTY,NARSS-00470.txt,State: Delhi | Author: u/RiseBig1652 | Score: 1 | Reddit ID: 1hevfsi
1h5jbr9,NARSS-00471,2026-04-10,SOUBHIK SARKAR,Reddit r/Delhi,reddit.com,2024-12-03,Be aware from online scam ,https://www.reddit.com/r/delhi/comments/1h5jbr9/be_aware_from_online_scam/,online scam,General Cybercrime / Cyber Fraud Terms,Cyber Scam,THIRD-PARTY,NARSS-00471.txt,State: Delhi | Author: u/berozgarr | Score: 1 | Reddit ID: 1h5jbr9
1h3bvln,NARSS-00472,2026-04-10,SOUBHIK SARKAR,Reddit r/Delhi,reddit.com,2024-11-30,Today I Saved From a Scam at Metro,https://www.reddit.com/r/delhi/comments/1h3bvln/today_i_saved_from_a_scam_at_metro/,online scam,General Cybercrime / Cyber Fraud Terms,Cyber Scam,THIRD-PARTY,NARSS-00472.txt,State: Delhi | Author: u/Unknownimous_Haha | Score: 1 | Reddit ID: 1h3bvln
1h2gdwx,NARSS-00473,2026-04-10,SOUBHIK SARKAR,Reddit r/Delhi,reddit.com,2024-11-29,Was I scammed online?,https://www.reddit.com/r/delhi/comments/1h2gdwx/was_i_scammed_online/,online scam,General Cybercrime / Cyber Fraud Terms,Cyber Scam,THIRD-PARTY,NARSS-00473.txt,State: Delhi | Author: u/ashwin313 | Score: 1 | Reddit ID: 1h2gdwx
1gzfia3,NARSS-00474,2026-04-10,SOUBHIK SARKAR,Reddit r/Delhi,reddit.com,2024-11-25,Fraud by Zomato Delivery agent,https://www.reddit.com/r/delhi/comments/1gzfia3/fraud_by_zomato_delivery_agent/,online scam,General Cybercrime / Cyber Fraud Terms,Cyber Scam,VICTIM,NARSS-00474.txt,State: Delhi | Author: u/cen_pai | Score: 1 | Reddit ID: 1gzfia3
1gzf8ja,NARSS-00475,2026-04-10,SOUBHIK SARKAR,Reddit r/Delhi,reddit.com,2024-11-25,Fraud by Zomato Delivery agent,https://www.reddit.com/r/delhi/comments/1gzf8ja/fraud_by_zomato_delivery_agent/,online scam,General Cybercrime / Cyber Fraud Terms,Cyber Scam,VICTIM,NARSS-00475.txt,State: Delhi | Author: u/cen_pai | Score: 1 | Reddit ID: 1gzf8ja
1gonrhc,NARSS-00476,2026-04-10,SOUBHIK SARKAR,Reddit r/Delhi,reddit.com,2024-11-11,Scammed the scammer in the metro :D,https://www.reddit.com/r/delhi/comments/1gonrhc/scammed_the_scammer_in_the_metro_d/,online scam,General Cybercrime / Cyber Fraud Terms,Cyber Scam,THIRD-PARTY,NARSS-00476.txt,State: Delhi | Author: u/NushMish | Score: 1 | Reddit ID: 1gonrhc
1gecn4l,NARSS-00477,2026-04-10,SOUBHIK SARKAR,Reddit r/Delhi,reddit.com,2024-10-29,Online Money Scam with me,https://www.reddit.com/r/delhi/comments/1gecn4l/online_money_scam_with_me/,online scam,General Cybercrime / Cyber Fraud Terms,Cyber Scam,THIRD-PARTY,NARSS-00477.txt,State: Delhi | Author: u/tenzdravis | Score: 1 | Reddit ID: 1gecn4l
1fzpyto,NARSS-00478,2026-04-10,SOUBHIK SARKAR,Reddit r/Delhi,reddit.com,2024-10-09,Online Scam are getting common! ,https://www.reddit.com/r/delhi/comments/1fzpyto/online_scam_are_getting_common/,online scam,General Cybercrime / Cyber Fraud Terms,Cyber Scam,THIRD-PARTY,NARSS-00478.txt,State: Delhi | Author: u/Defiant_Grass781 | Score: 1 | Reddit ID: 1fzpyto
1fvx5xb,NARSS-00479,2026-04-10,SOUBHIK SARKAR,Reddit r/Delhi,reddit.com,2024-10-04,Not an online scam delhi,https://www.reddit.com/r/delhi/comments/1fvx5xb/not_an_online_scam_delhi/,online scam,General Cybercrime / Cyber Fraud Terms,Cyber Scam,THIRD-PARTY,NARSS-00479.txt,State: Delhi | Author: u/Fluffy-Cricket-8940 | Score: 2 | Reddit ID: 1fvx5xb
1fvj75i,NARSS-00480,2026-04-10,SOUBHIK SARKAR,Reddit r/Delhi,reddit.com,2024-10-04,Where do I get vapes? ??,https://www.reddit.com/r/delhi/comments/1fvj75i/where_do_i_get_vapes/,online scam,General Cybercrime / Cyber Fraud Terms,Cyber Scam,THIRD-PARTY,NARSS-00480.txt,State: Delhi | Author: u/NorthClassroom2266 | Score: 0 | Reddit ID: 1fvj75i
1fne3ds,NARSS-00481,2026-04-10,SOUBHIK SARKAR,Reddit r/Delhi,reddit.com,2024-09-23,Scammed.... help me please ,https://www.reddit.com/r/delhi/comments/1fne3ds/scammed_help_me_please/,online scam,General Cybercrime / Cyber Fraud Terms,Cyber Scam,THIRD-PARTY,NARSS-00481.txt,State: Delhi | Author: u/atthefork | Score: 1 | Reddit ID: 1fne3ds
1fn04h4,NARSS-00482,2026-04-10,SOUBHIK SARKAR,Reddit r/Delhi,reddit.com,2024-09-23,Saw a Grown-Up Porter Delivery Guy Cry,https://www.reddit.com/r/delhi/comments/1fn04h4/saw_a_grownup_porter_delivery_guy_cry/,online scam,General Cybercrime / Cyber Fraud Terms,Cyber Scam,THIRD-PARTY,NARSS-00482.txt,State: Delhi | Author: u/FearlessPipe5100 | Score: 264 | Reddit ID: 1fn04h4
1fjmuo5,NARSS-00483,2026-04-10,SOUBHIK SARKAR,Reddit r/Delhi,reddit.com,2024-09-18,Grandfather Lost 1 crore in online scam ,https://www.reddit.com/r/delhi/comments/1fjmuo5/grandfather_lost_1_crore_in_online_scam/,online scam,General Cybercrime / Cyber Fraud Terms,Cyber Scam,THIRD-PARTY,NARSS-00483.txt,State: Delhi | Author: u/Savings-Start-1032 | Score: 1 | Reddit ID: 1fjmuo5
1fjmtox,NARSS-00484,2026-04-10,SOUBHIK SARKAR,Reddit r/Delhi,reddit.com,2024-09-18,1 CRORE ONLINE TRADING SCAM,https://www.reddit.com/r/delhi/comments/1fjmtox/1_crore_online_trading_scam/,online scam,General Cybercrime / Cyber Fraud Terms,Cyber Scam,THIRD-PARTY,NARSS-00484.txt,State: Delhi | Author: u/Savings-Start-1032 | Score: 1 | Reddit ID: 1fjmtox
1fabosw,NARSS-00485,2026-04-10,SOUBHIK SARKAR,Reddit r/Delhi,reddit.com,2024-09-06,Flipkart is selling our data ! New courier scam in Delhi,https://www.reddit.com/r/delhi/comments/1fabosw/flipkart_is_selling_our_data_new_courier_scam_in/,online scam,General Cybercrime / Cyber Fraud Terms,Cyber Scam,THIRD-PARTY,NARSS-00485.txt,State: Delhi | Author: u/stech99 | Score: 1 | Reddit ID: 1fabosw
1f5xk1i,NARSS-00486,2026-04-10,SOUBHIK SARKAR,Reddit r/Delhi,reddit.com,2024-09-01,Pathetic: Got Scammed twice within 5 minutes at Delhi Airport Metro,https://www.reddit.com/r/delhi/comments/1f5xk1i/pathetic_got_scammed_twice_within_5_minutes_at/,online scam,General Cybercrime / Cyber Fraud Terms,Cyber Scam,VICTIM,NARSS-00486.txt,State: Delhi | Author: u/blissful_karma | Score: 1 | Reddit ID: 1f5xk1i
1f4296i,NARSS-00487,2026-04-10,SOUBHIK SARKAR,Reddit r/Delhi,reddit.com,2024-08-29,Is this a university scam ? ,https://www.reddit.com/r/delhi/comments/1f4296i/is_this_a_university_scam/,online scam,General Cybercrime / Cyber Fraud Terms,Cyber Scam,THIRD-PARTY,NARSS-00487.txt,State: Delhi | Author: u/desperatedick69 | Score: 1 | Reddit ID: 1f4296i
1f1ml5n,NARSS-00488,2026-04-10,SOUBHIK SARKAR,Reddit r/Delhi,reddit.com,2024-08-26,"Got scammed by an escort service provider off of 5k rupees, feeling like killing myself rn.",https://www.reddit.com/r/delhi/comments/1f1ml5n/got_scammed_by_an_escort_service_provider_off_of/,online scam,General Cybercrime / Cyber Fraud Terms,Cyber Scam,VICTIM,NARSS-00488.txt,State: Delhi | Author: u/Uber_Killer_445 | Score: 1 | Reddit ID: 1f1ml5n
1eviyrq,NARSS-00489,2026-04-10,SOUBHIK SARKAR,Reddit r/Delhi,reddit.com,2024-08-19,"Planning to start an online thrift store for men, but struggling to find a trusted supplier for inventory due to scams. Any recommendations for reliable importers?",https://www.reddit.com/r/delhi/comments/1eviyrq/planning_to_start_an_online_thrift_store_for_men/,online scam,General Cybercrime / Cyber Fraud Terms,Cyber Scam,THIRD-PARTY,NARSS-00489.txt,State: Delhi | Author: u/Civil_University4673 | Score: 1 | Reddit ID: 1eviyrq
1en4p7j,NARSS-00490,2026-04-10,SOUBHIK SARKAR,Reddit r/Delhi,reddit.com,2024-08-08,Tips on how to protect yourself from scams online,https://www.reddit.com/r/delhi/comments/1en4p7j/tips_on_how_to_protect_yourself_from_scams_online/,online scam,General Cybercrime / Cyber Fraud Terms,Cyber Scam,THIRD-PARTY,NARSS-00490.txt,State: Delhi | Author: u/ChellJ0hns0n | Score: 1 | Reddit ID: 1en4p7j
1ek3to2,NARSS-00491,2026-04-10,SOUBHIK SARKAR,Reddit r/Delhi,reddit.com,2024-08-05,Literally stuck in life. Need suggestions. ,https://www.reddit.com/r/delhi/comments/1ek3to2/literally_stuck_in_life_need_suggestions/,online scam,General Cybercrime / Cyber Fraud Terms,Cyber Scam,NEAR-MISS,NARSS-00491.txt,State: Delhi | Author: u/Your__Moms__Ex | Score: 1 | Reddit ID: 1ek3to2
1efmum2,NARSS-00492,2026-04-10,SOUBHIK SARKAR,Reddit r/Delhi,reddit.com,2024-07-30,Need your help guys i got call from AAFT online fake hai ki legit kaise pta kru? They also have university in delhi and raipur I'm interested in that course but scam na ho jaaye isse dar raha hu ,https://www.reddit.com/r/delhi/comments/1efmum2/need_your_help_guys_i_got_call_from_aaft_online/,online scam,General Cybercrime / Cyber Fraud Terms,Cyber Scam,THIRD-PARTY,NARSS-00492.txt,State: Delhi | Author: u/guts-481 | Score: 1 | Reddit ID: 1efmum2
1e34zi2,NARSS-00493,2026-04-10,SOUBHIK SARKAR,Reddit r/Delhi,reddit.com,2024-07-14,Online tinder scam: need help,https://www.reddit.com/r/delhi/comments/1e34zi2/online_tinder_scam_need_help/,online scam,General Cybercrime / Cyber Fraud Terms,Cyber Scam,THIRD-PARTY,NARSS-00493.txt,State: Delhi | Author: u/mrmojorisin1993 | Score: 1 | Reddit ID: 1e34zi2
1dvnfxq,NARSS-00494,2026-04-10,SOUBHIK SARKAR,Reddit r/Delhi,reddit.com,2024-07-05,Fake fare Screen Scam on uber!,https://www.reddit.com/r/delhi/comments/1dvnfxq/fake_fare_screen_scam_on_uber/,online scam,General Cybercrime / Cyber Fraud Terms,Cyber Scam,NEAR-MISS,NARSS-00494.txt,State: Delhi | Author: u/Slow_Needleworker945 | Score: 1 | Reddit ID: 1dvnfxq
1duzjq8,NARSS-00495,2026-04-10,SOUBHIK SARKAR,Reddit r/Delhi,reddit.com,2024-07-04,Instagram scam related to account recovery,https://www.reddit.com/r/delhi/comments/1duzjq8/instagram_scam_related_to_account_recovery/,online scam,General Cybercrime / Cyber Fraud Terms,Cyber Scam,NEAR-MISS,NARSS-00495.txt,State: Delhi | Author: u/Several-Sky9987 | Score: 1 | Reddit ID: 1duzjq8
1dryjzc,NARSS-00496,2026-04-10,SOUBHIK SARKAR,Reddit r/Delhi,reddit.com,2024-06-30,Online Da(ting) app scam,https://www.reddit.com/r/delhi/comments/1dryjzc/online_dating_app_scam/,online scam,General Cybercrime / Cyber Fraud Terms,Cyber Scam,THIRD-PARTY,NARSS-00496.txt,State: Delhi | Author: u/Hellboy-90 | Score: 1 | Reddit ID: 1dryjzc
1dpskha,NARSS-00497,2026-04-10,SOUBHIK SARKAR,Reddit r/Delhi,reddit.com,2024-06-27,Is earning online even practical?,https://www.reddit.com/r/delhi/comments/1dpskha/is_earning_online_even_practical/,online scam,General Cybercrime / Cyber Fraud Terms,Cyber Scam,THIRD-PARTY,NARSS-00497.txt,State: Delhi | Author: u/twoscoopsofpain | Score: 1 | Reddit ID: 1dpskha
1degeh1,NARSS-00498,2026-04-10,SOUBHIK SARKAR,Reddit r/Delhi,reddit.com,2024-06-13,Tinder pub scam arrests,https://www.reddit.com/r/delhi/comments/1degeh1/tinder_pub_scam_arrests/,online scam,General Cybercrime / Cyber Fraud Terms,Cyber Scam,THIRD-PARTY,NARSS-00498.txt,State: Delhi | Author: u/One-Wolverine-2855 | Score: 2 | Reddit ID: 1degeh1
1dddzsn,NARSS-00499,2026-04-10,SOUBHIK SARKAR,Reddit r/Delhi,reddit.com,2024-06-11,What hotel should i go for,https://www.reddit.com/r/delhi/comments/1dddzsn/what_hotel_should_i_go_for/,online scam,General Cybercrime / Cyber Fraud Terms,Cyber Scam,NEAR-MISS,NARSS-00499.txt,State: Delhi | Author: u/systumhang | Score: 1 | Reddit ID: 1dddzsn
1d5jpti,NARSS-00500,2026-04-10,SOUBHIK SARKAR,Reddit r/Delhi,reddit.com,2024-06-01,Online payment for cash exchange scam,https://www.reddit.com/r/delhi/comments/1d5jpti/online_payment_for_cash_exchange_scam/,online scam,General Cybercrime / Cyber Fraud Terms,Cyber Scam,THIRD-PARTY,NARSS-00500.txt,State: Delhi | Author: u/Safe-Chef-1569 | Score: 1 | Reddit ID: 1d5jpti
1cwsxth,NARSS-00501,2026-04-10,SOUBHIK SARKAR,Reddit r/Delhi,reddit.com,2024-05-21,Lookout for Uber Delhi Airport Scam!!! ,https://www.reddit.com/r/delhi/comments/1cwsxth/lookout_for_uber_delhi_airport_scam/,online scam,General Cybercrime / Cyber Fraud Terms,Cyber Scam,NEAR-MISS,NARSS-00501.txt,State: Delhi | Author: u/abon_g | Score: 1 | Reddit ID: 1cwsxth
1cnra2i,NARSS-00502,2026-04-10,SOUBHIK SARKAR,Reddit r/Delhi,reddit.com,2024-05-09,Is this eye improvement program legit or a scam?,https://www.reddit.com/r/delhi/comments/1cnra2i/is_this_eye_improvement_program_legit_or_a_scam/,online scam,General Cybercrime / Cyber Fraud Terms,Cyber Scam,THIRD-PARTY,NARSS-00502.txt,State: Delhi | Author: u/Kushu23 | Score: 1 | Reddit ID: 1cnra2i
1cngmuh,NARSS-00503,2026-04-10,SOUBHIK SARKAR,Reddit r/Delhi,reddit.com,2024-05-09,How can I hire escorts legally in Delhi?,https://www.reddit.com/r/delhi/comments/1cngmuh/how_can_i_hire_escorts_legally_in_delhi/,online scam,General Cybercrime / Cyber Fraud Terms,Cyber Scam,THIRD-PARTY,NARSS-00503.txt,State: Delhi | Author: u/Aggravating_Put4083 | Score: 1 | Reddit ID: 1cngmuh
1caxyh0,NARSS-00504,2026-04-10,SOUBHIK SARKAR,Reddit r/Delhi,reddit.com,2024-04-23,Online scam cafes/bars near Karkardooma,https://www.reddit.com/r/delhi/comments/1caxyh0/online_scam_cafesbars_near_karkardooma/,online scam,General Cybercrime / Cyber Fraud Terms,Cyber Scam,THIRD-PARTY,NARSS-00504.txt,State: Delhi | Author: u/ForsakenLad | Score: 1 | Reddit ID: 1caxyh0
1bku7r0,NARSS-00505,2026-04-10,SOUBHIK SARKAR,Reddit r/Delhi,reddit.com,2024-03-22,Do you think Kejriwal is clean ?,https://www.reddit.com/r/delhi/comments/1bku7r0/do_you_think_kejriwal_is_clean/,online scam,General Cybercrime / Cyber Fraud Terms,Cyber Scam,THIRD-PARTY,NARSS-00505.txt,State: Delhi | Author: u/theAveragePappu | Score: 1 | Reddit ID: 1bku7r0
1bemlro,NARSS-00506,2026-04-10,SOUBHIK SARKAR,Reddit r/Delhi,reddit.com,2024-03-14,Got a front row seat to the infamous online job scam on telegram,https://www.reddit.com/r/delhi/comments/1bemlro/got_a_front_row_seat_to_the_infamous_online_job/,online scam,General Cybercrime / Cyber Fraud Terms,Cyber Scam,THIRD-PARTY,NARSS-00506.txt,State: Delhi | Author: u/pizziz | Score: 1 | Reddit ID: 1bemlro
1b4ortj,NARSS-00507,2026-04-10,SOUBHIK SARKAR,Reddit r/Delhi,reddit.com,2024-03-02,Is going to the Camera market ( in Chandni chowk ) worth it?,https://www.reddit.com/r/delhi/comments/1b4ortj/is_going_to_the_camera_market_in_chandni_chowk/,online scam,General Cybercrime / Cyber Fraud Terms,Cyber Scam,THIRD-PARTY,NARSS-00507.txt,State: Delhi | Author: u/aayehaaye | Score: 1 | Reddit ID: 1b4ortj
1aw1qe7,NARSS-00508,2026-04-10,SOUBHIK SARKAR,Reddit r/Delhi,reddit.com,2024-02-21,Tinder scam: The endgame [Final Update],https://www.reddit.com/r/delhi/comments/1aw1qe7/tinder_scam_the_endgame_final_update/,online scam,General Cybercrime / Cyber Fraud Terms,Cyber Scam,NEAR-MISS,NARSS-00508.txt,State: Delhi | Author: u/Researcher990 | Score: 1 | Reddit ID: 1aw1qe7
1aoqmfn,NARSS-00509,2026-04-10,SOUBHIK SARKAR,Reddit r/Delhi,reddit.com,2024-02-12,Can GPay Payment protect me against scam or cheating when buying online?,https://www.reddit.com/r/delhi/comments/1aoqmfn/can_gpay_payment_protect_me_against_scam_or/,online scam,General Cybercrime / Cyber Fraud Terms,Cyber Scam,THIRD-PARTY,NARSS-00509.txt,State: Delhi | Author: u/passionguesthouse | Score: 1 | Reddit ID: 1aoqmfn
18ukpal,NARSS-00510,2026-04-10,SOUBHIK SARKAR,Reddit r/Delhi,reddit.com,2023-12-30,I think I narrowly escaped from being scammed,https://www.reddit.com/r/delhi/comments/18ukpal/i_think_i_narrowly_escaped_from_being_scammed/,online scam,General Cybercrime / Cyber Fraud Terms,Cyber Scam,VICTIM,NARSS-00510.txt,State: Delhi | Author: u/MseMahi | Score: 1 | Reddit ID: 18ukpal
18udavo,NARSS-00511,2026-04-10,SOUBHIK SARKAR,Reddit r/Delhi,reddit.com,2023-12-30,Apps to re-sell clothes?,https://www.reddit.com/r/delhi/comments/18udavo/apps_to_resell_clothes/,online scam,General Cybercrime / Cyber Fraud Terms,Cyber Scam,THIRD-PARTY,NARSS-00511.txt,State: Delhi | Author: u/reloading190 | Score: 1 | Reddit ID: 18udavo
18nfbel,NARSS-00512,2026-04-10,SOUBHIK SARKAR,Reddit r/Delhi,reddit.com,2023-12-21,Should I book a hotel online? Are there any precautions I should take?,https://www.reddit.com/r/delhi/comments/18nfbel/should_i_book_a_hotel_online_are_there_any/,online scam,General Cybercrime / Cyber Fraud Terms,Cyber Scam,THIRD-PARTY,NARSS-00512.txt,State: Delhi | Author: u/pm_me_ur_selfie99 | Score: 1 | Reddit ID: 18nfbel
183ef0y,NARSS-00513,2026-04-10,SOUBHIK SARKAR,Reddit r/Delhi,reddit.com,2023-11-25,New scam arising in Delhi and NCR area,https://www.reddit.com/r/delhi/comments/183ef0y/new_scam_arising_in_delhi_and_ncr_area/,online scam,General Cybercrime / Cyber Fraud Terms,Cyber Scam,THIRD-PARTY,NARSS-00513.txt,State: Delhi | Author: u/FarAdvice9417 | Score: 1 | Reddit ID: 183ef0y
17qg5n1,NARSS-00514,2026-04-10,SOUBHIK SARKAR,Reddit r/Delhi,reddit.com,2023-11-08,Anybody knows Stephen Lord? Is he a legit one?,https://www.reddit.com/r/delhi/comments/17qg5n1/anybody_knows_stephen_lord_is_he_a_legit_one/,online scam,General Cybercrime / Cyber Fraud Terms,Cyber Scam,THIRD-PARTY,NARSS-00514.txt,State: Delhi | Author: u/Agitated-Werewolf-73 | Score: 1 | Reddit ID: 17qg5n1
17nl24i,NARSS-00515,2026-04-10,SOUBHIK SARKAR,Reddit r/Delhi,reddit.com,2023-11-04,Find solutions to global conflicts/problems by participating in the upcoming International Model United Nations!,https://www.reddit.com/r/delhi/comments/17nl24i/find_solutions_to_global_conflictsproblems_by/,online scam,General Cybercrime / Cyber Fraud Terms,Cyber Scam,THIRD-PARTY,NARSS-00515.txt,State: Delhi | Author: u/Moonbot_69 | Score: 1 | Reddit ID: 17nl24i
17ixqwn,NARSS-00516,2026-04-10,SOUBHIK SARKAR,Reddit r/Delhi,reddit.com,2023-10-29,Can we order Alcoholic beer online in Delhi?,https://www.reddit.com/r/delhi/comments/17ixqwn/can_we_order_alcoholic_beer_online_in_delhi/,online scam,General Cybercrime / Cyber Fraud Terms,Cyber Scam,THIRD-PARTY,NARSS-00516.txt,State: Delhi | Author: u/happy_writer111 | Score: 1 | Reddit ID: 17ixqwn
17dzkwd,NARSS-00517,2026-04-10,SOUBHIK SARKAR,Reddit r/Delhi,reddit.com,2023-10-22,Tinder date scam avoided by me today.,https://www.reddit.com/r/delhi/comments/17dzkwd/tinder_date_scam_avoided_by_me_today/,online scam,General Cybercrime / Cyber Fraud Terms,Cyber Scam,THIRD-PARTY,NARSS-00517.txt,State: Delhi | Author: u/1997vd | Score: 1 | Reddit ID: 17dzkwd
16ucatf,NARSS-00518,2026-04-10,SOUBHIK SARKAR,Reddit r/Delhi,reddit.com,2023-09-28,Visiting Delhi &amp; Agra with aged (65+) parents. Anything that I should know that’d help us?,https://www.reddit.com/r/delhi/comments/16ucatf/visiting_delhi_agra_with_aged_65_parents_anything/,online scam,General Cybercrime / Cyber Fraud Terms,Cyber Scam,THIRD-PARTY,NARSS-00518.txt,State: Delhi | Author: u/JuniorData | Score: 1 | Reddit ID: 16ucatf
16q4tmf,NARSS-00519,2026-04-10,SOUBHIK SARKAR,Reddit r/Delhi,reddit.com,2023-09-23,Why scammers don't feel bad after scamming poor people?,https://www.reddit.com/r/delhi/comments/16q4tmf/why_scammers_dont_feel_bad_after_scamming_poor/,online scam,General Cybercrime / Cyber Fraud Terms,Cyber Scam,THIRD-PARTY,NARSS-00519.txt,State: Delhi | Author: u/chuchupu | Score: 1 | Reddit ID: 16q4tmf
16lbv5j,NARSS-00520,2026-04-10,SOUBHIK SARKAR,Reddit r/Delhi,reddit.com,2023-09-18,Online video scam help!,https://www.reddit.com/r/delhi/comments/16lbv5j/online_video_scam_help/,online scam,General Cybercrime / Cyber Fraud Terms,Cyber Scam,THIRD-PARTY,NARSS-00520.txt,State: Delhi | Author: u/Neither_Pay3816 | Score: 1 | Reddit ID: 16lbv5j
16k49ss,NARSS-00521,2026-04-10,SOUBHIK SARKAR,Reddit r/Delhi,reddit.com,2023-09-16,Anything like House Party scam?,https://www.reddit.com/r/delhi/comments/16k49ss/anything_like_house_party_scam/,online scam,General Cybercrime / Cyber Fraud Terms,Cyber Scam,THIRD-PARTY,NARSS-00521.txt,State: Delhi | Author: u/Severe_Living1732 | Score: 1 | Reddit ID: 16k49ss
16k48nl,NARSS-00522,2026-04-10,SOUBHIK SARKAR,Reddit r/Delhi,reddit.com,2023-09-16,"Urgent Help Needed: Fell Victim to an Online Scam, Struggling to Pay Rent",https://www.reddit.com/r/delhi/comments/16k48nl/urgent_help_needed_fell_victim_to_an_online_scam/,online scam,General Cybercrime / Cyber Fraud Terms,Cyber Scam,THIRD-PARTY,NARSS-00522.txt,State: Delhi | Author: u/No-Comedian-3961 | Score: 1 | Reddit ID: 16k48nl
16k48ne,NARSS-00523,2026-04-10,SOUBHIK SARKAR,Reddit r/Delhi,reddit.com,2023-09-16,"Urgent Help Needed: Fell Victim to an Online Scam, Struggling to Pay Rent",https://www.reddit.com/r/delhi/comments/16k48ne/urgent_help_needed_fell_victim_to_an_online_scam/,online scam,General Cybercrime / Cyber Fraud Terms,Cyber Scam,THIRD-PARTY,NARSS-00523.txt,State: Delhi | Author: u/No-Comedian-3961 | Score: 1 | Reddit ID: 16k48ne
16ipxr4,NARSS-00524,2026-04-10,SOUBHIK SARKAR,Reddit r/Delhi,reddit.com,2023-09-14,Got Scammed - Need Affordable Dormatory for 9 People,https://www.reddit.com/r/delhi/comments/16ipxr4/got_scammed_need_affordable_dormatory_for_9_people/,online scam,General Cybercrime / Cyber Fraud Terms,Cyber Scam,THIRD-PARTY,NARSS-00524.txt,State: Delhi | Author: u/AdministrationOdd116 | Score: 1 | Reddit ID: 16ipxr4
16hu52z,NARSS-00525,2026-04-10,SOUBHIK SARKAR,Reddit r/Delhi,reddit.com,2023-09-13,Is this a SCAM? or something else .,https://www.reddit.com/r/delhi/comments/16hu52z/is_this_a_scam_or_something_else/,online scam,General Cybercrime / Cyber Fraud Terms,Cyber Scam,NEAR-MISS,NARSS-00525.txt,State: Delhi | Author: u/Different-Carrot-432 | Score: 1 | Reddit ID: 16hu52z
16awt1x,NARSS-00526,2026-04-10,SOUBHIK SARKAR,Reddit r/Delhi,reddit.com,2023-09-06,Searching for internship,https://www.reddit.com/r/delhi/comments/16awt1x/searching_for_internship/,online scam,General Cybercrime / Cyber Fraud Terms,Cyber Scam,THIRD-PARTY,NARSS-00526.txt,State: Delhi | Author: u/Safe-Loquat2671 | Score: 1 | Reddit ID: 16awt1x
15okg8s,NARSS-00527,2026-04-10,SOUBHIK SARKAR,Reddit r/Delhi,reddit.com,2023-08-12,Amazon scammed me of 34k and I will be suing them. Need your suggestions.,https://www.reddit.com/r/delhi/comments/15okg8s/amazon_scammed_me_of_34k_and_i_will_be_suing_them/,online scam,General Cybercrime / Cyber Fraud Terms,Cyber Scam,NEAR-MISS,NARSS-00527.txt,State: Delhi | Author: u/AnshulGupta_ | Score: 5 | Reddit ID: 15okg8s
15f7c38,NARSS-00528,2026-04-10,SOUBHIK SARKAR,Reddit r/Delhi,reddit.com,2023-08-01,What is this online dating scam happening in delhi ???,https://www.reddit.com/r/delhi/comments/15f7c38/what_is_this_online_dating_scam_happening_in_delhi/,online scam,General Cybercrime / Cyber Fraud Terms,Cyber Scam,THIRD-PARTY,NARSS-00528.txt,State: Delhi | Author: u/aviiii18 | Score: 0 | Reddit ID: 15f7c38
15dmiez,NARSS-00529,2026-04-10,SOUBHIK SARKAR,Reddit r/Delhi,reddit.com,2023-07-30,ONLINE SCAMMS? SINCE EVERYONE IS TALKINGG,https://www.reddit.com/r/delhi/comments/15dmiez/online_scamms_since_everyone_is_talkingg/,online scam,General Cybercrime / Cyber Fraud Terms,Cyber Scam,THIRD-PARTY,NARSS-00529.txt,State: Delhi | Author: u/Amitoostoned | Score: 4 | Reddit ID: 15dmiez
155pix4,NARSS-00530,2026-04-10,SOUBHIK SARKAR,Reddit r/Delhi,reddit.com,2023-07-21,FOOD DIGGER SCAM ALERT !,https://www.reddit.com/r/delhi/comments/155pix4/food_digger_scam_alert/,online scam,General Cybercrime / Cyber Fraud Terms,Cyber Scam,VICTIM,NARSS-00530.txt,State: Delhi | Author: u/Severe_Living1732 | Score: 6 | Reddit ID: 155pix4
152r7jd,NARSS-00531,2026-04-10,SOUBHIK SARKAR,Reddit r/Delhi,reddit.com,2023-07-18,"You are responsible for getting scammed, Stop acting like a Victim",https://www.reddit.com/r/delhi/comments/152r7jd/you_are_responsible_for_getting_scammed_stop/,online scam,General Cybercrime / Cyber Fraud Terms,Cyber Scam,THIRD-PARTY,NARSS-00531.txt,State: Delhi | Author: u/shameless_infant | Score: 1 | Reddit ID: 152r7jd
14z559g,NARSS-00532,2026-04-10,SOUBHIK SARKAR,Reddit r/Delhi,reddit.com,2023-07-14,Is there any genuine male /Playboy service in Delhi?,https://www.reddit.com/r/delhi/comments/14z559g/is_there_any_genuine_male_playboy_service_in_delhi/,online scam,General Cybercrime / Cyber Fraud Terms,Cyber Scam,THIRD-PARTY,NARSS-00532.txt,State: Delhi | Author: u/brother_kun | Score: 1 | Reddit ID: 14z559g
14llgfk,NARSS-00533,2026-04-10,SOUBHIK SARKAR,Reddit r/Delhi,reddit.com,2023-06-29,BEWARE - Air Vistara Secret - STUDENTS SCAM,https://www.reddit.com/r/delhi/comments/14llgfk/beware_air_vistara_secret_students_scam/,online scam,General Cybercrime / Cyber Fraud Terms,Cyber Scam,NEAR-MISS,NARSS-00533.txt,State: Delhi | Author: u/farahmir4 | Score: 26 | Reddit ID: 14llgfk
14kl1li,NARSS-00534,2026-04-10,SOUBHIK SARKAR,Reddit r/Delhi,reddit.com,2023-06-27,Is this a Myntra Scam or am I just tripping?,https://www.reddit.com/r/delhi/comments/14kl1li/is_this_a_myntra_scam_or_am_i_just_tripping/,online scam,General Cybercrime / Cyber Fraud Terms,Cyber Scam,THIRD-PARTY,NARSS-00534.txt,State: Delhi | Author: u/Silverblade_Sons | Score: 1 | Reddit ID: 14kl1li
1408jyw,NARSS-00535,2026-04-10,SOUBHIK SARKAR,Reddit r/Delhi,reddit.com,2023-06-04,About Van gogh 360?,https://www.reddit.com/r/delhi/comments/1408jyw/about_van_gogh_360/,online scam,General Cybercrime / Cyber Fraud Terms,Cyber Scam,THIRD-PARTY,NARSS-00535.txt,State: Delhi | Author: u/chewthepie_ | Score: 0 | Reddit ID: 1408jyw
13nulm5,NARSS-00536,2026-04-10,SOUBHIK SARKAR,Reddit r/Delhi,reddit.com,2023-05-21,"Tech savy people, please guide me!!!!",https://www.reddit.com/r/delhi/comments/13nulm5/tech_savy_people_please_guide_me/,online scam,General Cybercrime / Cyber Fraud Terms,Cyber Scam,THIRD-PARTY,NARSS-00536.txt,State: Delhi | Author: u/AdPrestigious5853 | Score: 3 | Reddit ID: 13nulm5
13mq5fg,NARSS-00537,2026-04-10,SOUBHIK SARKAR,Reddit r/Delhi,reddit.com,2023-05-20,Anyone offering any internships?,https://www.reddit.com/r/delhi/comments/13mq5fg/anyone_offering_any_internships/,online scam,General Cybercrime / Cyber Fraud Terms,Cyber Scam,THIRD-PARTY,NARSS-00537.txt,State: Delhi | Author: u/isupportpewds | Score: 2 | Reddit ID: 13mq5fg
13axgth,NARSS-00538,2026-04-10,SOUBHIK SARKAR,Reddit r/Delhi,reddit.com,2023-05-07,be careful of the croma lucky draw scam,https://www.reddit.com/r/delhi/comments/13axgth/be_careful_of_the_croma_lucky_draw_scam/,online scam,General Cybercrime / Cyber Fraud Terms,Cyber Scam,THIRD-PARTY,NARSS-00538.txt,State: Delhi | Author: u/Strong_Ad_1989 | Score: 6 | Reddit ID: 13axgth
128g8o2,NARSS-00539,2026-04-10,SOUBHIK SARKAR,Reddit r/Delhi,reddit.com,2023-04-01,Am I getting scammed?,https://www.reddit.com/r/delhi/comments/128g8o2/am_i_getting_scammed/,online scam,General Cybercrime / Cyber Fraud Terms,Cyber Scam,VICTIM,NARSS-00539.txt,State: Delhi | Author: u/Miserable_Soil_9250 | Score: 1 | Reddit ID: 128g8o2
1039mdm,NARSS-00540,2026-04-10,SOUBHIK SARKAR,Reddit r/Delhi,reddit.com,2023-01-04,Disposable vapes,https://www.reddit.com/r/delhi/comments/1039mdm/disposable_vapes/,online scam,General Cybercrime / Cyber Fraud Terms,Cyber Scam,THIRD-PARTY,NARSS-00540.txt,State: Delhi | Author: u/Upstairs_Diamond_ | Score: 3 | Reddit ID: 1039mdm
yxry7e,NARSS-00541,2026-04-10,SOUBHIK SARKAR,Reddit r/Delhi,reddit.com,2022-11-17,is Pacific holiday world genuine?,https://www.reddit.com/r/delhi/comments/yxry7e/is_pacific_holiday_world_genuine/,online scam,General Cybercrime / Cyber Fraud Terms,Cyber Scam,THIRD-PARTY,NARSS-00541.txt,State: Delhi | Author: u/kal_aana | Score: 1 | Reddit ID: yxry7e
yigjle,NARSS-00542,2026-04-10,SOUBHIK SARKAR,Reddit r/Delhi,reddit.com,2022-10-31,Online Scam awareness!,https://www.reddit.com/r/delhi/comments/yigjle/online_scam_awareness/,online scam,General Cybercrime / Cyber Fraud Terms,Cyber Scam,THIRD-PARTY,NARSS-00542.txt,State: Delhi | Author: u/[deleted] | Score: 1 | Reddit ID: yigjle
vtnynj,NARSS-00543,2026-04-10,SOUBHIK SARKAR,Reddit r/Delhi,reddit.com,2022-07-07,Good Podiatrist/Surgeon in Delhi/Noida?,https://www.reddit.com/r/delhi/comments/vtnynj/good_podiatristsurgeon_in_delhinoida/,online scam,General Cybercrime / Cyber Fraud Terms,Cyber Scam,THIRD-PARTY,NARSS-00543.txt,State: Delhi | Author: u/[deleted] | Score: 1 | Reddit ID: vtnynj
v95t1f,NARSS-00544,2026-04-10,SOUBHIK SARKAR,Reddit r/Delhi,reddit.com,2022-06-10,Got scammed. What can be done?,https://www.reddit.com/r/delhi/comments/v95t1f/got_scammed_what_can_be_done/,online scam,General Cybercrime / Cyber Fraud Terms,Cyber Scam,THIRD-PARTY,NARSS-00544.txt,State: Delhi | Author: u/21N-Dope | Score: 9 | Reddit ID: v95t1f
t26b6n,NARSS-00545,2026-04-10,SOUBHIK SARKAR,Reddit r/Delhi,reddit.com,2022-02-27,How to report a scam/theft to the Delhi Police,https://www.reddit.com/r/delhi/comments/t26b6n/how_to_report_a_scamtheft_to_the_delhi_police/,online scam,General Cybercrime / Cyber Fraud Terms,Cyber Scam,THIRD-PARTY,NARSS-00545.txt,State: Delhi | Author: u/manikraina | Score: 3 | Reddit ID: t26b6n
sl3fiq,NARSS-00546,2026-04-10,SOUBHIK SARKAR,Reddit r/Delhi,reddit.com,2022-02-05,Hepatitis-B/Typhoid Liberation campaign???,https://www.reddit.com/r/delhi/comments/sl3fiq/hepatitisbtyphoid_liberation_campaign/,online scam,General Cybercrime / Cyber Fraud Terms,Cyber Scam,THIRD-PARTY,NARSS-00546.txt,State: Delhi | Author: u/whichpea | Score: 2 | Reddit ID: sl3fiq
s2wlqz,NARSS-00547,2026-04-10,SOUBHIK SARKAR,Reddit r/Delhi,reddit.com,2022-01-13,How can a introvert can get into dating?,https://www.reddit.com/r/delhi/comments/s2wlqz/how_can_a_introvert_can_get_into_dating/,online scam,General Cybercrime / Cyber Fraud Terms,Cyber Scam,THIRD-PARTY,NARSS-00547.txt,State: Delhi | Author: u/silentwrath47 | Score: 8 | Reddit ID: s2wlqz
o3z1b8,NARSS-00548,2026-04-10,SOUBHIK SARKAR,Reddit r/Delhi,reddit.com,2021-06-20,Does anyone know about rajdhanitools.com? Is it a scam?,https://www.reddit.com/r/delhi/comments/o3z1b8/does_anyone_know_about_rajdhanitoolscom_is_it_a/,online scam,General Cybercrime / Cyber Fraud Terms,Cyber Scam,THIRD-PARTY,NARSS-00548.txt,State: Delhi | Author: u/inj_ni_krinde | Score: 5 | Reddit ID: o3z1b8
1k710nx,NARSS-00549,2026-04-10,SOUBHIK SARKAR,Reddit r/Delhi,reddit.com,2025-04-25,India ? What happened to us ? Are we failing??,https://www.reddit.com/r/delhi/comments/1k710nx/india_what_happened_to_us_are_we_failing/,internet scam,General Cybercrime / Cyber Fraud Terms,Cyber Scam,THIRD-PARTY,NARSS-00549.txt,State: Delhi | Author: u/iam_therefore_iam | Score: 0 | Reddit ID: 1k710nx
1impimw,NARSS-00550,2026-04-10,SOUBHIK SARKAR,Reddit r/Delhi,reddit.com,2025-02-11,Karol Bagh Consulatancy Scam,https://www.reddit.com/r/delhi/comments/1impimw/karol_bagh_consulatancy_scam/,internet scam,General Cybercrime / Cyber Fraud Terms,Cyber Scam,THIRD-PARTY,NARSS-00550.txt,State: Delhi | Author: u/Bharadwaj- | Score: 1 | Reddit ID: 1impimw
1hs3xh1,NARSS-00551,2026-04-10,SOUBHIK SARKAR,Reddit r/Delhi,reddit.com,2025-01-03,Screwed up real bad this time ,https://www.reddit.com/r/delhi/comments/1hs3xh1/screwed_up_real_bad_this_time/,internet scam,General Cybercrime / Cyber Fraud Terms,Cyber Scam,VICTIM,NARSS-00551.txt,State: Delhi | Author: u/I_just_lost_my_daawg | Score: 1 | Reddit ID: 1hs3xh1
1h9cayj,NARSS-00552,2026-04-10,SOUBHIK SARKAR,Reddit r/Delhi,reddit.com,2024-12-08,ACT internet is a scam ,https://www.reddit.com/r/delhi/comments/1h9cayj/act_internet_is_a_scam/,internet scam,General Cybercrime / Cyber Fraud Terms,Cyber Scam,THIRD-PARTY,NARSS-00552.txt,State: Delhi | Author: u/Classic-Razzmatazz-8 | Score: 1 | Reddit ID: 1h9cayj
1fxddly,NARSS-00553,2026-04-10,SOUBHIK SARKAR,Reddit r/Delhi,reddit.com,2024-10-06,What’s the best fiber internet in Delhi (North)?,https://www.reddit.com/r/delhi/comments/1fxddly/whats_the_best_fiber_internet_in_delhi_north/,internet scam,General Cybercrime / Cyber Fraud Terms,Cyber Scam,THIRD-PARTY,NARSS-00553.txt,State: Delhi | Author: u/Anakin_coffee | Score: 1 | Reddit ID: 1fxddly
1cds0js,NARSS-00554,2026-04-10,SOUBHIK SARKAR,Reddit r/Delhi,reddit.com,2024-04-26,Can I interest you into earning money online whilst you might be scrolling on Reddit or watching YouTube ? ,https://www.reddit.com/r/delhi/comments/1cds0js/can_i_interest_you_into_earning_money_online/,internet scam,General Cybercrime / Cyber Fraud Terms,Cyber Scam,THIRD-PARTY,NARSS-00554.txt,State: Delhi | Author: u/REDHOTCHILLIDIAPERZ | Score: 1 | Reddit ID: 1cds0js
1bfud52,NARSS-00555,2026-04-10,SOUBHIK SARKAR,Reddit r/Delhi,reddit.com,2024-03-16,Potential 1000$+ with 0 cost,https://www.reddit.com/r/delhi/comments/1bfud52/potential_1000_with_0_cost/,internet scam,General Cybercrime / Cyber Fraud Terms,Cyber Scam,THIRD-PARTY,NARSS-00555.txt,State: Delhi | Author: u/Bareabbu10 | Score: 1 | Reddit ID: 1bfud52
18u9e78,NARSS-00556,2026-04-10,SOUBHIK SARKAR,Reddit r/Delhi,reddit.com,2023-12-30,Stop saying hello when picking up the phone,https://www.reddit.com/r/delhi/comments/18u9e78/stop_saying_hello_when_picking_up_the_phone/,internet scam,General Cybercrime / Cyber Fraud Terms,Cyber Scam,THIRD-PARTY,NARSS-00556.txt,State: Delhi | Author: u/nomorecaps | Score: 1 | Reddit ID: 18u9e78
18rue8l,NARSS-00557,2026-04-10,SOUBHIK SARKAR,Reddit r/Delhi,reddit.com,2023-12-27,Recently got a refund of 500,https://www.reddit.com/r/delhi/comments/18rue8l/recently_got_a_refund_of_500/,internet scam,General Cybercrime / Cyber Fraud Terms,Cyber Scam,THIRD-PARTY,NARSS-00557.txt,State: Delhi | Author: u/ERr0rhm3 | Score: 1 | Reddit ID: 18rue8l
1638qxs,NARSS-00558,2026-04-10,SOUBHIK SARKAR,Reddit r/Delhi,reddit.com,2023-08-28,Is this new scam in dmrc?,https://www.reddit.com/r/delhi/comments/1638qxs/is_this_new_scam_in_dmrc/,internet scam,General Cybercrime / Cyber Fraud Terms,Cyber Scam,THIRD-PARTY,NARSS-00558.txt,State: Delhi | Author: u/InstructionHot9577 | Score: 1 | Reddit ID: 1638qxs
14vl3c1,NARSS-00559,2026-04-10,SOUBHIK SARKAR,Reddit r/Delhi,reddit.com,2023-07-10,Do PGs in Delhi charge electricity bill separately?,https://www.reddit.com/r/delhi/comments/14vl3c1/do_pgs_in_delhi_charge_electricity_bill_separately/,internet scam,General Cybercrime / Cyber Fraud Terms,Cyber Scam,NEAR-MISS,NARSS-00559.txt,State: Delhi | Author: u/Comprehensive-Duck11 | Score: 7 | Reddit ID: 14vl3c1
ysfhm2,NARSS-00560,2026-04-10,SOUBHIK SARKAR,Reddit r/Delhi,reddit.com,2022-11-11,If anyone wants to know why byjus is scam read the mail.Its the common practice of byjus(Taken from internet),https://www.reddit.com/r/delhi/comments/ysfhm2/if_anyone_wants_to_know_why_byjus_is_scam_read/,internet scam,General Cybercrime / Cyber Fraud Terms,Cyber Scam,THIRD-PARTY,NARSS-00560.txt,State: Delhi | Author: u/[deleted] | Score: 1 | Reddit ID: ysfhm2
vuy7iy,NARSS-00561,2026-04-10,SOUBHIK SARKAR,Reddit r/Delhi,reddit.com,2022-07-09,Whatsapp Hack in Uttam Nagar,https://www.reddit.com/r/delhi/comments/vuy7iy/whatsapp_hack_in_uttam_nagar/,internet scam,General Cybercrime / Cyber Fraud Terms,Cyber Scam,THIRD-PARTY,NARSS-00561.txt,State: Delhi | Author: u/3_inch_dick | Score: 144 | Reddit ID: vuy7iy
v7dtcz,NARSS-00562,2026-04-10,SOUBHIK SARKAR,Reddit r/Delhi,reddit.com,2022-06-08,Lost 20k out of stupidity (UPI scam),https://www.reddit.com/r/delhi/comments/v7dtcz/lost_20k_out_of_stupidity_upi_scam/,internet scam,General Cybercrime / Cyber Fraud Terms,Cyber Scam,VICTIM,NARSS-00562.txt,State: Delhi | Author: u/threadskeleton | Score: 20 | Reddit ID: v7dtcz
lsv94v,NARSS-00563,2026-04-10,SOUBHIK SARKAR,Reddit r/Delhi,reddit.com,2021-02-26,"STOP paying ""study abroad"" agents for going to the US/Canada, or anywhere. Use digital products and common sense",https://www.reddit.com/r/delhi/comments/lsv94v/stop_paying_study_abroad_agents_for_going_to_the/,internet scam,General Cybercrime / Cyber Fraud Terms,Cyber Scam,THIRD-PARTY,NARSS-00563.txt,State: Delhi | Author: u/dankinison | Score: 253 | Reddit ID: lsv94v
eh6br6,NARSS-00564,2026-04-10,SOUBHIK SARKAR,Reddit r/Delhi,reddit.com,2019-12-29,"Just launched a platform which would help reducing internet/calls based scams in India, do you like the idea?",https://www.reddit.com/r/delhi/comments/eh6br6/just_launched_a_platform_which_would_help/,internet scam,General Cybercrime / Cyber Fraud Terms,Cyber Scam,THIRD-PARTY,NARSS-00564.txt,State: Delhi | Author: u/GeekyRedditor | Score: 12 | Reddit ID: eh6br6
36heqh,NARSS-00565,2026-04-10,SOUBHIK SARKAR,Reddit r/Delhi,reddit.com,2015-05-19,"Seeking a Delhi agent to help me troll some scammers who prey on westerners, some pay involved.",https://www.reddit.com/r/delhi/comments/36heqh/seeking_a_delhi_agent_to_help_me_troll_some/,internet scam,General Cybercrime / Cyber Fraud Terms,Cyber Scam,THIRD-PARTY,NARSS-00565.txt,State: Delhi | Author: u/deadletter | Score: 17 | Reddit ID: 36heqh
1izn5ig,NARSS-00566,2026-04-10,SOUBHIK SARKAR,Reddit r/Delhi,reddit.com,2025-02-28,Girl records the phone conversation of her cheating ex boyfriend about his best friend and released it online.,https://www.reddit.com/r/delhi/comments/1izn5ig/girl_records_the_phone_conversation_of_her/,online cheating,General Cybercrime / Cyber Fraud Terms,Cyber Scam,THIRD-PARTY,NARSS-00566.txt,State: Delhi | Author: u/SarahBahrain99 | Score: 1 | Reddit ID: 1izn5ig
1epc8c8,NARSS-00567,2026-04-10,SOUBHIK SARKAR,Reddit r/Delhi,reddit.com,2024-08-11,Are Delhi girls character less?,https://www.reddit.com/r/delhi/comments/1epc8c8/are_delhi_girls_character_less/,online cheating,General Cybercrime / Cyber Fraud Terms,Cyber Scam,THIRD-PARTY,NARSS-00567.txt,State: Delhi | Author: u/GroundSad9811 | Score: 1 | Reddit ID: 1epc8c8
1dip51m,NARSS-00568,2026-04-10,SOUBHIK SARKAR,Reddit r/Delhi,reddit.com,2024-06-18,Stuck in a circle don't know what to do,https://www.reddit.com/r/delhi/comments/1dip51m/stuck_in_a_circle_dont_know_what_to_do/,online cheating,General Cybercrime / Cyber Fraud Terms,Cyber Scam,THIRD-PARTY,NARSS-00568.txt,State: Delhi | Author: u/Confident_Pay_3967 | Score: 1 | Reddit ID: 1dip51m
1czqwx6,NARSS-00569,2026-04-10,SOUBHIK SARKAR,Reddit r/Delhi,reddit.com,2024-05-24,Suggestions for socializing &amp; making friends / rant,https://www.reddit.com/r/delhi/comments/1czqwx6/suggestions_for_socializing_making_friends_rant/,online cheating,General Cybercrime / Cyber Fraud Terms,Cyber Scam,THIRD-PARTY,NARSS-00569.txt,State: Delhi | Author: u/New-Nefariousness434 | Score: 1 | Reddit ID: 1czqwx6
1cli32l,NARSS-00570,2026-04-10,SOUBHIK SARKAR,Reddit r/Delhi,reddit.com,2024-05-06,Is virtual cheating common? ,https://www.reddit.com/r/delhi/comments/1cli32l/is_virtual_cheating_common/,online cheating,General Cybercrime / Cyber Fraud Terms,Cyber Scam,THIRD-PARTY,NARSS-00570.txt,State: Delhi | Author: u/Important_Bid_5836 | Score: 1 | Reddit ID: 1cli32l
19fht0d,NARSS-00571,2026-04-10,SOUBHIK SARKAR,Reddit r/Delhi,reddit.com,2024-01-26,"How do you stop seeking validation from relatives , friends and even family?",https://www.reddit.com/r/delhi/comments/19fht0d/how_do_you_stop_seeking_validation_from_relatives/,online cheating,General Cybercrime / Cyber Fraud Terms,Cyber Scam,THIRD-PARTY,NARSS-00571.txt,State: Delhi | Author: u/[deleted] | Score: 5 | Reddit ID: 19fht0d
17telqj,NARSS-00572,2026-04-10,SOUBHIK SARKAR,Reddit r/Delhi,reddit.com,2023-11-12,Texts &amp; Turns: A Digital Drama,https://www.reddit.com/r/delhi/comments/17telqj/texts_turns_a_digital_drama/,online cheating,General Cybercrime / Cyber Fraud Terms,Cyber Scam,THIRD-PARTY,NARSS-00572.txt,State: Delhi | Author: u/Any-Region6427 | Score: 1 | Reddit ID: 17telqj
15s9qj4,NARSS-00573,2026-04-10,SOUBHIK SARKAR,Reddit r/Delhi,reddit.com,2023-08-16,"Life does change , Im happier",https://www.reddit.com/r/delhi/comments/15s9qj4/life_does_change_im_happier/,online cheating,General Cybercrime / Cyber Fraud Terms,Cyber Scam,VICTIM,NARSS-00573.txt,State: Delhi | Author: u/Scarred_Shot | Score: 1 | Reddit ID: 15s9qj4
1hg3gdf,NARSS-00574,2026-04-10,SOUBHIK SARKAR,Reddit r/Delhi,reddit.com,2024-12-17,Amazon is the best e-commerce platform,https://www.reddit.com/r/delhi/comments/1hg3gdf/amazon_is_the_best_ecommerce_platform/,e-banking fraud,General Cybercrime / Cyber Fraud Terms,Financial Cyber Fraud,THIRD-PARTY,NARSS-00574.txt,State: Delhi | Author: u/coolkwhippp | Score: 1 | Reddit ID: 1hg3gdf
1bka0lh,NARSS-00575,2026-04-10,SOUBHIK SARKAR,Reddit r/Delhi,reddit.com,2024-03-21,Flipkart interview fraud or real?,https://www.reddit.com/r/delhi/comments/1bka0lh/flipkart_interview_fraud_or_real/,e-banking fraud,General Cybercrime / Cyber Fraud Terms,Financial Cyber Fraud,THIRD-PARTY,NARSS-00575.txt,State: Delhi | Author: u/Fit-Writing2069 | Score: 1 | Reddit ID: 1bka0lh
18jwdsl,NARSS-00576,2026-04-10,SOUBHIK SARKAR,Reddit r/Delhi,reddit.com,2023-12-16,Help my Social media friend,https://www.reddit.com/r/delhi/comments/18jwdsl/help_my_social_media_friend/,e-banking fraud,General Cybercrime / Cyber Fraud Terms,Financial Cyber Fraud,THIRD-PARTY,NARSS-00576.txt,State: Delhi | Author: u/Known_Platypus_3292 | Score: 1 | Reddit ID: 18jwdsl
13bhnd7,NARSS-00577,2026-04-10,SOUBHIK SARKAR,Reddit r/Delhi,reddit.com,2023-05-08,My mom needs help !,https://www.reddit.com/r/delhi/comments/13bhnd7/my_mom_needs_help/,e-banking fraud,General Cybercrime / Cyber Fraud Terms,Financial Cyber Fraud,THIRD-PARTY,NARSS-00577.txt,State: Delhi | Author: u/Puneet_7164 | Score: 91 | Reddit ID: 13bhnd7
1khkdkv,NARSS-00578,2026-04-10,SOUBHIK SARKAR,Reddit r/Delhi,reddit.com,2025-05-08,How to file a case against a scammer,https://www.reddit.com/r/delhi/comments/1khkdkv/how_to_file_a_case_against_a_scammer/,UPI fraud,UPI and Digital Payment Fraud,UPI Fraud,THIRD-PARTY,NARSS-00578.txt,State: Delhi | Author: u/Interesting_Run_4569 | Score: 1 | Reddit ID: 1khkdkv
1jloesu,NARSS-00579,2026-04-10,SOUBHIK SARKAR,Reddit r/Delhi,reddit.com,2025-03-28,SBI UPI CARD fraud or not?,https://www.reddit.com/r/delhi/comments/1jloesu/sbi_upi_card_fraud_or_not/,UPI fraud,UPI and Digital Payment Fraud,UPI Fraud,VICTIM,NARSS-00579.txt,State: Delhi | Author: u/bnda07 | Score: 1 | Reddit ID: 1jloesu
1j4ou4x,NARSS-00580,2026-04-10,SOUBHIK SARKAR,Reddit r/Delhi,reddit.com,2025-03-06,Need clarification about this particular uber service at airport,https://www.reddit.com/r/delhi/comments/1j4ou4x/need_clarification_about_this_particular_uber/,UPI fraud,UPI and Digital Payment Fraud,UPI Fraud,THIRD-PARTY,NARSS-00580.txt,State: Delhi | Author: u/jamesie_bondie | Score: 1 | Reddit ID: 1j4ou4x
1j14pyc,NARSS-00581,2026-04-10,SOUBHIK SARKAR,Reddit r/Delhi,reddit.com,2025-03-01,"""My Friend Was Drugged, Assaulted &amp; Robbed – Now the Police Are Harassing Him Instead of Helping",https://www.reddit.com/r/delhi/comments/1j14pyc/my_friend_was_drugged_assaulted_robbed_now_the/,UPI fraud,UPI and Digital Payment Fraud,UPI Fraud,THIRD-PARTY,NARSS-00581.txt,State: Delhi | Author: u/Secret-Bumblebee2174 | Score: 1 | Reddit ID: 1j14pyc
1hxzcka,NARSS-00582,2026-04-10,SOUBHIK SARKAR,Reddit r/Delhi,reddit.com,2025-01-10,Beware of Potential Fundraising Fraud: A User's Suspicious Activity Exposed ,https://www.reddit.com/r/delhi/comments/1hxzcka/beware_of_potential_fundraising_fraud_a_users/,UPI fraud,UPI and Digital Payment Fraud,UPI Fraud,NEAR-MISS,NARSS-00582.txt,State: Delhi | Author: u/[deleted] | Score: 1 | Reddit ID: 1hxzcka
1hdz42x,NARSS-00583,2026-04-10,SOUBHIK SARKAR,Reddit r/Delhi,reddit.com,2024-12-14,Beware of Potential Fundraising Fraud: A User's Suspicious Activity Exposed,https://www.reddit.com/r/delhi/comments/1hdz42x/beware_of_potential_fundraising_fraud_a_users/,UPI fraud,UPI and Digital Payment Fraud,UPI Fraud,NEAR-MISS,NARSS-00583.txt,State: Delhi | Author: u/Objective_Trifle240 | Score: 1 | Reddit ID: 1hdz42x
1gtv7qg,NARSS-00584,2026-04-10,SOUBHIK SARKAR,Reddit r/Delhi,reddit.com,2024-11-18,Tax Chor - Chola Bhatooras,https://www.reddit.com/r/delhi/comments/1gtv7qg/tax_chor_chola_bhatooras/,UPI fraud,UPI and Digital Payment Fraud,UPI Fraud,THIRD-PARTY,NARSS-00584.txt,State: Delhi | Author: u/LordNair | Score: 1 | Reddit ID: 1gtv7qg
1gfj51t,NARSS-00585,2026-04-10,SOUBHIK SARKAR,Reddit r/Delhi,reddit.com,2024-10-30,(REPOST)WARNING: FRAUD COMPANY IN DELHI. Avoid Digitally Bird,https://www.reddit.com/r/delhi/comments/1gfj51t/repostwarning_fraud_company_in_delhi_avoid/,UPI fraud,UPI and Digital Payment Fraud,UPI Fraud,NEAR-MISS,NARSS-00585.txt,State: Delhi | Author: u/Legitimate_Alarm_218 | Score: 1 | Reddit ID: 1gfj51t
1gfhtca,NARSS-00586,2026-04-10,SOUBHIK SARKAR,Reddit r/Delhi,reddit.com,2024-10-30,(REPOST)WARNING: FRAUD COMPANY IN DELHI. Avoid Digitally Bird,https://www.reddit.com/r/delhi/comments/1gfhtca/repostwarning_fraud_company_in_delhi_avoid/,UPI fraud,UPI and Digital Payment Fraud,UPI Fraud,NEAR-MISS,NARSS-00586.txt,State: Delhi | Author: u/Legitimate_Alarm_218 | Score: 1 | Reddit ID: 1gfhtca
1gepify,NARSS-00587,2026-04-10,SOUBHIK SARKAR,Reddit r/Delhi,reddit.com,2024-10-29,WARNING: FRAUD COMPANY IN DELHI. Avoid Digitally Bird and Owner Mr. Devender Pandey.,https://www.reddit.com/r/delhi/comments/1gepify/warning_fraud_company_in_delhi_avoid_digitally/,UPI fraud,UPI and Digital Payment Fraud,UPI Fraud,NEAR-MISS,NARSS-00587.txt,State: Delhi | Author: u/Legitimate_Alarm_218 | Score: 1 | Reddit ID: 1gepify
1c2vbiv,NARSS-00588,2026-04-10,SOUBHIK SARKAR,Reddit r/Delhi,reddit.com,2024-04-13,PSA: How not to get scammed,https://www.reddit.com/r/delhi/comments/1c2vbiv/psa_how_not_to_get_scammed/,UPI fraud,UPI and Digital Payment Fraud,UPI Fraud,THIRD-PARTY,NARSS-00588.txt,State: Delhi | Author: u/sarcrastinator | Score: 1 | Reddit ID: 1c2vbiv
1908fwu,NARSS-00589,2026-04-10,SOUBHIK SARKAR,Reddit r/Delhi,reddit.com,2024-01-07,UPI Fraud - Need Help,https://www.reddit.com/r/delhi/comments/1908fwu/upi_fraud_need_help/,UPI fraud,UPI and Digital Payment Fraud,UPI Fraud,THIRD-PARTY,NARSS-00589.txt,State: Delhi | Author: u/AR007XD | Score: 1 | Reddit ID: 1908fwu
15kgfy7,NARSS-00590,2026-04-10,SOUBHIK SARKAR,Reddit r/Delhi,reddit.com,2023-08-07,"I don't expect any of you to believe me, but still",https://www.reddit.com/r/delhi/comments/15kgfy7/i_dont_expect_any_of_you_to_believe_me_but_still/,UPI fraud,UPI and Digital Payment Fraud,UPI Fraud,THIRD-PARTY,NARSS-00590.txt,State: Delhi | Author: u/AdiKumar111 | Score: 1 | Reddit ID: 15kgfy7
135b518,NARSS-00591,2026-04-10,SOUBHIK SARKAR,Reddit r/Delhi,reddit.com,2023-05-02,Fraudster scammed my mom of 2.5k for tutoring his kid.,https://www.reddit.com/r/delhi/comments/135b518/fraudster_scammed_my_mom_of_25k_for_tutoring_his/,UPI fraud,UPI and Digital Payment Fraud,UPI Fraud,VICTIM,NARSS-00591.txt,State: Delhi | Author: u/Ashutoshsharmaaa | Score: 142 | Reddit ID: 135b518
12xc2bn,NARSS-00592,2026-04-10,SOUBHIK SARKAR,Reddit r/Delhi,reddit.com,2023-04-24,Courier Fraud #awareness,https://www.reddit.com/r/delhi/comments/12xc2bn/courier_fraud_awareness/,UPI fraud,UPI and Digital Payment Fraud,UPI Fraud,THIRD-PARTY,NARSS-00592.txt,State: Delhi | Author: u/dmanshutterrammer | Score: 1 | Reddit ID: 12xc2bn
ryudqp,NARSS-00593,2026-04-10,SOUBHIK SARKAR,Reddit r/Delhi,reddit.com,2022-01-08,🚧UPI FRAUD alert 🚨🚨,https://www.reddit.com/r/delhi/comments/ryudqp/upi_fraud_alert/,UPI fraud,UPI and Digital Payment Fraud,UPI Fraud,THIRD-PARTY,NARSS-00593.txt,State: Delhi | Author: u/ansh90999 | Score: 2 | Reddit ID: ryudqp
rwigat,NARSS-00594,2026-04-10,SOUBHIK SARKAR,Reddit r/Delhi,reddit.com,2022-01-05,"Share this video as much as possible, guys. All the shopkeepers should be aware of such frauds, especially small shopkeepers. Let us not make the UPI technology go down the drain 🙏",https://www.reddit.com/r/delhi/comments/rwigat/share_this_video_as_much_as_possible_guys_all_the/,UPI fraud,UPI and Digital Payment Fraud,UPI Fraud,THIRD-PARTY,NARSS-00594.txt,State: Delhi | Author: u/[deleted] | Score: 173 | Reddit ID: rwigat
1joybuu,NARSS-00595,2026-04-10,SOUBHIK SARKAR,Reddit r/Delhi,reddit.com,2025-04-01,Scammer paid me. what now?......,https://www.reddit.com/r/delhi/comments/1joybuu/scammer_paid_me_what_now/,UPI scam,UPI and Digital Payment Fraud,UPI Fraud,THIRD-PARTY,NARSS-00595.txt,State: Delhi | Author: u/Electronic_Egg_203 | Score: 5 | Reddit ID: 1joybuu
1j8lwpe,NARSS-00596,2026-04-10,SOUBHIK SARKAR,Reddit r/Delhi,reddit.com,2025-03-11,"Got paid to fake reviews, but the real scam is waking up at 8:30 AM.",https://www.reddit.com/r/delhi/comments/1j8lwpe/got_paid_to_fake_reviews_but_the_real_scam_is/,UPI scam,UPI and Digital Payment Fraud,UPI Fraud,THIRD-PARTY,NARSS-00596.txt,State: Delhi | Author: u/perpetual-war | Score: 1 | Reddit ID: 1j8lwpe
1j8ltzc,NARSS-00597,2026-04-10,SOUBHIK SARKAR,Reddit r/Delhi,reddit.com,2025-03-11,Playing along the scam.,https://www.reddit.com/r/delhi/comments/1j8ltzc/playing_along_the_scam/,UPI scam,UPI and Digital Payment Fraud,UPI Fraud,THIRD-PARTY,NARSS-00597.txt,State: Delhi | Author: u/perpetual-war | Score: 1 | Reddit ID: 1j8ltzc
1j7oqpm,NARSS-00598,2026-04-10,SOUBHIK SARKAR,Reddit r/Delhi,reddit.com,2025-03-10,Might have gotten scammed from Lenskart delivery partner.,https://www.reddit.com/r/delhi/comments/1j7oqpm/might_have_gotten_scammed_from_lenskart_delivery/,UPI scam,UPI and Digital Payment Fraud,UPI Fraud,THIRD-PARTY,NARSS-00598.txt,State: Delhi | Author: u/light_bee | Score: 1 | Reddit ID: 1j7oqpm
1ipb6mu,NARSS-00599,2026-04-10,SOUBHIK SARKAR,Reddit r/Delhi,reddit.com,2025-02-14,Help please ! Tell me what to do yall I'm scared for life.,https://www.reddit.com/r/delhi/comments/1ipb6mu/help_please_tell_me_what_to_do_yall_im_scared_for/,UPI scam,UPI and Digital Payment Fraud,UPI Fraud,VICTIM,NARSS-00599.txt,State: Delhi | Author: u/The_AxR_ | Score: 1 | Reddit ID: 1ipb6mu
1i7fv52,NARSS-00600,2026-04-10,SOUBHIK SARKAR,Reddit r/Delhi,reddit.com,2025-01-22,Me and my friend got scammed at Rajiv chowk metro station,https://www.reddit.com/r/delhi/comments/1i7fv52/me_and_my_friend_got_scammed_at_rajiv_chowk_metro/,UPI scam,UPI and Digital Payment Fraud,UPI Fraud,VICTIM,NARSS-00600.txt,State: Delhi | Author: u/julfikar_haque | Score: 1 | Reddit ID: 1i7fv52
1i7dnnl,NARSS-00601,2026-04-10,SOUBHIK SARKAR,Reddit r/Delhi,reddit.com,2025-01-22,"UPI Scam (Paytm, Phonepe Spoof Application)",https://www.reddit.com/r/delhi/comments/1i7dnnl/upi_scam_paytm_phonepe_spoof_application/,UPI scam,UPI and Digital Payment Fraud,UPI Fraud,THIRD-PARTY,NARSS-00601.txt,State: Delhi | Author: u/Human_Accountant3719 | Score: 1 | Reddit ID: 1i7dnnl
1hl8sxv,NARSS-00602,2026-04-10,SOUBHIK SARKAR,Reddit r/Delhi,reddit.com,2024-12-24,Did I get scammed by this taxi uncle at Anand Vihar?,https://www.reddit.com/r/delhi/comments/1hl8sxv/did_i_get_scammed_by_this_taxi_uncle_at_anand/,UPI scam,UPI and Digital Payment Fraud,UPI Fraud,THIRD-PARTY,NARSS-00602.txt,State: Delhi | Author: u/Financial-Bus-5660 | Score: 1 | Reddit ID: 1hl8sxv
1his4o5,NARSS-00603,2026-04-10,SOUBHIK SARKAR,Reddit r/Delhi,reddit.com,2024-12-21,Please beware of this scam and upi ID,https://www.reddit.com/r/delhi/comments/1his4o5/please_beware_of_this_scam_and_upi_id/,UPI scam,UPI and Digital Payment Fraud,UPI Fraud,NEAR-MISS,NARSS-00603.txt,State: Delhi | Author: u/[deleted] | Score: 6 | Reddit ID: 1his4o5
1heq946,NARSS-00604,2026-04-10,SOUBHIK SARKAR,Reddit r/Delhi,reddit.com,2024-12-15,"Fund Raising To Save Four Little Puppies, Please donate if you can't then share with who can.. (UPI Id - yashhuu495@ybl) Please see my previous posts I have answered almost all the requestions asked… I have attached my photo with report card as in previous posts people were calling me scam…",https://www.reddit.com/r/delhi/comments/1heq946/fund_raising_to_save_four_little_puppies_please/,UPI scam,UPI and Digital Payment Fraud,UPI Fraud,NEAR-MISS,NARSS-00604.txt,State: Delhi | Author: u/EducationalLynx3658 | Score: 1 | Reddit ID: 1heq946
1gzei1i,NARSS-00605,2026-04-10,SOUBHIK SARKAR,Reddit r/Delhi,reddit.com,2024-11-25,Got Scammed at Durgabai Deshmukh South Campus Metro Station – Sharing My Experience,https://www.reddit.com/r/delhi/comments/1gzei1i/got_scammed_at_durgabai_deshmukh_south_campus/,UPI scam,UPI and Digital Payment Fraud,UPI Fraud,NEAR-MISS,NARSS-00605.txt,State: Delhi | Author: u/Daredevil987 | Score: 2 | Reddit ID: 1gzei1i
1f78p6w,NARSS-00606,2026-04-10,SOUBHIK SARKAR,Reddit r/Delhi,reddit.com,2024-09-02,Ice Cream Seller Scammer at CP,https://www.reddit.com/r/delhi/comments/1f78p6w/ice_cream_seller_scammer_at_cp/,UPI scam,UPI and Digital Payment Fraud,UPI Fraud,THIRD-PARTY,NARSS-00606.txt,State: Delhi | Author: u/Certain-Cattle-3136 | Score: 1 | Reddit ID: 1f78p6w
1f4yzy2,NARSS-00607,2026-04-10,SOUBHIK SARKAR,Reddit r/Delhi,reddit.com,2024-08-30,UPI Scam in delhi metro ,https://www.reddit.com/r/delhi/comments/1f4yzy2/upi_scam_in_delhi_metro/,UPI scam,UPI and Digital Payment Fraud,UPI Fraud,THIRD-PARTY,NARSS-00607.txt,State: Delhi | Author: u/Monk-e9 | Score: 1 | Reddit ID: 1f4yzy2
1evunny,NARSS-00608,2026-04-10,SOUBHIK SARKAR,Reddit r/Delhi,reddit.com,2024-08-19,New Scam Unlocked: Cash against UPI at liquor shops in Ghaziabad ,https://www.reddit.com/r/delhi/comments/1evunny/new_scam_unlocked_cash_against_upi_at_liquor/,UPI scam,UPI and Digital Payment Fraud,UPI Fraud,NEAR-MISS,NARSS-00608.txt,State: Delhi | Author: u/goRobust | Score: 1 | Reddit ID: 1evunny
1eeh001,NARSS-00609,2026-04-10,SOUBHIK SARKAR,Reddit r/Delhi,reddit.com,2024-07-29,Need Help to Hold a Scam Artist Accountable,https://www.reddit.com/r/delhi/comments/1eeh001/need_help_to_hold_a_scam_artist_accountable/,UPI scam,UPI and Digital Payment Fraud,UPI Fraud,THIRD-PARTY,NARSS-00609.txt,State: Delhi | Author: u/sisenor99 | Score: 1 | Reddit ID: 1eeh001
1ecs4yd,NARSS-00610,2026-04-10,SOUBHIK SARKAR,Reddit r/Delhi,reddit.com,2024-07-26,Scam Alert! Paytm UPI Registration,https://www.reddit.com/r/delhi/comments/1ecs4yd/scam_alert_paytm_upi_registration/,UPI scam,UPI and Digital Payment Fraud,UPI Fraud,THIRD-PARTY,NARSS-00610.txt,State: Delhi | Author: u/BeautifulRepair4711 | Score: 1 | Reddit ID: 1ecs4yd
1e81qhn,NARSS-00611,2026-04-10,SOUBHIK SARKAR,Reddit r/Delhi,reddit.com,2024-07-20,Potential scammer/snatcher alert ,https://www.reddit.com/r/delhi/comments/1e81qhn/potential_scammersnatcher_alert/,UPI scam,UPI and Digital Payment Fraud,UPI Fraud,THIRD-PARTY,NARSS-00611.txt,State: Delhi | Author: u/FlagshipHuman | Score: 1 | Reddit ID: 1e81qhn
1e721hs,NARSS-00612,2026-04-10,SOUBHIK SARKAR,Reddit r/Delhi,reddit.com,2024-07-19,Got Scammed in Delhi Metro,https://www.reddit.com/r/delhi/comments/1e721hs/got_scammed_in_delhi_metro/,UPI scam,UPI and Digital Payment Fraud,UPI Fraud,THIRD-PARTY,NARSS-00612.txt,State: Delhi | Author: u/SollieAKS | Score: 1 | Reddit ID: 1e721hs
1djgecw,NARSS-00613,2026-04-10,SOUBHIK SARKAR,Reddit r/Delhi,reddit.com,2024-06-19,Sister got scammed of Rs 3000 by a facebook store ,https://www.reddit.com/r/delhi/comments/1djgecw/sister_got_scammed_of_rs_3000_by_a_facebook_store/,UPI scam,UPI and Digital Payment Fraud,UPI Fraud,THIRD-PARTY,NARSS-00613.txt,State: Delhi | Author: u/itsDoritos | Score: 1 | Reddit ID: 1djgecw
1cle7gp,NARSS-00614,2026-04-10,SOUBHIK SARKAR,Reddit r/Delhi,reddit.com,2024-05-06,Got scammed by a cricket website after being asked to write articles. Can anyone help?,https://www.reddit.com/r/delhi/comments/1cle7gp/got_scammed_by_a_cricket_website_after_being/,UPI scam,UPI and Digital Payment Fraud,UPI Fraud,VICTIM,NARSS-00614.txt,State: Delhi | Author: u/meankitanand | Score: 1 | Reddit ID: 1cle7gp
1bg4xvn,NARSS-00615,2026-04-10,SOUBHIK SARKAR,Reddit r/Delhi,reddit.com,2024-03-16,Maybe a scam call...,https://www.reddit.com/r/delhi/comments/1bg4xvn/maybe_a_scam_call/,UPI scam,UPI and Digital Payment Fraud,UPI Fraud,THIRD-PARTY,NARSS-00615.txt,State: Delhi | Author: u/arun_tailwal | Score: 1 | Reddit ID: 1bg4xvn
1b24jfe,NARSS-00616,2026-04-10,SOUBHIK SARKAR,Reddit r/Delhi,reddit.com,2024-02-28,Cheap quality upi scam,https://www.reddit.com/r/delhi/comments/1b24jfe/cheap_quality_upi_scam/,UPI scam,UPI and Digital Payment Fraud,UPI Fraud,THIRD-PARTY,NARSS-00616.txt,State: Delhi | Author: u/innocentguy99 | Score: 1 | Reddit ID: 1b24jfe
18khn63,NARSS-00617,2026-04-10,SOUBHIK SARKAR,Reddit r/Delhi,reddit.com,2023-12-17,Received money from a random stranger. Could it be a possible scam?,https://www.reddit.com/r/delhi/comments/18khn63/received_money_from_a_random_stranger_could_it_be/,UPI scam,UPI and Digital Payment Fraud,UPI Fraud,THIRD-PARTY,NARSS-00617.txt,State: Delhi | Author: u/_the69thakur | Score: 1 | Reddit ID: 18khn63
17yxs4d,NARSS-00618,2026-04-10,SOUBHIK SARKAR,Reddit r/Delhi,reddit.com,2023-11-19,Phone/UPI Spam Alert,https://www.reddit.com/r/delhi/comments/17yxs4d/phoneupi_spam_alert/,UPI scam,UPI and Digital Payment Fraud,UPI Fraud,THIRD-PARTY,NARSS-00618.txt,State: Delhi | Author: u/Virtual-Republic-754 | Score: 1 | Reddit ID: 17yxs4d
17ro7gl,NARSS-00619,2026-04-10,SOUBHIK SARKAR,Reddit r/Delhi,reddit.com,2023-11-10,I think I got scammed?,https://www.reddit.com/r/delhi/comments/17ro7gl/i_think_i_got_scammed/,UPI scam,UPI and Digital Payment Fraud,UPI Fraud,NEAR-MISS,NARSS-00619.txt,State: Delhi | Author: u/Modabo6 | Score: 82 | Reddit ID: 17ro7gl
17p19yf,NARSS-00620,2026-04-10,SOUBHIK SARKAR,Reddit r/Delhi,reddit.com,2023-11-06,is this some new kind of scam?,https://www.reddit.com/r/delhi/comments/17p19yf/is_this_some_new_kind_of_scam/,UPI scam,UPI and Digital Payment Fraud,UPI Fraud,THIRD-PARTY,NARSS-00620.txt,State: Delhi | Author: u/nuked_hybrows | Score: 1 | Reddit ID: 17p19yf
178clmd,NARSS-00621,2026-04-10,SOUBHIK SARKAR,Reddit r/Delhi,reddit.com,2023-10-15,People going door to door asking donation for kanyadaan for their son's/daughter's marriage,https://www.reddit.com/r/delhi/comments/178clmd/people_going_door_to_door_asking_donation_for/,UPI scam,UPI and Digital Payment Fraud,UPI Fraud,VICTIM,NARSS-00621.txt,State: Delhi | Author: u/cadenceisclear | Score: 1 | Reddit ID: 178clmd
174lg8s,NARSS-00622,2026-04-10,SOUBHIK SARKAR,Reddit r/Delhi,reddit.com,2023-10-10,Tired of scamsters - another one,https://www.reddit.com/r/delhi/comments/174lg8s/tired_of_scamsters_another_one/,UPI scam,UPI and Digital Payment Fraud,UPI Fraud,VICTIM,NARSS-00622.txt,State: Delhi | Author: u/Fall-National | Score: 1 | Reddit ID: 174lg8s
16q8xij,NARSS-00623,2026-04-10,SOUBHIK SARKAR,Reddit r/Delhi,reddit.com,2023-09-23,Help pls. Context in comments and image caption.,https://www.reddit.com/r/delhi/comments/16q8xij/help_pls_context_in_comments_and_image_caption/,UPI scam,UPI and Digital Payment Fraud,UPI Fraud,NEAR-MISS,NARSS-00623.txt,State: Delhi | Author: u/khargoshtherabbit | Score: 1 | Reddit ID: 16q8xij
16kwadh,NARSS-00624,2026-04-10,SOUBHIK SARKAR,Reddit r/Delhi,reddit.com,2023-09-17,Is this for real? Or just another petty scam?!,https://www.reddit.com/r/delhi/comments/16kwadh/is_this_for_real_or_just_another_petty_scam/,UPI scam,UPI and Digital Payment Fraud,UPI Fraud,THIRD-PARTY,NARSS-00624.txt,State: Delhi | Author: u/ilikeit_igetit | Score: 1 | Reddit ID: 16kwadh
16552pt,NARSS-00625,2026-04-10,SOUBHIK SARKAR,Reddit r/Delhi,reddit.com,2023-08-30,Fake UPI transfer scam,https://www.reddit.com/r/delhi/comments/16552pt/fake_upi_transfer_scam/,UPI scam,UPI and Digital Payment Fraud,UPI Fraud,THIRD-PARTY,NARSS-00625.txt,State: Delhi | Author: u/AdityaM13 | Score: 1 | Reddit ID: 16552pt
15kfinv,NARSS-00626,2026-04-10,SOUBHIK SARKAR,Reddit r/Delhi,reddit.com,2023-08-07,Upi Scam and Threats from a Fake Doctor,https://www.reddit.com/r/delhi/comments/15kfinv/upi_scam_and_threats_from_a_fake_doctor/,UPI scam,UPI and Digital Payment Fraud,UPI Fraud,THIRD-PARTY,NARSS-00626.txt,State: Delhi | Author: u/adilanis | Score: 10 | Reddit ID: 15kfinv
1538a4q,NARSS-00627,2026-04-10,SOUBHIK SARKAR,Reddit r/Delhi,reddit.com,2023-07-19,UPI scams and precautions,https://www.reddit.com/r/delhi/comments/1538a4q/upi_scams_and_precautions/,UPI scam,UPI and Digital Payment Fraud,UPI Fraud,THIRD-PARTY,NARSS-00627.txt,State: Delhi | Author: u/plain-cock | Score: 1 | Reddit ID: 1538a4q
1537nmx,NARSS-00628,2026-04-10,SOUBHIK SARKAR,Reddit r/Delhi,reddit.com,2023-07-19,UPI scams and precautions,https://www.reddit.com/r/delhi/comments/1537nmx/upi_scams_and_precautions/,UPI scam,UPI and Digital Payment Fraud,UPI Fraud,THIRD-PARTY,NARSS-00628.txt,State: Delhi | Author: u/plain-cock | Score: 1 | Reddit ID: 1537nmx
149jn4c,NARSS-00629,2026-04-10,SOUBHIK SARKAR,Reddit r/Delhi,reddit.com,2023-06-15,Is sharing upi id safe to receive payment? Will I get scammed?,https://www.reddit.com/r/delhi/comments/149jn4c/is_sharing_upi_id_safe_to_receive_payment_will_i/,UPI scam,UPI and Digital Payment Fraud,UPI Fraud,THIRD-PARTY,NARSS-00629.txt,State: Delhi | Author: u/spoonboyforkman | Score: 1 | Reddit ID: 149jn4c
12ie06k,NARSS-00630,2026-04-10,SOUBHIK SARKAR,Reddit r/Delhi,reddit.com,2023-04-11,Scammed in bike rental,https://www.reddit.com/r/delhi/comments/12ie06k/scammed_in_bike_rental/,UPI scam,UPI and Digital Payment Fraud,UPI Fraud,VICTIM,NARSS-00630.txt,State: Delhi | Author: u/Hot_Butterscotch_238 | Score: 9 | Reddit ID: 12ie06k
12abqto,NARSS-00631,2026-04-10,SOUBHIK SARKAR,Reddit r/Delhi,reddit.com,2023-04-03,"New UPI scam, Dilli walo bacch k rehna",https://www.reddit.com/r/delhi/comments/12abqto/new_upi_scam_dilli_walo_bacch_k_rehna/,UPI scam,UPI and Digital Payment Fraud,UPI Fraud,THIRD-PARTY,NARSS-00631.txt,State: Delhi | Author: u/CapN_Macktavish | Score: 1 | Reddit ID: 12abqto
11uwkqv,NARSS-00632,2026-04-10,SOUBHIK SARKAR,Reddit r/Delhi,reddit.com,2023-03-19,Scams in delhi pub on hudson lane,https://www.reddit.com/r/delhi/comments/11uwkqv/scams_in_delhi_pub_on_hudson_lane/,UPI scam,UPI and Digital Payment Fraud,UPI Fraud,THIRD-PARTY,NARSS-00632.txt,State: Delhi | Author: u/Alarming_Toe6599 | Score: 471 | Reddit ID: 11uwkqv
10hmap1,NARSS-00633,2026-04-10,SOUBHIK SARKAR,Reddit r/Delhi,reddit.com,2023-01-21,"milaap is a scam ,beware , absolutely helpless rn",https://www.reddit.com/r/delhi/comments/10hmap1/milaap_is_a_scam_beware_absolutely_helpless_rn/,UPI scam,UPI and Digital Payment Fraud,UPI Fraud,NEAR-MISS,NARSS-00633.txt,State: Delhi | Author: u/Aggravating_Mine_199 | Score: 25 | Reddit ID: 10hmap1
uhfqfz,NARSS-00634,2026-04-10,SOUBHIK SARKAR,Reddit r/Delhi,reddit.com,2022-05-03,Did I save myself from a scam?,https://www.reddit.com/r/delhi/comments/uhfqfz/did_i_save_myself_from_a_scam/,UPI scam,UPI and Digital Payment Fraud,UPI Fraud,NEAR-MISS,NARSS-00634.txt,State: Delhi | Author: u/detlon | Score: 20 | Reddit ID: uhfqfz
og3vn8,NARSS-00635,2026-04-10,SOUBHIK SARKAR,Reddit r/Delhi,reddit.com,2021-07-08,Possible parking scam in Sec 18 NOIDA,https://www.reddit.com/r/delhi/comments/og3vn8/possible_parking_scam_in_sec_18_noida/,UPI scam,UPI and Digital Payment Fraud,UPI Fraud,THIRD-PARTY,NARSS-00635.txt,State: Delhi | Author: u/Zsfhy | Score: 25 | Reddit ID: og3vn8
1j92pua,NARSS-00636,2026-04-10,SOUBHIK SARKAR,Reddit r/Delhi,reddit.com,2025-03-12,Beware of Go4Explore a travel company of 4pillars– Scam Alert!,https://www.reddit.com/r/delhi/comments/1j92pua/beware_of_go4explore_a_travel_company_of_4pillars/,Google Pay fraud,UPI and Digital Payment Fraud,UPI Fraud,NEAR-MISS,NARSS-00636.txt,State: Delhi | Author: u/No-Session4458 | Score: 14 | Reddit ID: 1j92pua
1i5hxzf,NARSS-00637,2026-04-10,SOUBHIK SARKAR,Reddit r/Delhi,reddit.com,2025-01-20,Scammed by Travel Land India- Travel Agency In Delhi,https://www.reddit.com/r/delhi/comments/1i5hxzf/scammed_by_travel_land_india_travel_agency_in/,Google Pay fraud,UPI and Digital Payment Fraud,UPI Fraud,THIRD-PARTY,NARSS-00637.txt,State: Delhi | Author: u/lalith16 | Score: 1 | Reddit ID: 1i5hxzf
1bpbpv0,NARSS-00638,2026-04-10,SOUBHIK SARKAR,Reddit r/Delhi,reddit.com,2024-03-28,Be cautious before booking your travel expedition ,https://www.reddit.com/r/delhi/comments/1bpbpv0/be_cautious_before_booking_your_travel_expedition/,Google Pay fraud,UPI and Digital Payment Fraud,UPI Fraud,NEAR-MISS,NARSS-00638.txt,State: Delhi | Author: u/PerspectiveStreet961 | Score: 1 | Reddit ID: 1bpbpv0
17soxrd,NARSS-00639,2026-04-10,SOUBHIK SARKAR,Reddit r/Delhi,reddit.com,2023-11-11,Fraudulent brokering agency and their tactics,https://www.reddit.com/r/delhi/comments/17soxrd/fraudulent_brokering_agency_and_their_tactics/,Google Pay fraud,UPI and Digital Payment Fraud,UPI Fraud,VICTIM,NARSS-00639.txt,State: Delhi | Author: u/Old_Type_1450 | Score: 1 | Reddit ID: 17soxrd
1692eq9,NARSS-00640,2026-04-10,SOUBHIK SARKAR,Reddit r/Delhi,reddit.com,2023-09-03,Yet Another Tinder Scam - lost 15k,https://www.reddit.com/r/delhi/comments/1692eq9/yet_another_tinder_scam_lost_15k/,Google Pay fraud,UPI and Digital Payment Fraud,UPI Fraud,THIRD-PARTY,NARSS-00640.txt,State: Delhi | Author: u/Prize_Weird_603 | Score: 1 | Reddit ID: 1692eq9
165bj4d,NARSS-00641,2026-04-10,SOUBHIK SARKAR,Reddit r/Delhi,reddit.com,2023-08-30,Just saved my self from Paytm OTP Scam.,https://www.reddit.com/r/delhi/comments/165bj4d/just_saved_my_self_from_paytm_otp_scam/,Paytm fraud,UPI and Digital Payment Fraud,UPI Fraud,VICTIM,NARSS-00641.txt,State: Delhi | Author: u/Adventurous_Quiet935 | Score: 1 | Reddit ID: 165bj4d
154r9g2,NARSS-00642,2026-04-10,SOUBHIK SARKAR,Reddit r/Delhi,reddit.com,2023-07-20,BS6 PUC near Karol Bagh where?!,https://www.reddit.com/r/delhi/comments/154r9g2/bs6_puc_near_karol_bagh_where/,Paytm fraud,UPI and Digital Payment Fraud,UPI Fraud,THIRD-PARTY,NARSS-00642.txt,State: Delhi | Author: u/Zoro1616 | Score: 1 | Reddit ID: 154r9g2
14614hb,NARSS-00643,2026-04-10,SOUBHIK SARKAR,Reddit r/Delhi,reddit.com,2023-06-10,"FRAUD paytm , lost 80k",https://www.reddit.com/r/delhi/comments/14614hb/fraud_paytm_lost_80k/,Paytm fraud,UPI and Digital Payment Fraud,UPI Fraud,VICTIM,NARSS-00643.txt,State: Delhi | Author: u/K-9826 | Score: 10 | Reddit ID: 14614hb
13cne2g,NARSS-00644,2026-04-10,SOUBHIK SARKAR,Reddit r/Delhi,reddit.com,2023-05-09,I was about to get rubbed and robbed in metro today by a girl.,https://www.reddit.com/r/delhi/comments/13cne2g/i_was_about_to_get_rubbed_and_robbed_in_metro/,Paytm fraud,UPI and Digital Payment Fraud,UPI Fraud,THIRD-PARTY,NARSS-00644.txt,State: Delhi | Author: u/1nobody-_- | Score: 169 | Reddit ID: 13cne2g
xh49ag,NARSS-00645,2026-04-10,SOUBHIK SARKAR,Reddit r/Delhi,reddit.com,2022-09-18,Potential Fraud: Delhi Metro Stranger Paytm Incident with Stranger,https://www.reddit.com/r/delhi/comments/xh49ag/potential_fraud_delhi_metro_stranger_paytm/,Paytm fraud,UPI and Digital Payment Fraud,UPI Fraud,THIRD-PARTY,NARSS-00645.txt,State: Delhi | Author: u/himp0012 | Score: 160 | Reddit ID: xh49ag
tcbmq1,NARSS-00646,2026-04-10,SOUBHIK SARKAR,Reddit r/Delhi,reddit.com,2022-03-12,Paytm fraud experience,https://www.reddit.com/r/delhi/comments/tcbmq1/paytm_fraud_experience/,Paytm fraud,UPI and Digital Payment Fraud,UPI Fraud,THIRD-PARTY,NARSS-00646.txt,State: Delhi | Author: u/[deleted] | Score: 2 | Reddit ID: tcbmq1
1jbryvh,NARSS-00647,2026-04-10,SOUBHIK SARKAR,Reddit r/Delhi,reddit.com,2025-03-15,"Is this a scam? It feels like, what am I supposed to do?",https://www.reddit.com/r/delhi/comments/1jbryvh/is_this_a_scam_it_feels_like_what_am_i_supposed/,QR code scam,UPI and Digital Payment Fraud,QR Code Fraud,THIRD-PARTY,NARSS-00647.txt,State: Delhi | Author: u/Legal-Application749 | Score: 5 | Reddit ID: 1jbryvh
1g3ddh9,NARSS-00648,2026-04-10,SOUBHIK SARKAR,Reddit r/Delhi,reddit.com,2024-10-14,I need a little help!,https://www.reddit.com/r/delhi/comments/1g3ddh9/i_need_a_little_help/,QR code scam,UPI and Digital Payment Fraud,QR Code Fraud,THIRD-PARTY,NARSS-00648.txt,State: Delhi | Author: u/EducationalTie4131 | Score: 1 | Reddit ID: 1g3ddh9
140fzzq,NARSS-00649,2026-04-10,SOUBHIK SARKAR,Reddit r/Delhi,reddit.com,2023-06-04,I was forced to buy 3 packets of microvaweable popcorn with my meal at PVR vegas Dwarka,https://www.reddit.com/r/delhi/comments/140fzzq/i_was_forced_to_buy_3_packets_of_microvaweable/,QR code scam,UPI and Digital Payment Fraud,QR Code Fraud,NEAR-MISS,NARSS-00649.txt,State: Delhi | Author: u/matarmaster | Score: 15 | Reddit ID: 140fzzq
1ii50z5,NARSS-00650,2026-04-10,SOUBHIK SARKAR,Reddit r/Delhi,reddit.com,2025-02-05,Got Scammed by a Zomato Delivery Guy,https://www.reddit.com/r/delhi/comments/1ii50z5/got_scammed_by_a_zomato_delivery_guy/,QR code fraud,UPI and Digital Payment Fraud,QR Code Fraud,VICTIM,NARSS-00650.txt,State: Delhi | Author: u/Anshulbansal786 | Score: 2 | Reddit ID: 1ii50z5
125xvj0,NARSS-00651,2026-04-10,SOUBHIK SARKAR,Reddit r/Delhi,reddit.com,2023-03-30,Beware of Rapido/Uber/Ola bike scam,https://www.reddit.com/r/delhi/comments/125xvj0/beware_of_rapidouberola_bike_scam/,QR code fraud,UPI and Digital Payment Fraud,QR Code Fraud,NEAR-MISS,NARSS-00651.txt,State: Delhi | Author: u/Carry_108 | Score: 127 | Reddit ID: 125xvj0
1e3oubv,NARSS-00652,2026-04-10,SOUBHIK SARKAR,Reddit r/Delhi,reddit.com,2024-07-15,Beware of this fraud ,https://www.reddit.com/r/delhi/comments/1e3oubv/beware_of_this_fraud/,payment link fraud,UPI and Digital Payment Fraud,Payment Link Fraud,NEAR-MISS,NARSS-00652.txt,State: Delhi | Author: u/AutomaticWallaby9 | Score: 1 | Reddit ID: 1e3oubv
1e3onai,NARSS-00653,2026-04-10,SOUBHIK SARKAR,Reddit r/Delhi,reddit.com,2024-07-15,Kotak Bank is total sh*t,https://www.reddit.com/r/delhi/comments/1e3onai/kotak_bank_is_total_sht/,payment link fraud,UPI and Digital Payment Fraud,Payment Link Fraud,VICTIM,NARSS-00653.txt,State: Delhi | Author: u/AutomaticWallaby9 | Score: 1 | Reddit ID: 1e3onai
17hkc91,NARSS-00654,2026-04-10,SOUBHIK SARKAR,Reddit r/Delhi,reddit.com,2023-10-27,Flipkart and Jeeves insurance scam,https://www.reddit.com/r/delhi/comments/17hkc91/flipkart_and_jeeves_insurance_scam/,collect request scam,UPI and Digital Payment Fraud,Payment Link Fraud,NEAR-MISS,NARSS-00654.txt,State: Delhi | Author: u/bhs49 | Score: 1 | Reddit ID: 17hkc91
1k1djz6,NARSS-00655,2026-04-10,SOUBHIK SARKAR,Reddit r/Delhi,reddit.com,2025-04-17,Flipkart E-kart scam,https://www.reddit.com/r/delhi/comments/1k1djz6/flipkart_ekart_scam/,e-wallet scam,UPI and Digital Payment Fraud,Mobile Wallet Fraud,THIRD-PARTY,NARSS-00655.txt,State: Delhi | Author: u/[deleted] | Score: 1 | Reddit ID: 1k1djz6
1i2lwcn,NARSS-00656,2026-04-10,SOUBHIK SARKAR,Reddit r/Delhi,reddit.com,2025-01-16,RTO Fake e- Challan Scam ,https://www.reddit.com/r/delhi/comments/1i2lwcn/rto_fake_e_challan_scam/,e-wallet scam,UPI and Digital Payment Fraud,Mobile Wallet Fraud,THIRD-PARTY,NARSS-00656.txt,State: Delhi | Author: u/[deleted] | Score: 5 | Reddit ID: 1i2lwcn
1fvsvn7,NARSS-00657,2026-04-10,SOUBHIK SARKAR,Reddit r/Delhi,reddit.com,2024-10-04,"Was I duped? Rant/ questions on housing.com, premium service, broker service charge and rents.",https://www.reddit.com/r/delhi/comments/1fvsvn7/was_i_duped_rant_questions_on_housingcom_premium/,e-wallet scam,UPI and Digital Payment Fraud,Mobile Wallet Fraud,VICTIM,NARSS-00657.txt,State: Delhi | Author: u/pinctada13 | Score: 1 | Reddit ID: 1fvsvn7
1ezfdnp,NARSS-00658,2026-04-10,SOUBHIK SARKAR,Reddit r/Delhi,reddit.com,2024-08-23,Bogus Vehicle Scraping Policy,https://www.reddit.com/r/delhi/comments/1ezfdnp/bogus_vehicle_scraping_policy/,e-wallet scam,UPI and Digital Payment Fraud,Mobile Wallet Fraud,THIRD-PARTY,NARSS-00658.txt,State: Delhi | Author: u/Embarrassed-Stop405 | Score: 1 | Reddit ID: 1ezfdnp
1cc4gpo,NARSS-00659,2026-04-10,SOUBHIK SARKAR,Reddit r/Delhi,reddit.com,2024-04-24,"Milkshake Swap Scam, A huge crore amount of Scam and nobody knows about it. ",https://www.reddit.com/r/delhi/comments/1cc4gpo/milkshake_swap_scam_a_huge_crore_amount_of_scam/,e-wallet scam,UPI and Digital Payment Fraud,Mobile Wallet Fraud,THIRD-PARTY,NARSS-00659.txt,State: Delhi | Author: u/HopeRevolutionary914 | Score: 1 | Reddit ID: 1cc4gpo
16e0zz6,NARSS-00660,2026-04-10,SOUBHIK SARKAR,Reddit r/Delhi,reddit.com,2023-09-09,PG Fraud in South Delhi(ps: I NEED HELP!!),https://www.reddit.com/r/delhi/comments/16e0zz6/pg_fraud_in_south_delhips_i_need_help/,e-wallet scam,UPI and Digital Payment Fraud,Mobile Wallet Fraud,THIRD-PARTY,NARSS-00660.txt,State: Delhi | Author: u/Fun_Baseball_4562 | Score: 1 | Reddit ID: 16e0zz6
15ulsua,NARSS-00661,2026-04-10,SOUBHIK SARKAR,Reddit r/Delhi,reddit.com,2023-08-18,AITA or did i just dodge a bullet?,https://www.reddit.com/r/delhi/comments/15ulsua/aita_or_did_i_just_dodge_a_bullet/,e-wallet scam,UPI and Digital Payment Fraud,Mobile Wallet Fraud,THIRD-PARTY,NARSS-00661.txt,State: Delhi | Author: u/RLIIDarK | Score: 78 | Reddit ID: 15ulsua
15ct4b8,NARSS-00662,2026-04-10,SOUBHIK SARKAR,Reddit r/Delhi,reddit.com,2023-07-29,New scam in town: Aadhaar verified test reports,https://www.reddit.com/r/delhi/comments/15ct4b8/new_scam_in_town_aadhaar_verified_test_reports/,e-wallet scam,UPI and Digital Payment Fraud,Mobile Wallet Fraud,THIRD-PARTY,NARSS-00662.txt,State: Delhi | Author: u/gubenilekani | Score: 5 | Reddit ID: 15ct4b8
158zzm2,NARSS-00663,2026-04-10,SOUBHIK SARKAR,Reddit r/Delhi,reddit.com,2023-07-25,InDrive driver tricked us,https://www.reddit.com/r/delhi/comments/158zzm2/indrive_driver_tricked_us/,e-wallet scam,UPI and Digital Payment Fraud,Mobile Wallet Fraud,THIRD-PARTY,NARSS-00663.txt,State: Delhi | Author: u/ExpressionNo9690 | Score: 6 | Reddit ID: 158zzm2
12y7w6q,NARSS-00664,2026-04-10,SOUBHIK SARKAR,Reddit r/Delhi,reddit.com,2023-04-25,My time has come.,https://www.reddit.com/r/delhi/comments/12y7w6q/my_time_has_come/,e-wallet scam,UPI and Digital Payment Fraud,Mobile Wallet Fraud,THIRD-PARTY,NARSS-00664.txt,State: Delhi | Author: u/Shoddy_Examination18 | Score: 8 | Reddit ID: 12y7w6q
12i9d8e,NARSS-00665,2026-04-10,SOUBHIK SARKAR,Reddit r/Delhi,reddit.com,2023-04-11,"New Version of SCAM In Delhi (I knew it was a scam from beginning , and i still lost )",https://www.reddit.com/r/delhi/comments/12i9d8e/new_version_of_scam_in_delhi_i_knew_it_was_a_scam/,e-wallet scam,UPI and Digital Payment Fraud,Mobile Wallet Fraud,VICTIM,NARSS-00665.txt,State: Delhi | Author: u/3_inch_dick | Score: 839 | Reddit ID: 12i9d8e
z018pv,NARSS-00666,2026-04-10,SOUBHIK SARKAR,Reddit r/Delhi,reddit.com,2022-11-20,do bank employees share our data with scammers??,https://www.reddit.com/r/delhi/comments/z018pv/do_bank_employees_share_our_data_with_scammers/,e-wallet scam,UPI and Digital Payment Fraud,Mobile Wallet Fraud,THIRD-PARTY,NARSS-00666.txt,State: Delhi | Author: u/Effective-Builder-99 | Score: 3 | Reddit ID: z018pv
yhbcyb,NARSS-00667,2026-04-10,SOUBHIK SARKAR,Reddit r/Delhi,reddit.com,2022-10-30,A fake baba scammed me today at Delhi metro.,https://www.reddit.com/r/delhi/comments/yhbcyb/a_fake_baba_scammed_me_today_at_delhi_metro/,e-wallet scam,UPI and Digital Payment Fraud,Mobile Wallet Fraud,THIRD-PARTY,NARSS-00667.txt,State: Delhi | Author: u/Lonely_humour | Score: 58 | Reddit ID: yhbcyb
xqe03r,NARSS-00668,2026-04-10,SOUBHIK SARKAR,Reddit r/Delhi,reddit.com,2022-09-28,A doubt regarding agencies,https://www.reddit.com/r/delhi/comments/xqe03r/a_doubt_regarding_agencies/,e-wallet scam,UPI and Digital Payment Fraud,Mobile Wallet Fraud,THIRD-PARTY,NARSS-00668.txt,State: Delhi | Author: u/_nitr0g3n_ | Score: 4 | Reddit ID: xqe03r
xexy5f,NARSS-00669,2026-04-10,SOUBHIK SARKAR,Reddit r/Delhi,reddit.com,2022-09-15,How to get started with linkedin?,https://www.reddit.com/r/delhi/comments/xexy5f/how_to_get_started_with_linkedin/,e-wallet scam,UPI and Digital Payment Fraud,Mobile Wallet Fraud,THIRD-PARTY,NARSS-00669.txt,State: Delhi | Author: u/Shot-Hair6486 | Score: 3 | Reddit ID: xexy5f
ce5zen,NARSS-00670,2026-04-10,SOUBHIK SARKAR,Reddit r/Delhi,reddit.com,2019-07-17,Holiday to delhi,https://www.reddit.com/r/delhi/comments/ce5zen/holiday_to_delhi/,e-wallet scam,UPI and Digital Payment Fraud,Mobile Wallet Fraud,THIRD-PARTY,NARSS-00670.txt,State: Delhi | Author: u/tourboi | Score: 5 | Reddit ID: ce5zen
1iydgee,NARSS-00671,2026-04-10,SOUBHIK SARKAR,Reddit r/Delhi,reddit.com,2025-02-26,"Call Merge Scam , New Version of OTP scam in Town",https://www.reddit.com/r/delhi/comments/1iydgee/call_merge_scam_new_version_of_otp_scam_in_town/,OTP fraud,OTP and Authentication Fraud,OTP Fraud,THIRD-PARTY,NARSS-00671.txt,State: Delhi | Author: u/Seeker_hu | Score: 1 | Reddit ID: 1iydgee
1fof7no,NARSS-00672,2026-04-10,SOUBHIK SARKAR,Reddit r/Delhi,reddit.com,2024-09-24,My Mother Preached A Scamster Today,https://www.reddit.com/r/delhi/comments/1fof7no/my_mother_preached_a_scamster_today/,OTP fraud,OTP and Authentication Fraud,OTP Fraud,THIRD-PARTY,NARSS-00672.txt,State: Delhi | Author: u/HonestDisaster05 | Score: 688 | Reddit ID: 1fof7no
104t2m8,NARSS-00673,2026-04-10,SOUBHIK SARKAR,Reddit r/Delhi,reddit.com,2023-01-06,Sharing an incident that happened to me with Delhi Police.,https://www.reddit.com/r/delhi/comments/104t2m8/sharing_an_incident_that_happened_to_me_with/,OTP fraud,OTP and Authentication Fraud,OTP Fraud,NEAR-MISS,NARSS-00673.txt,State: Delhi | Author: u/OutrageousWave25 | Score: 31 | Reddit ID: 104t2m8
1k6mlcx,NARSS-00674,2026-04-10,SOUBHIK SARKAR,Reddit r/Delhi,reddit.com,2025-04-24,Physicswallah OTP scam,https://www.reddit.com/r/delhi/comments/1k6mlcx/physicswallah_otp_scam/,OTP scam,OTP and Authentication Fraud,OTP Fraud,THIRD-PARTY,NARSS-00674.txt,State: Delhi | Author: u/[deleted] | Score: 1 | Reddit ID: 1k6mlcx
1k5h0yi,NARSS-00675,2026-04-10,SOUBHIK SARKAR,Reddit r/Delhi,reddit.com,2025-04-23,Is this some sort of scam going on?,https://www.reddit.com/r/delhi/comments/1k5h0yi/is_this_some_sort_of_scam_going_on/,OTP scam,OTP and Authentication Fraud,OTP Fraud,THIRD-PARTY,NARSS-00675.txt,State: Delhi | Author: u/Grouchy-Parking-6922 | Score: 1 | Reddit ID: 1k5h0yi
1k195m4,NARSS-00676,2026-04-10,SOUBHIK SARKAR,Reddit r/Delhi,reddit.com,2025-04-17,New scam alert: Hijacking your whatsapp data,https://www.reddit.com/r/delhi/comments/1k195m4/new_scam_alert_hijacking_your_whatsapp_data/,OTP scam,OTP and Authentication Fraud,OTP Fraud,NEAR-MISS,NARSS-00676.txt,State: Delhi | Author: u/buggyNeoNoir | Score: 1 | Reddit ID: 1k195m4
1i7jl44,NARSS-00677,2026-04-10,SOUBHIK SARKAR,Reddit r/Delhi,reddit.com,2025-01-23,Beware guys from these scams,https://www.reddit.com/r/delhi/comments/1i7jl44/beware_guys_from_these_scams/,OTP scam,OTP and Authentication Fraud,OTP Fraud,NEAR-MISS,NARSS-00677.txt,State: Delhi | Author: u/tapan_04 | Score: 1 | Reddit ID: 1i7jl44
1he1gva,NARSS-00678,2026-04-10,SOUBHIK SARKAR,Reddit r/Delhi,reddit.com,2024-12-14,"I got scammed on phone call , please help me I am not sure what to do else I might lose money.",https://www.reddit.com/r/delhi/comments/1he1gva/i_got_scammed_on_phone_call_please_help_me_i_am/,OTP scam,OTP and Authentication Fraud,OTP Fraud,THIRD-PARTY,NARSS-00678.txt,State: Delhi | Author: u/MelodicHeartstrings | Score: 1 | Reddit ID: 1he1gva
1gensfk,NARSS-00679,2026-04-10,SOUBHIK SARKAR,Reddit r/Delhi,reddit.com,2024-10-29,Got scammed by Blinkit,https://www.reddit.com/r/delhi/comments/1gensfk/got_scammed_by_blinkit/,OTP scam,OTP and Authentication Fraud,OTP Fraud,THIRD-PARTY,NARSS-00679.txt,State: Delhi | Author: u/Cold_Contribution_63 | Score: 1 | Reddit ID: 1gensfk
1gc3zia,NARSS-00680,2026-04-10,SOUBHIK SARKAR,Reddit r/Delhi,reddit.com,2024-10-26,Flipkart Scam Alertttt,https://www.reddit.com/r/delhi/comments/1gc3zia/flipkart_scam_alertttt/,OTP scam,OTP and Authentication Fraud,OTP Fraud,THIRD-PARTY,NARSS-00680.txt,State: Delhi | Author: u/milann_kundera | Score: 1 | Reddit ID: 1gc3zia
1g1vqm2,NARSS-00681,2026-04-10,SOUBHIK SARKAR,Reddit r/Delhi,reddit.com,2024-10-12,Dodged the Scam - OLA,https://www.reddit.com/r/delhi/comments/1g1vqm2/dodged_the_scam_ola/,OTP scam,OTP and Authentication Fraud,OTP Fraud,THIRD-PARTY,NARSS-00681.txt,State: Delhi | Author: u/Most-Actuator3830 | Score: 1 | Reddit ID: 1g1vqm2
1blxq77,NARSS-00682,2026-04-10,SOUBHIK SARKAR,Reddit r/Delhi,reddit.com,2024-03-23,Rummy circle Otp scam?,https://www.reddit.com/r/delhi/comments/1blxq77/rummy_circle_otp_scam/,OTP scam,OTP and Authentication Fraud,OTP Fraud,THIRD-PARTY,NARSS-00682.txt,State: Delhi | Author: u/Raimaker08 | Score: 1 | Reddit ID: 1blxq77
1b4sokd,NARSS-00683,2026-04-10,SOUBHIK SARKAR,Reddit r/Delhi,reddit.com,2024-03-02,Potential Finnable OTP scam,https://www.reddit.com/r/delhi/comments/1b4sokd/potential_finnable_otp_scam/,OTP scam,OTP and Authentication Fraud,OTP Fraud,THIRD-PARTY,NARSS-00683.txt,State: Delhi | Author: u/arorocks | Score: 1 | Reddit ID: 1b4sokd
199m5fp,NARSS-00684,2026-04-10,SOUBHIK SARKAR,Reddit r/Delhi,reddit.com,2024-01-18,Is it a new scam in market?,https://www.reddit.com/r/delhi/comments/199m5fp/is_it_a_new_scam_in_market/,OTP scam,OTP and Authentication Fraud,OTP Fraud,THIRD-PARTY,NARSS-00684.txt,State: Delhi | Author: u/Still-Psychology-158 | Score: 1 | Reddit ID: 199m5fp
18nm6s6,NARSS-00685,2026-04-10,SOUBHIK SARKAR,Reddit r/Delhi,reddit.com,2023-12-21,I need to help my dad,https://www.reddit.com/r/delhi/comments/18nm6s6/i_need_to_help_my_dad/,OTP scam,OTP and Authentication Fraud,OTP Fraud,NEAR-MISS,NARSS-00685.txt,State: Delhi | Author: u/SpaceManRayRay11 | Score: 1 | Reddit ID: 18nm6s6
16wth8d,NARSS-00686,2026-04-10,SOUBHIK SARKAR,Reddit r/Delhi,reddit.com,2023-10-01,Help. My mother has been scammed.,https://www.reddit.com/r/delhi/comments/16wth8d/help_my_mother_has_been_scammed/,OTP scam,OTP and Authentication Fraud,OTP Fraud,THIRD-PARTY,NARSS-00686.txt,State: Delhi | Author: u/EffortCandid6910 | Score: 1 | Reddit ID: 16wth8d
1609hqm,NARSS-00687,2026-04-10,SOUBHIK SARKAR,Reddit r/Delhi,reddit.com,2023-08-24,Flipkart and Paytm wallet Scam,https://www.reddit.com/r/delhi/comments/1609hqm/flipkart_and_paytm_wallet_scam/,OTP scam,OTP and Authentication Fraud,OTP Fraud,THIRD-PARTY,NARSS-00687.txt,State: Delhi | Author: u/Over_Research8079 | Score: 1 | Reddit ID: 1609hqm
15zz3zg,NARSS-00688,2026-04-10,SOUBHIK SARKAR,Reddit r/Delhi,reddit.com,2023-08-24,A probable scam near Connaught Place,https://www.reddit.com/r/delhi/comments/15zz3zg/a_probable_scam_near_connaught_place/,OTP scam,OTP and Authentication Fraud,OTP Fraud,NEAR-MISS,NARSS-00688.txt,State: Delhi | Author: u/Bull_by_Default | Score: 1 | Reddit ID: 15zz3zg
15pstqv,NARSS-00689,2026-04-10,SOUBHIK SARKAR,Reddit r/Delhi,reddit.com,2023-08-13,Flipkart Customer Support tried to Scam me today,https://www.reddit.com/r/delhi/comments/15pstqv/flipkart_customer_support_tried_to_scam_me_today/,OTP scam,OTP and Authentication Fraud,OTP Fraud,VICTIM,NARSS-00689.txt,State: Delhi | Author: u/QuantalQuetzal_ | Score: 8 | Reddit ID: 15pstqv
1he4014,NARSS-00690,2026-04-10,SOUBHIK SARKAR,Reddit r/Delhi,reddit.com,2024-12-14,Never use PORTER DELIVERY APP ,https://www.reddit.com/r/delhi/comments/1he4014/never_use_porter_delivery_app/,OTP theft,OTP and Authentication Fraud,OTP Fraud,THIRD-PARTY,NARSS-00690.txt,State: Delhi | Author: u/Subject_Scheme_9599 | Score: 1 | Reddit ID: 1he4014
zouvvj,NARSS-00691,2026-04-10,SOUBHIK SARKAR,Reddit r/Delhi,reddit.com,2022-12-18,Fear of SIM swapping Fraud. How does it work??,https://www.reddit.com/r/delhi/comments/zouvvj/fear_of_sim_swapping_fraud_how_does_it_work/,SIM swap fraud,OTP and Authentication Fraud,SIM Swap,THIRD-PARTY,NARSS-00691.txt,State: Delhi | Author: u/Far-Salt6655 | Score: 2 | Reddit ID: zouvvj
1jsubb7,NARSS-00692,2026-04-10,SOUBHIK SARKAR,Reddit r/Delhi,reddit.com,2025-04-06,KYC Scam se ₹47Lakh hue Bank Se Saaf#shorts#shortsvideo#shortvideo#shortsfeed#viralvideo#viralshorts,https://www.reddit.com/r/delhi/comments/1jsubb7/kyc_scam_se_47lakh_hue_bank_se/,KYC scam,OTP and Authentication Fraud,KYC Fraud,THIRD-PARTY,NARSS-00692.txt,State: Delhi | Author: u/djthefinancebuddy | Score: 1 | Reddit ID: 1jsubb7
1h7a23n,NARSS-00693,2026-04-10,SOUBHIK SARKAR,Reddit r/Delhi,reddit.com,2024-12-05,Digital arrest scams and incompetent police and banks.,https://www.reddit.com/r/delhi/comments/1h7a23n/digital_arrest_scams_and_incompetent_police_and/,KYC scam,OTP and Authentication Fraud,KYC Fraud,THIRD-PARTY,NARSS-00693.txt,State: Delhi | Author: u/Yabai_otoko | Score: 1 | Reddit ID: 1h7a23n
12u75ar,NARSS-00694,2026-04-10,SOUBHIK SARKAR,Reddit r/Delhi,reddit.com,2023-04-21,"""Nothing is free"" - A simple mantra for Scam free life",https://www.reddit.com/r/delhi/comments/12u75ar/nothing_is_free_a_simple_mantra_for_scam_free_life/,KYC scam,OTP and Authentication Fraud,KYC Fraud,THIRD-PARTY,NARSS-00694.txt,State: Delhi | Author: u/dew_chiggi | Score: 51 | Reddit ID: 12u75ar
1i8y3wj,NARSS-00695,2026-04-10,SOUBHIK SARKAR,Reddit r/Delhi,reddit.com,2025-01-24,Corporate selling data like always,https://www.reddit.com/r/delhi/comments/1i8y3wj/corporate_selling_data_like_always/,digital arrest,Digital Arrest Scam,Digital Arrest,THIRD-PARTY,NARSS-00695.txt,State: Delhi | Author: u/AdmiralTacoBell | Score: 4 | Reddit ID: 1i8y3wj
1hd7sua,NARSS-00696,2026-04-10,SOUBHIK SARKAR,Reddit r/Delhi,reddit.com,2024-12-13,Beware - Parcel Return | Digital arrest scam ,https://www.reddit.com/r/delhi/comments/1hd7sua/beware_parcel_return_digital_arrest_scam/,digital arrest,Digital Arrest Scam,Digital Arrest,NEAR-MISS,NARSS-00696.txt,State: Delhi | Author: u/Dry-Performance-9149 | Score: 1 | Reddit ID: 1hd7sua
1ha5qsq,NARSS-00697,2026-04-10,SOUBHIK SARKAR,Reddit r/Delhi,reddit.com,2024-12-09,"What proactive steps can individuals take to protect themselves from wrongful accusations or arrests related to online activities, such as maintaining digital hygiene and understanding cyber laws?
",https://www.reddit.com/r/delhi/comments/1ha5qsq/what_proactive_steps_can_individuals_take_to/,digital arrest,Digital Arrest Scam,Digital Arrest,THIRD-PARTY,NARSS-00697.txt,State: Delhi | Author: u/advocatedeepak | Score: 1 | Reddit ID: 1ha5qsq
1g534bt,NARSS-00698,2026-04-10,SOUBHIK SARKAR,Reddit r/Delhi,reddit.com,2024-10-16,"ये वीडियो अपने परिवार के साथ देखिए,Aaj Tak पत्रकार की Digital Arrest फ्रॉड की कहानी सावधान करेगी!",https://www.reddit.com/r/delhi/comments/1g534bt/य_वडय_अपन_परवर_क_सथ_दखएaaj_tak_पतरकर_क_digital/,digital arrest,Digital Arrest Scam,Digital Arrest,THIRD-PARTY,NARSS-00698.txt,State: Delhi | Author: u/[deleted] | Score: 1 | Reddit ID: 1g534bt
1bidz6e,NARSS-00699,2026-04-10,SOUBHIK SARKAR,Reddit r/Delhi,reddit.com,2024-03-19,Rajat Dalal Neutralised: A Blow to Casteist and Misogynistic Behavior,https://www.reddit.com/r/delhi/comments/1bidz6e/rajat_dalal_neutralised_a_blow_to_casteist_and/,digital arrest,Digital Arrest Scam,Digital Arrest,THIRD-PARTY,NARSS-00699.txt,State: Delhi | Author: u/Born_Experience_862 | Score: 1 | Reddit ID: 1bidz6e
19cuarm,NARSS-00700,2026-04-10,SOUBHIK SARKAR,Reddit r/Delhi,reddit.com,2024-01-22,Digital arrest Racket busted in Delhi,https://www.reddit.com/r/delhi/comments/19cuarm/digital_arrest_racket_busted_in_delhi/,digital arrest,Digital Arrest Scam,Digital Arrest,THIRD-PARTY,NARSS-00700.txt,State: Delhi | Author: u/Green_Wind3365 | Score: 1 | Reddit ID: 19cuarm
1ki9wsv,NARSS-00701,2026-04-10,SOUBHIK SARKAR,Reddit r/Delhi,reddit.com,2025-05-09,Why is our mainstream media turning into a Marvel multiverse generator?,https://www.reddit.com/r/delhi/comments/1ki9wsv/why_is_our_mainstream_media_turning_into_a_marvel/,fake arrest,Digital Arrest Scam,Digital Arrest,THIRD-PARTY,NARSS-00701.txt,State: Delhi | Author: u/not-someone-yk | Score: 1 | Reddit ID: 1ki9wsv
1ki90jg,NARSS-00702,2026-04-10,SOUBHIK SARKAR,Reddit r/Delhi,reddit.com,2025-05-09,Our media houses are trash.,https://www.reddit.com/r/delhi/comments/1ki90jg/our_media_houses_are_trash/,fake arrest,Digital Arrest Scam,Digital Arrest,THIRD-PARTY,NARSS-00702.txt,State: Delhi | Author: u/schrodinger_wave | Score: 1 | Reddit ID: 1ki90jg
1k1qpxg,NARSS-00703,2026-04-10,SOUBHIK SARKAR,Reddit r/Delhi,reddit.com,2025-04-18,"7 Husbands Murdered in 45 Days - A Chilling Pattern of Affairs, Brutality &amp; Betrayal by Wives Across India",https://www.reddit.com/r/delhi/comments/1k1qpxg/7_husbands_murdered_in_45_days_a_chilling_pattern/,fake arrest,Digital Arrest Scam,Digital Arrest,NEAR-MISS,NARSS-00703.txt,State: Delhi | Author: u/SquaredAndRooted | Score: 1 | Reddit ID: 1k1qpxg
1jh2v6t,NARSS-00704,2026-04-10,SOUBHIK SARKAR,Reddit r/Delhi,reddit.com,2025-03-22,📢 Fake IB Officers Extort ₹11.50 Lakh from Jewellery Shop | 4 Arrested | Mumbai Police Action.,https://www.reddit.com/r/delhi/comments/1jh2v6t/fake_ib_officers_extort_1150_lakh_from_jewellery/,fake arrest,Digital Arrest Scam,Digital Arrest,THIRD-PARTY,NARSS-00704.txt,State: Delhi | Author: u/Appropriate-Wave-565 | Score: 1 | Reddit ID: 1jh2v6t
1i438mx,NARSS-00705,2026-04-10,SOUBHIK SARKAR,Reddit r/Delhi,reddit.com,2025-01-18,Delhi Police arrests two men for helping Bangladeshi woman get fake Indian documents,https://www.reddit.com/r/delhi/comments/1i438mx/delhi_police_arrests_two_men_for_helping/,fake arrest,Digital Arrest Scam,Digital Arrest,THIRD-PARTY,NARSS-00705.txt,State: Delhi | Author: u/Nice_Track2179 | Score: 1 | Reddit ID: 1i438mx
1hmhsg7,NARSS-00706,2026-04-10,SOUBHIK SARKAR,Reddit r/Delhi,reddit.com,2024-12-26,"Delhi Police Busts Immigration Racket, Arrests 11 for Forging Documents",https://www.reddit.com/r/delhi/comments/1hmhsg7/delhi_police_busts_immigration_racket_arrests_11/,fake arrest,Digital Arrest Scam,Digital Arrest,THIRD-PARTY,NARSS-00706.txt,State: Delhi | Author: u/Head_Ground_2468 | Score: 1 | Reddit ID: 1hmhsg7
1hlyah4,NARSS-00707,2026-04-10,SOUBHIK SARKAR,Reddit r/Delhi,reddit.com,2024-12-25,Kejriwal Alleges Plot to Arrest Delhi CM Atishi in 'Fake Case',https://www.reddit.com/r/delhi/comments/1hlyah4/kejriwal_alleges_plot_to_arrest_delhi_cm_atishi/,fake arrest,Digital Arrest Scam,Digital Arrest,THIRD-PARTY,NARSS-00707.txt,State: Delhi | Author: u/Head_Ground_2468 | Score: 1 | Reddit ID: 1hlyah4
1h6f88u,NARSS-00708,2026-04-10,SOUBHIK SARKAR,Reddit r/Delhi,reddit.com,2024-12-04,"[2021] Pakistani terrorist arrested, was living in India under fake identity for over 10 years: Delhi Police",https://www.reddit.com/r/delhi/comments/1h6f88u/2021_pakistani_terrorist_arrested_was_living_in/,fake arrest,Digital Arrest Scam,Digital Arrest,THIRD-PARTY,NARSS-00708.txt,State: Delhi | Author: u/Dependent-End5255 | Score: 1 | Reddit ID: 1h6f88u
1ezwwzl,NARSS-00709,2026-04-10,SOUBHIK SARKAR,Reddit r/Delhi,reddit.com,2024-08-24,Here are some findings available in public about the RG KAR case,https://www.reddit.com/r/delhi/comments/1ezwwzl/here_are_some_findings_available_in_public_about/,fake arrest,Digital Arrest Scam,Digital Arrest,THIRD-PARTY,NARSS-00709.txt,State: Delhi | Author: u/Good_Respond1533 | Score: 1 | Reddit ID: 1ezwwzl
1ep5ete,NARSS-00710,2026-04-10,SOUBHIK SARKAR,Reddit r/Delhi,reddit.com,2024-08-11,Ethical support needed - my neighbor beaten me out of ego,https://www.reddit.com/r/delhi/comments/1ep5ete/ethical_support_needed_my_neighbor_beaten_me_out/,fake arrest,Digital Arrest Scam,Digital Arrest,NEAR-MISS,NARSS-00710.txt,State: Delhi | Author: u/saksham73 | Score: 1 | Reddit ID: 1ep5ete
1e7pg5j,NARSS-00711,2026-04-10,SOUBHIK SARKAR,Reddit r/Delhi,reddit.com,2024-07-20,2 men in inter-state fake currency racket arrested in Delhi,https://www.reddit.com/r/delhi/comments/1e7pg5j/2_men_in_interstate_fake_currency_racket_arrested/,fake arrest,Digital Arrest Scam,Digital Arrest,THIRD-PARTY,NARSS-00711.txt,State: Delhi | Author: u/Cybertronian1512 | Score: 1 | Reddit ID: 1e7pg5j
1dwp4wv,NARSS-00712,2026-04-10,SOUBHIK SARKAR,Reddit r/Delhi,reddit.com,2024-07-06,Harassment by police,https://www.reddit.com/r/delhi/comments/1dwp4wv/harassment_by_police/,fake arrest,Digital Arrest Scam,Digital Arrest,THIRD-PARTY,NARSS-00712.txt,State: Delhi | Author: u/Status-Pumpkin-6114 | Score: 1 | Reddit ID: 1dwp4wv
1cj2txy,NARSS-00713,2026-04-10,SOUBHIK SARKAR,Reddit r/Delhi,reddit.com,2024-05-03,My dad got a call from this number . Saying that ur son is arrested and ladki ki situation mushkil hai bachne ki 3 logo ko pakad lia hai or apke bete ka number trace hora hai or use call mat karna (obviously its fake) 🫡,https://www.reddit.com/r/delhi/comments/1cj2txy/my_dad_got_a_call_from_this_number_saying_that_ur/,fake arrest,Digital Arrest Scam,Digital Arrest,THIRD-PARTY,NARSS-00713.txt,State: Delhi | Author: u/Revolutionary_Ad6690 | Score: 1 | Reddit ID: 1cj2txy
1bodrt9,NARSS-00714,2026-04-10,SOUBHIK SARKAR,Reddit r/Delhi,reddit.com,2024-03-26,CA arrested for providing fake e-bank guarantees worth Rs 168 crore,https://www.reddit.com/r/delhi/comments/1bodrt9/ca_arrested_for_providing_fake_ebank_guarantees/,fake arrest,Digital Arrest Scam,Digital Arrest,THIRD-PARTY,NARSS-00714.txt,State: Delhi | Author: u/Cybertronian1512 | Score: 1 | Reddit ID: 1bodrt9
15s32er,NARSS-00715,2026-04-10,SOUBHIK SARKAR,Reddit r/Delhi,reddit.com,2023-08-16,Blood bank scammer on bail,https://www.reddit.com/r/delhi/comments/15s32er/blood_bank_scammer_on_bail/,fake arrest,Digital Arrest Scam,Digital Arrest,NEAR-MISS,NARSS-00715.txt,State: Delhi | Author: u/degakya | Score: 6 | Reddit ID: 15s32er
1iublls,NARSS-00716,2026-04-10,SOUBHIK SARKAR,Reddit r/Delhi,reddit.com,2025-02-21,Domestic violence in marriage,https://www.reddit.com/r/delhi/comments/1iublls/domestic_violence_in_marriage/,video call arrest,Digital Arrest Scam,Digital Arrest,THIRD-PARTY,NARSS-00716.txt,State: Delhi | Author: u/_sam_op_ | Score: 1 | Reddit ID: 1iublls
1ezbl04,NARSS-00717,2026-04-10,SOUBHIK SARKAR,Reddit r/Delhi,reddit.com,2024-08-23,Guy on metro harassed me and nobody did anything?!!?!!,https://www.reddit.com/r/delhi/comments/1ezbl04/guy_on_metro_harassed_me_and_nobody_did_anything/,video call arrest,Digital Arrest Scam,Digital Arrest,NEAR-MISS,NARSS-00717.txt,State: Delhi | Author: u/real_helldragon | Score: 1 | Reddit ID: 1ezbl04
1eic1px,NARSS-00718,2026-04-10,SOUBHIK SARKAR,Reddit r/Delhi,reddit.com,2024-08-02,Let's Decode why was the person responsible of death of Students in ORN was granted bail !,https://www.reddit.com/r/delhi/comments/1eic1px/lets_decode_why_was_the_person_responsible_of/,video call arrest,Digital Arrest Scam,Digital Arrest,THIRD-PARTY,NARSS-00718.txt,State: Delhi | Author: u/Extremepleasurepro | Score: 1 | Reddit ID: 1eic1px
1eqg9ru,NARSS-00719,2026-04-10,SOUBHIK SARKAR,Reddit r/Delhi,reddit.com,2024-08-12,Beware of Scams from Movers and packers companies ,https://www.reddit.com/r/delhi/comments/1eqg9ru/beware_of_scams_from_movers_and_packers_companies/,police impersonation scam,Digital Arrest Scam,Impersonation Scam,NEAR-MISS,NARSS-00719.txt,State: Delhi | Author: u/GrapefruitPale2066 | Score: 1 | Reddit ID: 1eqg9ru
1fznb2k,NARSS-00720,2026-04-10,SOUBHIK SARKAR,Reddit r/Delhi,reddit.com,2024-10-09,Drop in your tips to tackle and avoid scammers,https://www.reddit.com/r/delhi/comments/1fznb2k/drop_in_your_tips_to_tackle_and_avoid_scammers/,TRAI scam call,Digital Arrest Scam,Impersonation Scam,NEAR-MISS,NARSS-00720.txt,State: Delhi | Author: u/d1nonly_unimaginable | Score: 1 | Reddit ID: 1fznb2k
18hcbz6,NARSS-00721,2026-04-10,SOUBHIK SARKAR,Reddit r/Delhi,reddit.com,2023-12-13,A rude call with potential SBI Card Scammer or Staff… What should I do?,https://www.reddit.com/r/delhi/comments/18hcbz6/a_rude_call_with_potential_sbi_card_scammer_or/,TRAI scam call,Digital Arrest Scam,Impersonation Scam,VICTIM,NARSS-00721.txt,State: Delhi | Author: u/OnTrackNow1 | Score: 1 | Reddit ID: 18hcbz6
17mr6hf,NARSS-00722,2026-04-10,SOUBHIK SARKAR,Reddit r/Delhi,reddit.com,2023-11-03,How To Save Yourself From - Girl - Hookah - Cafe,https://www.reddit.com/r/delhi/comments/17mr6hf/how_to_save_yourself_from_girl_hookah_cafe/,ED scam call,Digital Arrest Scam,Impersonation Scam,THIRD-PARTY,NARSS-00722.txt,State: Delhi | Author: u/mainibuhatela | Score: 1 | Reddit ID: 17mr6hf
1jwxlev,NARSS-00723,2026-04-10,SOUBHIK SARKAR,Reddit r/Delhi,reddit.com,2025-04-12,Creepy incident at delhi mall,https://www.reddit.com/r/delhi/comments/1jwxlev/creepy_incident_at_delhi_mall/,video call scam,Digital Arrest Scam,Video Call Coercion,THIRD-PARTY,NARSS-00723.txt,State: Delhi | Author: u/Difficult-Move-6273 | Score: 1 | Reddit ID: 1jwxlev
1jo0ae1,NARSS-00724,2026-04-10,SOUBHIK SARKAR,Reddit r/Delhi,reddit.com,2025-03-31,The Lady's fluent English made him the victim of phone call scam,https://www.reddit.com/r/delhi/comments/1jo0ae1/the_ladys_fluent_english_made_him_the_victim_of/,video call scam,Digital Arrest Scam,Video Call Coercion,THIRD-PARTY,NARSS-00724.txt,State: Delhi | Author: u/Head_Ad_8104 | Score: 1 | Reddit ID: 1jo0ae1
1fdd0rq,NARSS-00725,2026-04-10,SOUBHIK SARKAR,Reddit r/Delhi,reddit.com,2024-09-10,Back to back scam calls ,https://www.reddit.com/r/delhi/comments/1fdd0rq/back_to_back_scam_calls/,video call scam,Digital Arrest Scam,Video Call Coercion,THIRD-PARTY,NARSS-00725.txt,State: Delhi | Author: u/Kooky_Looks | Score: 1 | Reddit ID: 1fdd0rq
1em6wph,NARSS-00726,2026-04-10,SOUBHIK SARKAR,Reddit r/Delhi,reddit.com,2024-08-07,Is this legit?? Can you please help?,https://www.reddit.com/r/delhi/comments/1em6wph/is_this_legit_can_you_please_help/,video call scam,Digital Arrest Scam,Video Call Coercion,THIRD-PARTY,NARSS-00726.txt,State: Delhi | Author: u/ToxSick_ | Score: 1 | Reddit ID: 1em6wph
1dsq2en,NARSS-00727,2026-04-10,SOUBHIK SARKAR,Reddit r/Delhi,reddit.com,2024-07-01,Adivasi hair oil is the new snake oil scam in India,https://www.reddit.com/r/delhi/comments/1dsq2en/adivasi_hair_oil_is_the_new_snake_oil_scam_in/,video call scam,Digital Arrest Scam,Video Call Coercion,NEAR-MISS,NARSS-00727.txt,State: Delhi | Author: u/MysteriousApricot991 | Score: 1 | Reddit ID: 1dsq2en
1dso37l,NARSS-00728,2026-04-10,SOUBHIK SARKAR,Reddit r/Delhi,reddit.com,2024-07-01,Are Most Instagram seller are Scam?,https://www.reddit.com/r/delhi/comments/1dso37l/are_most_instagram_seller_are_scam/,video call scam,Digital Arrest Scam,Video Call Coercion,THIRD-PARTY,NARSS-00728.txt,State: Delhi | Author: u/Kind_Detective9460 | Score: 1 | Reddit ID: 1dso37l
1cqbdtk,NARSS-00729,2026-04-10,SOUBHIK SARKAR,Reddit r/Delhi,reddit.com,2024-05-12,Was I about to be scammed or is this the norm?,https://www.reddit.com/r/delhi/comments/1cqbdtk/was_i_about_to_be_scammed_or_is_this_the_norm/,video call scam,Digital Arrest Scam,Video Call Coercion,THIRD-PARTY,NARSS-00729.txt,State: Delhi | Author: u/Astraa__ | Score: 1 | Reddit ID: 1cqbdtk
18fs3lg,NARSS-00730,2026-04-10,SOUBHIK SARKAR,Reddit r/Delhi,reddit.com,2023-12-11,Avoided an OLX scam like a pro. Thanks reddit!,https://www.reddit.com/r/delhi/comments/18fs3lg/avoided_an_olx_scam_like_a_pro_thanks_reddit/,video call scam,Digital Arrest Scam,Video Call Coercion,NEAR-MISS,NARSS-00730.txt,State: Delhi | Author: u/Beingappy | Score: 1 | Reddit ID: 18fs3lg
17pgc4g,NARSS-00731,2026-04-10,SOUBHIK SARKAR,Reddit r/Delhi,reddit.com,2023-11-07,"Encountered digital bikhari, tinder scam alert",https://www.reddit.com/r/delhi/comments/17pgc4g/encountered_digital_bikhari_tinder_scam_alert/,video call scam,Digital Arrest Scam,Video Call Coercion,THIRD-PARTY,NARSS-00731.txt,State: Delhi | Author: u/zorothepiratehunter_ | Score: 1 | Reddit ID: 17pgc4g
169og7m,NARSS-00732,2026-04-10,SOUBHIK SARKAR,Reddit r/Delhi,reddit.com,2023-09-04,Delhi tinder scam- help?,https://www.reddit.com/r/delhi/comments/169og7m/delhi_tinder_scam_help/,video call scam,Digital Arrest Scam,Video Call Coercion,NEAR-MISS,NARSS-00732.txt,State: Delhi | Author: u/fearofunknown1 | Score: 1 | Reddit ID: 169og7m
10yoflt,NARSS-00733,2026-04-10,SOUBHIK SARKAR,Reddit r/Delhi,reddit.com,2023-02-10,BEWARE of the new SCAM that has been going around.,https://www.reddit.com/r/delhi/comments/10yoflt/beware_of_the_new_scam_that_has_been_going_around/,video call scam,Digital Arrest Scam,Video Call Coercion,NEAR-MISS,NARSS-00733.txt,State: Delhi | Author: u/justshubh | Score: 33 | Reddit ID: 10yoflt
zkkxlu,NARSS-00734,2026-04-10,SOUBHIK SARKAR,Reddit r/Delhi,reddit.com,2022-12-13,Metro token scam.,https://www.reddit.com/r/delhi/comments/zkkxlu/metro_token_scam/,video call scam,Digital Arrest Scam,Video Call Coercion,NEAR-MISS,NARSS-00734.txt,State: Delhi | Author: u/knockoutttt | Score: 15 | Reddit ID: zkkxlu
uttb7l,NARSS-00735,2026-04-10,SOUBHIK SARKAR,Reddit r/Delhi,reddit.com,2022-05-20,stressed due to a ' possible ' scam but seeking help here.,https://www.reddit.com/r/delhi/comments/uttb7l/stressed_due_to_a_possible_scam_but_seeking_help/,video call scam,Digital Arrest Scam,Video Call Coercion,THIRD-PARTY,NARSS-00735.txt,State: Delhi | Author: u/trippingalwys | Score: 6 | Reddit ID: uttb7l
luf4kf,NARSS-00736,2026-04-10,SOUBHIK SARKAR,Reddit r/Delhi,reddit.com,2021-02-28,Whatsap Facebook Nude Video Call Scam,https://www.reddit.com/r/delhi/comments/luf4kf/whatsap_facebook_nude_video_call_scam/,video call scam,Digital Arrest Scam,Video Call Coercion,THIRD-PARTY,NARSS-00736.txt,State: Delhi | Author: u/TelecomNation | Score: 0 | Reddit ID: luf4kf
1j5sl9r,NARSS-00737,2026-04-10,SOUBHIK SARKAR,Reddit r/Delhi,reddit.com,2025-03-07,shady behaviour of police in mobile theft case,https://www.reddit.com/r/delhi/comments/1j5sl9r/shady_behaviour_of_police_in_mobile_theft_case/,video call blackmail,Digital Arrest Scam,Video Call Coercion,THIRD-PARTY,NARSS-00737.txt,State: Delhi | Author: u/[deleted] | Score: 3 | Reddit ID: 1j5sl9r
1638kxn,NARSS-00738,2026-04-10,SOUBHIK SARKAR,Reddit r/Delhi,reddit.com,2023-08-28,Blackmailing over explicit chats can be avoided if you follow some rational steps.,https://www.reddit.com/r/delhi/comments/1638kxn/blackmailing_over_explicit_chats_can_be_avoided/,video call blackmail,Digital Arrest Scam,Video Call Coercion,VICTIM,NARSS-00738.txt,State: Delhi | Author: u/burzario | Score: 1 | Reddit ID: 1638kxn
14zlpmp,NARSS-00739,2026-04-10,SOUBHIK SARKAR,Reddit r/Delhi,reddit.com,2023-07-14,Very Serious. Sister in big trouble. Ex-bf blackmailing with videos.,https://www.reddit.com/r/delhi/comments/14zlpmp/very_serious_sister_in_big_trouble_exbf/,video call blackmail,Digital Arrest Scam,Video Call Coercion,THIRD-PARTY,NARSS-00739.txt,State: Delhi | Author: u/OkResponsibility9497 | Score: 1 | Reddit ID: 14zlpmp
yv51xc,NARSS-00740,2026-04-10,SOUBHIK SARKAR,Reddit r/Delhi,reddit.com,2022-11-14,Ye kya wahi h jo logo ko whatsapp pe nude video call kar rahi hai aur fir blackmail krke paise le rahi hai?,https://www.reddit.com/r/delhi/comments/yv51xc/ye_kya_wahi_h_jo_logo_ko_whatsapp_pe_nude_video/,video call blackmail,Digital Arrest Scam,Video Call Coercion,THIRD-PARTY,NARSS-00740.txt,State: Delhi | Author: u/[deleted] | Score: 5 | Reddit ID: yv51xc
yv4sxd,NARSS-00741,2026-04-10,SOUBHIK SARKAR,Reddit r/Delhi,reddit.com,2022-11-14,Ye kya wahi h jo logo ko whatsapp pe nude video call kar rahi hai aur fir blackmail krke paise le rahi hai?,https://www.reddit.com/r/delhi/comments/yv4sxd/ye_kya_wahi_h_jo_logo_ko_whatsapp_pe_nude_video/,video call blackmail,Digital Arrest Scam,Video Call Coercion,THIRD-PARTY,NARSS-00741.txt,State: Delhi | Author: u/[deleted] | Score: 1 | Reddit ID: yv4sxd
1d1o1fq,NARSS-00742,2026-04-10,SOUBHIK SARKAR,Reddit r/Delhi,reddit.com,2024-05-27,The First Rains. The story of a first date in the city.[OC],https://www.reddit.com/r/delhi/comments/1d1o1fq/the_first_rains_the_story_of_a_first_date_in_the/,fake interrogation,Digital Arrest Scam,Video Call Coercion,VICTIM,NARSS-00742.txt,State: Delhi | Author: u/Existentialbreadd | Score: 1 | Reddit ID: 1d1o1fq
1jythtp,NARSS-00743,2026-04-10,SOUBHIK SARKAR,Reddit r/Delhi,reddit.com,2025-04-14,Messing with credit card scammer.,https://www.reddit.com/r/delhi/comments/1jythtp/messing_with_credit_card_scammer/,phishing,"Phishing, Vishing, and Smishing",Phishing,NEAR-MISS,NARSS-00743.txt,State: Delhi | Author: u/EquivalentHefty6495 | Score: 1 | Reddit ID: 1jythtp
1ie8wag,NARSS-00744,2026-04-10,SOUBHIK SARKAR,Reddit r/Delhi,reddit.com,2025-01-31,Please Help! My Google account is continuously getting hacked.,https://www.reddit.com/r/delhi/comments/1ie8wag/please_help_my_google_account_is_continuously/,phishing,"Phishing, Vishing, and Smishing",Phishing,VICTIM,NARSS-00744.txt,State: Delhi | Author: u/normal_bored_person | Score: 1 | Reddit ID: 1ie8wag
1i5j01o,NARSS-00745,2026-04-10,SOUBHIK SARKAR,Reddit r/Delhi,reddit.com,2025-01-20,24M. Was that phishing?[S],https://www.reddit.com/r/delhi/comments/1i5j01o/24m_was_that_phishings/,phishing,"Phishing, Vishing, and Smishing",Phishing,THIRD-PARTY,NARSS-00745.txt,State: Delhi | Author: u/Apart-Dust-6867 | Score: 1 | Reddit ID: 1i5j01o
18tm954,NARSS-00746,2026-04-10,SOUBHIK SARKAR,Reddit r/Delhi,reddit.com,2023-12-29,iPhone stolen and I fell for phishing scam too.,https://www.reddit.com/r/delhi/comments/18tm954/iphone_stolen_and_i_fell_for_phishing_scam_too/,phishing,"Phishing, Vishing, and Smishing",Phishing,VICTIM,NARSS-00746.txt,State: Delhi | Author: u/DareProof3336 | Score: 1 | Reddit ID: 18tm954
13izt2s,NARSS-00747,2026-04-10,SOUBHIK SARKAR,Reddit r/Delhi,reddit.com,2023-05-16,iPhone 13 Pro Max Stolen from Rema concert,https://www.reddit.com/r/delhi/comments/13izt2s/iphone_13_pro_max_stolen_from_rema_concert/,phishing,"Phishing, Vishing, and Smishing",Phishing,THIRD-PARTY,NARSS-00747.txt,State: Delhi | Author: u/Finallyanime952 | Score: 3 | Reddit ID: 13izt2s
u2q147,NARSS-00748,2026-04-10,SOUBHIK SARKAR,Reddit r/Delhi,reddit.com,2022-04-13,Has anyone ever had their iPhone stolen? Were you able to get it back?,https://www.reddit.com/r/delhi/comments/u2q147/has_anyone_ever_had_their_iphone_stolen_were_you/,phishing,"Phishing, Vishing, and Smishing",Phishing,THIRD-PARTY,NARSS-00748.txt,State: Delhi | Author: u/snuffleawwpagus | Score: 6 | Reddit ID: u2q147
o228bh,NARSS-00749,2026-04-10,SOUBHIK SARKAR,Reddit r/Delhi,reddit.com,2021-06-17,New Phishing Scam Alert on Whatsapp.,https://www.reddit.com/r/delhi/comments/o228bh/new_phishing_scam_alert_on_whatsapp/,phishing,"Phishing, Vishing, and Smishing",Phishing,THIRD-PARTY,NARSS-00749.txt,State: Delhi | Author: u/[deleted] | Score: 1 | Reddit ID: o228bh
o21hil,NARSS-00750,2026-04-10,SOUBHIK SARKAR,Reddit r/Delhi,reddit.com,2021-06-17,New Phishing Scam Alert on Whatsapp.,https://www.reddit.com/r/delhi/comments/o21hil/new_phishing_scam_alert_on_whatsapp/,phishing,"Phishing, Vishing, and Smishing",Phishing,THIRD-PARTY,NARSS-00750.txt,State: Delhi | Author: u/[deleted] | Score: 1 | Reddit ID: o21hil
1k7y3zh,NARSS-00751,2026-04-10,SOUBHIK SARKAR,Reddit r/Delhi,reddit.com,2025-04-26,Fake AC Rental Service in Delhi,https://www.reddit.com/r/delhi/comments/1k7y3zh/fake_ac_rental_service_in_delhi/,fake website,"Phishing, Vishing, and Smishing",Phishing,NEAR-MISS,NARSS-00751.txt,State: Delhi | Author: u/HonestPoetry2334 | Score: 5 | Reddit ID: 1k7y3zh
1iupfxp,NARSS-00752,2026-04-10,SOUBHIK SARKAR,Reddit r/Delhi,reddit.com,2025-02-21,Need help about Delhi airport layover,https://www.reddit.com/r/delhi/comments/1iupfxp/need_help_about_delhi_airport_layover/,fake website,"Phishing, Vishing, and Smishing",Phishing,THIRD-PARTY,NARSS-00752.txt,State: Delhi | Author: u/swotwc | Score: 1 | Reddit ID: 1iupfxp
1i2fug7,NARSS-00753,2026-04-10,SOUBHIK SARKAR,Reddit r/Delhi,reddit.com,2025-01-16,Reminder: Check your name on the voter list before the elections and do the same for your neighbours,https://www.reddit.com/r/delhi/comments/1i2fug7/reminder_check_your_name_on_the_voter_list_before/,fake website,"Phishing, Vishing, and Smishing",Phishing,NEAR-MISS,NARSS-00753.txt,State: Delhi | Author: u/Blakath | Score: 1 | Reddit ID: 1i2fug7
1hsfpml,NARSS-00754,2026-04-10,SOUBHIK SARKAR,Reddit r/Delhi,reddit.com,2025-01-03,Fake ghee factories exposed pls beware!,https://www.reddit.com/r/delhi/comments/1hsfpml/fake_ghee_factories_exposed_pls_beware/,fake website,"Phishing, Vishing, and Smishing",Phishing,NEAR-MISS,NARSS-00754.txt,State: Delhi | Author: u/Sufficient-Friend634 | Score: 1 | Reddit ID: 1hsfpml
1hd3ne6,NARSS-00755,2026-04-10,SOUBHIK SARKAR,Reddit r/Delhi,reddit.com,2024-12-13,A few reasons why fake dowry cases are rising ?,https://www.reddit.com/r/delhi/comments/1hd3ne6/a_few_reasons_why_fake_dowry_cases_are_rising/,fake website,"Phishing, Vishing, and Smishing",Phishing,THIRD-PARTY,NARSS-00755.txt,State: Delhi | Author: u/aam_ka_aachar | Score: 1 | Reddit ID: 1hd3ne6
1h6aull,NARSS-00756,2026-04-10,SOUBHIK SARKAR,Reddit r/Delhi,reddit.com,2024-12-04,I got scammed by a fake e-commerce website tune fresh.in or BLISSWAVE,https://www.reddit.com/r/delhi/comments/1h6aull/i_got_scammed_by_a_fake_ecommerce_website_tune/,fake website,"Phishing, Vishing, and Smishing",Phishing,THIRD-PARTY,NARSS-00756.txt,State: Delhi | Author: u/freezerbreezer | Score: 1 | Reddit ID: 1h6aull
1h1nsjr,NARSS-00757,2026-04-10,SOUBHIK SARKAR,Reddit r/Delhi,reddit.com,2024-11-28,The Deceptive Dance with Booking.com – Part,https://www.reddit.com/r/delhi/comments/1h1nsjr/the_deceptive_dance_with_bookingcom_part/,fake website,"Phishing, Vishing, and Smishing",Phishing,THIRD-PARTY,NARSS-00757.txt,State: Delhi | Author: u/Optimal_Thing_2441 | Score: 1 | Reddit ID: 1h1nsjr
1gy19k0,NARSS-00758,2026-04-10,SOUBHIK SARKAR,Reddit r/Delhi,reddit.com,2024-11-23,Help your brother out,https://www.reddit.com/r/delhi/comments/1gy19k0/help_your_brother_out/,fake website,"Phishing, Vishing, and Smishing",Phishing,THIRD-PARTY,NARSS-00758.txt,State: Delhi | Author: u/Grand-Length696 | Score: 1 | Reddit ID: 1gy19k0
1fztc3k,NARSS-00759,2026-04-10,SOUBHIK SARKAR,Reddit r/Delhi,reddit.com,2024-10-09,What is this? I mean how to identify that this is fake? I know because I have not even visited norton website since ages.,https://www.reddit.com/r/delhi/comments/1fztc3k/what_is_this_i_mean_how_to_identify_that_this_is/,fake website,"Phishing, Vishing, and Smishing",Phishing,THIRD-PARTY,NARSS-00759.txt,State: Delhi | Author: u/Leading-Reception-13 | Score: 1 | Reddit ID: 1fztc3k
1fpdqqq,NARSS-00760,2026-04-10,SOUBHIK SARKAR,Reddit r/Delhi,reddit.com,2024-09-26,Guys dont fall for these fake websites in the sale days,https://www.reddit.com/r/delhi/comments/1fpdqqq/guys_dont_fall_for_these_fake_websites_in_the/,fake website,"Phishing, Vishing, and Smishing",Phishing,THIRD-PARTY,NARSS-00760.txt,State: Delhi | Author: u/[deleted] | Score: 0 | Reddit ID: 1fpdqqq
1e9yyor,NARSS-00761,2026-04-10,SOUBHIK SARKAR,Reddit r/Delhi,reddit.com,2024-07-23,Confession: I spammed my friends for fun. ,https://www.reddit.com/r/delhi/comments/1e9yyor/confession_i_spammed_my_friends_for_fun/,fake website,"Phishing, Vishing, and Smishing",Phishing,THIRD-PARTY,NARSS-00761.txt,State: Delhi | Author: u/MrKnow_All | Score: 1 | Reddit ID: 1e9yyor
1e9uemb,NARSS-00762,2026-04-10,SOUBHIK SARKAR,Reddit r/Delhi,reddit.com,2024-07-23,Confession: I spammed my friends for fun. ,https://www.reddit.com/r/delhi/comments/1e9uemb/confession_i_spammed_my_friends_for_fun/,fake website,"Phishing, Vishing, and Smishing",Phishing,THIRD-PARTY,NARSS-00762.txt,State: Delhi | Author: u/MrKnow_All | Score: 1 | Reddit ID: 1e9uemb
1dyvv40,NARSS-00763,2026-04-10,SOUBHIK SARKAR,Reddit r/Delhi,reddit.com,2024-07-09,"Guys, Is this a new scam ?",https://www.reddit.com/r/delhi/comments/1dyvv40/guys_is_this_a_new_scam/,fake website,"Phishing, Vishing, and Smishing",Phishing,NEAR-MISS,NARSS-00763.txt,State: Delhi | Author: u/Wonderful-Lettuce535 | Score: 2 | Reddit ID: 1dyvv40
1d456cy,NARSS-00764,2026-04-10,SOUBHIK SARKAR,Reddit r/Delhi,reddit.com,2024-05-30,Need your guidance to survive in corporate,https://www.reddit.com/r/delhi/comments/1d456cy/need_your_guidance_to_survive_in_corporate/,fake website,"Phishing, Vishing, and Smishing",Phishing,THIRD-PARTY,NARSS-00764.txt,State: Delhi | Author: u/allout69 | Score: 4 | Reddit ID: 1d456cy
1d0uh9l,NARSS-00765,2026-04-10,SOUBHIK SARKAR,Reddit r/Delhi,reddit.com,2024-05-26,FLAT - 1BHK OR 2BHK ,https://www.reddit.com/r/delhi/comments/1d0uh9l/flat_1bhk_or_2bhk/,fake website,"Phishing, Vishing, and Smishing",Phishing,THIRD-PARTY,NARSS-00765.txt,State: Delhi | Author: u/moyemoye11 | Score: 1 | Reddit ID: 1d0uh9l
1cc7ksz,NARSS-00766,2026-04-10,SOUBHIK SARKAR,Reddit r/Delhi,reddit.com,2024-04-25,Where on earth do i find good web developers? ,https://www.reddit.com/r/delhi/comments/1cc7ksz/where_on_earth_do_i_find_good_web_developers/,fake website,"Phishing, Vishing, and Smishing",Phishing,THIRD-PARTY,NARSS-00766.txt,State: Delhi | Author: u/Economyzeed | Score: 1 | Reddit ID: 1cc7ksz
17ebjql,NARSS-00767,2026-04-10,SOUBHIK SARKAR,Reddit r/Delhi,reddit.com,2023-10-23,Sim Swap Frauds - Lock your Aadhar Biometrics,https://www.reddit.com/r/delhi/comments/17ebjql/sim_swap_frauds_lock_your_aadhar_biometrics/,fake website,"Phishing, Vishing, and Smishing",Phishing,THIRD-PARTY,NARSS-00767.txt,State: Delhi | Author: u/3_inch_dick | Score: 1 | Reddit ID: 17ebjql
165q595,NARSS-00768,2026-04-10,SOUBHIK SARKAR,Reddit r/Delhi,reddit.com,2023-08-31,Urgent Help!! Am I scammed? Was it genuine ? I entered an OTP! Please let me know,https://www.reddit.com/r/delhi/comments/165q595/urgent_help_am_i_scammed_was_it_genuine_i_entered/,fake website,"Phishing, Vishing, and Smishing",Phishing,NEAR-MISS,NARSS-00768.txt,State: Delhi | Author: u/r-interesting-name | Score: 1 | Reddit ID: 165q595
15vlcel,NARSS-00769,2026-04-10,SOUBHIK SARKAR,Reddit r/Delhi,reddit.com,2023-08-19,Are the Airpods sold outside stores stolen goods?,https://www.reddit.com/r/delhi/comments/15vlcel/are_the_airpods_sold_outside_stores_stolen_goods/,fake website,"Phishing, Vishing, and Smishing",Phishing,THIRD-PARTY,NARSS-00769.txt,State: Delhi | Author: u/whygirlsignoreme | Score: 4 | Reddit ID: 15vlcel
154sa5b,NARSS-00770,2026-04-10,SOUBHIK SARKAR,Reddit r/Delhi,reddit.com,2023-07-20,Vans sneakers in Delhi,https://www.reddit.com/r/delhi/comments/154sa5b/vans_sneakers_in_delhi/,fake website,"Phishing, Vishing, and Smishing",Phishing,THIRD-PARTY,NARSS-00770.txt,State: Delhi | Author: u/Dwivedi77 | Score: 1 | Reddit ID: 154sa5b
14gm1b6,NARSS-00771,2026-04-10,SOUBHIK SARKAR,Reddit r/Delhi,reddit.com,2023-06-23,29 F need a job ASAP ( 2019 post grad jobless till now),https://www.reddit.com/r/delhi/comments/14gm1b6/29_f_need_a_job_asap_2019_post_grad_jobless_till/,fake website,"Phishing, Vishing, and Smishing",Phishing,THIRD-PARTY,NARSS-00771.txt,State: Delhi | Author: u/Professional_Bad_226 | Score: 1 | Reddit ID: 14gm1b6
140o08h,NARSS-00772,2026-04-10,SOUBHIK SARKAR,Reddit r/Delhi,reddit.com,2023-06-05,"Purchased airpods pro for Rs.1500 , it sounds sh*t!",https://www.reddit.com/r/delhi/comments/140o08h/purchased_airpods_pro_for_rs1500_it_sounds_sht/,fake website,"Phishing, Vishing, and Smishing",Phishing,THIRD-PARTY,NARSS-00772.txt,State: Delhi | Author: u/MujheGyaanChahiye | Score: 0 | Reddit ID: 140o08h
13hifdy,NARSS-00773,2026-04-10,SOUBHIK SARKAR,Reddit r/Delhi,reddit.com,2023-05-14,Awareness Rant about a scam.,https://www.reddit.com/r/delhi/comments/13hifdy/awareness_rant_about_a_scam/,fake website,"Phishing, Vishing, and Smishing",Phishing,NEAR-MISS,NARSS-00773.txt,State: Delhi | Author: u/Clean_Owl_7883 | Score: 142 | Reddit ID: 13hifdy
12fj6oy,NARSS-00774,2026-04-10,SOUBHIK SARKAR,Reddit r/Delhi,reddit.com,2023-04-08,Potential scam call,https://www.reddit.com/r/delhi/comments/12fj6oy/potential_scam_call/,fake website,"Phishing, Vishing, and Smishing",Phishing,THIRD-PARTY,NARSS-00774.txt,State: Delhi | Author: u/No_Macarooon | Score: 9 | Reddit ID: 12fj6oy
128llxt,NARSS-00775,2026-04-10,SOUBHIK SARKAR,Reddit r/Delhi,reddit.com,2023-04-01,Order Timberland boots (ncr),https://www.reddit.com/r/delhi/comments/128llxt/order_timberland_boots_ncr/,fake website,"Phishing, Vishing, and Smishing",Phishing,THIRD-PARTY,NARSS-00775.txt,State: Delhi | Author: u/Leonrider1 | Score: 1 | Reddit ID: 128llxt
11qacgh,NARSS-00776,2026-04-10,SOUBHIK SARKAR,Reddit r/Delhi,reddit.com,2023-03-13,Can anyone suggest laundry service in Noida ?,https://www.reddit.com/r/delhi/comments/11qacgh/can_anyone_suggest_laundry_service_in_noida/,fake website,"Phishing, Vishing, and Smishing",Phishing,THIRD-PARTY,NARSS-00776.txt,State: Delhi | Author: u/lollipop_laagelu | Score: 2 | Reddit ID: 11qacgh
wia11u,NARSS-00777,2026-04-10,SOUBHIK SARKAR,Reddit r/Delhi,reddit.com,2022-08-07,Leo packers and movers review,https://www.reddit.com/r/delhi/comments/wia11u/leo_packers_and_movers_review/,fake website,"Phishing, Vishing, and Smishing",Phishing,NEAR-MISS,NARSS-00777.txt,State: Delhi | Author: u/hethram | Score: 2 | Reddit ID: wia11u
w3h5jl,NARSS-00778,2026-04-10,SOUBHIK SARKAR,Reddit r/Delhi,reddit.com,2022-07-20,What's the best place to rent under 12k?,https://www.reddit.com/r/delhi/comments/w3h5jl/whats_the_best_place_to_rent_under_12k/,fake website,"Phishing, Vishing, and Smishing",Phishing,THIRD-PARTY,NARSS-00778.txt,State: Delhi | Author: u/quarentine_boi | Score: 2 | Reddit ID: w3h5jl
mn60lu,NARSS-00779,2026-04-10,SOUBHIK SARKAR,Reddit r/Delhi,reddit.com,2021-04-09,Reporting a fraud medical practice,https://www.reddit.com/r/delhi/comments/mn60lu/reporting_a_fraud_medical_practice/,fake website,"Phishing, Vishing, and Smishing",Phishing,THIRD-PARTY,NARSS-00779.txt,State: Delhi | Author: u/attofreak | Score: 46 | Reddit ID: mn60lu
lcbzwa,NARSS-00780,2026-04-10,SOUBHIK SARKAR,Reddit r/Delhi,reddit.com,2021-02-04,This location is conducting job placement scam.,https://www.reddit.com/r/delhi/comments/lcbzwa/this_location_is_conducting_job_placement_scam/,fake website,"Phishing, Vishing, and Smishing",Phishing,THIRD-PARTY,NARSS-00780.txt,State: Delhi | Author: u/Lost_Impression_6737 | Score: 19 | Reddit ID: lcbzwa
1k8c1sy,NARSS-00781,2026-04-10,SOUBHIK SARKAR,Reddit r/Delhi,reddit.com,2025-04-26,"I Lost ₹2,65,000 to Sang Infratech - Please Help Save Others",https://www.reddit.com/r/delhi/comments/1k8c1sy/i_lost_265000_to_sang_infratech_please_help_save/,fraud call,"Phishing, Vishing, and Smishing",Vishing,VICTIM,NARSS-00781.txt,State: Delhi | Author: u/Material_Choice_2117 | Score: 1 | Reddit ID: 1k8c1sy
1k4a8iu,NARSS-00782,2026-04-10,SOUBHIK SARKAR,Reddit r/Delhi,reddit.com,2025-04-21,Awareness post for the worst travel company in Delhi,https://www.reddit.com/r/delhi/comments/1k4a8iu/awareness_post_for_the_worst_travel_company_in/,fraud call,"Phishing, Vishing, and Smishing",Vishing,THIRD-PARTY,NARSS-00782.txt,State: Delhi | Author: u/overthinking_ka_14 | Score: 1 | Reddit ID: 1k4a8iu
1jl24z5,NARSS-00783,2026-04-10,SOUBHIK SARKAR,Reddit r/Delhi,reddit.com,2025-03-27,Mental harassment &amp; exploitation at Ejaaz couture,https://www.reddit.com/r/delhi/comments/1jl24z5/mental_harassment_exploitation_at_ejaaz_couture/,fraud call,"Phishing, Vishing, and Smishing",Vishing,NEAR-MISS,NARSS-00783.txt,State: Delhi | Author: u/Organic_Engineer2499 | Score: 1 | Reddit ID: 1jl24z5
1jglf08,NARSS-00784,2026-04-10,SOUBHIK SARKAR,Reddit r/Delhi,reddit.com,2025-03-21,"Maybe my friend got job scammed, after paying now they are ignoring her. She doesn't want anyone else to feel terrible like her.",https://www.reddit.com/r/delhi/comments/1jglf08/maybe_my_friend_got_job_scammed_after_paying_now/,fraud call,"Phishing, Vishing, and Smishing",Vishing,NEAR-MISS,NARSS-00784.txt,State: Delhi | Author: u/Irvif | Score: 1 | Reddit ID: 1jglf08
1j6cerf,NARSS-00785,2026-04-10,SOUBHIK SARKAR,Reddit r/Delhi,reddit.com,2025-03-08,"Fraud call, lost money, need advice",https://www.reddit.com/r/delhi/comments/1j6cerf/fraud_call_lost_money_need_advice/,fraud call,"Phishing, Vishing, and Smishing",Vishing,VICTIM,NARSS-00785.txt,State: Delhi | Author: u/[deleted] | Score: 1 | Reddit ID: 1j6cerf
1ikm6k4,NARSS-00786,2026-04-10,SOUBHIK SARKAR,Reddit r/Delhi,reddit.com,2025-02-08,FLIPASSKART doing SCAMS,https://www.reddit.com/r/delhi/comments/1ikm6k4/flipasskart_doing_scams/,fraud call,"Phishing, Vishing, and Smishing",Vishing,THIRD-PARTY,NARSS-00786.txt,State: Delhi | Author: u/Intelligent_Sun1258 | Score: 1 | Reddit ID: 1ikm6k4
1igo9we,NARSS-00787,2026-04-10,SOUBHIK SARKAR,Reddit r/Delhi,reddit.com,2025-02-03,Beware Guys and show some love to this mf,https://www.reddit.com/r/delhi/comments/1igo9we/beware_guys_and_show_some_love_to_this_mf/,fraud call,"Phishing, Vishing, and Smishing",Vishing,NEAR-MISS,NARSS-00787.txt,State: Delhi | Author: u/Hail-AleccDaddy | Score: 1 | Reddit ID: 1igo9we
1i9ownx,NARSS-00788,2026-04-10,SOUBHIK SARKAR,Reddit r/Delhi,reddit.com,2025-01-25,How is everyone okay with Election Spam Calls?,https://www.reddit.com/r/delhi/comments/1i9ownx/how_is_everyone_okay_with_election_spam_calls/,fraud call,"Phishing, Vishing, and Smishing",Vishing,THIRD-PARTY,NARSS-00788.txt,State: Delhi | Author: u/vintaxidrv | Score: 1 | Reddit ID: 1i9ownx
1i79din,NARSS-00789,2026-04-10,SOUBHIK SARKAR,Reddit r/Delhi,reddit.com,2025-01-22,These political party spam calls have increased exponentially,https://www.reddit.com/r/delhi/comments/1i79din/these_political_party_spam_calls_have_increased/,fraud call,"Phishing, Vishing, and Smishing",Vishing,THIRD-PARTY,NARSS-00789.txt,State: Delhi | Author: u/UzumakiNaruto0007 | Score: 2 | Reddit ID: 1i79din
1i3cz4g,NARSS-00790,2026-04-10,SOUBHIK SARKAR,Reddit r/Delhi,reddit.com,2025-01-17,Please please this is Request For Anyone Moving out. Do Not Chooses Porter Movers,https://www.reddit.com/r/delhi/comments/1i3cz4g/please_please_this_is_request_for_anyone_moving/,fraud call,"Phishing, Vishing, and Smishing",Vishing,NEAR-MISS,NARSS-00790.txt,State: Delhi | Author: u/DVANGEL999 | Score: 1 | Reddit ID: 1i3cz4g
1i14bgd,NARSS-00791,2026-04-10,SOUBHIK SARKAR,Reddit r/Delhi,reddit.com,2025-01-14,Why we are normalizing embezzlement in name of religion or charity?,https://www.reddit.com/r/delhi/comments/1i14bgd/why_we_are_normalizing_embezzlement_in_name_of/,fraud call,"Phishing, Vishing, and Smishing",Vishing,THIRD-PARTY,NARSS-00791.txt,State: Delhi | Author: u/Dr-clitoris | Score: 1 | Reddit ID: 1i14bgd
1hx98qv,NARSS-00792,2026-04-10,SOUBHIK SARKAR,Reddit r/Delhi,reddit.com,2025-01-09,Voter Rights at Risk ( Voter Names Deletions Controversy),https://www.reddit.com/r/delhi/comments/1hx98qv/voter_rights_at_risk_voter_names_deletions/,fraud call,"Phishing, Vishing, and Smishing",Vishing,THIRD-PARTY,NARSS-00792.txt,State: Delhi | Author: u/Maverick_03296 | Score: 3 | Reddit ID: 1hx98qv
1hwczmq,NARSS-00793,2026-04-10,SOUBHIK SARKAR,Reddit r/Delhi,reddit.com,2025-01-08,Thoughts on some random matters,https://www.reddit.com/r/delhi/comments/1hwczmq/thoughts_on_some_random_matters/,fraud call,"Phishing, Vishing, and Smishing",Vishing,THIRD-PARTY,NARSS-00793.txt,State: Delhi | Author: u/makeanetwork | Score: 1 | Reddit ID: 1hwczmq
1hih2py,NARSS-00794,2026-04-10,SOUBHIK SARKAR,Reddit r/Delhi,reddit.com,2024-12-20,How do you guy deal with so many Spam Calls?,https://www.reddit.com/r/delhi/comments/1hih2py/how_do_you_guy_deal_with_so_many_spam_calls/,fraud call,"Phishing, Vishing, and Smishing",Vishing,THIRD-PARTY,NARSS-00794.txt,State: Delhi | Author: u/Diligent_Speak | Score: 7 | Reddit ID: 1hih2py
1heu8ma,NARSS-00795,2026-04-10,SOUBHIK SARKAR,Reddit r/Delhi,reddit.com,2024-12-15,Got scammed at dwarka sector 13 metro station.,https://www.reddit.com/r/delhi/comments/1heu8ma/got_scammed_at_dwarka_sector_13_metro_station/,fraud call,"Phishing, Vishing, and Smishing",Vishing,THIRD-PARTY,NARSS-00795.txt,State: Delhi | Author: u/Radiant-Front7492 | Score: 1 | Reddit ID: 1heu8ma
1hbqnyv,NARSS-00796,2026-04-10,SOUBHIK SARKAR,Reddit r/Delhi,reddit.com,2024-12-11,Online Shopping from Tofy instagram,https://www.reddit.com/r/delhi/comments/1hbqnyv/online_shopping_from_tofy_instagram/,fraud call,"Phishing, Vishing, and Smishing",Vishing,THIRD-PARTY,NARSS-00796.txt,State: Delhi | Author: u/Ma___su | Score: 1 | Reddit ID: 1hbqnyv
1gs5k6j,NARSS-00797,2026-04-10,SOUBHIK SARKAR,Reddit r/Delhi,reddit.com,2024-11-16,Delivery Fraud and Unjust Penalty on Swiggy - A Cautionary Tale,https://www.reddit.com/r/delhi/comments/1gs5k6j/delivery_fraud_and_unjust_penalty_on_swiggy_a/,fraud call,"Phishing, Vishing, and Smishing",Vishing,VICTIM,NARSS-00797.txt,State: Delhi | Author: u/kingpsss | Score: 1 | Reddit ID: 1gs5k6j
1gk4c92,NARSS-00798,2026-04-10,SOUBHIK SARKAR,Reddit r/Delhi,reddit.com,2024-11-05,Seeking a genius person to take me out of this hell life.,https://www.reddit.com/r/delhi/comments/1gk4c92/seeking_a_genius_person_to_take_me_out_of_this/,fraud call,"Phishing, Vishing, and Smishing",Vishing,NEAR-MISS,NARSS-00798.txt,State: Delhi | Author: u/Sorcerer-Prince | Score: 1 | Reddit ID: 1gk4c92
1gcgbkf,NARSS-00799,2026-04-10,SOUBHIK SARKAR,Reddit r/Delhi,reddit.com,2024-10-26,Is this some kind of fraud?,https://www.reddit.com/r/delhi/comments/1gcgbkf/is_this_some_kind_of_fraud/,fraud call,"Phishing, Vishing, and Smishing",Vishing,THIRD-PARTY,NARSS-00799.txt,State: Delhi | Author: u/macknix | Score: 1 | Reddit ID: 1gcgbkf
1g0nw5w,NARSS-00800,2026-04-10,SOUBHIK SARKAR,Reddit r/Delhi,reddit.com,2024-10-10,Zepto Scam in Delhi ,https://www.reddit.com/r/delhi/comments/1g0nw5w/zepto_scam_in_delhi/,fraud call,"Phishing, Vishing, and Smishing",Vishing,THIRD-PARTY,NARSS-00800.txt,State: Delhi | Author: u/ddrroonnaa | Score: 1 | Reddit ID: 1g0nw5w
1fl4go4,NARSS-00801,2026-04-10,SOUBHIK SARKAR,Reddit r/Delhi,reddit.com,2024-09-20,New fraud going on! Be aware!,https://www.reddit.com/r/delhi/comments/1fl4go4/new_fraud_going_on_be_aware/,fraud call,"Phishing, Vishing, and Smishing",Vishing,THIRD-PARTY,NARSS-00801.txt,State: Delhi | Author: u/Designer_Cow_6146 | Score: 116 | Reddit ID: 1fl4go4
1f5gjo0,NARSS-00802,2026-04-10,SOUBHIK SARKAR,Reddit r/Delhi,reddit.com,2024-08-31,is this a new scam ??,https://www.reddit.com/r/delhi/comments/1f5gjo0/is_this_a_new_scam/,fraud call,"Phishing, Vishing, and Smishing",Vishing,THIRD-PARTY,NARSS-00802.txt,State: Delhi | Author: u/orphan_creater | Score: 1 | Reddit ID: 1f5gjo0
1f01q2m,NARSS-00803,2026-04-10,SOUBHIK SARKAR,Reddit r/Delhi,reddit.com,2024-08-24,Fuck you Delhi and UP wale ,https://www.reddit.com/r/delhi/comments/1f01q2m/fuck_you_delhi_and_up_wale/,fraud call,"Phishing, Vishing, and Smishing",Vishing,NEAR-MISS,NARSS-00803.txt,State: Delhi | Author: u/Nomadic_General | Score: 1 | Reddit ID: 1f01q2m
1ehai84,NARSS-00804,2026-04-10,SOUBHIK SARKAR,Reddit r/Delhi,reddit.com,2024-08-01,Vi fraud. Deducting balance for no reason. ,https://www.reddit.com/r/delhi/comments/1ehai84/vi_fraud_deducting_balance_for_no_reason/,fraud call,"Phishing, Vishing, and Smishing",Vishing,THIRD-PARTY,NARSS-00804.txt,State: Delhi | Author: u/badluck678 | Score: 1 | Reddit ID: 1ehai84
1eden4v,NARSS-00805,2026-04-10,SOUBHIK SARKAR,Reddit r/Delhi,reddit.com,2024-07-27,How exploited are India's salaried private middle class employees ,https://www.reddit.com/r/delhi/comments/1eden4v/how_exploited_are_indias_salaried_private_middle/,fraud call,"Phishing, Vishing, and Smishing",Vishing,THIRD-PARTY,NARSS-00805.txt,State: Delhi | Author: u/badluck678 | Score: 1 | Reddit ID: 1eden4v
1e714tu,NARSS-00806,2026-04-10,SOUBHIK SARKAR,Reddit r/Delhi,reddit.com,2024-07-19,A fraud calling herself an IAS.,https://www.reddit.com/r/delhi/comments/1e714tu/a_fraud_calling_herself_an_ias/,fraud call,"Phishing, Vishing, and Smishing",Vishing,THIRD-PARTY,NARSS-00806.txt,State: Delhi | Author: u/ZestycloseWork8404 | Score: 1 | Reddit ID: 1e714tu
1dxt13d,NARSS-00807,2026-04-10,SOUBHIK SARKAR,Reddit r/Delhi,reddit.com,2024-07-08,"22M, how do I un-f**k my life.",https://www.reddit.com/r/delhi/comments/1dxt13d/22m_how_do_i_unfk_my_life/,fraud call,"Phishing, Vishing, and Smishing",Vishing,NEAR-MISS,NARSS-00807.txt,State: Delhi | Author: u/Final_Photograph9691 | Score: 16 | Reddit ID: 1dxt13d
1dubsdd,NARSS-00808,2026-04-10,SOUBHIK SARKAR,Reddit r/Delhi,reddit.com,2024-07-03,ICICI lied so I wanna sue,https://www.reddit.com/r/delhi/comments/1dubsdd/icici_lied_so_i_wanna_sue/,fraud call,"Phishing, Vishing, and Smishing",Vishing,THIRD-PARTY,NARSS-00808.txt,State: Delhi | Author: u/debtybetty | Score: 1 | Reddit ID: 1dubsdd
1cuqpi1,NARSS-00809,2026-04-10,SOUBHIK SARKAR,Reddit r/Delhi,reddit.com,2024-05-18,Is it scam which is happening on these apps?,https://www.reddit.com/r/delhi/comments/1cuqpi1/is_it_scam_which_is_happening_on_these_apps/,fraud call,"Phishing, Vishing, and Smishing",Vishing,NEAR-MISS,NARSS-00809.txt,State: Delhi | Author: u/Dizzygodmode | Score: 1 | Reddit ID: 1cuqpi1
1cozutf,NARSS-00810,2026-04-10,SOUBHIK SARKAR,Reddit r/Delhi,reddit.com,2024-05-11,Father got fraud rape case call ,https://www.reddit.com/r/delhi/comments/1cozutf/father_got_fraud_rape_case_call/,fraud call,"Phishing, Vishing, and Smishing",Vishing,THIRD-PARTY,NARSS-00810.txt,State: Delhi | Author: u/AffectionateLynx4391 | Score: 1 | Reddit ID: 1cozutf
199mmr4,NARSS-00811,2026-04-10,SOUBHIK SARKAR,Reddit r/Delhi,reddit.com,2024-01-18,Fraud alert!! Call from unknown number asking for money,https://www.reddit.com/r/delhi/comments/199mmr4/fraud_alert_call_from_unknown_number_asking_for/,fraud call,"Phishing, Vishing, and Smishing",Vishing,THIRD-PARTY,NARSS-00811.txt,State: Delhi | Author: u/Automatic_Bottle5552 | Score: 1 | Reddit ID: 199mmr4
192a10e,NARSS-00812,2026-04-10,SOUBHIK SARKAR,Reddit r/Delhi,reddit.com,2024-01-09,I used to be one of the smart kids but now have become a complete shadow of my former self,https://www.reddit.com/r/delhi/comments/192a10e/i_used_to_be_one_of_the_smart_kids_but_now_have/,fraud call,"Phishing, Vishing, and Smishing",Vishing,NEAR-MISS,NARSS-00812.txt,State: Delhi | Author: u/sidroy81 | Score: 1 | Reddit ID: 192a10e
18ketd3,NARSS-00813,2026-04-10,SOUBHIK SARKAR,Reddit r/Delhi,reddit.com,2023-12-17,Swiggy scam? - Help pls,https://www.reddit.com/r/delhi/comments/18ketd3/swiggy_scam_help_pls/,fraud call,"Phishing, Vishing, and Smishing",Vishing,THIRD-PARTY,NARSS-00813.txt,State: Delhi | Author: u/Serious-Fuel-5395 | Score: 1 | Reddit ID: 18ketd3
17yxvcr,NARSS-00814,2026-04-10,SOUBHIK SARKAR,Reddit r/Delhi,reddit.com,2023-11-19,Need a legal suggestion for a scam. HELP,https://www.reddit.com/r/delhi/comments/17yxvcr/need_a_legal_suggestion_for_a_scam_help/,fraud call,"Phishing, Vishing, and Smishing",Vishing,THIRD-PARTY,NARSS-00814.txt,State: Delhi | Author: u/Strong_Situation1435 | Score: 1 | Reddit ID: 17yxvcr
17s725c,NARSS-00815,2026-04-10,SOUBHIK SARKAR,Reddit r/Delhi,reddit.com,2023-11-10,Start-up founders not giving my internship stipend even after a year. How do I get my money back?,https://www.reddit.com/r/delhi/comments/17s725c/startup_founders_not_giving_my_internship_stipend/,fraud call,"Phishing, Vishing, and Smishing",Vishing,THIRD-PARTY,NARSS-00815.txt,State: Delhi | Author: u/gulsii | Score: 1 | Reddit ID: 17s725c
17kktz0,NARSS-00816,2026-04-10,SOUBHIK SARKAR,Reddit r/Delhi,reddit.com,2023-10-31,Homeopathic fertilizer,https://www.reddit.com/r/delhi/comments/17kktz0/homeopathic_fertilizer/,fraud call,"Phishing, Vishing, and Smishing",Vishing,THIRD-PARTY,NARSS-00816.txt,State: Delhi | Author: u/Bleu_boye | Score: 1 | Reddit ID: 17kktz0
170o2nq,NARSS-00817,2026-04-10,SOUBHIK SARKAR,Reddit r/Delhi,reddit.com,2023-10-05,Received a Suspicious Call from Someone Claiming to Be Police – Possible Scam?,https://www.reddit.com/r/delhi/comments/170o2nq/received_a_suspicious_call_from_someone_claiming/,fraud call,"Phishing, Vishing, and Smishing",Vishing,NEAR-MISS,NARSS-00817.txt,State: Delhi | Author: u/Few_Throat_7441 | Score: 1 | Reddit ID: 170o2nq
15i5ge1,NARSS-00818,2026-04-10,SOUBHIK SARKAR,Reddit r/Delhi,reddit.com,2023-08-04,Worst experience in Delhi on my very first visit,https://www.reddit.com/r/delhi/comments/15i5ge1/worst_experience_in_delhi_on_my_very_first_visit/,fraud call,"Phishing, Vishing, and Smishing",Vishing,THIRD-PARTY,NARSS-00818.txt,State: Delhi | Author: u/iooiyt | Score: 96 | Reddit ID: 15i5ge1
15c582q,NARSS-00819,2026-04-10,SOUBHIK SARKAR,Reddit r/Delhi,reddit.com,2023-07-28,Fraud or Legitimate call?,https://www.reddit.com/r/delhi/comments/15c582q/fraud_or_legitimate_call/,fraud call,"Phishing, Vishing, and Smishing",Vishing,THIRD-PARTY,NARSS-00819.txt,State: Delhi | Author: u/obviously-not-a-bot | Score: 1 | Reddit ID: 15c582q
14tr3p4,NARSS-00820,2026-04-10,SOUBHIK SARKAR,Reddit r/Delhi,reddit.com,2023-07-08,Stuck in a problem,https://www.reddit.com/r/delhi/comments/14tr3p4/stuck_in_a_problem/,fraud call,"Phishing, Vishing, and Smishing",Vishing,THIRD-PARTY,NARSS-00820.txt,State: Delhi | Author: u/read_nothing | Score: 469 | Reddit ID: 14tr3p4
139qax6,NARSS-00821,2026-04-10,SOUBHIK SARKAR,Reddit r/Delhi,reddit.com,2023-05-06,Harrasment by Delhi Auto Walas,https://www.reddit.com/r/delhi/comments/139qax6/harrasment_by_delhi_auto_walas/,fraud call,"Phishing, Vishing, and Smishing",Vishing,THIRD-PARTY,NARSS-00821.txt,State: Delhi | Author: u/SeriousAssistance564 | Score: 11 | Reddit ID: 139qax6
124kxu2,NARSS-00822,2026-04-10,SOUBHIK SARKAR,Reddit r/Delhi,reddit.com,2023-03-28,Netaji Subhas Building Job Offer Scam,https://www.reddit.com/r/delhi/comments/124kxu2/netaji_subhas_building_job_offer_scam/,fraud call,"Phishing, Vishing, and Smishing",Vishing,VICTIM,NARSS-00822.txt,State: Delhi | Author: u/Dr-Queen-Potato | Score: 10 | Reddit ID: 124kxu2
10rn57m,NARSS-00823,2026-04-10,SOUBHIK SARKAR,Reddit r/Delhi,reddit.com,2023-02-02,"Is ""Jan Sanjeevni Trust"" fraud/scam?",https://www.reddit.com/r/delhi/comments/10rn57m/is_jan_sanjeevni_trust_fraudscam/,fraud call,"Phishing, Vishing, and Smishing",Vishing,THIRD-PARTY,NARSS-00823.txt,State: Delhi | Author: u/dablu-dablu-dablu | Score: 3 | Reddit ID: 10rn57m
yqq65e,NARSS-00824,2026-04-10,SOUBHIK SARKAR,Reddit r/Delhi,reddit.com,2022-11-09,"Delhi Police Arrest 11 For Call Centre Fraud, Cheating 1,700 People Of Over 1 Crore",https://www.reddit.com/r/delhi/comments/yqq65e/delhi_police_arrest_11_for_call_centre_fraud/,fraud call,"Phishing, Vishing, and Smishing",Vishing,THIRD-PARTY,NARSS-00824.txt,State: Delhi | Author: u/VCardBGone | Score: 0 | Reddit ID: yqq65e
v097lj,NARSS-00825,2026-04-10,SOUBHIK SARKAR,Reddit r/Delhi,reddit.com,2022-05-29,Mama Earth Fraud Call - Lost money,https://www.reddit.com/r/delhi/comments/v097lj/mama_earth_fraud_call_lost_money/,fraud call,"Phishing, Vishing, and Smishing",Vishing,VICTIM,NARSS-00825.txt,State: Delhi | Author: u/NightWarrior06 | Score: 21 | Reddit ID: v097lj
rtdo5c,NARSS-00826,2026-04-10,SOUBHIK SARKAR,Reddit r/Delhi,reddit.com,2022-01-01,Where can I sell my old furniture?,https://www.reddit.com/r/delhi/comments/rtdo5c/where_can_i_sell_my_old_furniture/,fraud call,"Phishing, Vishing, and Smishing",Vishing,THIRD-PARTY,NARSS-00826.txt,State: Delhi | Author: u/BabaEscobar | Score: 16 | Reddit ID: rtdo5c
lrgrky,NARSS-00827,2026-04-10,SOUBHIK SARKAR,Reddit r/Delhi,reddit.com,2021-02-24,Live recording Fraud call,https://www.reddit.com/r/delhi/comments/lrgrky/live_recording_fraud_call/,fraud call,"Phishing, Vishing, and Smishing",Vishing,THIRD-PARTY,NARSS-00827.txt,State: Delhi | Author: u/TelecomNation | Score: 1 | Reddit ID: lrgrky
1k2se8v,NARSS-00828,2026-04-10,SOUBHIK SARKAR,Reddit r/Delhi,reddit.com,2025-04-19,I bribed my own brother for his own benefit,https://www.reddit.com/r/delhi/comments/1k2se8v/i_bribed_my_own_brother_for_his_own_benefit/,fake bank call,"Phishing, Vishing, and Smishing",Vishing,THIRD-PARTY,NARSS-00828.txt,State: Delhi | Author: u/Timely-Bumblebee-532 | Score: 1 | Reddit ID: 1k2se8v
1j1x1a9,NARSS-00829,2026-04-10,SOUBHIK SARKAR,Reddit r/Delhi,reddit.com,2025-03-02,Best Friend Got Scammed!,https://www.reddit.com/r/delhi/comments/1j1x1a9/best_friend_got_scammed/,fake bank call,"Phishing, Vishing, and Smishing",Vishing,THIRD-PARTY,NARSS-00829.txt,State: Delhi | Author: u/leviathnan | Score: 1 | Reddit ID: 1j1x1a9
1hgxyyw,NARSS-00830,2026-04-10,SOUBHIK SARKAR,Reddit r/Delhi,reddit.com,2024-12-18,Scammed at AIIMS Gymkhana. Seeking help in identification of culprit. ,https://www.reddit.com/r/delhi/comments/1hgxyyw/scammed_at_aiims_gymkhana_seeking_help_in/,fake bank call,"Phishing, Vishing, and Smishing",Vishing,NEAR-MISS,NARSS-00830.txt,State: Delhi | Author: u/Nausikhia | Score: 6 | Reddit ID: 1hgxyyw
1hb4831,NARSS-00831,2026-04-10,SOUBHIK SARKAR,Reddit r/Delhi,reddit.com,2024-12-10,To anyone who is into any kind of gambling or betting,https://www.reddit.com/r/delhi/comments/1hb4831/to_anyone_who_is_into_any_kind_of_gambling_or/,fake bank call,"Phishing, Vishing, and Smishing",Vishing,VICTIM,NARSS-00831.txt,State: Delhi | Author: u/Flat-Use8924 | Score: 3 | Reddit ID: 1hb4831
1frclfu,NARSS-00832,2026-04-10,SOUBHIK SARKAR,Reddit r/Delhi,reddit.com,2024-09-28,Am I in trouble ? Help guys,https://www.reddit.com/r/delhi/comments/1frclfu/am_i_in_trouble_help_guys/,fake bank call,"Phishing, Vishing, and Smishing",Vishing,VICTIM,NARSS-00832.txt,State: Delhi | Author: u/Aromatic-Cold-6739 | Score: 1 | Reddit ID: 1frclfu
18t1eto,NARSS-00833,2026-04-10,SOUBHIK SARKAR,Reddit r/Delhi,reddit.com,2023-12-29,Faced a fraudulent transaction on newly bought credit card,https://www.reddit.com/r/delhi/comments/18t1eto/faced_a_fraudulent_transaction_on_newly_bought/,fake bank call,"Phishing, Vishing, and Smishing",Vishing,NEAR-MISS,NARSS-00833.txt,State: Delhi | Author: u/Difficult_Fee_2102 | Score: 1 | Reddit ID: 18t1eto
17xbsug,NARSS-00834,2026-04-10,SOUBHIK SARKAR,Reddit r/Delhi,reddit.com,2023-11-17,Almost got duped of 4 lakh rupees by scammers,https://www.reddit.com/r/delhi/comments/17xbsug/almost_got_duped_of_4_lakh_rupees_by_scammers/,fake bank call,"Phishing, Vishing, and Smishing",Vishing,VICTIM,NARSS-00834.txt,State: Delhi | Author: u/Total_Highlight732 | Score: 1 | Reddit ID: 17xbsug
179y2ji,NARSS-00835,2026-04-10,SOUBHIK SARKAR,Reddit r/Delhi,reddit.com,2023-10-17,Asking from the people who Hire people for the job,https://www.reddit.com/r/delhi/comments/179y2ji/asking_from_the_people_who_hire_people_for_the_job/,fake bank call,"Phishing, Vishing, and Smishing",Vishing,THIRD-PARTY,NARSS-00835.txt,State: Delhi | Author: u/Andi-Mandi-Shandi | Score: 1 | Reddit ID: 179y2ji
15tckh7,NARSS-00836,2026-04-10,SOUBHIK SARKAR,Reddit r/Delhi,reddit.com,2023-08-17,Financial aid for urgent medical emergency,https://www.reddit.com/r/delhi/comments/15tckh7/financial_aid_for_urgent_medical_emergency/,fake bank call,"Phishing, Vishing, and Smishing",Vishing,THIRD-PARTY,NARSS-00836.txt,State: Delhi | Author: u/Most-Row-8759 | Score: 1 | Reddit ID: 15tckh7
15sdbqo,NARSS-00837,2026-04-10,SOUBHIK SARKAR,Reddit r/Delhi,reddit.com,2023-08-16,An urgent medical help required,https://www.reddit.com/r/delhi/comments/15sdbqo/an_urgent_medical_help_required/,fake bank call,"Phishing, Vishing, and Smishing",Vishing,THIRD-PARTY,NARSS-00837.txt,State: Delhi | Author: u/[deleted] | Score: 1 | Reddit ID: 15sdbqo
14u22pq,NARSS-00838,2026-04-10,SOUBHIK SARKAR,Reddit r/Delhi,reddit.com,2023-07-08,Scammed by GYM trainer for helping out.[Gurgaoan],https://www.reddit.com/r/delhi/comments/14u22pq/scammed_by_gym_trainer_for_helping_outgurgaoan/,fake bank call,"Phishing, Vishing, and Smishing",Vishing,THIRD-PARTY,NARSS-00838.txt,State: Delhi | Author: u/manti98 | Score: 268 | Reddit ID: 14u22pq
1huu6j9,NARSS-00839,2026-04-10,SOUBHIK SARKAR,Reddit r/Delhi,reddit.com,2025-01-06,Urgent help needed. This type of payment SMS are being sent from my number to some fraud number. ,https://www.reddit.com/r/delhi/comments/1huu6j9/urgent_help_needed_this_type_of_payment_sms_are/,SMS fraud,"Phishing, Vishing, and Smishing",Smishing,NEAR-MISS,NARSS-00839.txt,State: Delhi | Author: u/Sympathy57 | Score: 1 | Reddit ID: 1huu6j9
1huu0w4,NARSS-00840,2026-04-10,SOUBHIK SARKAR,Reddit r/Delhi,reddit.com,2025-01-06,Urgent help needed. This type of payment SMS are being sent from my number to some fraud number. ,https://www.reddit.com/r/delhi/comments/1huu0w4/urgent_help_needed_this_type_of_payment_sms_are/,SMS fraud,"Phishing, Vishing, and Smishing",Smishing,THIRD-PARTY,NARSS-00840.txt,State: Delhi | Author: u/Sympathy57 | Score: 1 | Reddit ID: 1huu0w4
1ezxqz9,NARSS-00841,2026-04-10,SOUBHIK SARKAR,Reddit r/Delhi,reddit.com,2024-08-24,Traffic Challan via SMS,https://www.reddit.com/r/delhi/comments/1ezxqz9/traffic_challan_via_sms/,SMS fraud,"Phishing, Vishing, and Smishing",Smishing,THIRD-PARTY,NARSS-00841.txt,State: Delhi | Author: u/Big-Principle-1100 | Score: 1 | Reddit ID: 1ezxqz9
1jv9mdx,NARSS-00842,2026-04-10,SOUBHIK SARKAR,Reddit r/Delhi,reddit.com,2025-04-09,Received suspicious SMS claiming Delhi Jal Board disconnection — is this a scam?,https://www.reddit.com/r/delhi/comments/1jv9mdx/received_suspicious_sms_claiming_delhi_jal_board/,SMS scam,"Phishing, Vishing, and Smishing",Smishing,NEAR-MISS,NARSS-00842.txt,State: Delhi | Author: u/Complete_Pitch9171 | Score: 1 | Reddit ID: 1jv9mdx
1gr6qv7,NARSS-00843,2026-04-10,SOUBHIK SARKAR,Reddit r/Delhi,reddit.com,2024-11-14,Unwanted SMS scams and data leaks of mobile numbers,https://www.reddit.com/r/delhi/comments/1gr6qv7/unwanted_sms_scams_and_data_leaks_of_mobile/,SMS scam,"Phishing, Vishing, and Smishing",Smishing,THIRD-PARTY,NARSS-00843.txt,State: Delhi | Author: u/maxvoltage83 | Score: 1 | Reddit ID: 1gr6qv7
1f714w9,NARSS-00844,2026-04-10,SOUBHIK SARKAR,Reddit r/Delhi,reddit.com,2024-09-02,My iPhone 13 stolen at Welcome Metro Station Delhi even we know the culprit Police is not taking any action Why?,https://www.reddit.com/r/delhi/comments/1f714w9/my_iphone_13_stolen_at_welcome_metro_station/,SMS scam,"Phishing, Vishing, and Smishing",Smishing,NEAR-MISS,NARSS-00844.txt,State: Delhi | Author: u/icico | Score: 1 | Reddit ID: 1f714w9
x9ryv1,NARSS-00845,2026-04-10,SOUBHIK SARKAR,Reddit r/Delhi,reddit.com,2022-09-09,New scam message spread over SMS. Do not click the link and spread awareness.,https://www.reddit.com/r/delhi/comments/x9ryv1/new_scam_message_spread_over_sms_do_not_click_the/,SMS scam,"Phishing, Vishing, and Smishing",Smishing,THIRD-PARTY,NARSS-00845.txt,State: Delhi | Author: u/th3_broken_one | Score: 13 | Reddit ID: x9ryv1
w157yi,NARSS-00846,2026-04-10,SOUBHIK SARKAR,Reddit r/Delhi,reddit.com,2022-07-17,PSA- Fake BSES Scam,https://www.reddit.com/r/delhi/comments/w157yi/psa_fake_bses_scam/,SMS scam,"Phishing, Vishing, and Smishing",Smishing,NEAR-MISS,NARSS-00846.txt,State: Delhi | Author: u/Wanttofinishtop4 | Score: 16 | Reddit ID: w157yi
14u34mv,NARSS-00847,2026-04-10,SOUBHIK SARKAR,Reddit r/Delhi,reddit.com,2023-07-08,Instant app loan scam,https://www.reddit.com/r/delhi/comments/14u34mv/instant_app_loan_scam/,instant loan scam,Online Lending and Loan App Fraud,Loan App Fraud,THIRD-PARTY,NARSS-00847.txt,State: Delhi | Author: u/[deleted] | Score: 3 | Reddit ID: 14u34mv
1jytdjr,NARSS-00848,2026-04-10,SOUBHIK SARKAR,Reddit r/Delhi,reddit.com,2025-04-14,Please Mass Report this application,https://www.reddit.com/r/delhi/comments/1jytdjr/please_mass_report_this_application/,illegal loan app,Online Lending and Loan App Fraud,Loan App Fraud,THIRD-PARTY,NARSS-00848.txt,State: Delhi | Author: u/mazdoor24x7 | Score: 1 | Reddit ID: 1jytdjr
1h0y5qh,NARSS-00849,2026-04-10,SOUBHIK SARKAR,Reddit r/Delhi,reddit.com,2024-11-27,Do real estate agents call you a lot for investments in Noida?,https://www.reddit.com/r/delhi/comments/1h0y5qh/do_real_estate_agents_call_you_a_lot_for/,investment scam,Investment and Trading Fraud,Investment Scam,NEAR-MISS,NARSS-00849.txt,State: Delhi | Author: u/Appropriate_Bee_8299 | Score: 1 | Reddit ID: 1h0y5qh
1gwkm9e,NARSS-00850,2026-04-10,SOUBHIK SARKAR,Reddit r/Delhi,reddit.com,2024-11-21,The story of my friend ,https://www.reddit.com/r/delhi/comments/1gwkm9e/the_story_of_my_friend/,investment scam,Investment and Trading Fraud,Investment Scam,THIRD-PARTY,NARSS-00850.txt,State: Delhi | Author: u/Repulsive_Low8157 | Score: 1 | Reddit ID: 1gwkm9e
1fpa8go,NARSS-00851,2026-04-10,SOUBHIK SARKAR,Reddit r/Delhi,reddit.com,2024-09-25,Report this number and telegram groups,https://www.reddit.com/r/delhi/comments/1fpa8go/report_this_number_and_telegram_groups/,investment scam,Investment and Trading Fraud,Investment Scam,THIRD-PARTY,NARSS-00851.txt,State: Delhi | Author: u/PralineSignificant92 | Score: 8 | Reddit ID: 1fpa8go
1czriq9,NARSS-00852,2026-04-10,SOUBHIK SARKAR,Reddit r/Delhi,reddit.com,2024-05-24,Got scammed please tell me what to do ,https://www.reddit.com/r/delhi/comments/1czriq9/got_scammed_please_tell_me_what_to_do/,investment scam,Investment and Trading Fraud,Investment Scam,THIRD-PARTY,NARSS-00852.txt,State: Delhi | Author: u/Grouchy-Put4997 | Score: 1 | Reddit ID: 1czriq9
1bypcr4,NARSS-00853,2026-04-10,SOUBHIK SARKAR,Reddit r/Delhi,reddit.com,2024-04-08,A new Scam operating from Mewat!,https://www.reddit.com/r/delhi/comments/1bypcr4/a_new_scam_operating_from_mewat/,investment scam,Investment and Trading Fraud,Investment Scam,THIRD-PARTY,NARSS-00853.txt,State: Delhi | Author: u/Stars_stuck | Score: 1 | Reddit ID: 1bypcr4
1b6bexm,NARSS-00854,2026-04-10,SOUBHIK SARKAR,Reddit r/Delhi,reddit.com,2024-03-04,The infamous house hunting ,https://www.reddit.com/r/delhi/comments/1b6bexm/the_infamous_house_hunting/,investment scam,Investment and Trading Fraud,Investment Scam,VICTIM,NARSS-00854.txt,State: Delhi | Author: u/Any-Agent-1566 | Score: 1 | Reddit ID: 1b6bexm
18jvivs,NARSS-00855,2026-04-10,SOUBHIK SARKAR,Reddit r/Delhi,reddit.com,2023-12-16,Seeking Advice on Land Purchase in West Delhi,https://www.reddit.com/r/delhi/comments/18jvivs/seeking_advice_on_land_purchase_in_west_delhi/,investment scam,Investment and Trading Fraud,Investment Scam,THIRD-PARTY,NARSS-00855.txt,State: Delhi | Author: u/nightwalksandstars | Score: 1 | Reddit ID: 18jvivs
17lketr,NARSS-00856,2026-04-10,SOUBHIK SARKAR,Reddit r/Delhi,reddit.com,2023-11-02,Fastest way to burn 15L!,https://www.reddit.com/r/delhi/comments/17lketr/fastest_way_to_burn_15l/,investment scam,Investment and Trading Fraud,Investment Scam,NEAR-MISS,NARSS-00856.txt,State: Delhi | Author: u/MolassesFuzzy3405 | Score: 1 | Reddit ID: 17lketr
15nkbkw,NARSS-00857,2026-04-10,SOUBHIK SARKAR,Reddit r/Delhi,reddit.com,2023-08-10,Startup in finance/banking sector is deliberately made difficult,https://www.reddit.com/r/delhi/comments/15nkbkw/startup_in_financebanking_sector_is_deliberately/,investment scam,Investment and Trading Fraud,Investment Scam,THIRD-PARTY,NARSS-00857.txt,State: Delhi | Author: u/Former_Andhbhakt | Score: 1 | Reddit ID: 15nkbkw
11uuzs8,NARSS-00858,2026-04-10,SOUBHIK SARKAR,Reddit r/Delhi,reddit.com,2023-03-18,"Met a pure ""Dilli vibe wala"" Driver ( driver with a Delhi vibe)",https://www.reddit.com/r/delhi/comments/11uuzs8/met_a_pure_dilli_vibe_wala_driver_driver_with_a/,investment scam,Investment and Trading Fraud,Investment Scam,THIRD-PARTY,NARSS-00858.txt,State: Delhi | Author: u/Goku_python | Score: 69 | Reddit ID: 11uuzs8
16trpe9,NARSS-00859,2026-04-10,SOUBHIK SARKAR,Reddit r/Delhi,reddit.com,2023-09-27,"MLM SCHEME (HERBALIFE) , SCAM??!!",https://www.reddit.com/r/delhi/comments/16trpe9/mlm_scheme_herbalife_scam/,Ponzi scheme,Investment and Trading Fraud,Investment Scam,THIRD-PARTY,NARSS-00859.txt,State: Delhi | Author: u/Mission_Cook_6337 | Score: 1 | Reddit ID: 16trpe9
11h64lp,NARSS-00860,2026-04-10,SOUBHIK SARKAR,Reddit r/Delhi,reddit.com,2023-03-03,"What's with these young, English speaking people asking for donations on behalf of Unicef?",https://www.reddit.com/r/delhi/comments/11h64lp/whats_with_these_young_english_speaking_people/,Ponzi scheme,Investment and Trading Fraud,Investment Scam,THIRD-PARTY,NARSS-00860.txt,State: Delhi | Author: u/savaged_soul | Score: 5 | Reddit ID: 11h64lp
1jh2a8z,NARSS-00861,2026-04-10,SOUBHIK SARKAR,Reddit r/Delhi,reddit.com,2025-03-22,Has anyone else's social accounts been compromised lately??,https://www.reddit.com/r/delhi/comments/1jh2a8z/has_anyone_elses_social_accounts_been_compromised/,crypto scam,Investment and Trading Fraud,Investment Scam,VICTIM,NARSS-00861.txt,State: Delhi | Author: u/TheAxiomaticGaming | Score: 1 | Reddit ID: 1jh2a8z
1hbvyp4,NARSS-00862,2026-04-10,SOUBHIK SARKAR,Reddit r/Delhi,reddit.com,2024-12-11,Scammer stole my identity and made Bank account in my name. pls help BANK FRAUD!!,https://www.reddit.com/r/delhi/comments/1hbvyp4/scammer_stole_my_identity_and_made_bank_account/,crypto scam,Investment and Trading Fraud,Investment Scam,THIRD-PARTY,NARSS-00862.txt,State: Delhi | Author: u/garhwal- | Score: 1 | Reddit ID: 1hbvyp4
1hbvyon,NARSS-00863,2026-04-10,SOUBHIK SARKAR,Reddit r/Delhi,reddit.com,2024-12-11,Scammer stole my identity and made Bank account in my name. pls help BANK FRAUD!!,https://www.reddit.com/r/delhi/comments/1hbvyon/scammer_stole_my_identity_and_made_bank_account/,crypto scam,Investment and Trading Fraud,Investment Scam,THIRD-PARTY,NARSS-00863.txt,State: Delhi | Author: u/garhwal- | Score: 1 | Reddit ID: 1hbvyon
1eka31g,NARSS-00864,2026-04-10,SOUBHIK SARKAR,Reddit r/Delhi,reddit.com,2024-08-05,Do you guys think it will be safe?,https://www.reddit.com/r/delhi/comments/1eka31g/do_you_guys_think_it_will_be_safe/,crypto scam,Investment and Trading Fraud,Investment Scam,THIRD-PARTY,NARSS-00864.txt,State: Delhi | Author: u/LEGEND_GAMERZ_ | Score: 1 | Reddit ID: 1eka31g
1dna3f4,NARSS-00865,2026-04-10,SOUBHIK SARKAR,Reddit r/Delhi,reddit.com,2024-06-24,French Women Saga(Crypto Scam)-USA edition @ Happn,https://www.reddit.com/r/delhi/comments/1dna3f4/french_women_sagacrypto_scamusa_edition_happn/,crypto scam,Investment and Trading Fraud,Investment Scam,THIRD-PARTY,NARSS-00865.txt,State: Delhi | Author: u/Born_Independence315 | Score: 1 | Reddit ID: 1dna3f4
16zqio4,NARSS-00866,2026-04-10,SOUBHIK SARKAR,Reddit r/Delhi,reddit.com,2023-10-04,Major fuckup lost big amount in crypto scam.,https://www.reddit.com/r/delhi/comments/16zqio4/major_fuckup_lost_big_amount_in_crypto_scam/,crypto scam,Investment and Trading Fraud,Investment Scam,THIRD-PARTY,NARSS-00866.txt,State: Delhi | Author: u/Daddy-is_Home | Score: 1 | Reddit ID: 16zqio4
zyq144,NARSS-00867,2026-04-10,SOUBHIK SARKAR,Reddit r/Delhi,reddit.com,2022-12-30,Rs 500-crore crypto scam in Delhi: Many fall to promise of 200% returns,https://www.reddit.com/r/delhi/comments/zyq144/rs_500crore_crypto_scam_in_delhi_many_fall_to/,crypto scam,Investment and Trading Fraud,Investment Scam,THIRD-PARTY,NARSS-00867.txt,State: Delhi | Author: u/streetburner | Score: 5 | Reddit ID: zyq144
zy6qwr,NARSS-00868,2026-04-10,SOUBHIK SARKAR,Reddit r/Delhi,reddit.com,2022-12-29,Delhi Crypto Scam: Rs 500-crore crypto scam in Delhi; Many fall to promise of 200% returns | Delhi News - Times of India,https://www.reddit.com/r/delhi/comments/zy6qwr/delhi_crypto_scam_rs_500crore_crypto_scam_in/,crypto scam,Investment and Trading Fraud,Investment Scam,THIRD-PARTY,NARSS-00868.txt,State: Delhi | Author: u/VCardBGone | Score: 3 | Reddit ID: zy6qwr
14mwq6z,NARSS-00869,2026-04-10,SOUBHIK SARKAR,Reddit r/Delhi,reddit.com,2023-06-30,"Don't know what to do about 28M friend's ex bf. Fraud family, looking for some easy target.",https://www.reddit.com/r/delhi/comments/14mwq6z/dont_know_what_to_do_about_28m_friends_ex_bf/,bitcoin fraud,Investment and Trading Fraud,Investment Scam,THIRD-PARTY,NARSS-00869.txt,State: Delhi | Author: u/Obvious-Focus-3181 | Score: 3 | Reddit ID: 14mwq6z
1giec16,NARSS-00870,2026-04-10,SOUBHIK SARKAR,Reddit r/Delhi,reddit.com,2024-11-03,Help! - WhatsApp Stock Market Scam,https://www.reddit.com/r/delhi/comments/1giec16/help_whatsapp_stock_market_scam/,stock market scam,Investment and Trading Fraud,Stock Market Fraud,THIRD-PARTY,NARSS-00870.txt,State: Delhi | Author: u/SnooGoats2271 | Score: 1 | Reddit ID: 1giec16
1dk9foz,NARSS-00871,2026-04-10,SOUBHIK SARKAR,Reddit r/Delhi,reddit.com,2024-06-20,Course suggestions ( please help ),https://www.reddit.com/r/delhi/comments/1dk9foz/course_suggestions_please_help/,stock market scam,Investment and Trading Fraud,Stock Market Fraud,THIRD-PARTY,NARSS-00871.txt,State: Delhi | Author: u/Sky_2006 | Score: 1 | Reddit ID: 1dk9foz
1cnrzhx,NARSS-00872,2026-04-10,SOUBHIK SARKAR,Reddit r/Delhi,reddit.com,2024-05-09,"new scam , stock market whatsapp groups",https://www.reddit.com/r/delhi/comments/1cnrzhx/new_scam_stock_market_whatsapp_groups/,stock market scam,Investment and Trading Fraud,Stock Market Fraud,THIRD-PARTY,NARSS-00872.txt,State: Delhi | Author: u/ShameMysterious220 | Score: 1 | Reddit ID: 1cnrzhx
14yy7zh,NARSS-00873,2026-04-10,SOUBHIK SARKAR,Reddit r/Delhi,reddit.com,2023-07-14,Thinking about leaving my parents,https://www.reddit.com/r/delhi/comments/14yy7zh/thinking_about_leaving_my_parents/,stock market scam,Investment and Trading Fraud,Stock Market Fraud,THIRD-PARTY,NARSS-00873.txt,State: Delhi | Author: u/SeekingM0hMaya | Score: 1 | Reddit ID: 14yy7zh
1jfnu4l,NARSS-00874,2026-04-10,SOUBHIK SARKAR,Reddit r/Delhi,reddit.com,2025-03-20,Intrcity smart bus experience as first time traveller.,https://www.reddit.com/r/delhi/comments/1jfnu4l/intrcity_smart_bus_experience_as_first_time/,pump and dump,Investment and Trading Fraud,Stock Market Fraud,THIRD-PARTY,NARSS-00874.txt,State: Delhi | Author: u/Agitated-Plane-7538 | Score: 1 | Reddit ID: 1jfnu4l
1h0xl4d,NARSS-00875,2026-04-10,SOUBHIK SARKAR,Reddit r/Delhi,reddit.com,2024-11-27,Being greedy?How long you are into investments?,https://www.reddit.com/r/delhi/comments/1h0xl4d/being_greedyhow_long_you_are_into_investments/,pump and dump,Investment and Trading Fraud,Stock Market Fraud,THIRD-PARTY,NARSS-00875.txt,State: Delhi | Author: u/Mr_managed | Score: 1 | Reddit ID: 1h0xl4d
ys9n2t,NARSS-00876,2026-04-10,SOUBHIK SARKAR,Reddit r/Delhi,reddit.com,2022-11-11,Politics in Residential sector,https://www.reddit.com/r/delhi/comments/ys9n2t/politics_in_residential_sector/,pump and dump,Investment and Trading Fraud,Stock Market Fraud,THIRD-PARTY,NARSS-00876.txt,State: Delhi | Author: u/arraannn | Score: 6 | Reddit ID: ys9n2t
yg8h6z,NARSS-00877,2026-04-10,SOUBHIK SARKAR,Reddit r/Delhi,reddit.com,2022-10-29,how can incels exist in India? just how?,https://www.reddit.com/r/delhi/comments/yg8h6z/how_can_incels_exist_in_india_just_how/,pump and dump,Investment and Trading Fraud,Stock Market Fraud,THIRD-PARTY,NARSS-00877.txt,State: Delhi | Author: u/SilentCardiologist51 | Score: 0 | Reddit ID: yg8h6z
1cyp5mj,NARSS-00878,2026-04-10,SOUBHIK SARKAR,Reddit r/Delhi,reddit.com,2024-05-23,"What is the difference between Data Analytics, Data Analysis, Data Mining, Data Science, Machine Learning, and Big Data?",https://www.reddit.com/r/delhi/comments/1cyp5mj/what_is_the_difference_between_data_analytics/,task fraud,Investment and Trading Fraud,Task Scam,THIRD-PARTY,NARSS-00878.txt,State: Delhi | Author: u/aarvyedutech | Score: 1 | Reddit ID: 1cyp5mj
1bvsh30,NARSS-00879,2026-04-10,SOUBHIK SARKAR,Reddit r/Delhi,reddit.com,2024-04-04,What kind of scam is this now?,https://www.reddit.com/r/delhi/comments/1bvsh30/what_kind_of_scam_is_this_now/,part time job scam,Investment and Trading Fraud,Task Scam,THIRD-PARTY,NARSS-00879.txt,State: Delhi | Author: u/shellystfu | Score: 1 | Reddit ID: 1bvsh30
1bq0xpz,NARSS-00880,2026-04-10,SOUBHIK SARKAR,Reddit r/Delhi,reddit.com,2024-03-28,"Girl approaching me in KFC, CP- Scam or what?",https://www.reddit.com/r/delhi/comments/1bq0xpz/girl_approaching_me_in_kfc_cp_scam_or_what/,part time job scam,Investment and Trading Fraud,Task Scam,THIRD-PARTY,NARSS-00880.txt,State: Delhi | Author: u/Diogenes-OddKing | Score: 1 | Reddit ID: 1bq0xpz
17667kx,NARSS-00881,2026-04-10,SOUBHIK SARKAR,Reddit r/Delhi,reddit.com,2023-10-12,Part Time Job Scam: Instagram/ Google/ Youtube,https://www.reddit.com/r/delhi/comments/17667kx/part_time_job_scam_instagram_google_youtube/,part time job scam,Investment and Trading Fraud,Task Scam,THIRD-PARTY,NARSS-00881.txt,State: Delhi | Author: u/Advanced_Tear6172 | Score: 1 | Reddit ID: 17667kx
15hgwoe,NARSS-00882,2026-04-10,SOUBHIK SARKAR,Reddit r/Delhi,reddit.com,2023-08-04,If you can help please!,https://www.reddit.com/r/delhi/comments/15hgwoe/if_you_can_help_please/,part time job scam,Investment and Trading Fraud,Task Scam,THIRD-PARTY,NARSS-00882.txt,State: Delhi | Author: u/Sick_Capybara | Score: 1 | Reddit ID: 15hgwoe
136apkm,NARSS-00883,2026-04-10,SOUBHIK SARKAR,Reddit r/Delhi,reddit.com,2023-05-03,How are these latest part time job scams working?,https://www.reddit.com/r/delhi/comments/136apkm/how_are_these_latest_part_time_job_scams_working/,part time job scam,Investment and Trading Fraud,Task Scam,THIRD-PARTY,NARSS-00883.txt,State: Delhi | Author: u/Mehfanaaz | Score: 2 | Reddit ID: 136apkm
vgrki4,NARSS-00884,2026-04-10,SOUBHIK SARKAR,Reddit r/Delhi,reddit.com,2022-06-20,storytime storytime,https://www.reddit.com/r/delhi/comments/vgrki4/storytime_storytime/,part time job scam,Investment and Trading Fraud,Task Scam,THIRD-PARTY,NARSS-00884.txt,State: Delhi | Author: u/PrathaManic | Score: 251 | Reddit ID: vgrki4
twzzvq,NARSS-00885,2026-04-10,SOUBHIK SARKAR,Reddit r/Delhi,reddit.com,2022-04-05,"[Help] I am depressed and suicidal, want to stop it.",https://www.reddit.com/r/delhi/comments/twzzvq/help_i_am_depressed_and_suicidal_want_to_stop_it/,part time job scam,Investment and Trading Fraud,Task Scam,THIRD-PARTY,NARSS-00885.txt,State: Delhi | Author: u/IvarRagnarson825 | Score: 93 | Reddit ID: twzzvq
ahe1h7,NARSS-00886,2026-04-10,SOUBHIK SARKAR,Reddit r/Delhi,reddit.com,2019-01-19,Are there any real part time jobs in delhi?,https://www.reddit.com/r/delhi/comments/ahe1h7/are_there_any_real_part_time_jobs_in_delhi/,part time job scam,Investment and Trading Fraud,Task Scam,THIRD-PARTY,NARSS-00886.txt,State: Delhi | Author: u/nameischiku | Score: 6 | Reddit ID: ahe1h7
1jds984,NARSS-00887,2026-04-10,SOUBHIK SARKAR,Reddit r/Delhi,reddit.com,2025-03-18,I regret moving to Canada,https://www.reddit.com/r/delhi/comments/1jds984/i_regret_moving_to_canada/,work from home scam,Investment and Trading Fraud,Task Scam,NEAR-MISS,NARSS-00887.txt,State: Delhi | Author: u/Hefty-Ad1 | Score: 1 | Reddit ID: 1jds984
1hxy317,NARSS-00888,2026-04-10,SOUBHIK SARKAR,Reddit r/Delhi,reddit.com,2025-01-10,My milkman isn’t a nice guy and I can’t get over it.,https://www.reddit.com/r/delhi/comments/1hxy317/my_milkman_isnt_a_nice_guy_and_i_cant_get_over_it/,work from home scam,Investment and Trading Fraud,Task Scam,NEAR-MISS,NARSS-00888.txt,State: Delhi | Author: u/Informal-Tadpole-463 | Score: 1 | Reddit ID: 1hxy317
1h6c5ya,NARSS-00889,2026-04-10,SOUBHIK SARKAR,Reddit r/Delhi,reddit.com,2024-12-04,Is helping people good or bad?,https://www.reddit.com/r/delhi/comments/1h6c5ya/is_helping_people_good_or_bad/,work from home scam,Investment and Trading Fraud,Task Scam,THIRD-PARTY,NARSS-00889.txt,State: Delhi | Author: u/Boring-me-2 | Score: 1 | Reddit ID: 1h6c5ya
1gd2ftn,NARSS-00890,2026-04-10,SOUBHIK SARKAR,Reddit r/Delhi,reddit.com,2024-10-27,Got scammed on highway and became a fool: Duped out of 22000 Rs,https://www.reddit.com/r/delhi/comments/1gd2ftn/got_scammed_on_highway_and_became_a_fool_duped/,work from home scam,Investment and Trading Fraud,Task Scam,VICTIM,NARSS-00890.txt,State: Delhi | Author: u/Key-Accountant-1067 | Score: 1 | Reddit ID: 1gd2ftn
1gcw2jg,NARSS-00891,2026-04-10,SOUBHIK SARKAR,Reddit r/Delhi,reddit.com,2024-10-27,Got scammed on highway and became a fool: Biker flagged me for sparks coming from engine,https://www.reddit.com/r/delhi/comments/1gcw2jg/got_scammed_on_highway_and_became_a_fool_biker/,work from home scam,Investment and Trading Fraud,Task Scam,VICTIM,NARSS-00891.txt,State: Delhi | Author: u/Key-Accountant-1067 | Score: 1 | Reddit ID: 1gcw2jg
1fp87c9,NARSS-00892,2026-04-10,SOUBHIK SARKAR,Reddit r/Delhi,reddit.com,2024-09-25,Received call from scammers,https://www.reddit.com/r/delhi/comments/1fp87c9/received_call_from_scammers/,work from home scam,Investment and Trading Fraud,Task Scam,THIRD-PARTY,NARSS-00892.txt,State: Delhi | Author: u/iG_serialkiller | Score: 1 | Reddit ID: 1fp87c9
1f0cnyh,NARSS-00893,2026-04-10,SOUBHIK SARKAR,Reddit r/Delhi,reddit.com,2024-08-25,I did a small thing today and it made me happy,https://www.reddit.com/r/delhi/comments/1f0cnyh/i_did_a_small_thing_today_and_it_made_me_happy/,work from home scam,Investment and Trading Fraud,Task Scam,THIRD-PARTY,NARSS-00893.txt,State: Delhi | Author: u/Full-Ranger2723 | Score: 1 | Reddit ID: 1f0cnyh
1770o2e,NARSS-00894,2026-04-10,SOUBHIK SARKAR,Reddit r/Delhi,reddit.com,2023-10-13,Scam mediclaim insurance call after claiming the insurance [HELP!],https://www.reddit.com/r/delhi/comments/1770o2e/scam_mediclaim_insurance_call_after_claiming_the/,work from home scam,Investment and Trading Fraud,Task Scam,NEAR-MISS,NARSS-00894.txt,State: Delhi | Author: u/chickpeadino | Score: 1 | Reddit ID: 1770o2e
16xqvyu,NARSS-00895,2026-04-10,SOUBHIK SARKAR,Reddit r/Delhi,reddit.com,2023-10-02,Dear Girls............,https://www.reddit.com/r/delhi/comments/16xqvyu/dear_girls/,work from home scam,Investment and Trading Fraud,Task Scam,THIRD-PARTY,NARSS-00895.txt,State: Delhi | Author: u/Mountain_Rice7884 | Score: 1 | Reddit ID: 16xqvyu
10n9not,NARSS-00896,2026-04-10,SOUBHIK SARKAR,Reddit r/Delhi,reddit.com,2023-01-28,"Over 30,000 people duped of Rs 200 crore in work-from-home scam, 3 arrested by Delhi Police",https://www.reddit.com/r/delhi/comments/10n9not/over_30000_people_duped_of_rs_200_crore_in/,work from home scam,Investment and Trading Fraud,Task Scam,VICTIM,NARSS-00896.txt,State: Delhi | Author: u/Bigbosskaboss | Score: 21 | Reddit ID: 10n9not
uva4rt,NARSS-00897,2026-04-10,SOUBHIK SARKAR,Reddit r/Delhi,reddit.com,2022-05-22,Guidance on Electricity Bill,https://www.reddit.com/r/delhi/comments/uva4rt/guidance_on_electricity_bill/,work from home scam,Investment and Trading Fraud,Task Scam,THIRD-PARTY,NARSS-00897.txt,State: Delhi | Author: u/whiskeyxwhine | Score: 8 | Reddit ID: uva4rt
12x8te8,NARSS-00898,2026-04-10,SOUBHIK SARKAR,Reddit r/Delhi,reddit.com,2023-04-24,DECODING SCAM OF LIKING YOUTUBE VIDEO,https://www.reddit.com/r/delhi/comments/12x8te8/decoding_scam_of_liking_youtube_video/,Telegram task scam,Investment and Trading Fraud,Task Scam,THIRD-PARTY,NARSS-00898.txt,State: Delhi | Author: u/THEBOYINDOUBT | Score: 1 | Reddit ID: 12x8te8
12ep8di,NARSS-00899,2026-04-10,SOUBHIK SARKAR,Reddit r/Delhi,reddit.com,2023-04-07,New type of Scam,https://www.reddit.com/r/delhi/comments/12ep8di/new_type_of_scam/,Telegram task scam,Investment and Trading Fraud,Task Scam,THIRD-PARTY,NARSS-00899.txt,State: Delhi | Author: u/Mr_Meta314 | Score: 1 | Reddit ID: 12ep8di
1e4o8ki,NARSS-00900,2026-04-10,SOUBHIK SARKAR,Reddit r/Delhi,reddit.com,2024-07-16,"Identity Theft mobile phone stolen
",https://www.reddit.com/r/delhi/comments/1e4o8ki/identity_theft_mobile_phone_stolen/,identity theft,Identity Theft and Data Breach,Identity Theft,THIRD-PARTY,NARSS-00900.txt,State: Delhi | Author: u/kanishk_1408 | Score: 1 | Reddit ID: 1e4o8ki
1e4nxj9,NARSS-00901,2026-04-10,SOUBHIK SARKAR,Reddit r/Delhi,reddit.com,2024-07-16,Identity Theft mobile phone stolen,https://www.reddit.com/r/delhi/comments/1e4nxj9/identity_theft_mobile_phone_stolen/,identity theft,Identity Theft and Data Breach,Identity Theft,THIRD-PARTY,NARSS-00901.txt,State: Delhi | Author: u/kanishk_1408 | Score: 1 | Reddit ID: 1e4nxj9
1ctibcf,NARSS-00902,2026-04-10,SOUBHIK SARKAR,Reddit r/Delhi,reddit.com,2024-05-16,Plz help me to Identify this is job scam or not?,https://www.reddit.com/r/delhi/comments/1ctibcf/plz_help_me_to_identify_this_is_job_scam_or_not/,identity theft,Identity Theft and Data Breach,Identity Theft,THIRD-PARTY,NARSS-00902.txt,State: Delhi | Author: u/lethargic_lemom | Score: 1 | Reddit ID: 1ctibcf
1clgqyg,NARSS-00903,2026-04-10,SOUBHIK SARKAR,Reddit r/Delhi,reddit.com,2024-05-06,Has anybody processed their travel visa via atlys?,https://www.reddit.com/r/delhi/comments/1clgqyg/has_anybody_processed_their_travel_visa_via_atlys/,identity theft,Identity Theft and Data Breach,Identity Theft,THIRD-PARTY,NARSS-00903.txt,State: Delhi | Author: u/AdVarious2348 | Score: 1 | Reddit ID: 1clgqyg
13j35ix,NARSS-00904,2026-04-10,SOUBHIK SARKAR,Reddit r/Delhi,reddit.com,2023-05-16,"Employer/HR Team asking for PAN CARD , Aadhar Card and Bank Passbook via E Mail.",https://www.reddit.com/r/delhi/comments/13j35ix/employerhr_team_asking_for_pan_card_aadhar_card/,PAN fraud,Identity Theft and Data Breach,Identity Theft,THIRD-PARTY,NARSS-00904.txt,State: Delhi | Author: u/NickVerma20 | Score: 2 | Reddit ID: 13j35ix
1kie8ib,NARSS-00905,2026-04-10,SOUBHIK SARKAR,Reddit r/Delhi,reddit.com,2025-05-09,Data centralisation or data exploitation?,https://www.reddit.com/r/delhi/comments/1kie8ib/data_centralisation_or_data_exploitation/,data breach,Identity Theft and Data Breach,Data Breach,THIRD-PARTY,NARSS-00905.txt,State: Delhi | Author: u/Fit-Choice6038 | Score: 1 | Reddit ID: 1kie8ib
1js5a79,NARSS-00906,2026-04-10,SOUBHIK SARKAR,Reddit r/Delhi,reddit.com,2025-04-05,Lenskart Store in Delhi Breached My Privacy After I Gave an 8/10 Rating,https://www.reddit.com/r/delhi/comments/1js5a79/lenskart_store_in_delhi_breached_my_privacy_after/,data breach,Identity Theft and Data Breach,Data Breach,THIRD-PARTY,NARSS-00906.txt,State: Delhi | Author: u/Ok-Contract-5801 | Score: 1 | Reddit ID: 1js5a79
1i91kbw,NARSS-00907,2026-04-10,SOUBHIK SARKAR,Reddit r/Delhi,reddit.com,2025-01-24,"Overcharged at PVR, Privacy Breach, and Misleading Practices: Need Advice on Next Steps",https://www.reddit.com/r/delhi/comments/1i91kbw/overcharged_at_pvr_privacy_breach_and_misleading/,data breach,Identity Theft and Data Breach,Data Breach,THIRD-PARTY,NARSS-00907.txt,State: Delhi | Author: u/KK_1025 | Score: 1 | Reddit ID: 1i91kbw
1hvxyae,NARSS-00908,2026-04-10,SOUBHIK SARKAR,Reddit r/Delhi,reddit.com,2025-01-07,Need Advice on Privacy Breach Issue with Lenovo Service Center in Nehru Place,https://www.reddit.com/r/delhi/comments/1hvxyae/need_advice_on_privacy_breach_issue_with_lenovo/,data breach,Identity Theft and Data Breach,Data Breach,THIRD-PARTY,NARSS-00908.txt,State: Delhi | Author: u/theavocadodaddy | Score: 1 | Reddit ID: 1hvxyae
1fw8f9x,NARSS-00909,2026-04-10,SOUBHIK SARKAR,Reddit r/Delhi,reddit.com,2024-10-05,Understanding Identity and Access Management (IAM): Securing Digital Identities,https://www.reddit.com/r/delhi/comments/1fw8f9x/understanding_identity_and_access_management_iam/,data breach,Identity Theft and Data Breach,Data Breach,THIRD-PARTY,NARSS-00909.txt,State: Delhi | Author: u/Think-Voice6718 | Score: 1 | Reddit ID: 1fw8f9x
15vwn32,NARSS-00910,2026-04-10,SOUBHIK SARKAR,Reddit r/Delhi,reddit.com,2023-08-20,"Phone Scam of ₹25,000",https://www.reddit.com/r/delhi/comments/15vwn32/phone_scam_of_25000/,data breach,Identity Theft and Data Breach,Data Breach,THIRD-PARTY,NARSS-00910.txt,State: Delhi | Author: u/Old-Jackfruit3469 | Score: 13 | Reddit ID: 15vwn32
13kxixe,NARSS-00911,2026-04-10,SOUBHIK SARKAR,Reddit r/Delhi,reddit.com,2023-05-18,From Passbook to Facebook: My horror story at Post Office.,https://www.reddit.com/r/delhi/comments/13kxixe/from_passbook_to_facebook_my_horror_story_at_post/,data breach,Identity Theft and Data Breach,Data Breach,VICTIM,NARSS-00911.txt,State: Delhi | Author: u/anesthesia_20 | Score: 146 | Reddit ID: 13kxixe
n6701g,NARSS-00912,2026-04-10,SOUBHIK SARKAR,Reddit r/Delhi,reddit.com,2021-05-06,The Agora data breach should be the final nail in the coffin for Chinese-origin Apps &amp; APIs!,https://www.reddit.com/r/delhi/comments/n6701g/the_agora_data_breach_should_be_the_final_nail_in/,data breach,Identity Theft and Data Breach,Data Breach,THIRD-PARTY,NARSS-00912.txt,State: Delhi | Author: u/ANK_RANA | Score: 1 | Reddit ID: n6701g
hr13ly,NARSS-00913,2026-04-10,SOUBHIK SARKAR,Reddit r/Delhi,reddit.com,2020-07-14,"Delhi University continues to be in ""Denial Mode"" over the recent data breach",https://www.reddit.com/r/delhi/comments/hr13ly/delhi_university_continues_to_be_in_denial_mode/,data breach,Identity Theft and Data Breach,Data Breach,THIRD-PARTY,NARSS-00913.txt,State: Delhi | Author: u/[deleted] | Score: 1 | Reddit ID: hr13ly
1kavyjx,NARSS-00914,2026-04-10,SOUBHIK SARKAR,Reddit r/Delhi,reddit.com,2025-04-30,Credit Card third party Recovery agents scam ..,https://www.reddit.com/r/delhi/comments/1kavyjx/credit_card_third_party_recovery_agents_scam/,data leak,Identity Theft and Data Breach,Data Breach,THIRD-PARTY,NARSS-00914.txt,State: Delhi | Author: u/Specialist_Event4443 | Score: 1 | Reddit ID: 1kavyjx
1k5t3yh,NARSS-00915,2026-04-10,SOUBHIK SARKAR,Reddit r/Delhi,reddit.com,2025-04-23,We need better cyber intelligence.,https://www.reddit.com/r/delhi/comments/1k5t3yh/we_need_better_cyber_intelligence/,data leak,Identity Theft and Data Breach,Data Breach,THIRD-PARTY,NARSS-00915.txt,State: Delhi | Author: u/subbadon | Score: 1 | Reddit ID: 1k5t3yh
1jqlue2,NARSS-00916,2026-04-10,SOUBHIK SARKAR,Reddit r/Delhi,reddit.com,2025-04-03,Any good mobile repair shop in delhi,https://www.reddit.com/r/delhi/comments/1jqlue2/any_good_mobile_repair_shop_in_delhi/,data leak,Identity Theft and Data Breach,Data Breach,THIRD-PARTY,NARSS-00916.txt,State: Delhi | Author: u/IcyPercentage2054 | Score: 1 | Reddit ID: 1jqlue2
1jp1bex,NARSS-00917,2026-04-10,SOUBHIK SARKAR,Reddit r/Delhi,reddit.com,2025-04-01,X (formally twitter) had its data leaked,https://www.reddit.com/r/delhi/comments/1jp1bex/x_formally_twitter_had_its_data_leaked/,data leak,Identity Theft and Data Breach,Data Breach,THIRD-PARTY,NARSS-00917.txt,State: Delhi | Author: u/Amunra2k24 | Score: 1 | Reddit ID: 1jp1bex
1j5puzw,NARSS-00918,2026-04-10,SOUBHIK SARKAR,Reddit r/Delhi,reddit.com,2025-03-07,Consumer rights is a joke in India,https://www.reddit.com/r/delhi/comments/1j5puzw/consumer_rights_is_a_joke_in_india/,data leak,Identity Theft and Data Breach,Data Breach,THIRD-PARTY,NARSS-00918.txt,State: Delhi | Author: u/ActiveCommittee8202 | Score: 1 | Reddit ID: 1j5puzw
1igrbjt,NARSS-00919,2026-04-10,SOUBHIK SARKAR,Reddit r/Delhi,reddit.com,2025-02-03,Delhi Assembly Worked Just 74 Days in 5 Years,https://www.reddit.com/r/delhi/comments/1igrbjt/delhi_assembly_worked_just_74_days_in_5_years/,data leak,Identity Theft and Data Breach,Data Breach,THIRD-PARTY,NARSS-00919.txt,State: Delhi | Author: u/cashmoneyvito | Score: 1 | Reddit ID: 1igrbjt
1htqio4,NARSS-00920,2026-04-10,SOUBHIK SARKAR,Reddit r/Delhi,reddit.com,2025-01-05,Getting this political message on delhi registered number,https://www.reddit.com/r/delhi/comments/1htqio4/getting_this_political_message_on_delhi/,data leak,Identity Theft and Data Breach,Data Breach,THIRD-PARTY,NARSS-00920.txt,State: Delhi | Author: u/localprincessjaaeli | Score: 1 | Reddit ID: 1htqio4
1hdckft,NARSS-00921,2026-04-10,SOUBHIK SARKAR,Reddit r/Delhi,reddit.com,2024-12-13,Will you fight just like you fight for Atul and men rights ? ,https://www.reddit.com/r/delhi/comments/1hdckft/will_you_fight_just_like_you_fight_for_atul_and/,data leak,Identity Theft and Data Breach,Data Breach,THIRD-PARTY,NARSS-00921.txt,State: Delhi | Author: u/RatRaceRunners | Score: 1 | Reddit ID: 1hdckft
1dvti1d,NARSS-00922,2026-04-10,SOUBHIK SARKAR,Reddit r/Delhi,reddit.com,2024-07-05,Airtel India Data Leak!!,https://www.reddit.com/r/delhi/comments/1dvti1d/airtel_india_data_leak/,data leak,Identity Theft and Data Breach,Data Breach,THIRD-PARTY,NARSS-00922.txt,State: Delhi | Author: u/lehsunMartins | Score: 1 | Reddit ID: 1dvti1d
196s6gf,NARSS-00923,2026-04-10,SOUBHIK SARKAR,Reddit r/Delhi,reddit.com,2024-01-15,People in Delhi who have hathway internet etc your kyc data's been leaked,https://www.reddit.com/r/delhi/comments/196s6gf/people_in_delhi_who_have_hathway_internet_etc/,data leak,Identity Theft and Data Breach,Data Breach,THIRD-PARTY,NARSS-00923.txt,State: Delhi | Author: u/Low-Storage3794 | Score: 6 | Reddit ID: 196s6gf
17l565w,NARSS-00924,2026-04-10,SOUBHIK SARKAR,Reddit r/Delhi,reddit.com,2023-11-01,"800 millions Indian people ""AADHAAR"" data leaked from Covid database by hackers.",https://www.reddit.com/r/delhi/comments/17l565w/800_millions_indian_people_aadhaar_data_leaked/,data leak,Identity Theft and Data Breach,Data Breach,THIRD-PARTY,NARSS-00924.txt,State: Delhi | Author: u/VahshiDarinda | Score: 1 | Reddit ID: 17l565w
17l44oh,NARSS-00925,2026-04-10,SOUBHIK SARKAR,Reddit r/Delhi,reddit.com,2023-11-01,"800 million ""AADHAAR"" based leaked Indian people data on sale, Buy in Wholesale rate with 69% discount from dark market.",https://www.reddit.com/r/delhi/comments/17l44oh/800_million_aadhaar_based_leaked_indian_people/,data leak,Identity Theft and Data Breach,Data Breach,THIRD-PARTY,NARSS-00925.txt,State: Delhi | Author: u/VahshiDarinda | Score: 1 | Reddit ID: 17l44oh
zkznv5,NARSS-00926,2026-04-10,SOUBHIK SARKAR,Reddit r/Delhi,reddit.com,2022-12-13,CoWIN platform data leaked on dark web: It's 'not true' says ethical hacker - Times of India,https://www.reddit.com/r/delhi/comments/zkznv5/cowin_platform_data_leaked_on_dark_web_its_not/,data leak,Identity Theft and Data Breach,Data Breach,THIRD-PARTY,NARSS-00926.txt,State: Delhi | Author: u/Acceptable_Passion92 | Score: 1 | Reddit ID: zkznv5
po2kz5,NARSS-00927,2026-04-10,SOUBHIK SARKAR,Reddit r/Delhi,reddit.com,2021-09-14,IDFC Bank data leak news,https://www.reddit.com/r/delhi/comments/po2kz5/idfc_bank_data_leak_news/,data leak,Identity Theft and Data Breach,Data Breach,THIRD-PARTY,NARSS-00927.txt,State: Delhi | Author: u/SahilRick | Score: 1 | Reddit ID: po2kz5
o6cq2u,NARSS-00928,2026-04-10,SOUBHIK SARKAR,Reddit r/Delhi,reddit.com,2021-06-23,"CoWIN portal hacked, more than 150 million user data leaked?",https://www.reddit.com/r/delhi/comments/o6cq2u/cowin_portal_hacked_more_than_150_million_user/,data leak,Identity Theft and Data Breach,Data Breach,THIRD-PARTY,NARSS-00928.txt,State: Delhi | Author: u/[deleted] | Score: 4 | Reddit ID: o6cq2u
188v9q6,NARSS-00929,2026-04-10,SOUBHIK SARKAR,Reddit r/Delhi,reddit.com,2023-12-02,Whatsapp data theft?,https://www.reddit.com/r/delhi/comments/188v9q6/whatsapp_data_theft/,data theft,Identity Theft and Data Breach,Data Breach,THIRD-PARTY,NARSS-00929.txt,State: Delhi | Author: u/introvertzoro | Score: 1 | Reddit ID: 188v9q6
yrmd5i,NARSS-00930,2026-04-10,SOUBHIK SARKAR,Reddit r/Delhi,reddit.com,2022-11-10,I have some doubts regarding some techie stuff - Related to wifi and safety issues,https://www.reddit.com/r/delhi/comments/yrmd5i/i_have_some_doubts_regarding_some_techie_stuff/,data theft,Identity Theft and Data Breach,Data Breach,THIRD-PARTY,NARSS-00930.txt,State: Delhi | Author: u/danny_indian | Score: 2 | Reddit ID: yrmd5i
16ublfp,NARSS-00931,2026-04-10,SOUBHIK SARKAR,Reddit r/Delhi,reddit.com,2023-09-28,Coolie scam for tourists at delhi metro stations,https://www.reddit.com/r/delhi/comments/16ublfp/coolie_scam_for_tourists_at_delhi_metro_stations/,manipulation scam,Social Engineering and Romance/Sextortion,Social Engineering,THIRD-PARTY,NARSS-00931.txt,State: Delhi | Author: u/fak3eer | Score: 1 | Reddit ID: 16ublfp
1kc0rz1,NARSS-00932,2026-04-10,SOUBHIK SARKAR,Reddit r/Delhi,reddit.com,2025-05-01,Best way to find flats for rent in Delhi?,https://www.reddit.com/r/delhi/comments/1kc0rz1/best_way_to_find_flats_for_rent_in_delhi/,trust scam,Social Engineering and Romance/Sextortion,Social Engineering,THIRD-PARTY,NARSS-00932.txt,State: Delhi | Author: u/Lattice-shadow | Score: 1 | Reddit ID: 1kc0rz1
1ka0z4j,NARSS-00933,2026-04-10,SOUBHIK SARKAR,Reddit r/Delhi,reddit.com,2025-04-28,Office-goers (especially women) commuting late at night — how are you managing after BluSmart shut down?,https://www.reddit.com/r/delhi/comments/1ka0z4j/officegoers_especially_women_commuting_late_at/,trust scam,Social Engineering and Romance/Sextortion,Social Engineering,THIRD-PARTY,NARSS-00933.txt,State: Delhi | Author: u/Ms_Textaholic | Score: 1 | Reddit ID: 1ka0z4j
1k4bnm5,NARSS-00934,2026-04-10,SOUBHIK SARKAR,Reddit r/Delhi,reddit.com,2025-04-21,"Scammer Alert near Delhi Airport Metro — Lost ₹8000 to a Fake Sob Story (₹2,000 reward if someone helps recover it)",https://www.reddit.com/r/delhi/comments/1k4bnm5/scammer_alert_near_delhi_airport_metro_lost_8000/,trust scam,Social Engineering and Romance/Sextortion,Social Engineering,THIRD-PARTY,NARSS-00934.txt,State: Delhi | Author: u/3xP10iT_777 | Score: 1 | Reddit ID: 1k4bnm5
1jluvlc,NARSS-00935,2026-04-10,SOUBHIK SARKAR,Reddit r/Delhi,reddit.com,2025-03-28,Got scammed in Delhi Metro,https://www.reddit.com/r/delhi/comments/1jluvlc/got_scammed_in_delhi_metro/,trust scam,Social Engineering and Romance/Sextortion,Social Engineering,THIRD-PARTY,NARSS-00935.txt,State: Delhi | Author: u/Proper-Elderberry-58 | Score: 1 | Reddit ID: 1jluvlc
1jkx7ck,NARSS-00936,2026-04-10,SOUBHIK SARKAR,Reddit r/Delhi,reddit.com,2025-03-27,Very difficult to survive as a single,https://www.reddit.com/r/delhi/comments/1jkx7ck/very_difficult_to_survive_as_a_single/,trust scam,Social Engineering and Romance/Sextortion,Social Engineering,THIRD-PARTY,NARSS-00936.txt,State: Delhi | Author: u/Warm_Leather_9929 | Score: 1 | Reddit ID: 1jkx7ck
1jerw5b,NARSS-00937,2026-04-10,SOUBHIK SARKAR,Reddit r/Delhi,reddit.com,2025-03-19,posting it here so other artists or seller don't get scammed,https://www.reddit.com/r/delhi/comments/1jerw5b/posting_it_here_so_other_artists_or_seller_dont/,trust scam,Social Engineering and Romance/Sextortion,Social Engineering,THIRD-PARTY,NARSS-00937.txt,State: Delhi | Author: u/Head_Gear7770 | Score: 1 | Reddit ID: 1jerw5b
1j8z6yq,NARSS-00938,2026-04-10,SOUBHIK SARKAR,Reddit r/Delhi,reddit.com,2025-03-12,swiggy delivery guy incident,https://www.reddit.com/r/delhi/comments/1j8z6yq/swiggy_delivery_guy_incident/,trust scam,Social Engineering and Romance/Sextortion,Social Engineering,THIRD-PARTY,NARSS-00938.txt,State: Delhi | Author: u/Mobile_Republic_4507 | Score: 1 | Reddit ID: 1j8z6yq
1ipg4eh,NARSS-00939,2026-04-10,SOUBHIK SARKAR,Reddit r/Delhi,reddit.com,2025-02-14,"I have spent Rs7000+ on various Astrology apps and Youtube Astrologers even Chatgpt to get Career guidance, Here's what happened next",https://www.reddit.com/r/delhi/comments/1ipg4eh/i_have_spent_rs7000_on_various_astrology_apps_and/,trust scam,Social Engineering and Romance/Sextortion,Social Engineering,THIRD-PARTY,NARSS-00939.txt,State: Delhi | Author: u/Traditional-Union904 | Score: 1 | Reddit ID: 1ipg4eh
1hl4uuy,NARSS-00940,2026-04-10,SOUBHIK SARKAR,Reddit r/Delhi,reddit.com,2024-12-24,Help me out please out of this ,https://www.reddit.com/r/delhi/comments/1hl4uuy/help_me_out_please_out_of_this/,trust scam,Social Engineering and Romance/Sextortion,Social Engineering,THIRD-PARTY,NARSS-00940.txt,State: Delhi | Author: u/nikitaeatspoop | Score: 1 | Reddit ID: 1hl4uuy
1gyy0ab,NARSS-00941,2026-04-10,SOUBHIK SARKAR,Reddit r/Delhi,reddit.com,2024-11-25,SBI credit card stalls at Metro stations. Is it a scam?,https://www.reddit.com/r/delhi/comments/1gyy0ab/sbi_credit_card_stalls_at_metro_stations_is_it_a/,trust scam,Social Engineering and Romance/Sextortion,Social Engineering,NEAR-MISS,NARSS-00941.txt,State: Delhi | Author: u/ProfessorSc2002 | Score: 1 | Reddit ID: 1gyy0ab
1gcop09,NARSS-00942,2026-04-10,SOUBHIK SARKAR,Reddit r/Delhi,reddit.com,2024-10-26,Scam centre by advocates!,https://www.reddit.com/r/delhi/comments/1gcop09/scam_centre_by_advocates/,trust scam,Social Engineering and Romance/Sextortion,Social Engineering,THIRD-PARTY,NARSS-00942.txt,State: Delhi | Author: u/Valuable_Science9021 | Score: 1 | Reddit ID: 1gcop09
1g9axcs,NARSS-00943,2026-04-10,SOUBHIK SARKAR,Reddit r/Delhi,reddit.com,2024-10-22,"Best Cab service company in Delhi? (OLA, UBER, BLU, Rapido or Others) ",https://www.reddit.com/r/delhi/comments/1g9axcs/best_cab_service_company_in_delhi_ola_uber_blu/,trust scam,Social Engineering and Romance/Sextortion,Social Engineering,THIRD-PARTY,NARSS-00943.txt,State: Delhi | Author: u/ThePhenom744 | Score: 1 | Reddit ID: 1g9axcs
1fciesu,NARSS-00944,2026-04-10,SOUBHIK SARKAR,Reddit r/Delhi,reddit.com,2024-09-09,Duped out of 19000 Rs and became a fool - Very frustrated,https://www.reddit.com/r/delhi/comments/1fciesu/duped_out_of_19000_rs_and_became_a_fool_very/,trust scam,Social Engineering and Romance/Sextortion,Social Engineering,VICTIM,NARSS-00944.txt,State: Delhi | Author: u/Medical_Decision3888 | Score: 1 | Reddit ID: 1fciesu
1fc2pc0,NARSS-00945,2026-04-10,SOUBHIK SARKAR,Reddit r/Delhi,reddit.com,2024-09-08,Fooled and professionally conned out of 19000 Rs by scammers near Karol Bagh,https://www.reddit.com/r/delhi/comments/1fc2pc0/fooled_and_professionally_conned_out_of_19000_rs/,trust scam,Social Engineering and Romance/Sextortion,Social Engineering,VICTIM,NARSS-00945.txt,State: Delhi | Author: u/Medical_Decision3888 | Score: 1 | Reddit ID: 1fc2pc0
1fbzsko,NARSS-00946,2026-04-10,SOUBHIK SARKAR,Reddit r/Delhi,reddit.com,2024-09-08,Fooled and professionally conned out of 19000 Rs by scammers near Karol Bagh,https://www.reddit.com/r/delhi/comments/1fbzsko/fooled_and_professionally_conned_out_of_19000_rs/,trust scam,Social Engineering and Romance/Sextortion,Social Engineering,VICTIM,NARSS-00946.txt,State: Delhi | Author: u/Medical_Decision3888 | Score: 1 | Reddit ID: 1fbzsko
1fbvflw,NARSS-00947,2026-04-10,SOUBHIK SARKAR,Reddit r/Delhi,reddit.com,2024-09-08,Have I Lost My Ability to Trust?,https://www.reddit.com/r/delhi/comments/1fbvflw/have_i_lost_my_ability_to_trust/,trust scam,Social Engineering and Romance/Sextortion,Social Engineering,VICTIM,NARSS-00947.txt,State: Delhi | Author: u/Quiet_Ad_683 | Score: 3 | Reddit ID: 1fbvflw
1eyg3pa,NARSS-00948,2026-04-10,SOUBHIK SARKAR,Reddit r/Delhi,reddit.com,2024-08-22,Where to Buy Genuine PC Components in Delhi/NCR Without Getting Scammed? ,https://www.reddit.com/r/delhi/comments/1eyg3pa/where_to_buy_genuine_pc_components_in_delhincr/,trust scam,Social Engineering and Romance/Sextortion,Social Engineering,THIRD-PARTY,NARSS-00948.txt,State: Delhi | Author: u/Shashank0409 | Score: 3 | Reddit ID: 1eyg3pa
1ep08i1,NARSS-00949,2026-04-10,SOUBHIK SARKAR,Reddit r/Delhi,reddit.com,2024-08-11,This is disgusting and backstabbing the middle class. ,https://www.reddit.com/r/delhi/comments/1ep08i1/this_is_disgusting_and_backstabbing_the_middle/,trust scam,Social Engineering and Romance/Sextortion,Social Engineering,THIRD-PARTY,NARSS-00949.txt,State: Delhi | Author: u/Longjumping_Fee_1490 | Score: 1 | Reddit ID: 1ep08i1
1eo1ps7,NARSS-00950,2026-04-10,SOUBHIK SARKAR,Reddit r/Delhi,reddit.com,2024-08-09,NEED YOUR ADVICE!!!!,https://www.reddit.com/r/delhi/comments/1eo1ps7/need_your_advice/,trust scam,Social Engineering and Romance/Sextortion,Social Engineering,THIRD-PARTY,NARSS-00950.txt,State: Delhi | Author: u/One_Bus_1732 | Score: 1 | Reddit ID: 1eo1ps7
1enuw7h,NARSS-00951,2026-04-10,SOUBHIK SARKAR,Reddit r/Delhi,reddit.com,2024-08-09,SHARE YOUR EXPERINCE LIVING IN PG AND RENT,https://www.reddit.com/r/delhi/comments/1enuw7h/share_your_experince_living_in_pg_and_rent/,trust scam,Social Engineering and Romance/Sextortion,Social Engineering,THIRD-PARTY,NARSS-00951.txt,State: Delhi | Author: u/One_Bus_1732 | Score: 1 | Reddit ID: 1enuw7h
1bslq3r,NARSS-00952,2026-04-10,SOUBHIK SARKAR,Reddit r/Delhi,reddit.com,2024-04-01,"SCAM ALERT, SHE WILL TAKE YOUR MONEY AND BLOCK YOUR ACCOUNT",https://www.reddit.com/r/delhi/comments/1bslq3r/scam_alert_she_will_take_your_money_and_block/,trust scam,Social Engineering and Romance/Sextortion,Social Engineering,NEAR-MISS,NARSS-00952.txt,State: Delhi | Author: u/god2627 | Score: 1 | Reddit ID: 1bslq3r
1aypb6u,NARSS-00953,2026-04-10,SOUBHIK SARKAR,Reddit r/Delhi,reddit.com,2024-02-24,Paharganj : A guide to visitors (and locals too),https://www.reddit.com/r/delhi/comments/1aypb6u/paharganj_a_guide_to_visitors_and_locals_too/,trust scam,Social Engineering and Romance/Sextortion,Social Engineering,VICTIM,NARSS-00953.txt,State: Delhi | Author: u/akarshvaani | Score: 1 | Reddit ID: 1aypb6u
19854mw,NARSS-00954,2026-04-10,SOUBHIK SARKAR,Reddit r/Delhi,reddit.com,2024-01-16,Why is this city full of scams?,https://www.reddit.com/r/delhi/comments/19854mw/why_is_this_city_full_of_scams/,trust scam,Social Engineering and Romance/Sextortion,Social Engineering,THIRD-PARTY,NARSS-00954.txt,State: Delhi | Author: u/strawberrykiwiicee | Score: 8 | Reddit ID: 19854mw
18ftdwg,NARSS-00955,2026-04-10,SOUBHIK SARKAR,Reddit r/Delhi,reddit.com,2023-12-11,Need help with money,https://www.reddit.com/r/delhi/comments/18ftdwg/need_help_with_money/,trust scam,Social Engineering and Romance/Sextortion,Social Engineering,THIRD-PARTY,NARSS-00955.txt,State: Delhi | Author: u/East_Protection_3349 | Score: 1 | Reddit ID: 18ftdwg
17mkwd1,NARSS-00956,2026-04-10,SOUBHIK SARKAR,Reddit r/Delhi,reddit.com,2023-11-03,Zorgers Home Nursing Care,https://www.reddit.com/r/delhi/comments/17mkwd1/zorgers_home_nursing_care/,trust scam,Social Engineering and Romance/Sextortion,Social Engineering,THIRD-PARTY,NARSS-00956.txt,State: Delhi | Author: u/akritori | Score: 1 | Reddit ID: 17mkwd1
17magvp,NARSS-00957,2026-04-10,SOUBHIK SARKAR,Reddit r/Delhi,reddit.com,2023-11-03,Scammed in Delhi: My Encounter with a Food Digger and a Request for Advice on What to Do Next,https://www.reddit.com/r/delhi/comments/17magvp/scammed_in_delhi_my_encounter_with_a_food_digger/,trust scam,Social Engineering and Romance/Sextortion,Social Engineering,VICTIM,NARSS-00957.txt,State: Delhi | Author: u/mildlyspecialchild | Score: 1 | Reddit ID: 17magvp
16isne5,NARSS-00958,2026-04-10,SOUBHIK SARKAR,Reddit r/Delhi,reddit.com,2023-09-15,Food stall Scam at Karol Bagh,https://www.reddit.com/r/delhi/comments/16isne5/food_stall_scam_at_karol_bagh/,trust scam,Social Engineering and Romance/Sextortion,Social Engineering,THIRD-PARTY,NARSS-00958.txt,State: Delhi | Author: u/Affectionate_Elk6733 | Score: 1 | Reddit ID: 16isne5
16as2p9,NARSS-00959,2026-04-10,SOUBHIK SARKAR,Reddit r/Delhi,reddit.com,2023-09-05,Need some urgent help!!,https://www.reddit.com/r/delhi/comments/16as2p9/need_some_urgent_help/,trust scam,Social Engineering and Romance/Sextortion,Social Engineering,THIRD-PARTY,NARSS-00959.txt,State: Delhi | Author: u/lilxshawty | Score: 1 | Reddit ID: 16as2p9
16aj9u2,NARSS-00960,2026-04-10,SOUBHIK SARKAR,Reddit r/Delhi,reddit.com,2023-09-05,Netflix - Premium Account,https://www.reddit.com/r/delhi/comments/16aj9u2/netflix_premium_account/,trust scam,Social Engineering and Romance/Sextortion,Social Engineering,THIRD-PARTY,NARSS-00960.txt,State: Delhi | Author: u/assissnator27 | Score: 1 | Reddit ID: 16aj9u2
169xb3w,NARSS-00961,2026-04-10,SOUBHIK SARKAR,Reddit r/Delhi,reddit.com,2023-09-04,Scammer At Jhilmil Metro Station,https://www.reddit.com/r/delhi/comments/169xb3w/scammer_at_jhilmil_metro_station/,trust scam,Social Engineering and Romance/Sextortion,Social Engineering,THIRD-PARTY,NARSS-00961.txt,State: Delhi | Author: u/WinLeft4779 | Score: 1 | Reddit ID: 169xb3w
15o6cv9,NARSS-00962,2026-04-10,SOUBHIK SARKAR,Reddit r/Delhi,reddit.com,2023-08-11,Seeking Advice on Nehru Place Market for Gaming Mouse and Keyboard Purchase in Delhi,https://www.reddit.com/r/delhi/comments/15o6cv9/seeking_advice_on_nehru_place_market_for_gaming/,trust scam,Social Engineering and Romance/Sextortion,Social Engineering,THIRD-PARTY,NARSS-00962.txt,State: Delhi | Author: u/literally_me_gosling | Score: 3 | Reddit ID: 15o6cv9
150l2z8,NARSS-00963,2026-04-10,SOUBHIK SARKAR,Reddit r/Delhi,reddit.com,2023-07-16,Cult Pass Transfer,https://www.reddit.com/r/delhi/comments/150l2z8/cult_pass_transfer/,trust scam,Social Engineering and Romance/Sextortion,Social Engineering,VICTIM,NARSS-00963.txt,State: Delhi | Author: u/Financial_Scar_4988 | Score: 1 | Reddit ID: 150l2z8
10uvakq,NARSS-00964,2026-04-10,SOUBHIK SARKAR,Reddit r/Delhi,reddit.com,2023-02-06,How do you thrift clothes/shoes in Delhi?,https://www.reddit.com/r/delhi/comments/10uvakq/how_do_you_thrift_clothesshoes_in_delhi/,trust scam,Social Engineering and Romance/Sextortion,Social Engineering,THIRD-PARTY,NARSS-00964.txt,State: Delhi | Author: u/yashsxna | Score: 0 | Reddit ID: 10uvakq
vlcxjn,NARSS-00965,2026-04-10,SOUBHIK SARKAR,Reddit r/Delhi,reddit.com,2022-06-27,Help directory against scammer,https://www.reddit.com/r/delhi/comments/vlcxjn/help_directory_against_scammer/,trust scam,Social Engineering and Romance/Sextortion,Social Engineering,NEAR-MISS,NARSS-00965.txt,State: Delhi | Author: u/zoldyckc | Score: 6 | Reddit ID: vlcxjn
o1euuh,NARSS-00966,2026-04-10,SOUBHIK SARKAR,Reddit r/Delhi,reddit.com,2021-06-17,"Ram Mandir Trust scam का संजय सिंह ने एक और सबूत दिया KALAM NEWS,",https://www.reddit.com/r/delhi/comments/o1euuh/ram_mandir_trust_scam_क_सजय_सह_न_एक_और_सबत_दय/,trust scam,Social Engineering and Romance/Sextortion,Social Engineering,THIRD-PARTY,NARSS-00966.txt,State: Delhi | Author: u/kalamhindinews | Score: 1 | Reddit ID: o1euuh
1izji4y,NARSS-00967,2026-04-10,SOUBHIK SARKAR,Reddit r/Delhi,reddit.com,2025-02-27,The worst to live in - Delhi,https://www.reddit.com/r/delhi/comments/1izji4y/the_worst_to_live_in_delhi/,romance scam,Social Engineering and Romance/Sextortion,Romance Scam,THIRD-PARTY,NARSS-00967.txt,State: Delhi | Author: u/Sensitive_Hunter_323 | Score: 1 | Reddit ID: 1izji4y
1fdftpv,NARSS-00968,2026-04-10,SOUBHIK SARKAR,Reddit r/Delhi,reddit.com,2024-09-10,Relative scammed through GPAY,https://www.reddit.com/r/delhi/comments/1fdftpv/relative_scammed_through_gpay/,romance scam,Social Engineering and Romance/Sextortion,Romance Scam,THIRD-PARTY,NARSS-00968.txt,State: Delhi | Author: u/Medical-Sock9157 | Score: 9 | Reddit ID: 1fdftpv
1c2gdjz,NARSS-00969,2026-04-10,SOUBHIK SARKAR,Reddit r/Delhi,reddit.com,2024-04-12,OLD apps suck if you're an average middle-class introverted Indian guy,https://www.reddit.com/r/delhi/comments/1c2gdjz/old_apps_suck_if_youre_an_average_middleclass/,romance scam,Social Engineering and Romance/Sextortion,Romance Scam,NEAR-MISS,NARSS-00969.txt,State: Delhi | Author: u/sidroy81 | Score: 0 | Reddit ID: 1c2gdjz
zboh5h,NARSS-00970,2026-04-10,SOUBHIK SARKAR,Reddit r/Delhi,reddit.com,2022-12-04,Delhi is much more livable place than Mumbai,https://www.reddit.com/r/delhi/comments/zboh5h/delhi_is_much_more_livable_place_than_mumbai/,romance scam,Social Engineering and Romance/Sextortion,Romance Scam,NEAR-MISS,NARSS-00970.txt,State: Delhi | Author: u/ahivarn | Score: 204 | Reddit ID: zboh5h
1hm1mds,NARSS-00971,2026-04-10,SOUBHIK SARKAR,Reddit r/Delhi,reddit.com,2024-12-25,Did Anyone got Scammed at The Vaccine Lounge Punjabi Bagh with this girl Through Datin Apps,https://www.reddit.com/r/delhi/comments/1hm1mds/did_anyone_got_scammed_at_the_vaccine_lounge/,dating fraud,Social Engineering and Romance/Sextortion,Romance Scam,THIRD-PARTY,NARSS-00971.txt,State: Delhi | Author: u/Long_Yard_8185 | Score: 1 | Reddit ID: 1hm1mds
180gyfi,NARSS-00972,2026-04-10,SOUBHIK SARKAR,Reddit r/Delhi,reddit.com,2023-11-21,Just give it a read and share your thoughts.,https://www.reddit.com/r/delhi/comments/180gyfi/just_give_it_a_read_and_share_your_thoughts/,dating fraud,Social Engineering and Romance/Sextortion,Romance Scam,THIRD-PARTY,NARSS-00972.txt,State: Delhi | Author: u/topgun1676 | Score: 1 | Reddit ID: 180gyfi
rqjsqo,NARSS-00973,2026-04-10,SOUBHIK SARKAR,Reddit r/Delhi,reddit.com,2021-12-28,What will you say to this guy?,https://www.reddit.com/r/delhi/comments/rqjsqo/what_will_you_say_to_this_guy/,dating fraud,Social Engineering and Romance/Sextortion,Romance Scam,THIRD-PARTY,NARSS-00973.txt,State: Delhi | Author: u/funbobby66 | Score: 2 | Reddit ID: rqjsqo
14fn082,NARSS-00974,2026-04-10,SOUBHIK SARKAR,Reddit r/Delhi,reddit.com,2023-06-22,"Hello People, i am a lawyer based out of south delh. Here looking for networking, friends and good political, philosophical, ideological, life discussions.",https://www.reddit.com/r/delhi/comments/14fn082/hello_people_i_am_a_lawyer_based_out_of_south/,matrimonial fraud,Social Engineering and Romance/Sextortion,Romance Scam,THIRD-PARTY,NARSS-00974.txt,State: Delhi | Author: u/abhidas0 | Score: 5 | Reddit ID: 14fn082
1kbawj1,NARSS-00975,2026-04-10,SOUBHIK SARKAR,Reddit r/Delhi,reddit.com,2025-04-30,Kahi ye honey trap toh nahi tha 😭,https://www.reddit.com/r/delhi/comments/1kbawj1/kahi_ye_honey_trap_toh_nahi_tha/,honey trap,Social Engineering and Romance/Sextortion,Romance Scam,THIRD-PARTY,NARSS-00975.txt,State: Delhi | Author: u/[deleted] | Score: 1 | Reddit ID: 1kbawj1
1jr4daz,NARSS-00976,2026-04-10,SOUBHIK SARKAR,Reddit r/Delhi,reddit.com,2025-04-04,Delhi Court Orders Perjury Proceedings Against Woman in False Rape Case,https://www.reddit.com/r/delhi/comments/1jr4daz/delhi_court_orders_perjury_proceedings_against/,honey trap,Social Engineering and Romance/Sextortion,Romance Scam,THIRD-PARTY,NARSS-00976.txt,State: Delhi | Author: u/SquaredAndRooted | Score: 1 | Reddit ID: 1jr4daz
1jb2u6a,NARSS-00977,2026-04-10,SOUBHIK SARKAR,Reddit r/Delhi,reddit.com,2025-03-14,"74 year old businessman from Delhi was jailed after False rape case, later finds he was honey-trapped",https://www.reddit.com/r/delhi/comments/1jb2u6a/74_year_old_businessman_from_delhi_was_jailed/,honey trap,Social Engineering and Romance/Sextortion,Romance Scam,THIRD-PARTY,NARSS-00977.txt,State: Delhi | Author: u/serenavren | Score: 0 | Reddit ID: 1jb2u6a
1j36a94,NARSS-00978,2026-04-10,SOUBHIK SARKAR,Reddit r/Delhi,reddit.com,2025-03-04,Please secure my mum and me. Sec 37 noida h.no. -1468.,https://www.reddit.com/r/delhi/comments/1j36a94/please_secure_my_mum_and_me_sec_37_noida_hno_1468/,honey trap,Social Engineering and Romance/Sextortion,Romance Scam,THIRD-PARTY,NARSS-00978.txt,State: Delhi | Author: u/ayush_pratap_cool | Score: 1 | Reddit ID: 1j36a94
129lu3p,NARSS-00979,2026-04-10,SOUBHIK SARKAR,Reddit r/Delhi,reddit.com,2023-04-02,Bikini lady in delhi metro,https://www.reddit.com/r/delhi/comments/129lu3p/bikini_lady_in_delhi_metro/,honey trap,Social Engineering and Romance/Sextortion,Romance Scam,THIRD-PARTY,NARSS-00979.txt,State: Delhi | Author: u/shaggyshanksshakira | Score: 1 | Reddit ID: 129lu3p
10v58l6,NARSS-00980,2026-04-10,SOUBHIK SARKAR,Reddit r/Delhi,reddit.com,2023-02-06,"Honey-trap gang busted in Delhi, women among 4 arrested | Delhi News - Times of India",https://www.reddit.com/r/delhi/comments/10v58l6/honeytrap_gang_busted_in_delhi_women_among_4/,honey trap,Social Engineering and Romance/Sextortion,Romance Scam,THIRD-PARTY,NARSS-00980.txt,State: Delhi | Author: u/VCardBGone | Score: 1 | Reddit ID: 10v58l6
zsb4re,NARSS-00981,2026-04-10,SOUBHIK SARKAR,Reddit r/Delhi,reddit.com,2022-12-22,"Woman arrested for honey trapping men on Instagram, extortion | Delhi News - Times of India",https://www.reddit.com/r/delhi/comments/zsb4re/woman_arrested_for_honey_trapping_men_on/,honey trap,Social Engineering and Romance/Sextortion,Romance Scam,THIRD-PARTY,NARSS-00981.txt,State: Delhi | Author: u/VCardBGone | Score: 3 | Reddit ID: zsb4re
1jqh8yb,NARSS-00982,2026-04-10,SOUBHIK SARKAR,Reddit r/Delhi,reddit.com,2025-04-03,📢 Digital Revolution for Women: Be the Change!,https://www.reddit.com/r/delhi/comments/1jqh8yb/digital_revolution_for_women_be_the_change/,sextortion,Social Engineering and Romance/Sextortion,Sextortion,THIRD-PARTY,NARSS-00982.txt,State: Delhi | Author: u/Legitimate_Mall7270 | Score: 1 | Reddit ID: 1jqh8yb
1edkbsy,NARSS-00983,2026-04-10,SOUBHIK SARKAR,Reddit r/Delhi,reddit.com,2024-07-27,Saved from Scam at CP middle circle ,https://www.reddit.com/r/delhi/comments/1edkbsy/saved_from_scam_at_cp_middle_circle/,sextortion,Social Engineering and Romance/Sextortion,Sextortion,THIRD-PARTY,NARSS-00983.txt,State: Delhi | Author: u/Fluffy-Cricket-8940 | Score: 1 | Reddit ID: 1edkbsy
12x5uug,NARSS-00984,2026-04-10,SOUBHIK SARKAR,Reddit r/Delhi,reddit.com,2023-04-24,Two Delhi Policemen Running Sextortion Racket With Help of A Girl |,https://www.reddit.com/r/delhi/comments/12x5uug/two_delhi_policemen_running_sextortion_racket/,sextortion,Social Engineering and Romance/Sextortion,Sextortion,THIRD-PARTY,NARSS-00984.txt,State: Delhi | Author: u/[deleted] | Score: 1 | Reddit ID: 12x5uug
zb8wjs,NARSS-00985,2026-04-10,SOUBHIK SARKAR,Reddit r/Delhi,reddit.com,2022-12-03,South Delhi resident held for 'sextortion' of US economics professor | Delhi News - Times of India,https://www.reddit.com/r/delhi/comments/zb8wjs/south_delhi_resident_held_for_sextortion_of_us/,sextortion,Social Engineering and Romance/Sextortion,Sextortion,THIRD-PARTY,NARSS-00985.txt,State: Delhi | Author: u/VCardBGone | Score: 3 | Reddit ID: zb8wjs
taxhma,NARSS-00986,2026-04-10,SOUBHIK SARKAR,Reddit r/Delhi,reddit.com,2022-03-10,"'4,000 nudes' of over 200 women - why Delhi Police has arrested Noida-based market analyst. | The accused, Mohit Sharma, 33, is a BTech and MBA graduate. He allegedly blackmailed women to send nude photos and videos and sold them to foreign porn websites.",https://www.reddit.com/r/delhi/comments/taxhma/4000_nudes_of_over_200_women_why_delhi_police_has/,nude video blackmail,Social Engineering and Romance/Sextortion,Sextortion,THIRD-PARTY,NARSS-00986.txt,State: Delhi | Author: u/remote79 | Score: 10 | Reddit ID: taxhma
16zjb8x,NARSS-00987,2026-04-10,SOUBHIK SARKAR,Reddit r/Delhi,reddit.com,2023-10-04,Mecnex.com site Scam. Selling fake products with stolen photos from zara.com,https://www.reddit.com/r/delhi/comments/16zjb8x/mecnexcom_site_scam_selling_fake_products_with/,fake product scam,E-Commerce and Delivery Fraud,E-Commerce Fraud,THIRD-PARTY,NARSS-00987.txt,State: Delhi | Author: u/CartographerExpert61 | Score: 1 | Reddit ID: 16zjb8x
16mf6c7,NARSS-00988,2026-04-10,SOUBHIK SARKAR,Reddit r/Delhi,reddit.com,2023-09-19,Electronic markets scam in Delhi claiming huge discounts on branded products,https://www.reddit.com/r/delhi/comments/16mf6c7/electronic_markets_scam_in_delhi_claiming_huge/,fake product scam,E-Commerce and Delivery Fraud,E-Commerce Fraud,THIRD-PARTY,NARSS-00988.txt,State: Delhi | Author: u/fin-freak | Score: 1 | Reddit ID: 16mf6c7
15bsc5j,NARSS-00989,2026-04-10,SOUBHIK SARKAR,Reddit r/Delhi,reddit.com,2023-07-28,"Seeking Tips for an Awesome Shopping Experience at Sarojini Market, Delhi!",https://www.reddit.com/r/delhi/comments/15bsc5j/seeking_tips_for_an_awesome_shopping_experience/,fake product scam,E-Commerce and Delivery Fraud,E-Commerce Fraud,THIRD-PARTY,NARSS-00989.txt,State: Delhi | Author: u/AnyDirection6683 | Score: 0 | Reddit ID: 15bsc5j
x386e7,NARSS-00990,2026-04-10,SOUBHIK SARKAR,Reddit r/Delhi,reddit.com,2022-09-01,OLX scams - is OLX filled with scams or is it just me?,https://www.reddit.com/r/delhi/comments/x386e7/olx_scams_is_olx_filled_with_scams_or_is_it_just/,fake product scam,E-Commerce and Delivery Fraud,E-Commerce Fraud,THIRD-PARTY,NARSS-00990.txt,State: Delhi | Author: u/cdan94 | Score: 6 | Reddit ID: x386e7
1fgqprl,NARSS-00991,2026-04-10,SOUBHIK SARKAR,Reddit r/Delhi,reddit.com,2024-09-14,Flipkart fraud! Got 2nd hand phone for the price of new!,https://www.reddit.com/r/delhi/comments/1fgqprl/flipkart_fraud_got_2nd_hand_phone_for_the_price/,Flipkart fraud,E-Commerce and Delivery Fraud,E-Commerce Fraud,THIRD-PARTY,NARSS-00991.txt,State: Delhi | Author: u/boring_slightly | Score: 1 | Reddit ID: 1fgqprl
1jxf7hb,NARSS-00992,2026-04-10,SOUBHIK SARKAR,Reddit r/Delhi,reddit.com,2025-04-12,Customer service fraud Amazon,https://www.reddit.com/r/delhi/comments/1jxf7hb/customer_service_fraud_amazon/,Amazon fraud,E-Commerce and Delivery Fraud,E-Commerce Fraud,THIRD-PARTY,NARSS-00992.txt,State: Delhi | Author: u/vinodpythontest | Score: 1 | Reddit ID: 1jxf7hb
1gu4udm,NARSS-00993,2026-04-10,SOUBHIK SARKAR,Reddit r/Delhi,reddit.com,2024-11-18,Fraud by Swiggy Instamart,https://www.reddit.com/r/delhi/comments/1gu4udm/fraud_by_swiggy_instamart/,Amazon fraud,E-Commerce and Delivery Fraud,E-Commerce Fraud,THIRD-PARTY,NARSS-00993.txt,State: Delhi | Author: u/Scary-Green-2775 | Score: 1 | Reddit ID: 1gu4udm
1em77px,NARSS-00994,2026-04-10,SOUBHIK SARKAR,Reddit r/Delhi,reddit.com,2024-08-07,Is this fraud? Amazon great freedom sale is fake?,https://www.reddit.com/r/delhi/comments/1em77px/is_this_fraud_amazon_great_freedom_sale_is_fake/,Amazon fraud,E-Commerce and Delivery Fraud,E-Commerce Fraud,THIRD-PARTY,NARSS-00994.txt,State: Delhi | Author: u/R007E | Score: 1 | Reddit ID: 1em77px
1bg174o,NARSS-00995,2026-04-10,SOUBHIK SARKAR,Reddit r/Delhi,reddit.com,2024-03-16,New AC buying Decision : Amazon or Offline market ?? Pls guide ?,https://www.reddit.com/r/delhi/comments/1bg174o/new_ac_buying_decision_amazon_or_offline_market/,Amazon fraud,E-Commerce and Delivery Fraud,E-Commerce Fraud,THIRD-PARTY,NARSS-00995.txt,State: Delhi | Author: u/Seeker_hu | Score: 1 | Reddit ID: 1bg174o
189modj,NARSS-00996,2026-04-10,SOUBHIK SARKAR,Reddit r/Delhi,reddit.com,2023-12-03,a carder scammed me on Instagram,https://www.reddit.com/r/delhi/comments/189modj/a_carder_scammed_me_on_instagram/,Amazon fraud,E-Commerce and Delivery Fraud,E-Commerce Fraud,VICTIM,NARSS-00996.txt,State: Delhi | Author: u/nishannthh | Score: 1 | Reddit ID: 189modj
1kgx10m,NARSS-00997,2026-04-10,SOUBHIK SARKAR,Reddit r/Delhi,reddit.com,2025-05-07,Survived a scam in Delhi metro,https://www.reddit.com/r/delhi/comments/1kgx10m/survived_a_scam_in_delhi_metro/,refund scam,E-Commerce and Delivery Fraud,E-Commerce Fraud,NEAR-MISS,NARSS-00997.txt,State: Delhi | Author: u/Uncertifiedghost | Score: 1 | Reddit ID: 1kgx10m
1juber4,NARSS-00998,2026-04-10,SOUBHIK SARKAR,Reddit r/Delhi,reddit.com,2025-04-08,Property Dealers Who are looting people,https://www.reddit.com/r/delhi/comments/1juber4/property_dealers_who_are_looting_people/,refund scam,E-Commerce and Delivery Fraud,E-Commerce Fraud,THIRD-PARTY,NARSS-00998.txt,State: Delhi | Author: u/ThrowRameowkat | Score: 1 | Reddit ID: 1juber4
1ju34tn,NARSS-00999,2026-04-10,SOUBHIK SARKAR,Reddit r/Delhi,reddit.com,2025-04-08,New KFC Scam going around in Delhi,https://www.reddit.com/r/delhi/comments/1ju34tn/new_kfc_scam_going_around_in_delhi/,refund scam,E-Commerce and Delivery Fraud,E-Commerce Fraud,THIRD-PARTY,NARSS-00999.txt,State: Delhi | Author: u/savagerandy2024 | Score: 1 | Reddit ID: 1ju34tn
1j3bch2,NARSS-01000,2026-04-10,SOUBHIK SARKAR,Reddit r/Delhi,reddit.com,2025-03-04,Beware of Airtel Payments Bank – A Big Scam!,https://www.reddit.com/r/delhi/comments/1j3bch2/beware_of_airtel_payments_bank_a_big_scam/,refund scam,E-Commerce and Delivery Fraud,E-Commerce Fraud,VICTIM,NARSS-01000.txt,State: Delhi | Author: u/Status-Phrase-3047 | Score: 17 | Reddit ID: 1j3bch2
1j3atn2,NARSS-01001,2026-04-10,SOUBHIK SARKAR,Reddit r/Delhi,reddit.com,2025-03-04,Ola and their scammy refund,https://www.reddit.com/r/delhi/comments/1j3atn2/ola_and_their_scammy_refund/,refund scam,E-Commerce and Delivery Fraud,E-Commerce Fraud,THIRD-PARTY,NARSS-01001.txt,State: Delhi | Author: u/gyro-zeppelis-balls | Score: 1 | Reddit ID: 1j3atn2
1hnis42,NARSS-01002,2026-04-10,SOUBHIK SARKAR,Reddit r/Delhi,reddit.com,2024-12-27,Amazon scam idk if they ll refund or not ,https://www.reddit.com/r/delhi/comments/1hnis42/amazon_scam_idk_if_they_ll_refund_or_not/,refund scam,E-Commerce and Delivery Fraud,E-Commerce Fraud,THIRD-PARTY,NARSS-01002.txt,State: Delhi | Author: u/nikitaeatspoop | Score: 1 | Reddit ID: 1hnis42
1hkv3w0,NARSS-01003,2026-04-10,SOUBHIK SARKAR,Reddit r/Delhi,reddit.com,2024-12-24,beware of zepto scam.,https://www.reddit.com/r/delhi/comments/1hkv3w0/beware_of_zepto_scam/,refund scam,E-Commerce and Delivery Fraud,E-Commerce Fraud,NEAR-MISS,NARSS-01003.txt,State: Delhi | Author: u/KindheartednessDry10 | Score: 1 | Reddit ID: 1hkv3w0
1hjykcv,NARSS-01004,2026-04-10,SOUBHIK SARKAR,Reddit r/Delhi,reddit.com,2024-12-22,Do urban company will give refund of refund request is initiated from their side? ,https://www.reddit.com/r/delhi/comments/1hjykcv/do_urban_company_will_give_refund_of_refund/,refund scam,E-Commerce and Delivery Fraud,E-Commerce Fraud,THIRD-PARTY,NARSS-01004.txt,State: Delhi | Author: u/badluck678 | Score: 1 | Reddit ID: 1hjykcv
1hero7m,NARSS-01005,2026-04-10,SOUBHIK SARKAR,Reddit r/Delhi,reddit.com,2024-12-15,Business in here are totally corrupt,https://www.reddit.com/r/delhi/comments/1hero7m/business_in_here_are_totally_corrupt/,refund scam,E-Commerce and Delivery Fraud,E-Commerce Fraud,THIRD-PARTY,NARSS-01005.txt,State: Delhi | Author: u/badluck678 | Score: 1 | Reddit ID: 1hero7m
1hdzqm7,NARSS-01006,2026-04-10,SOUBHIK SARKAR,Reddit r/Delhi,reddit.com,2024-12-14,Ola cab scam...how do I claim refund on bank ? Please help ,https://www.reddit.com/r/delhi/comments/1hdzqm7/ola_cab_scamhow_do_i_claim_refund_on_bank_please/,refund scam,E-Commerce and Delivery Fraud,E-Commerce Fraud,THIRD-PARTY,NARSS-01006.txt,State: Delhi | Author: u/[deleted] | Score: 0 | Reddit ID: 1hdzqm7
1gzd9up,NARSS-01007,2026-04-10,SOUBHIK SARKAR,Reddit r/Delhi,reddit.com,2024-11-25,Blinkit scam: I ordered something from Blinkit and never got a refund,https://www.reddit.com/r/delhi/comments/1gzd9up/blinkit_scam_i_ordered_something_from_blinkit_and/,refund scam,E-Commerce and Delivery Fraud,E-Commerce Fraud,THIRD-PARTY,NARSS-01007.txt,State: Delhi | Author: u/Mindless-Pen-9563 | Score: 1 | Reddit ID: 1gzd9up
1g9ewjk,NARSS-01008,2026-04-10,SOUBHIK SARKAR,Reddit r/Delhi,reddit.com,2024-10-22,"Recruitment agency asking for ""security deposit""",https://www.reddit.com/r/delhi/comments/1g9ewjk/recruitment_agency_asking_for_security_deposit/,refund scam,E-Commerce and Delivery Fraud,E-Commerce Fraud,THIRD-PARTY,NARSS-01008.txt,State: Delhi | Author: u/Any_Cranberry_373 | Score: 1 | Reddit ID: 1g9ewjk
1fvxhh9,NARSS-01009,2026-04-10,SOUBHIK SARKAR,Reddit r/Delhi,reddit.com,2024-10-04,YEIDA did the biggest scam and no one is talking about this,https://www.reddit.com/r/delhi/comments/1fvxhh9/yeida_did_the_biggest_scam_and_no_one_is_talking/,refund scam,E-Commerce and Delivery Fraud,E-Commerce Fraud,VICTIM,NARSS-01009.txt,State: Delhi | Author: u/newred8 | Score: 1 | Reddit ID: 1fvxhh9
1f4deof,NARSS-01010,2026-04-10,SOUBHIK SARKAR,Reddit r/Delhi,reddit.com,2024-08-30,New Swiggy Scam Alert ,https://www.reddit.com/r/delhi/comments/1f4deof/new_swiggy_scam_alert/,refund scam,E-Commerce and Delivery Fraud,E-Commerce Fraud,THIRD-PARTY,NARSS-01010.txt,State: Delhi | Author: u/Exotic-Video5370 | Score: 189 | Reddit ID: 1f4deof
1e6lqq9,NARSS-01011,2026-04-10,SOUBHIK SARKAR,Reddit r/Delhi,reddit.com,2024-07-19,What do you think about amazon refund scams?,https://www.reddit.com/r/delhi/comments/1e6lqq9/what_do_you_think_about_amazon_refund_scams/,refund scam,E-Commerce and Delivery Fraud,E-Commerce Fraud,THIRD-PARTY,NARSS-01011.txt,State: Delhi | Author: u/Beginning_Cancel_860 | Score: 1 | Reddit ID: 1e6lqq9
1dnul4r,NARSS-01012,2026-04-10,SOUBHIK SARKAR,Reddit r/Delhi,reddit.com,2024-06-25,Horrible experience at Delhi tourism cabs ,https://www.reddit.com/r/delhi/comments/1dnul4r/horrible_experience_at_delhi_tourism_cabs/,refund scam,E-Commerce and Delivery Fraud,E-Commerce Fraud,THIRD-PARTY,NARSS-01012.txt,State: Delhi | Author: u/beingmortal__ | Score: 1 | Reddit ID: 1dnul4r
1cb3v7c,NARSS-01013,2026-04-10,SOUBHIK SARKAR,Reddit r/Delhi,reddit.com,2024-04-23,Is it a scam? Owner asking for 1050 rupees as a prepayment for just visiting charges in Galaxy Apartments sec 43 gurgaon says its a visiting pass I'll have to give him my id and photo is it real and he says will be refunded if I didn't like the flat is this a scam?,https://www.reddit.com/r/delhi/comments/1cb3v7c/is_it_a_scam_owner_asking_for_1050_rupees_as_a/,refund scam,E-Commerce and Delivery Fraud,E-Commerce Fraud,THIRD-PARTY,NARSS-01013.txt,State: Delhi | Author: u/psyacid27 | Score: 1 | Reddit ID: 1cb3v7c
1bp0sm2,NARSS-01014,2026-04-10,SOUBHIK SARKAR,Reddit r/Delhi,reddit.com,2024-03-27,(Update 2) UBER AIRPORT SCAM !!!!! w screenshots,https://www.reddit.com/r/delhi/comments/1bp0sm2/update_2_uber_airport_scam_w_screenshots/,refund scam,E-Commerce and Delivery Fraud,E-Commerce Fraud,THIRD-PARTY,NARSS-01014.txt,State: Delhi | Author: u/Why_am_i_alive0 | Score: 1 | Reddit ID: 1bp0sm2
1bnbwhb,NARSS-01015,2026-04-10,SOUBHIK SARKAR,Reddit r/Delhi,reddit.com,2024-03-25,domino's scam! is there any way i can get a refund here?,https://www.reddit.com/r/delhi/comments/1bnbwhb/dominos_scam_is_there_any_way_i_can_get_a_refund/,refund scam,E-Commerce and Delivery Fraud,E-Commerce Fraud,THIRD-PARTY,NARSS-01015.txt,State: Delhi | Author: u/ariellamusic | Score: 1 | Reddit ID: 1bnbwhb
185z462,NARSS-01016,2026-04-10,SOUBHIK SARKAR,Reddit r/Delhi,reddit.com,2023-11-28,OYO scam in Delhi...,https://www.reddit.com/r/delhi/comments/185z462/oyo_scam_in_delhi/,refund scam,E-Commerce and Delivery Fraud,E-Commerce Fraud,THIRD-PARTY,NARSS-01016.txt,State: Delhi | Author: u/sunBrightness | Score: 1 | Reddit ID: 185z462
17yf9ol,NARSS-01017,2026-04-10,SOUBHIK SARKAR,Reddit r/Delhi,reddit.com,2023-11-19,New Uber Scam Alert!,https://www.reddit.com/r/delhi/comments/17yf9ol/new_uber_scam_alert/,refund scam,E-Commerce and Delivery Fraud,E-Commerce Fraud,VICTIM,NARSS-01017.txt,State: Delhi | Author: u/AvntdR_ | Score: 1 | Reddit ID: 17yf9ol
17y0jic,NARSS-01018,2026-04-10,SOUBHIK SARKAR,Reddit r/Delhi,reddit.com,2023-11-18,Ola and uber prices.,https://www.reddit.com/r/delhi/comments/17y0jic/ola_and_uber_prices/,refund scam,E-Commerce and Delivery Fraud,E-Commerce Fraud,NEAR-MISS,NARSS-01018.txt,State: Delhi | Author: u/Zestycloseparzival | Score: 1 | Reddit ID: 17y0jic
17g44uw,NARSS-01019,2026-04-10,SOUBHIK SARKAR,Reddit r/Delhi,reddit.com,2023-10-25,Have some questions about Credit card.,https://www.reddit.com/r/delhi/comments/17g44uw/have_some_questions_about_credit_card/,refund scam,E-Commerce and Delivery Fraud,E-Commerce Fraud,THIRD-PARTY,NARSS-01019.txt,State: Delhi | Author: u/Worried-Quality-2601 | Score: 1 | Reddit ID: 17g44uw
16ev5zt,NARSS-01020,2026-04-10,SOUBHIK SARKAR,Reddit r/Delhi,reddit.com,2023-09-10,Need pro bono lawyer for MLM victim's justice,https://www.reddit.com/r/delhi/comments/16ev5zt/need_pro_bono_lawyer_for_mlm_victims_justice/,refund scam,E-Commerce and Delivery Fraud,E-Commerce Fraud,THIRD-PARTY,NARSS-01020.txt,State: Delhi | Author: u/Due_Bar_2452 | Score: 1 | Reddit ID: 16ev5zt
136e9it,NARSS-01021,2026-04-10,SOUBHIK SARKAR,Reddit r/Delhi,reddit.com,2023-05-03,Dad got scammed ! And i want to get him a job.,https://www.reddit.com/r/delhi/comments/136e9it/dad_got_scammed_and_i_want_to_get_him_a_job/,refund scam,E-Commerce and Delivery Fraud,E-Commerce Fraud,THIRD-PARTY,NARSS-01021.txt,State: Delhi | Author: u/Vegetable_Pear_8592 | Score: 17 | Reddit ID: 136e9it
zrgte3,NARSS-01022,2026-04-10,SOUBHIK SARKAR,Reddit r/Delhi,reddit.com,2022-12-21,"Update: Swiggy guy delivered my order but told me not to pick up the phone, why?",https://www.reddit.com/r/delhi/comments/zrgte3/update_swiggy_guy_delivered_my_order_but_told_me/,refund scam,E-Commerce and Delivery Fraud,E-Commerce Fraud,THIRD-PARTY,NARSS-01022.txt,State: Delhi | Author: u/Good-Log-1267 | Score: 5 | Reddit ID: zrgte3
1jx7jge,NARSS-01023,2026-04-10,SOUBHIK SARKAR,Reddit r/Delhi,reddit.com,2025-04-12,"I Was Scammed of ₹80,000 by a Serial Fraudster Posing as Car Parts Seller from Delhi – Please Help Expose Him",https://www.reddit.com/r/delhi/comments/1jx7jge/i_was_scammed_of_80000_by_a_serial_fraudster/,fake delivery,E-Commerce and Delivery Fraud,Delivery Fraud,VICTIM,NARSS-01023.txt,State: Delhi | Author: u/shadownet089 | Score: 1 | Reddit ID: 1jx7jge
1jcddny,NARSS-01024,2026-04-10,SOUBHIK SARKAR,Reddit r/Delhi,reddit.com,2025-03-16,LG &amp; Delhivery’s Terrible Delivery Service – Fake Attempt &amp; No Updates!,https://www.reddit.com/r/delhi/comments/1jcddny/lg_delhiverys_terrible_delivery_service_fake/,fake delivery,E-Commerce and Delivery Fraud,Delivery Fraud,THIRD-PARTY,NARSS-01024.txt,State: Delhi | Author: u/sleeplesslyawake | Score: 1 | Reddit ID: 1jcddny
1j823bb,NARSS-01025,2026-04-10,SOUBHIK SARKAR,Reddit r/Delhi,reddit.com,2025-03-10,Everyone in India Is Trying to Hustle You and It’s Exhausting,https://www.reddit.com/r/delhi/comments/1j823bb/everyone_in_india_is_trying_to_hustle_you_and_its/,fake delivery,E-Commerce and Delivery Fraud,Delivery Fraud,THIRD-PARTY,NARSS-01025.txt,State: Delhi | Author: u/Eastern_Musician4865 | Score: 1 | Reddit ID: 1j823bb
1j55u4x,NARSS-01026,2026-04-10,SOUBHIK SARKAR,Reddit r/Delhi,reddit.com,2025-03-07,Tossin Pizza Blatantly Farms Positive Reviews,https://www.reddit.com/r/delhi/comments/1j55u4x/tossin_pizza_blatantly_farms_positive_reviews/,fake delivery,E-Commerce and Delivery Fraud,Delivery Fraud,THIRD-PARTY,NARSS-01026.txt,State: Delhi | Author: u/6ShaunRenick9 | Score: 1 | Reddit ID: 1j55u4x
1j0j13o,NARSS-01027,2026-04-10,SOUBHIK SARKAR,Reddit r/Delhi,reddit.com,2025-03-01,Even our delivery or ride partner could be an Illegal Immigrant?!,https://www.reddit.com/r/delhi/comments/1j0j13o/even_our_delivery_or_ride_partner_could_be_an/,fake delivery,E-Commerce and Delivery Fraud,Delivery Fraud,THIRD-PARTY,NARSS-01027.txt,State: Delhi | Author: u/CoconutRealistic4889 | Score: 1 | Reddit ID: 1j0j13o
1hj6rkw,NARSS-01028,2026-04-10,SOUBHIK SARKAR,Reddit r/Delhi,reddit.com,2024-12-21,Looking for Ozempic experiences before I finalise my decision ,https://www.reddit.com/r/delhi/comments/1hj6rkw/looking_for_ozempic_experiences_before_i_finalise/,fake delivery,E-Commerce and Delivery Fraud,Delivery Fraud,THIRD-PARTY,NARSS-01028.txt,State: Delhi | Author: u/_Galvin_ | Score: 1 | Reddit ID: 1hj6rkw
1f0bvji,NARSS-01029,2026-04-10,SOUBHIK SARKAR,Reddit r/Delhi,reddit.com,2024-08-24,Am I scammed ? (Gati Packers &amp; movers),https://www.reddit.com/r/delhi/comments/1f0bvji/am_i_scammed_gati_packers_movers/,fake delivery,E-Commerce and Delivery Fraud,Delivery Fraud,NEAR-MISS,NARSS-01029.txt,State: Delhi | Author: u/zenisama02 | Score: 1 | Reddit ID: 1f0bvji
1cndfkx,NARSS-01030,2026-04-10,SOUBHIK SARKAR,Reddit r/Delhi,reddit.com,2024-05-09,ZOMATO SCAMMED ME LIKE THESE MFs ARE GETTING CRAZY NOW,https://www.reddit.com/r/delhi/comments/1cndfkx/zomato_scammed_me_like_these_mfs_are_getting/,fake delivery,E-Commerce and Delivery Fraud,Delivery Fraud,NEAR-MISS,NARSS-01030.txt,State: Delhi | Author: u/Chutiyapdev | Score: 1 | Reddit ID: 1cndfkx
18enb3r,NARSS-01031,2026-04-10,SOUBHIK SARKAR,Reddit r/Delhi,reddit.com,2023-12-10,buying durable better shoes,https://www.reddit.com/r/delhi/comments/18enb3r/buying_durable_better_shoes/,fake delivery,E-Commerce and Delivery Fraud,Delivery Fraud,THIRD-PARTY,NARSS-01031.txt,State: Delhi | Author: u/New_Mathematician_54 | Score: 1 | Reddit ID: 18enb3r
16j7vdf,NARSS-01032,2026-04-10,SOUBHIK SARKAR,Reddit r/Delhi,reddit.com,2023-09-15,Where should i meet my ex for the last time ?,https://www.reddit.com/r/delhi/comments/16j7vdf/where_should_i_meet_my_ex_for_the_last_time/,fake delivery,E-Commerce and Delivery Fraud,Delivery Fraud,THIRD-PARTY,NARSS-01032.txt,State: Delhi | Author: u/Maleficent_Potato483 | Score: 1 | Reddit ID: 16j7vdf
16ctie3,NARSS-01033,2026-04-10,SOUBHIK SARKAR,Reddit r/Delhi,reddit.com,2023-09-08,Life is really tough for me right now.,https://www.reddit.com/r/delhi/comments/16ctie3/life_is_really_tough_for_me_right_now/,fake delivery,E-Commerce and Delivery Fraud,Delivery Fraud,NEAR-MISS,NARSS-01033.txt,State: Delhi | Author: u/Green-Percentage-406 | Score: 1 | Reddit ID: 16ctie3
15pzyqe,NARSS-01034,2026-04-10,SOUBHIK SARKAR,Reddit r/Delhi,reddit.com,2023-08-13,Kirana guy here need your guidance..,https://www.reddit.com/r/delhi/comments/15pzyqe/kirana_guy_here_need_your_guidance/,fake delivery,E-Commerce and Delivery Fraud,Delivery Fraud,THIRD-PARTY,NARSS-01034.txt,State: Delhi | Author: u/legendary-levi | Score: 1 | Reddit ID: 15pzyqe
15ipmt6,NARSS-01035,2026-04-10,SOUBHIK SARKAR,Reddit r/Delhi,reddit.com,2023-08-05,Was I being overly petty?,https://www.reddit.com/r/delhi/comments/15ipmt6/was_i_being_overly_petty/,fake delivery,E-Commerce and Delivery Fraud,Delivery Fraud,THIRD-PARTY,NARSS-01035.txt,State: Delhi | Author: u/SRamos9248 | Score: 492 | Reddit ID: 15ipmt6
13sh2ox,NARSS-01036,2026-04-10,SOUBHIK SARKAR,Reddit r/Delhi,reddit.com,2023-05-26,Best Toyota authorised service centre,https://www.reddit.com/r/delhi/comments/13sh2ox/best_toyota_authorised_service_centre/,fake delivery,E-Commerce and Delivery Fraud,Delivery Fraud,THIRD-PARTY,NARSS-01036.txt,State: Delhi | Author: u/NoOccasion2087 | Score: 3 | Reddit ID: 13sh2ox
13nmtm7,NARSS-01037,2026-04-10,SOUBHIK SARKAR,Reddit r/Delhi,reddit.com,2023-05-21,Looking for a mechanic,https://www.reddit.com/r/delhi/comments/13nmtm7/looking_for_a_mechanic/,fake delivery,E-Commerce and Delivery Fraud,Delivery Fraud,THIRD-PARTY,NARSS-01037.txt,State: Delhi | Author: u/NoOccasion2087 | Score: 1 | Reddit ID: 13nmtm7
uxl033,NARSS-01038,2026-04-10,SOUBHIK SARKAR,Reddit r/Delhi,reddit.com,2022-05-25,Be alert of fake food delivery,https://www.reddit.com/r/delhi/comments/uxl033/be_alert_of_fake_food_delivery/,fake delivery,E-Commerce and Delivery Fraud,Delivery Fraud,THIRD-PARTY,NARSS-01038.txt,State: Delhi | Author: u/[deleted] | Score: 11 | Reddit ID: uxl033
fopn4f,NARSS-01039,2026-04-10,SOUBHIK SARKAR,Reddit r/Delhi,reddit.com,2020-03-25,COVID-19 National Lock Down: Updates &amp; Discussion,https://www.reddit.com/r/delhi/comments/fopn4f/covid19_national_lock_down_updates_discussion/,fake delivery,E-Commerce and Delivery Fraud,Delivery Fraud,THIRD-PARTY,NARSS-01039.txt,State: Delhi | Author: u/vyperfox | Score: 5 | Reddit ID: fopn4f
2mvz7s,NARSS-01040,2026-04-10,SOUBHIK SARKAR,Reddit r/Delhi,reddit.com,2014-11-20,Beware of Fraud,https://www.reddit.com/r/delhi/comments/2mvz7s/beware_of_fraud/,courier fraud,E-Commerce and Delivery Fraud,Delivery Fraud,NEAR-MISS,NARSS-01040.txt,State: Delhi | Author: u/Avengedsixfold | Score: 6 | Reddit ID: 2mvz7s
1g8mgfp,NARSS-01041,2026-04-10,SOUBHIK SARKAR,Reddit r/Delhi,reddit.com,2024-10-21,FedEx parcel scam. Beware guys ,https://www.reddit.com/r/delhi/comments/1g8mgfp/fedex_parcel_scam_beware_guys/,parcel scam,E-Commerce and Delivery Fraud,Delivery Fraud,NEAR-MISS,NARSS-01041.txt,State: Delhi | Author: u/PapayaOnThePlate | Score: 1 | Reddit ID: 1g8mgfp
1g8m5x1,NARSS-01042,2026-04-10,SOUBHIK SARKAR,Reddit r/Delhi,reddit.com,2024-10-21,FEDex parcel scam!! Beaware guys ,https://www.reddit.com/r/delhi/comments/1g8m5x1/fedex_parcel_scam_beaware_guys/,parcel scam,E-Commerce and Delivery Fraud,Delivery Fraud,THIRD-PARTY,NARSS-01042.txt,State: Delhi | Author: u/PapayaOnThePlate | Score: 1 | Reddit ID: 1g8m5x1
1f4mcox,NARSS-01043,2026-04-10,SOUBHIK SARKAR,Reddit r/Delhi,reddit.com,2024-08-30,parcel scam in delhi .,https://www.reddit.com/r/delhi/comments/1f4mcox/parcel_scam_in_delhi/,parcel scam,E-Commerce and Delivery Fraud,Delivery Fraud,THIRD-PARTY,NARSS-01043.txt,State: Delhi | Author: u/Saurabhjais07 | Score: 1 | Reddit ID: 1f4mcox
1f3zi1s,NARSS-01044,2026-04-10,SOUBHIK SARKAR,Reddit r/Delhi,reddit.com,2024-08-29,"New scam ongoing. DTDC ""International Service"" calls and says there is an issue with a parcel under your name and to press 9 to know more. Very similar to the one where it said number is about to to blocked, press 9 to know more. ",https://www.reddit.com/r/delhi/comments/1f3zi1s/new_scam_ongoing_dtdc_international_service_calls/,parcel scam,E-Commerce and Delivery Fraud,Delivery Fraud,THIRD-PARTY,NARSS-01044.txt,State: Delhi | Author: u/Relevant_Presence_86 | Score: 1 | Reddit ID: 1f3zi1s
1eyj7dd,NARSS-01045,2026-04-10,SOUBHIK SARKAR,Reddit r/Delhi,reddit.com,2024-08-22,Received a scam call that my parcel is caught by custom officer,https://www.reddit.com/r/delhi/comments/1eyj7dd/received_a_scam_call_that_my_parcel_is_caught_by/,parcel scam,E-Commerce and Delivery Fraud,Delivery Fraud,THIRD-PARTY,NARSS-01045.txt,State: Delhi | Author: u/[deleted] | Score: 1 | Reddit ID: 1eyj7dd
1dwhmt5,NARSS-01046,2026-04-10,SOUBHIK SARKAR,Reddit r/Delhi,reddit.com,2024-07-06,Is this serious? I am scared...,https://www.reddit.com/r/delhi/comments/1dwhmt5/is_this_serious_i_am_scared/,parcel scam,E-Commerce and Delivery Fraud,Delivery Fraud,THIRD-PARTY,NARSS-01046.txt,State: Delhi | Author: u/paadmaaro | Score: 1 | Reddit ID: 1dwhmt5
1bpswy5,NARSS-01047,2026-04-10,SOUBHIK SARKAR,Reddit r/Delhi,reddit.com,2024-03-28,FedEx/DHL scam calls ,https://www.reddit.com/r/delhi/comments/1bpswy5/fedexdhl_scam_calls/,parcel scam,E-Commerce and Delivery Fraud,Delivery Fraud,THIRD-PARTY,NARSS-01047.txt,State: Delhi | Author: u/Kooky_Looks | Score: 1 | Reddit ID: 1bpswy5
16v7c4d,NARSS-01048,2026-04-10,SOUBHIK SARKAR,Reddit r/Delhi,reddit.com,2023-09-29,Do we need to pay IGST/any charges if someone from foreign sends a package?,https://www.reddit.com/r/delhi/comments/16v7c4d/do_we_need_to_pay_igstany_charges_if_someone_from/,parcel scam,E-Commerce and Delivery Fraud,Delivery Fraud,THIRD-PARTY,NARSS-01048.txt,State: Delhi | Author: u/NCEnvironmental772 | Score: 1 | Reddit ID: 16v7c4d
15i90eo,NARSS-01049,2026-04-10,SOUBHIK SARKAR,Reddit r/Delhi,reddit.com,2023-08-05,Got scammed On Kickskaart,https://www.reddit.com/r/delhi/comments/15i90eo/got_scammed_on_kickskaart/,parcel scam,E-Commerce and Delivery Fraud,Delivery Fraud,NEAR-MISS,NARSS-01049.txt,State: Delhi | Author: u/adectric | Score: 2 | Reddit ID: 15i90eo
15f95y0,NARSS-01050,2026-04-10,SOUBHIK SARKAR,Reddit r/Delhi,reddit.com,2023-08-01,Is this a scam?,https://www.reddit.com/r/delhi/comments/15f95y0/is_this_a_scam/,parcel scam,E-Commerce and Delivery Fraud,Delivery Fraud,THIRD-PARTY,NARSS-01050.txt,State: Delhi | Author: u/Long-Mark-7577 | Score: 1 | Reddit ID: 15f95y0
x2zg3v,NARSS-01051,2026-04-10,SOUBHIK SARKAR,Reddit r/Delhi,reddit.com,2022-09-01,Flip Card scam,https://www.reddit.com/r/delhi/comments/x2zg3v/flip_card_scam/,parcel scam,E-Commerce and Delivery Fraud,Delivery Fraud,VICTIM,NARSS-01051.txt,State: Delhi | Author: u/hell_on_world | Score: 4 | Reddit ID: x2zg3v
u0db8d,NARSS-01052,2026-04-10,SOUBHIK SARKAR,Reddit r/Delhi,reddit.com,2022-04-10,Star Master Lamp,https://www.reddit.com/r/delhi/comments/u0db8d/star_master_lamp/,parcel scam,E-Commerce and Delivery Fraud,Delivery Fraud,THIRD-PARTY,NARSS-01052.txt,State: Delhi | Author: u/[deleted] | Score: 2 | Reddit ID: u0db8d
z2snvm,NARSS-01053,2026-04-10,SOUBHIK SARKAR,Reddit r/Delhi,reddit.com,2022-11-23,"Breaking News : AIIMS Delhi Server Down, Government Suspects Ransomware Attack",https://www.reddit.com/r/delhi/comments/z2snvm/breaking_news_aiims_delhi_server_down_government/,ransomware attack,Ransomware and Malware,Ransomware,THIRD-PARTY,NARSS-01053.txt,State: Delhi | Author: u/VCardBGone | Score: 1 | Reddit ID: z2snvm
nc7ks9,NARSS-01054,2026-04-10,SOUBHIK SARKAR,Reddit r/Delhi,reddit.com,2021-05-14,"‘sophisticated’ ransomware attack at Irish health service, shuts down IT all systems",https://www.reddit.com/r/delhi/comments/nc7ks9/sophisticated_ransomware_attack_at_irish_health/,ransomware attack,Ransomware and Malware,Ransomware,THIRD-PARTY,NARSS-01054.txt,State: Delhi | Author: u/yagyamehru21 | Score: 1 | Reddit ID: nc7ks9
jv0vmx,NARSS-01055,2026-04-10,SOUBHIK SARKAR,Reddit r/Delhi,reddit.com,2020-11-16,Guys does anyone know how to restore encrypted files from a ransomware attack? 🙁💻,https://www.reddit.com/r/delhi/comments/jv0vmx/guys_does_anyone_know_how_to_restore_encrypted/,ransomware attack,Ransomware and Malware,Ransomware,THIRD-PARTY,NARSS-01055.txt,State: Delhi | Author: u/RamiroCruz13 | Score: 27 | Reddit ID: jv0vmx
1gcpht8,NARSS-01056,2026-04-10,SOUBHIK SARKAR,Reddit r/Delhi,reddit.com,2024-10-26,I got messages that UPI is initiated on my account though I didn't do it. Posting here to make sure I did what all could be done regarding this.,https://www.reddit.com/r/delhi/comments/1gcpht8/i_got_messages_that_upi_is_initiated_on_my/,banking malware,Ransomware and Malware,Banking Malware,VICTIM,NARSS-01056.txt,State: Delhi | Author: u/No_Yogurt8713 | Score: 1 | Reddit ID: 1gcpht8
1etform,NARSS-01057,2026-04-10,SOUBHIK SARKAR,Reddit r/Delhi,reddit.com,2024-08-16,Petrol Pump tried to casually scam me,https://www.reddit.com/r/delhi/comments/1etform/petrol_pump_tried_to_casually_scam_me/,electricity bill scam,Emerging and Miscellaneous Fraud Types,Utility Scam,THIRD-PARTY,NARSS-01057.txt,State: Delhi | Author: u/Helpful_Pack_612 | Score: 1 | Reddit ID: 1etform
1e27yxl,NARSS-01058,2026-04-10,SOUBHIK SARKAR,Reddit r/Delhi,reddit.com,2024-07-13,"Electricity bill scam: BSES, Tata Power and other power discoms share safety tips - Times of India",https://www.reddit.com/r/delhi/comments/1e27yxl/electricity_bill_scam_bses_tata_power_and_other/,electricity bill scam,Emerging and Miscellaneous Fraud Types,Utility Scam,THIRD-PARTY,NARSS-01058.txt,State: Delhi | Author: u/VCardBGone | Score: 1 | Reddit ID: 1e27yxl
18ngvoa,NARSS-01059,2026-04-10,SOUBHIK SARKAR,Reddit r/Delhi,reddit.com,2023-12-21,Got a call from bses to update electricity bill. Scam or not?,https://www.reddit.com/r/delhi/comments/18ngvoa/got_a_call_from_bses_to_update_electricity_bill/,electricity bill scam,Emerging and Miscellaneous Fraud Types,Utility Scam,THIRD-PARTY,NARSS-01059.txt,State: Delhi | Author: u/Traditional-Thanks96 | Score: 1 | Reddit ID: 18ngvoa
18ae9ip,NARSS-01060,2026-04-10,SOUBHIK SARKAR,Reddit r/Delhi,reddit.com,2023-12-04,I got a call from a scammer.,https://www.reddit.com/r/delhi/comments/18ae9ip/i_got_a_call_from_a_scammer/,electricity bill scam,Emerging and Miscellaneous Fraud Types,Utility Scam,THIRD-PARTY,NARSS-01060.txt,State: Delhi | Author: u/Apprehensive_Owl_875 | Score: 1 | Reddit ID: 18ae9ip
xmidbr,NARSS-01061,2026-04-10,SOUBHIK SARKAR,Reddit r/Delhi,reddit.com,2022-09-24,electricity bill scam ke baad ab dusra new scam bhi a gya guyzz,https://www.reddit.com/r/delhi/comments/xmidbr/electricity_bill_scam_ke_baad_ab_dusra_new_scam/,electricity bill scam,Emerging and Miscellaneous Fraud Types,Utility Scam,THIRD-PARTY,NARSS-01061.txt,State: Delhi | Author: u/Martinus2050 | Score: 14 | Reddit ID: xmidbr
xesllh,NARSS-01062,2026-04-10,SOUBHIK SARKAR,Reddit r/Delhi,reddit.com,2022-09-15,"Folks, is this a scam? Why am I receiving text from different numbers about my electricity bills? I have already paid it.",https://www.reddit.com/r/delhi/comments/xesllh/folks_is_this_a_scam_why_am_i_receiving_text_from/,electricity bill scam,Emerging and Miscellaneous Fraud Types,Utility Scam,THIRD-PARTY,NARSS-01062.txt,State: Delhi | Author: u/[deleted] | Score: 125 | Reddit ID: xesllh
14671em,NARSS-01063,2026-04-10,SOUBHIK SARKAR,Reddit r/Delhi,reddit.com,2023-06-10,Has anyone else received such message from aadhaar?,https://www.reddit.com/r/delhi/comments/14671em/has_anyone_else_received_such_message_from_aadhaar/,Aadhaar scam,Emerging and Miscellaneous Fraud Types,Aadhaar Fraud,THIRD-PARTY,NARSS-01063.txt,State: Delhi | Author: u/Rizzpapi27 | Score: 2 | Reddit ID: 14671em
yxk4av,NARSS-01064,2026-04-10,SOUBHIK SARKAR,Reddit r/Delhi,reddit.com,2022-11-17,13 lakh aadhaar operators getting terminated: UIDAI allegedly running 100 crores scam per month,https://www.reddit.com/r/delhi/comments/yxk4av/13_lakh_aadhaar_operators_getting_terminated/,Aadhaar scam,Emerging and Miscellaneous Fraud Types,Aadhaar Fraud,THIRD-PARTY,NARSS-01064.txt,State: Delhi | Author: u/[deleted] | Score: 1 | Reddit ID: yxk4av
xf1h95,NARSS-01065,2026-04-10,SOUBHIK SARKAR,Reddit r/Delhi,reddit.com,2022-09-15,CORRELATIONAL STUDY OF PERSONALITY TRAITS WITH CYBER-BULLYING VICTIMIZATION AND RESILIENCE,https://www.reddit.com/r/delhi/comments/xf1h95/correlational_study_of_personality_traits_with/,cyber bullying,Emerging and Miscellaneous Fraud Types,Cyber Stalking,THIRD-PARTY,NARSS-01065.txt,State: Delhi | Author: u/AdInevitable6693 | Score: 3 | Reddit ID: xf1h95
1jxm0wv,NARSS-01066,2026-04-10,SOUBHIK SARKAR,Reddit r/Delhi,reddit.com,2025-04-12,Confession- Online harassment by an Indian famous person,https://www.reddit.com/r/delhi/comments/1jxm0wv/confession_online_harassment_by_an_indian_famous/,online harassment,Emerging and Miscellaneous Fraud Types,Cyber Stalking,THIRD-PARTY,NARSS-01066.txt,State: Delhi | Author: u/[deleted] | Score: 1 | Reddit ID: 1jxm0wv
1jjm31u,NARSS-01067,2026-04-10,SOUBHIK SARKAR,Reddit r/Delhi,reddit.com,2025-03-25,KV Teacher Anvita Sharma’s Tragic Suicide Amid Dowry Harassment (Case details),https://www.reddit.com/r/delhi/comments/1jjm31u/kv_teacher_anvita_sharmas_tragic_suicide_amid/,online harassment,Emerging and Miscellaneous Fraud Types,Cyber Stalking,THIRD-PARTY,NARSS-01067.txt,State: Delhi | Author: u/SquaredAndRooted | Score: 65 | Reddit ID: 1jjm31u
1j80y3a,NARSS-01068,2026-04-10,SOUBHIK SARKAR,Reddit r/Delhi,reddit.com,2025-03-10,Chatr app is  not working,https://www.reddit.com/r/delhi/comments/1j80y3a/chatr_app_is_not_working/,online harassment,Emerging and Miscellaneous Fraud Types,Cyber Stalking,THIRD-PARTY,NARSS-01068.txt,State: Delhi | Author: u/Right_Ladder_5147 | Score: 1 | Reddit ID: 1j80y3a
1j3wyzi,NARSS-01069,2026-04-10,SOUBHIK SARKAR,Reddit r/Delhi,reddit.com,2025-03-05,Rant: all astro apps are fake,https://www.reddit.com/r/delhi/comments/1j3wyzi/rant_all_astro_apps_are_fake/,online harassment,Emerging and Miscellaneous Fraud Types,Cyber Stalking,VICTIM,NARSS-01069.txt,State: Delhi | Author: u/Practical_Dinner2857 | Score: 1 | Reddit ID: 1j3wyzi
1htkbor,NARSS-01070,2026-04-10,SOUBHIK SARKAR,Reddit r/Delhi,reddit.com,2025-01-04,A disturbing and alarming concern ,https://www.reddit.com/r/delhi/comments/1htkbor/a_disturbing_and_alarming_concern/,online harassment,Emerging and Miscellaneous Fraud Types,Cyber Stalking,THIRD-PARTY,NARSS-01070.txt,State: Delhi | Author: u/zen-yutori | Score: 1 | Reddit ID: 1htkbor
1f288zj,NARSS-01071,2026-04-10,SOUBHIK SARKAR,Reddit r/Delhi,reddit.com,2024-08-27,Increased Online Frauds,https://www.reddit.com/r/delhi/comments/1f288zj/increased_online_frauds/,online harassment,Emerging and Miscellaneous Fraud Types,Cyber Stalking,THIRD-PARTY,NARSS-01071.txt,State: Delhi | Author: u/ReasonableAd1231 | Score: 1 | Reddit ID: 1f288zj
17r7u81,NARSS-01072,2026-04-10,SOUBHIK SARKAR,Reddit r/Delhi,reddit.com,2023-11-09,Woman Vs Delhi Police: A painful realisation that nothing has changed,https://www.reddit.com/r/delhi/comments/17r7u81/woman_vs_delhi_police_a_painful_realisation_that/,online harassment,Emerging and Miscellaneous Fraud Types,Cyber Stalking,THIRD-PARTY,NARSS-01072.txt,State: Delhi | Author: u/MostCardiologist4934 | Score: 1 | Reddit ID: 17r7u81
14bt6zo,NARSS-01073,2026-04-10,SOUBHIK SARKAR,Reddit r/Delhi,reddit.com,2023-06-17,Dealing with Heartbreak: How to deal with anxiety and depression post-breakup,https://www.reddit.com/r/delhi/comments/14bt6zo/dealing_with_heartbreak_how_to_deal_with_anxiety/,online harassment,Emerging and Miscellaneous Fraud Types,Cyber Stalking,THIRD-PARTY,NARSS-01073.txt,State: Delhi | Author: u/monkeydlufy2006 | Score: 1 | Reddit ID: 14bt6zo
nbbf1x,NARSS-01074,2026-04-10,SOUBHIK SARKAR,Reddit r/Delhi,reddit.com,2021-05-13,Am I committing a crime by feeding street dogs?,https://www.reddit.com/r/delhi/comments/nbbf1x/am_i_committing_a_crime_by_feeding_street_dogs/,online harassment,Emerging and Miscellaneous Fraud Types,Cyber Stalking,THIRD-PARTY,NARSS-01074.txt,State: Delhi | Author: u/CrankyHufflepuff | Score: 30 | Reddit ID: nbbf1x
1ec0xw0,NARSS-01075,2026-04-10,SOUBHIK SARKAR,Reddit r/Goa,reddit.com,2024-07-25,How do I anonymously report cyber crime? ,https://www.reddit.com/r/Goa/comments/1ec0xw0/how_do_i_anonymously_report_cyber_crime/,cyber crime,General Cybercrime / Cyber Fraud Terms,General Cybercrime,THIRD-PARTY,NARSS-01075.txt,State: Goa | Author: u/[deleted] | Score: 5 | Reddit ID: 1ec0xw0
17z4v2s,NARSS-01076,2026-04-10,SOUBHIK SARKAR,Reddit r/Goa,reddit.com,2023-11-20,I'm looking for an advocate - cybercrime,https://www.reddit.com/r/Goa/comments/17z4v2s/im_looking_for_an_advocate_cybercrime/,cyber crime,General Cybercrime / Cyber Fraud Terms,General Cybercrime,THIRD-PARTY,NARSS-01076.txt,State: Goa | Author: u/vailancio248 | Score: 1 | Reddit ID: 17z4v2s
16yjoa3,NARSS-01077,2026-04-10,SOUBHIK SARKAR,Reddit r/Goa,reddit.com,2023-10-03,SCAMMED! Cry for help.,https://www.reddit.com/r/Goa/comments/16yjoa3/scammed_cry_for_help/,cyber crime,General Cybercrime / Cyber Fraud Terms,General Cybercrime,VICTIM,NARSS-01077.txt,State: Goa | Author: u/NetMassive645 | Score: 1 | Reddit ID: 16yjoa3
1714kqx,NARSS-01078,2026-04-10,SOUBHIK SARKAR,Reddit r/Goa,reddit.com,2023-10-06,Goa River Casinos - Southeast Asian Casinos Emerge as Major Enablers of Global Cybercrime,https://www.reddit.com/r/Goa/comments/1714kqx/goa_river_casinos_southeast_asian_casinos_emerge/,cybercrime,General Cybercrime / Cyber Fraud Terms,General Cybercrime,THIRD-PARTY,NARSS-01078.txt,State: Goa | Author: u/Which_Selection_4603 | Score: 1 | Reddit ID: 1714kqx
12rzfd7,NARSS-01079,2026-04-10,SOUBHIK SARKAR,Reddit r/Goa,reddit.com,2023-04-19,My friend and I have been SCAMMED and urgently need your help,https://www.reddit.com/r/Goa/comments/12rzfd7/my_friend_and_i_have_been_scammed_and_urgently/,online fraud,General Cybercrime / Cyber Fraud Terms,General Cybercrime,THIRD-PARTY,NARSS-01079.txt,State: Goa | Author: u/bronze_noob_master | Score: 25 | Reddit ID: 12rzfd7
1bg9sqc,NARSS-01080,2026-04-10,SOUBHIK SARKAR,Reddit r/Goa,reddit.com,2024-03-16,"Got scammed, surely not the only one",https://www.reddit.com/r/Goa/comments/1bg9sqc/got_scammed_surely_not_the_only_one/,online scam,General Cybercrime / Cyber Fraud Terms,Cyber Scam,VICTIM,NARSS-01080.txt,State: Goa | Author: u/PCRCStan | Score: 1 | Reddit ID: 1bg9sqc
1cwdsg4,NARSS-01081,2026-04-10,SOUBHIK SARKAR,Reddit r/Goa,reddit.com,2024-05-20,Update on the scam.,https://www.reddit.com/r/Goa/comments/1cwdsg4/update_on_the_scam/,UPI scam,UPI and Digital Payment Fraud,UPI Fraud,VICTIM,NARSS-01081.txt,State: Goa | Author: u/everyday_normal__guy | Score: 1 | Reddit ID: 1cwdsg4
1cv4be4,NARSS-01082,2026-04-10,SOUBHIK SARKAR,Reddit r/Goa,reddit.com,2024-05-19,Beware of this scam. ,https://www.reddit.com/r/Goa/comments/1cv4be4/beware_of_this_scam/,UPI scam,UPI and Digital Payment Fraud,UPI Fraud,NEAR-MISS,NARSS-01082.txt,State: Goa | Author: u/everyday_normal__guy | Score: 1 | Reddit ID: 1cv4be4
1jqjz40,NARSS-01083,2026-04-10,SOUBHIK SARKAR,Reddit r/Goa,reddit.com,2025-04-03,What is the new QNET scam in Goa?,https://www.reddit.com/r/Goa/comments/1jqjz40/what_is_the_new_qnet_scam_in_goa/,e-wallet scam,UPI and Digital Payment Fraud,Mobile Wallet Fraud,THIRD-PARTY,NARSS-01083.txt,State: Goa | Author: u/Possible_Finish8969 | Score: 1 | Reddit ID: 1jqjz40
1jqjxnh,NARSS-01084,2026-04-10,SOUBHIK SARKAR,Reddit r/Goa,reddit.com,2025-04-03,What is the new QNET scan being run in Goa?,https://www.reddit.com/r/Goa/comments/1jqjxnh/what_is_the_new_qnet_scan_being_run_in_goa/,e-wallet scam,UPI and Digital Payment Fraud,Mobile Wallet Fraud,THIRD-PARTY,NARSS-01084.txt,State: Goa | Author: u/Possible_Finish8969 | Score: 1 | Reddit ID: 1jqjxnh
15x4r9u,NARSS-01085,2026-04-10,SOUBHIK SARKAR,Reddit r/Goa,reddit.com,2023-08-21,Have u heard about scanning menus in Restaurants and Shacks ?,https://www.reddit.com/r/Goa/comments/15x4r9u/have_u_heard_about_scanning_menus_in_restaurants/,e-wallet scam,UPI and Digital Payment Fraud,Mobile Wallet Fraud,THIRD-PARTY,NARSS-01085.txt,State: Goa | Author: u/killimongo | Score: 1 | Reddit ID: 15x4r9u
1henxmx,NARSS-01086,2026-04-10,SOUBHIK SARKAR,Reddit r/Goa,reddit.com,2024-12-15,Honest two years experience in goa.,https://www.reddit.com/r/Goa/comments/1henxmx/honest_two_years_experience_in_goa/,video call scam,Digital Arrest Scam,Video Call Coercion,THIRD-PARTY,NARSS-01086.txt,State: Goa | Author: u/Necessary_Specific82 | Score: 1 | Reddit ID: 1henxmx
1bb46iw,NARSS-01087,2026-04-10,SOUBHIK SARKAR,Reddit r/Goa,reddit.com,2024-03-10,Be Very Careful while renting a scooter in Goa- my experience,https://www.reddit.com/r/Goa/comments/1bb46iw/be_very_careful_while_renting_a_scooter_in_goa_my/,video call scam,Digital Arrest Scam,Video Call Coercion,THIRD-PARTY,NARSS-01087.txt,State: Goa | Author: u/keanureeves112 | Score: 1 | Reddit ID: 1bb46iw
zu2lrn,NARSS-01088,2026-04-10,SOUBHIK SARKAR,Reddit r/Goa,reddit.com,2022-12-24,ITAP a picture of someone phishing the fishes,https://www.reddit.com/r/Goa/comments/zu2lrn/itap_a_picture_of_someone_phishing_the_fishes/,phishing,"Phishing, Vishing, and Smishing",Phishing,THIRD-PARTY,NARSS-01088.txt,State: Goa | Author: u/NitishMaheshwari | Score: 1 | Reddit ID: zu2lrn
1f9etem,NARSS-01089,2026-04-10,SOUBHIK SARKAR,Reddit r/Goa,reddit.com,2024-09-05,Goa electricity website redirecting to a fake 42 bet site,https://www.reddit.com/r/Goa/comments/1f9etem/goa_electricity_website_redirecting_to_a_fake_42/,fake website,"Phishing, Vishing, and Smishing",Phishing,THIRD-PARTY,NARSS-01089.txt,State: Goa | Author: u/NapsterX94 | Score: 1 | Reddit ID: 1f9etem
1cckcd0,NARSS-01090,2026-04-10,SOUBHIK SARKAR,Reddit r/Goa,reddit.com,2024-04-25,Which telecom network service ha sthe best coverage in Goa?,https://www.reddit.com/r/Goa/comments/1cckcd0/which_telecom_network_service_ha_sthe_best/,fraud call,"Phishing, Vishing, and Smishing",Vishing,THIRD-PARTY,NARSS-01090.txt,State: Goa | Author: u/Holiday-End8325 | Score: 1 | Reddit ID: 1cckcd0
1bg0pu7,NARSS-01091,2026-04-10,SOUBHIK SARKAR,Reddit r/Goa,reddit.com,2024-03-16,Fraud,https://www.reddit.com/r/Goa/comments/1bg0pu7/fraud/,fraud call,"Phishing, Vishing, and Smishing",Vishing,NEAR-MISS,NARSS-01091.txt,State: Goa | Author: u/DueTomorrow3042 | Score: 1 | Reddit ID: 1bg0pu7
190u0mg,NARSS-01092,2026-04-10,SOUBHIK SARKAR,Reddit r/Goa,reddit.com,2024-01-07,"Funded prop traders - ACG, 5ers, SPT etc etc",https://www.reddit.com/r/Goa/comments/190u0mg/funded_prop_traders_acg_5ers_spt_etc_etc/,investment scam,Investment and Trading Fraud,Investment Scam,THIRD-PARTY,NARSS-01092.txt,State: Goa | Author: u/armadildoOoO | Score: 1 | Reddit ID: 190u0mg
17qktcs,NARSS-01093,2026-04-10,SOUBHIK SARKAR,Reddit r/Goa,reddit.com,2023-11-08,Garage to garage,https://www.reddit.com/r/Goa/comments/17qktcs/garage_to_garage/,work from home scam,Investment and Trading Fraud,Task Scam,NEAR-MISS,NARSS-01093.txt,State: Goa | Author: u/6h00 | Score: 2 | Reddit ID: 17qktcs
15vbmeg,NARSS-01094,2026-04-10,SOUBHIK SARKAR,Reddit r/Goa,reddit.com,2023-08-19,Rs 37-Crore Asset Of Goa Miner's Son Seized In 'Pandora Papers' Probe,https://www.reddit.com/r/Goa/comments/15vbmeg/rs_37crore_asset_of_goa_miners_son_seized_in/,data leak,Identity Theft and Data Breach,Data Breach,THIRD-PARTY,NARSS-01094.txt,State: Goa | Author: u/joxivop732 | Score: 23 | Reddit ID: 15vbmeg
1hi03xb,NARSS-01095,2026-04-10,SOUBHIK SARKAR,Reddit r/Goa,reddit.com,2024-12-20,Social media can’t malign state’s image: Khaunte | Goa News - Times of India,https://www.reddit.com/r/Goa/comments/1hi03xb/social_media_cant_malign_states_image_khaunte_goa/,manipulation scam,Social Engineering and Romance/Sextortion,Social Engineering,THIRD-PARTY,NARSS-01095.txt,State: Goa | Author: u/deepmad625 | Score: 9 | Reddit ID: 1hi03xb
1hse3og,NARSS-01096,2026-04-10,SOUBHIK SARKAR,Reddit r/Goa,reddit.com,2025-01-03,"All body massages in Goa are scam ? As My airbnb room care taker ask me to take body massage, should I trust him ? ",https://www.reddit.com/r/Goa/comments/1hse3og/all_body_massages_in_goa_are_scam_as_my_airbnb/,trust scam,Social Engineering and Romance/Sextortion,Social Engineering,THIRD-PARTY,NARSS-01096.txt,State: Goa | Author: u/Independent-Moment85 | Score: 0 | Reddit ID: 1hse3og
16flgkn,NARSS-01097,2026-04-10,SOUBHIK SARKAR,Reddit r/Goa,reddit.com,2023-09-11,Does anyone have a trustworthy MacBook repair guy?,https://www.reddit.com/r/Goa/comments/16flgkn/does_anyone_have_a_trustworthy_macbook_repair_guy/,trust scam,Social Engineering and Romance/Sextortion,Social Engineering,THIRD-PARTY,NARSS-01097.txt,State: Goa | Author: u/yLieMaan | Score: 1 | Reddit ID: 16flgkn
1dh81su,NARSS-01098,2026-04-10,SOUBHIK SARKAR,Reddit r/Goa,reddit.com,2024-06-16,Exposing A Scam of Water Sports Activity in Baga Beach ,https://www.reddit.com/r/Goa/comments/1dh81su/exposing_a_scam_of_water_sports_activity_in_baga/,refund scam,E-Commerce and Delivery Fraud,E-Commerce Fraud,THIRD-PARTY,NARSS-01098.txt,State: Goa | Author: u/Prasanth_69 | Score: 1 | Reddit ID: 1dh81su
15efyuf,NARSS-01099,2026-04-10,SOUBHIK SARKAR,Reddit r/Goa,reddit.com,2023-07-31,SPA SCAM IN GOA,https://www.reddit.com/r/Goa/comments/15efyuf/spa_scam_in_goa/,refund scam,E-Commerce and Delivery Fraud,E-Commerce Fraud,THIRD-PARTY,NARSS-01099.txt,State: Goa | Author: u/Ranveer2410 | Score: 37 | Reddit ID: 15efyuf
1g67zla,NARSS-01100,2026-04-10,SOUBHIK SARKAR,Reddit r/Goa,reddit.com,2024-10-18,Online Safety Alert: Harassment Incident in Group Chat,https://www.reddit.com/r/Goa/comments/1g67zla/online_safety_alert_harassment_incident_in_group/,online harassment,Emerging and Miscellaneous Fraud Types,Cyber Stalking,THIRD-PARTY,NARSS-01100.txt,State: Goa | Author: u/cherryblossomcherie | Score: 1 | Reddit ID: 1g67zla
1iux0pp,NARSS-01101,2026-04-10,SOUBHIK SARKAR,Reddit r/Gujarat,reddit.com,2025-02-21,CCTV Footages of female patients being examined by Gynaec Doctors in Rajkot ; sold for 999 - 1500 Rs. On Telegram. Case under investigation by Cyber crime team.,https://www.reddit.com/r/gujarat/comments/1iux0pp/cctv_footages_of_female_patients_being_examined/,cyber crime,General Cybercrime / Cyber Fraud Terms,General Cybercrime,THIRD-PARTY,NARSS-01101.txt,State: Gujarat | Author: u/AD_7992 | Score: 1 | Reddit ID: 1iux0pp
14q2chq,NARSS-01102,2026-04-10,SOUBHIK SARKAR,Reddit r/Gujarat,reddit.com,2023-07-04,Cyber crime: Gujarat in the list :(,https://www.reddit.com/r/gujarat/comments/14q2chq/cyber_crime_gujarat_in_the_list/,cyber crime,General Cybercrime / Cyber Fraud Terms,General Cybercrime,THIRD-PARTY,NARSS-01102.txt,State: Gujarat | Author: u/toughlifehuh | Score: 20 | Reddit ID: 14q2chq
1k2qwnh,NARSS-01103,2026-04-10,SOUBHIK SARKAR,Reddit r/Gujarat,reddit.com,2025-04-19,Need Urgent Help - APK Scam!!!,https://www.reddit.com/r/gujarat/comments/1k2qwnh/need_urgent_help_apk_scam/,cybercrime,General Cybercrime / Cyber Fraud Terms,General Cybercrime,NEAR-MISS,NARSS-01103.txt,State: Gujarat | Author: u/Maleficent-Role9800 | Score: 1 | Reddit ID: 1k2qwnh
1k6pgo7,NARSS-01104,2026-04-10,SOUBHIK SARKAR,Reddit r/Gujarat,reddit.com,2025-04-24,Scammers Misusing Gujarat-Based Business Visuals – Please Be Cautious,https://www.reddit.com/r/gujarat/comments/1k6pgo7/scammers_misusing_gujaratbased_business_visuals/,online scam,General Cybercrime / Cyber Fraud Terms,Cyber Scam,NEAR-MISS,NARSS-01104.txt,State: Gujarat | Author: u/BreakingOnReddit | Score: 5 | Reddit ID: 1k6pgo7
1hsn7ng,NARSS-01105,2026-04-10,SOUBHIK SARKAR,Reddit r/Gujarat,reddit.com,2025-01-03,Online Financial Scam Via GPay,https://www.reddit.com/r/gujarat/comments/1hsn7ng/online_financial_scam_via_gpay/,online scam,General Cybercrime / Cyber Fraud Terms,Cyber Scam,THIRD-PARTY,NARSS-01105.txt,State: Gujarat | Author: u/Maleficent-Sir-6925 | Score: 1 | Reddit ID: 1hsn7ng
1f2fcws,NARSS-01106,2026-04-10,SOUBHIK SARKAR,Reddit r/Gujarat,reddit.com,2024-08-27,New Scam ? Cash on delivery ,https://www.reddit.com/r/gujarat/comments/1f2fcws/new_scam_cash_on_delivery/,internet scam,General Cybercrime / Cyber Fraud Terms,Cyber Scam,THIRD-PARTY,NARSS-01106.txt,State: Gujarat | Author: u/vatsy08 | Score: 1 | Reddit ID: 1f2fcws
1im3ulw,NARSS-01107,2026-04-10,SOUBHIK SARKAR,Reddit r/Gujarat,reddit.com,2025-02-10,Job offer truth,https://www.reddit.com/r/gujarat/comments/1im3ulw/job_offer_truth/,e-wallet scam,UPI and Digital Payment Fraud,Mobile Wallet Fraud,THIRD-PARTY,NARSS-01107.txt,State: Gujarat | Author: u/ScientistPlastic586 | Score: 0 | Reddit ID: 1im3ulw
195owr0,NARSS-01108,2026-04-10,SOUBHIK SARKAR,Reddit r/Gujarat,reddit.com,2024-01-13,Taxi booking scam,https://www.reddit.com/r/gujarat/comments/195owr0/taxi_booking_scam/,OTP scam,OTP and Authentication Fraud,OTP Fraud,NEAR-MISS,NARSS-01108.txt,State: Gujarat | Author: u/EnvironmentalStop412 | Score: 1 | Reddit ID: 195owr0
1i2kwhu,NARSS-01109,2026-04-10,SOUBHIK SARKAR,Reddit r/Gujarat,reddit.com,2025-01-16,Abandoned by the Banks: Exposing India’s KYC Failures and Identity Fraud Crisis (HDFC leading the path),https://www.reddit.com/r/gujarat/comments/1i2kwhu/abandoned_by_the_banks_exposing_indias_kyc/,KYC fraud,OTP and Authentication Fraud,KYC Fraud,THIRD-PARTY,NARSS-01109.txt,State: Gujarat | Author: u/checknmater | Score: 1 | Reddit ID: 1i2kwhu
1h2gekr,NARSS-01110,2026-04-10,SOUBHIK SARKAR,Reddit r/Gujarat,reddit.com,2024-11-29,Four private bank staff held for helping digital arrest fraudsters,https://www.reddit.com/r/gujarat/comments/1h2gekr/four_private_bank_staff_held_for_helping_digital/,digital arrest,Digital Arrest Scam,Digital Arrest,THIRD-PARTY,NARSS-01110.txt,State: Gujarat | Author: u/indiaweekly | Score: 1 | Reddit ID: 1h2gekr
1hpowok,NARSS-01111,2026-04-10,SOUBHIK SARKAR,Reddit r/Gujarat,reddit.com,2024-12-30,Somanth Mandir Fake Website Alert ⚠️ ,https://www.reddit.com/r/gujarat/comments/1hpowok/somanth_mandir_fake_website_alert/,fake website,"Phishing, Vishing, and Smishing",Phishing,THIRD-PARTY,NARSS-01111.txt,State: Gujarat | Author: u/Leading-Reward-9742 | Score: 1 | Reddit ID: 1hpowok
1hpo0ow,NARSS-01112,2026-04-10,SOUBHIK SARKAR,Reddit r/Gujarat,reddit.com,2024-12-30,"⚠️⚠️Fake Website Alert ⚠️⚠️⚠️ Somnathi.org is fake website that is scamming people trying to book room, Pooja etc on somnath.org",https://www.reddit.com/r/gujarat/comments/1hpo0ow/fake_website_alert_somnathiorg_is_fake_website/,fake website,"Phishing, Vishing, and Smishing",Phishing,THIRD-PARTY,NARSS-01112.txt,State: Gujarat | Author: u/[deleted] | Score: 1 | Reddit ID: 1hpo0ow
1jtpicb,NARSS-01113,2026-04-10,SOUBHIK SARKAR,Reddit r/Gujarat,reddit.com,2025-04-07,"The company that is scamm!ng the customers, Jaipur Golden Transport.",https://www.reddit.com/r/gujarat/comments/1jtpicb/the_company_that_is_scammng_the_customers_jaipur/,data leak,Identity Theft and Data Breach,Data Breach,THIRD-PARTY,NARSS-01113.txt,State: Gujarat | Author: u/This-Inspection-69 | Score: 1 | Reddit ID: 1jtpicb
1cvmm1t,NARSS-01114,2026-04-10,SOUBHIK SARKAR,Reddit r/Gujarat,reddit.com,2024-05-19,Beware of India First Insurance Agents !,https://www.reddit.com/r/gujarat/comments/1cvmm1t/beware_of_india_first_insurance_agents/,trust scam,Social Engineering and Romance/Sextortion,Social Engineering,VICTIM,NARSS-01114.txt,State: Gujarat | Author: u/CurIns9211 | Score: 1 | Reddit ID: 1cvmm1t
1dp7bve,NARSS-01115,2026-04-10,SOUBHIK SARKAR,Reddit r/Gujarat,reddit.com,2024-06-27,Online harassment!,https://www.reddit.com/r/gujarat/comments/1dp7bve/online_harassment/,online harassment,Emerging and Miscellaneous Fraud Types,Cyber Stalking,THIRD-PARTY,NARSS-01115.txt,State: Gujarat | Author: u/Alooyew | Score: 1 | Reddit ID: 1dp7bve
1jec5kz,NARSS-01116,2026-04-10,SOUBHIK SARKAR,Reddit r/Haryana,reddit.com,2025-03-19,Hey does someone works for sbi in haryana?,https://www.reddit.com/r/Haryana/comments/1jec5kz/hey_does_someone_works_for_sbi_in_haryana/,cyber crime,General Cybercrime / Cyber Fraud Terms,General Cybercrime,THIRD-PARTY,NARSS-01116.txt,State: Haryana | Author: u/Unable_Resource2874 | Score: 1 | Reddit ID: 1jec5kz
1ccsrvt,NARSS-01117,2026-04-10,SOUBHIK SARKAR,Reddit r/Haryana,reddit.com,2024-04-25,Cyber police officer in Sirsa victim blaming and harassing me ,https://www.reddit.com/r/Haryana/comments/1ccsrvt/cyber_police_officer_in_sirsa_victim_blaming_and/,cyber fraud,General Cybercrime / Cyber Fraud Terms,General Cybercrime,VICTIM,NARSS-01117.txt,State: Haryana | Author: u/Murphyslaw2024 | Score: 31 | Reddit ID: 1ccsrvt
1f3uy3z,NARSS-01118,2026-04-10,SOUBHIK SARKAR,Reddit r/Haryana,reddit.com,2024-08-29,Rajat Dalal a menace to the society. ,https://www.reddit.com/r/Haryana/comments/1f3uy3z/rajat_dalal_a_menace_to_the_society/,online fraud,General Cybercrime / Cyber Fraud Terms,General Cybercrime,THIRD-PARTY,NARSS-01118.txt,State: Haryana | Author: u/Full-Media1432 | Score: 1 | Reddit ID: 1f3uy3z
1f3usen,NARSS-01119,2026-04-10,SOUBHIK SARKAR,Reddit r/Haryana,reddit.com,2024-08-29,Rajat Dalal a menace to the society. ,https://www.reddit.com/r/Haryana/comments/1f3usen/rajat_dalal_a_menace_to_the_society/,online fraud,General Cybercrime / Cyber Fraud Terms,General Cybercrime,THIRD-PARTY,NARSS-01119.txt,State: Haryana | Author: u/Full-Media1432 | Score: 1 | Reddit ID: 1f3usen
1f3mddj,NARSS-01120,2026-04-10,SOUBHIK SARKAR,Reddit r/Haryana,reddit.com,2024-08-29,Rajat Dalal bigger or the law of the land??,https://www.reddit.com/r/Haryana/comments/1f3mddj/rajat_dalal_bigger_or_the_law_of_the_land/,online fraud,General Cybercrime / Cyber Fraud Terms,General Cybercrime,THIRD-PARTY,NARSS-01120.txt,State: Haryana | Author: u/Full-Media1432 | Score: 1 | Reddit ID: 1f3mddj
1hkqys9,NARSS-01121,2026-04-10,SOUBHIK SARKAR,Reddit r/Haryana,reddit.com,2024-12-23,"This is not about HARYANA but the whole INDIA , please take out time and read ",https://www.reddit.com/r/Haryana/comments/1hkqys9/this_is_not_about_haryana_but_the_whole_india/,internet fraud,General Cybercrime / Cyber Fraud Terms,General Cybercrime,THIRD-PARTY,NARSS-01121.txt,State: Haryana | Author: u/PuzzleheadedLeek7366 | Score: 50 | Reddit ID: 1hkqys9
1eah5cm,NARSS-01122,2026-04-10,SOUBHIK SARKAR,Reddit r/Haryana,reddit.com,2024-07-24,How my University gave me PTSD &amp; Hameorrhoids!!,https://www.reddit.com/r/Haryana/comments/1eah5cm/how_my_university_gave_me_ptsd_hameorrhoids/,online cheating,General Cybercrime / Cyber Fraud Terms,Cyber Scam,THIRD-PARTY,NARSS-01122.txt,State: Haryana | Author: u/Parking_Tap6355 | Score: 12 | Reddit ID: 1eah5cm
1icnods,NARSS-01123,2026-04-10,SOUBHIK SARKAR,Reddit r/Haryana,reddit.com,2025-01-29,Toll plaza scam kar rhe h ?,https://www.reddit.com/r/Haryana/comments/1icnods/toll_plaza_scam_kar_rhe_h/,KYC scam,OTP and Authentication Fraud,KYC Fraud,THIRD-PARTY,NARSS-01123.txt,State: Haryana | Author: u/yogi_gurjar7 | Score: 1 | Reddit ID: 1icnods
1bidwtd,NARSS-01124,2026-04-10,SOUBHIK SARKAR,Reddit r/Haryana,reddit.com,2024-03-19,"""Rajat Dalal Neutralised: A Fall from Grace""",https://www.reddit.com/r/Haryana/comments/1bidwtd/rajat_dalal_neutralised_a_fall_from_grace/,digital arrest,Digital Arrest Scam,Digital Arrest,THIRD-PARTY,NARSS-01124.txt,State: Haryana | Author: u/Born_Experience_862 | Score: 1 | Reddit ID: 1bidwtd
1kbbplx,NARSS-01125,2026-04-10,SOUBHIK SARKAR,Reddit r/Haryana,reddit.com,2025-04-30,"After Police Arrest a Suspect for Murder, Mosque Calls on Muslims to Gather and 'Show It to the Kaffirs' in Jhalawar [Verified video]",https://www.reddit.com/r/Haryana/comments/1kbbplx/after_police_arrest_a_suspect_for_murder_mosque/,video call arrest,Digital Arrest Scam,Digital Arrest,THIRD-PARTY,NARSS-01125.txt,State: Haryana | Author: u/yogi_gurjar7 | Score: 4 | Reddit ID: 1kbbplx
1f71vq6,NARSS-01126,2026-04-10,SOUBHIK SARKAR,Reddit r/Haryana,reddit.com,2024-09-02,What do you guys think? ,https://www.reddit.com/r/Haryana/comments/1f71vq6/what_do_you_guys_think/,video call arrest,Digital Arrest Scam,Digital Arrest,THIRD-PARTY,NARSS-01126.txt,State: Haryana | Author: u/Immediate_Street_338 | Score: 1 | Reddit ID: 1f71vq6
1ejzro0,NARSS-01127,2026-04-10,SOUBHIK SARKAR,Reddit r/Haryana,reddit.com,2024-08-04,This is what happens when you bring glory to this country—you receive rape threats. It's no wonder average women in this country are not safe if even Olympic-winning shooters and athletes have to endure this. Hope people and police will take necessary action.,https://www.reddit.com/r/Haryana/comments/1ejzro0/this_is_what_happens_when_you_bring_glory_to_this/,video call arrest,Digital Arrest Scam,Digital Arrest,THIRD-PARTY,NARSS-01127.txt,State: Haryana | Author: u/Prison-Mike-123 | Score: 1 | Reddit ID: 1ejzro0
1ejzk21,NARSS-01128,2026-04-10,SOUBHIK SARKAR,Reddit r/Haryana,reddit.com,2024-08-04,"This is what you get for bringing glory to this country; you get rape threats. Such vile things can be expected only in a country where sexual harassment accused are glorified, particularly for doing sexual harassment allegedly. Hope people of this nation and police gets scums arrested.",https://www.reddit.com/r/Haryana/comments/1ejzk21/this_is_what_you_get_for_bringing_glory_to_this/,video call arrest,Digital Arrest Scam,Digital Arrest,THIRD-PARTY,NARSS-01128.txt,State: Haryana | Author: u/Prison-Mike-123 | Score: 1 | Reddit ID: 1ejzk21
1cazbks,NARSS-01129,2026-04-10,SOUBHIK SARKAR,Reddit r/Haryana,reddit.com,2024-04-23,Rant about my aunt (bua).,https://www.reddit.com/r/Haryana/comments/1cazbks/rant_about_my_aunt_bua/,customs fraud call,Digital Arrest Scam,Impersonation Scam,THIRD-PARTY,NARSS-01129.txt,State: Haryana | Author: u/Downtown_Hunter_4737 | Score: 1 | Reddit ID: 1cazbks
p6efnb,NARSS-01130,2026-04-10,SOUBHIK SARKAR,Reddit r/Haryana,reddit.com,2021-08-18,Email Phishing Attack to Hack username/password.,https://www.reddit.com/r/Haryana/comments/p6efnb/email_phishing_attack_to_hack_usernamepassword/,phishing,"Phishing, Vishing, and Smishing",Phishing,THIRD-PARTY,NARSS-01130.txt,State: Haryana | Author: u/jatak007 | Score: 2 | Reddit ID: p6efnb
1bz1f9r,NARSS-01131,2026-04-10,SOUBHIK SARKAR,Reddit r/Haryana,reddit.com,2024-04-08,I paid for someone's actions ,https://www.reddit.com/r/Haryana/comments/1bz1f9r/i_paid_for_someones_actions/,fraud call,"Phishing, Vishing, and Smishing",Vishing,THIRD-PARTY,NARSS-01131.txt,State: Haryana | Author: u/Impressive_Grab4695 | Score: 1 | Reddit ID: 1bz1f9r
1ijnox1,NARSS-01132,2026-04-10,SOUBHIK SARKAR,Reddit r/Haryana,reddit.com,2025-02-07,"Online Sextortion On Rise After Lockdown, Dehumanises &amp; Feeds On Victim's Shame: P&amp;H HC Rejects Bail To Woman Accused Of Blackmail",https://www.reddit.com/r/Haryana/comments/1ijnox1/online_sextortion_on_rise_after_lockdown/,sextortion,Social Engineering and Romance/Sextortion,Sextortion,THIRD-PARTY,NARSS-01132.txt,State: Haryana | Author: u/OrchidAltruistic8982 | Score: 1 | Reddit ID: 1ijnox1
17wiys7,NARSS-01133,2026-04-10,SOUBHIK SARKAR,Reddit r/Haryana,reddit.com,2023-11-16,"Consumer court orders Tata Cliq, Apple to pay refund plus ₹45k for sending damaged iPhone to buyer - Bar and Bench",https://www.reddit.com/r/Haryana/comments/17wiys7/consumer_court_orders_tata_cliq_apple_to_pay/,online harassment,Emerging and Miscellaneous Fraud Types,Cyber Stalking,THIRD-PARTY,NARSS-01133.txt,State: Haryana | Author: u/Voxyacomplaintforum | Score: 1 | Reddit ID: 17wiys7
1jzno6w,NARSS-01134,2026-04-10,SOUBHIK SARKAR,Reddit r/HimachalPradesh,reddit.com,2025-04-15,"Addressing Drug Abuse: Policy, Helplines, and Resources in Himachal Pradesh",https://www.reddit.com/r/HimachalPradesh/comments/1jzno6w/addressing_drug_abuse_policy_helplines_and/,cyber crime,General Cybercrime / Cyber Fraud Terms,General Cybercrime,THIRD-PARTY,NARSS-01134.txt,State: Himachal Pradesh | Author: u/Lowcrbnaman | Score: 13 | Reddit ID: 1jzno6w
1jznlry,NARSS-01135,2026-04-10,SOUBHIK SARKAR,Reddit r/HimachalPradesh,reddit.com,2025-04-15,"Addressing Drug Abuse: Policy, Helplines, and Resources in Himachal Pradesh",https://www.reddit.com/r/HimachalPradesh/comments/1jznlry/addressing_drug_abuse_policy_helplines_and/,cyber crime,General Cybercrime / Cyber Fraud Terms,General Cybercrime,THIRD-PARTY,NARSS-01135.txt,State: Himachal Pradesh | Author: u/Lowcrbnaman | Score: 1 | Reddit ID: 1jznlry
1f3nwmq,NARSS-01136,2026-04-10,SOUBHIK SARKAR,Reddit r/HimachalPradesh,reddit.com,2024-08-29,Rajat Dalal bigger or law of the land??,https://www.reddit.com/r/HimachalPradesh/comments/1f3nwmq/rajat_dalal_bigger_or_law_of_the_land/,online fraud,General Cybercrime / Cyber Fraud Terms,General Cybercrime,THIRD-PARTY,NARSS-01136.txt,State: Himachal Pradesh | Author: u/Full-Media1432 | Score: 1 | Reddit ID: 1f3nwmq
1f3nvs1,NARSS-01137,2026-04-10,SOUBHIK SARKAR,Reddit r/HimachalPradesh,reddit.com,2024-08-29,Rajat Dalal bigger or law of the land??,https://www.reddit.com/r/HimachalPradesh/comments/1f3nvs1/rajat_dalal_bigger_or_law_of_the_land/,online fraud,General Cybercrime / Cyber Fraud Terms,General Cybercrime,THIRD-PARTY,NARSS-01137.txt,State: Himachal Pradesh | Author: u/Full-Media1432 | Score: 1 | Reddit ID: 1f3nvs1
1caect0,NARSS-01138,2026-04-10,SOUBHIK SARKAR,Reddit r/HimachalPradesh,reddit.com,2024-04-22,Please help me plan my Workcation for 20 days (Starting point: McLeod Ganj),https://www.reddit.com/r/HimachalPradesh/comments/1caect0/please_help_me_plan_my_workcation_for_20_days/,internet scam,General Cybercrime / Cyber Fraud Terms,Cyber Scam,THIRD-PARTY,NARSS-01138.txt,State: Himachal Pradesh | Author: u/PalpitationOk8657 | Score: 1 | Reddit ID: 1caect0
1jr9a4y,NARSS-01139,2026-04-10,SOUBHIK SARKAR,Reddit r/HimachalPradesh,reddit.com,2025-04-04,Dream Square holidays suspecting to be a scam,https://www.reddit.com/r/HimachalPradesh/comments/1jr9a4y/dream_square_holidays_suspecting_to_be_a_scam/,e-wallet scam,UPI and Digital Payment Fraud,Mobile Wallet Fraud,NEAR-MISS,NARSS-01139.txt,State: Himachal Pradesh | Author: u/One-Tourist-24 | Score: 1 | Reddit ID: 1jr9a4y
18ltmz3,NARSS-01140,2026-04-10,SOUBHIK SARKAR,Reddit r/HimachalPradesh,reddit.com,2023-12-19,Jeevansathi Shimla Man scam!!!,https://www.reddit.com/r/HimachalPradesh/comments/18ltmz3/jeevansathi_shimla_man_scam/,video call scam,Digital Arrest Scam,Video Call Coercion,NEAR-MISS,NARSS-01140.txt,State: Himachal Pradesh | Author: u/Khushiisingh | Score: 1 | Reddit ID: 18ltmz3
167ziqu,NARSS-01141,2026-04-10,SOUBHIK SARKAR,Reddit r/HimachalPradesh,reddit.com,2023-09-02,"Fraud Call : धोक्याची घंटा, मध्यरात्री अनोळखी तरुणीचा व्हिडिओ कॉल आला,आणि तिच्याशी बोलाल तर लुटून जाईल. - Marathi Times24",https://www.reddit.com/r/HimachalPradesh/comments/167ziqu/fraud_call_धकयच_घट_मधयरतर_अनळख_तरणच_वहडओ_कल_आलआण/,fraud call,"Phishing, Vishing, and Smishing",Vishing,THIRD-PARTY,NARSS-01141.txt,State: Himachal Pradesh | Author: u/Crazy-Singer2272 | Score: 1 | Reddit ID: 167ziqu
14qftp5,NARSS-01142,2026-04-10,SOUBHIK SARKAR,Reddit r/HimachalPradesh,reddit.com,2023-07-04,Report this YouTube video,https://www.reddit.com/r/HimachalPradesh/comments/14qftp5/report_this_youtube_video/,fraud call,"Phishing, Vishing, and Smishing",Vishing,THIRD-PARTY,NARSS-01142.txt,State: Himachal Pradesh | Author: u/No_Divide_7543 | Score: 1 | Reddit ID: 14qftp5
14qfplc,NARSS-01143,2026-04-10,SOUBHIK SARKAR,Reddit r/HimachalPradesh,reddit.com,2023-07-04,Report this video spreading misinformation,https://www.reddit.com/r/HimachalPradesh/comments/14qfplc/report_this_video_spreading_misinformation/,fraud call,"Phishing, Vishing, and Smishing",Vishing,THIRD-PARTY,NARSS-01143.txt,State: Himachal Pradesh | Author: u/No_Divide_7543 | Score: 1 | Reddit ID: 14qfplc
1f0w59u,NARSS-01144,2026-04-10,SOUBHIK SARKAR,Reddit r/HimachalPradesh,reddit.com,2024-08-25,Property scam going on in himachal ?,https://www.reddit.com/r/HimachalPradesh/comments/1f0w59u/property_scam_going_on_in_himachal/,investment scam,Investment and Trading Fraud,Investment Scam,NEAR-MISS,NARSS-01144.txt,State: Himachal Pradesh | Author: u/Fit-Cod-7923 | Score: 1 | Reddit ID: 1f0w59u
1d0wl16,NARSS-01145,2026-04-10,SOUBHIK SARKAR,Reddit r/HimachalPradesh,reddit.com,2024-05-26,Help,https://www.reddit.com/r/HimachalPradesh/comments/1d0wl16/help/,part time job scam,Investment and Trading Fraud,Task Scam,THIRD-PARTY,NARSS-01145.txt,State: Himachal Pradesh | Author: u/Signal_Treat_8358 | Score: 1 | Reddit ID: 1d0wl16
1csiyp8,NARSS-01146,2026-04-10,SOUBHIK SARKAR,Reddit r/HimachalPradesh,reddit.com,2024-05-15,Please ,https://www.reddit.com/r/HimachalPradesh/comments/1csiyp8/please/,part time job scam,Investment and Trading Fraud,Task Scam,THIRD-PARTY,NARSS-01146.txt,State: Himachal Pradesh | Author: u/Left_Tip_7116 | Score: 1 | Reddit ID: 1csiyp8
xhdhia,NARSS-01147,2026-04-10,SOUBHIK SARKAR,Reddit r/HimachalPradesh,reddit.com,2022-09-18,Electricity Board Bill not paid scam,https://www.reddit.com/r/HimachalPradesh/comments/xhdhia/electricity_board_bill_not_paid_scam/,electricity bill scam,Emerging and Miscellaneous Fraud Types,Utility Scam,THIRD-PARTY,NARSS-01147.txt,State: Himachal Pradesh | Author: u/m0rtalReminder | Score: 9 | Reddit ID: xhdhia
1k4xuo9,NARSS-01148,2026-04-10,SOUBHIK SARKAR,Reddit r/HimachalPradesh,reddit.com,2025-04-22,What’s with the sl#t shaming of Himachali girls in Chandigarh? A genuine question.,https://www.reddit.com/r/HimachalPradesh/comments/1k4xuo9/whats_with_the_slt_shaming_of_himachali_girls_in/,online harassment,Emerging and Miscellaneous Fraud Types,Cyber Stalking,THIRD-PARTY,NARSS-01148.txt,State: Himachal Pradesh | Author: u/shi-kari | Score: 1 | Reddit ID: 1k4xuo9
1jvq7dq,NARSS-01149,2026-04-10,SOUBHIK SARKAR,Reddit r/JammuandKashmir,reddit.com,2025-04-10,A comprehensive guide to reporting anti-national activities on separatist subreddits to cyber crime cell under Ministry of Home Affairs.,https://www.reddit.com/r/JammuandKashmir/comments/1jvq7dq/a_comprehensive_guide_to_reporting_antinational/,cyber crime,General Cybercrime / Cyber Fraud Terms,General Cybercrime,THIRD-PARTY,NARSS-01149.txt,State: Jammu and Kashmir | Author: u/hrisch | Score: 1 | Reddit ID: 1jvq7dq
15105ff,NARSS-01150,2026-04-10,SOUBHIK SARKAR,Reddit r/JammuandKashmir,reddit.com,2023-07-16,"Understanding Recent Trends in Violent Crime in Kashmir - JK Policy Institute | Research, Policy, Development, Governance",https://www.reddit.com/r/JammuandKashmir/comments/15105ff/understanding_recent_trends_in_violent_crime_in/,cyber crime,General Cybercrime / Cyber Fraud Terms,General Cybercrime,THIRD-PARTY,NARSS-01150.txt,State: Jammu and Kashmir | Author: u/berzerker_x | Score: 0 | Reddit ID: 15105ff
w9loz2,NARSS-01151,2026-04-10,SOUBHIK SARKAR,Reddit r/JammuandKashmir,reddit.com,2022-07-27,Beware of cybercrime everyone.,https://www.reddit.com/r/JammuandKashmir/comments/w9loz2/beware_of_cybercrime_everyone/,cybercrime,General Cybercrime / Cyber Fraud Terms,General Cybercrime,NEAR-MISS,NARSS-01151.txt,State: Jammu and Kashmir | Author: u/berzerker_x | Score: 10 | Reddit ID: w9loz2
1apj711,NARSS-01152,2026-04-10,SOUBHIK SARKAR,Reddit r/JammuandKashmir,reddit.com,2024-02-13,Farooq Abdullah has been summoned by the E.D for questioning in the JKCA scam case,https://www.reddit.com/r/JammuandKashmir/comments/1apj711/farooq_abdullah_has_been_summoned_by_the_ed_for/,e-wallet scam,UPI and Digital Payment Fraud,Mobile Wallet Fraud,THIRD-PARTY,NARSS-01152.txt,State: Jammu and Kashmir | Author: u/BengaluruNagaraBot | Score: 1 | Reddit ID: 1apj711
w0igrd,NARSS-01153,2026-04-10,SOUBHIK SARKAR,Reddit r/JammuandKashmir,reddit.com,2022-07-16,"Fake sim card racket busted in Bandipora, one arrested: Police",https://www.reddit.com/r/JammuandKashmir/comments/w0igrd/fake_sim_card_racket_busted_in_bandipora_one/,fake arrest,Digital Arrest Scam,Digital Arrest,THIRD-PARTY,NARSS-01153.txt,State: Jammu and Kashmir | Author: u/berzerker_x | Score: 8 | Reddit ID: w0igrd
ndixkg,NARSS-01154,2026-04-10,SOUBHIK SARKAR,Reddit r/JammuandKashmir,reddit.com,2021-05-16,"The plight of two victimized women, one living and one dead tell us how our “selective outrage” has become our “collective inability” to confront all forms of violence.",https://www.reddit.com/r/JammuandKashmir/comments/ndixkg/the_plight_of_two_victimized_women_one_living_and/,video call arrest,Digital Arrest Scam,Digital Arrest,THIRD-PARTY,NARSS-01154.txt,State: Jammu and Kashmir | Author: u/jkpi123 | Score: 2 | Reddit ID: ndixkg
mvat42,NARSS-01155,2026-04-10,SOUBHIK SARKAR,Reddit r/JammuandKashmir,reddit.com,2021-04-21,"The plight of two victimized women, one living and one dead, tells us how our “selective outrage” has become our “collective inability” to confront all forms of violence",https://www.reddit.com/r/JammuandKashmir/comments/mvat42/the_plight_of_two_victimized_women_one_living_and/,video call arrest,Digital Arrest Scam,Digital Arrest,THIRD-PARTY,NARSS-01155.txt,State: Jammu and Kashmir | Author: u/jkpi123 | Score: 6 | Reddit ID: mvat42
1j22w9s,NARSS-01156,2026-04-10,SOUBHIK SARKAR,Reddit r/JammuandKashmir,reddit.com,2025-03-03,Kashmiri Pandit Migration,https://www.reddit.com/r/JammuandKashmir/comments/1j22w9s/kashmiri_pandit_migration/,fake website,"Phishing, Vishing, and Smishing",Phishing,NEAR-MISS,NARSS-01156.txt,State: Jammu and Kashmir | Author: u/WesternSavagery | Score: 0 | Reddit ID: 1j22w9s
hky1kh,NARSS-01157,2026-04-10,SOUBHIK SARKAR,Reddit r/JammuandKashmir,reddit.com,2020-07-04,How Fake News Media Is Manipulating View Points Regarding Kashmiri Hindus in Jammu and Kashmir,https://www.reddit.com/r/JammuandKashmir/comments/hky1kh/how_fake_news_media_is_manipulating_view_points/,fake website,"Phishing, Vishing, and Smishing",Phishing,THIRD-PARTY,NARSS-01157.txt,State: Jammu and Kashmir | Author: u/keepitkaul | Score: 47 | Reddit ID: hky1kh
11t11cv,NARSS-01158,2026-04-10,SOUBHIK SARKAR,Reddit r/JammuandKashmir,reddit.com,2023-03-16,"On Patrick French's death, posting this long interview he did of Shakil Ahmed Bhat, popularly known online as ""Rage Boy""",https://www.reddit.com/r/JammuandKashmir/comments/11t11cv/on_patrick_frenchs_death_posting_this_long/,spoof website,"Phishing, Vishing, and Smishing",Phishing,THIRD-PARTY,NARSS-01158.txt,State: Jammu and Kashmir | Author: u/berzerker_x | Score: 2 | Reddit ID: 11t11cv
1iqshv4,NARSS-01159,2026-04-10,SOUBHIK SARKAR,Reddit r/JammuandKashmir,reddit.com,2025-02-16,'Moderate &amp; Modern' Islam: Saudi Crown Prince. Thoughts?,https://www.reddit.com/r/JammuandKashmir/comments/1iqshv4/moderate_modern_islam_saudi_crown_prince_thoughts/,fraud call,"Phishing, Vishing, and Smishing",Vishing,THIRD-PARTY,NARSS-01159.txt,State: Jammu and Kashmir | Author: u/ProfessionalAside834 | Score: 1 | Reddit ID: 1iqshv4
1k8y42r,NARSS-01160,2026-04-10,SOUBHIK SARKAR,Reddit r/JammuandKashmir,reddit.com,2025-04-27,"[Serious] Planning House Purchase in Jammu (Budget ₹1.25Cr) - Area Advice, India(Jammu)-specific process &amp; Scam Prevention Tips",https://www.reddit.com/r/JammuandKashmir/comments/1k8y42r/serious_planning_house_purchase_in_jammu_budget/,investment scam,Investment and Trading Fraud,Investment Scam,THIRD-PARTY,NARSS-01160.txt,State: Jammu and Kashmir | Author: u/SlowPop4425 | Score: 1 | Reddit ID: 1k8y42r
1jzn78v,NARSS-01161,2026-04-10,SOUBHIK SARKAR,Reddit r/JammuandKashmir,reddit.com,2025-04-15,"Guys, help needed. What should be my way forward here?",https://www.reddit.com/r/JammuandKashmir/comments/1jzn78v/guys_help_needed_what_should_be_my_way_forward/,pump and dump,Investment and Trading Fraud,Stock Market Fraud,VICTIM,NARSS-01161.txt,State: Jammu and Kashmir | Author: u/Left_Nut_Of_Doraemon | Score: 1 | Reddit ID: 1jzn78v
1ckjujl,NARSS-01162,2026-04-10,SOUBHIK SARKAR,Reddit r/JammuandKashmir,reddit.com,2024-05-05,Help,https://www.reddit.com/r/JammuandKashmir/comments/1ckjujl/help/,part time job scam,Investment and Trading Fraud,Task Scam,VICTIM,NARSS-01162.txt,State: Jammu and Kashmir | Author: u/Fearless_Ad9984 | Score: 1 | Reddit ID: 1ckjujl
1jbooox,NARSS-01163,2026-04-10,SOUBHIK SARKAR,Reddit r/JammuandKashmir,reddit.com,2025-03-15,JPDCL Charges Convenience Fee + Tax for Electricity Bill Payments – Flipkart like Scam or Standard Practice?,https://www.reddit.com/r/JammuandKashmir/comments/1jbooox/jpdcl_charges_convenience_fee_tax_for_electricity/,electricity bill scam,Emerging and Miscellaneous Fraud Types,Utility Scam,THIRD-PARTY,NARSS-01163.txt,State: Jammu and Kashmir | Author: u/Final_Ad4081 | Score: 1 | Reddit ID: 1jbooox
10cic0z,NARSS-01164,2026-04-10,SOUBHIK SARKAR,Reddit r/JammuandKashmir,reddit.com,2023-01-15,Rise of hatred in Kerala: travel blogger and family receives death threats and cyber bullying from radical Islam for visiting Ram temple in Ayodhya,https://www.reddit.com/r/JammuandKashmir/comments/10cic0z/rise_of_hatred_in_kerala_travel_blogger_and/,cyber bullying,Emerging and Miscellaneous Fraud Types,Cyber Stalking,THIRD-PARTY,NARSS-01164.txt,State: Jammu and Kashmir | Author: u/BengaluruNagaraBot | Score: 1 | Reddit ID: 10cic0z
1k9l61k,NARSS-01165,2026-04-10,SOUBHIK SARKAR,Reddit r/JammuandKashmir,reddit.com,2025-04-28,How Indians have treated Kashmiris in the last 10 days.,https://www.reddit.com/r/JammuandKashmir/comments/1k9l61k/how_indians_have_treated_kashmiris_in_the_last_10/,online harassment,Emerging and Miscellaneous Fraud Types,Cyber Stalking,NEAR-MISS,NARSS-01165.txt,State: Jammu and Kashmir | Author: u/Strict_Ad_5357 | Score: 0 | Reddit ID: 1k9l61k
nj0q8l,NARSS-01166,2026-04-10,SOUBHIK SARKAR,Reddit r/JammuandKashmir,reddit.com,2021-05-23,Women professionals in Jammu and Kashmir: Challenges and opportunities,https://www.reddit.com/r/JammuandKashmir/comments/nj0q8l/women_professionals_in_jammu_and_kashmir/,online harassment,Emerging and Miscellaneous Fraud Types,Cyber Stalking,THIRD-PARTY,NARSS-01166.txt,State: Jammu and Kashmir | Author: u/jkpi123 | Score: 7 | Reddit ID: nj0q8l
180ayay,NARSS-01167,2026-04-10,SOUBHIK SARKAR,Reddit r/Karnataka,reddit.com,2023-11-21,Cyber Crime Police Stations in Bengaluru City and Their Locations,https://www.reddit.com/r/karnataka/comments/180ayay/cyber_crime_police_stations_in_bengaluru_city_and/,cyber crime,General Cybercrime / Cyber Fraud Terms,General Cybercrime,THIRD-PARTY,NARSS-01167.txt,State: Karnataka | Author: u/Chiththarthan | Score: 1 | Reddit ID: 180ayay
1cj4gdw,NARSS-01168,2026-04-10,SOUBHIK SARKAR,Reddit r/Karnataka,reddit.com,2024-05-03,Need help to contact Karnataka Cybercrime (Mysore City),https://www.reddit.com/r/karnataka/comments/1cj4gdw/need_help_to_contact_karnataka_cybercrime_mysore/,cybercrime,General Cybercrime / Cyber Fraud Terms,General Cybercrime,THIRD-PARTY,NARSS-01168.txt,State: Karnataka | Author: u/aayush2019 | Score: 1 | Reddit ID: 1cj4gdw
1763u1h,NARSS-01169,2026-04-10,SOUBHIK SARKAR,Reddit r/Karnataka,reddit.com,2023-10-12,Sili'con' Artists: Bengaluru Sees 26% Spike in Cybercrime Cases in 1 Year | News 18,https://www.reddit.com/r/karnataka/comments/1763u1h/silicon_artists_bengaluru_sees_26_spike_in/,cybercrime,General Cybercrime / Cyber Fraud Terms,General Cybercrime,THIRD-PARTY,NARSS-01169.txt,State: Karnataka | Author: u/[deleted] | Score: 1 | Reddit ID: 1763u1h
1jmo1zz,NARSS-01170,2026-04-10,SOUBHIK SARKAR,Reddit r/Karnataka,reddit.com,2025-03-29,Elderly Karnataka Couple Dies by Suicide After Losing ₹50 Lakh to Cyber Fraud: A Tragic Case of Digital Extortion,https://www.reddit.com/r/karnataka/comments/1jmo1zz/elderly_karnataka_couple_dies_by_suicide_after/,cyber fraud,General Cybercrime / Cyber Fraud Terms,General Cybercrime,THIRD-PARTY,NARSS-01170.txt,State: Karnataka | Author: u/SquaredAndRooted | Score: 1 | Reddit ID: 1jmo1zz
11a3exq,NARSS-01171,2026-04-10,SOUBHIK SARKAR,Reddit r/Karnataka,reddit.com,2023-02-23,People in Karnataka lost over ₹363 crore to cyber frauds in 2022,https://www.reddit.com/r/karnataka/comments/11a3exq/people_in_karnataka_lost_over_363_crore_to_cyber/,cyber fraud,General Cybercrime / Cyber Fraud Terms,General Cybercrime,THIRD-PARTY,NARSS-01171.txt,State: Karnataka | Author: u/darkshadow609 | Score: 7 | Reddit ID: 11a3exq
1aegv8s,NARSS-01172,2026-04-10,SOUBHIK SARKAR,Reddit r/Karnataka,reddit.com,2024-01-30,Is University of Mysore Online Degree programme legitimate or did I fall for a scam?,https://www.reddit.com/r/karnataka/comments/1aegv8s/is_university_of_mysore_online_degree_programme/,online scam,General Cybercrime / Cyber Fraud Terms,Cyber Scam,THIRD-PARTY,NARSS-01172.txt,State: Karnataka | Author: u/[deleted] | Score: 2 | Reddit ID: 1aegv8s
1e0pghz,NARSS-01173,2026-04-10,SOUBHIK SARKAR,Reddit r/Karnataka,reddit.com,2024-07-11,How to take legal action against an education services provider (UTTARIKA) based in Bengaluru?,https://www.reddit.com/r/karnataka/comments/1e0pghz/how_to_take_legal_action_against_an_education/,online cheating,General Cybercrime / Cyber Fraud Terms,Cyber Scam,THIRD-PARTY,NARSS-01173.txt,State: Karnataka | Author: u/Curious_Cactus_ | Score: 16 | Reddit ID: 1e0pghz
1cn1o9a,NARSS-01174,2026-04-10,SOUBHIK SARKAR,Reddit r/Karnataka,reddit.com,2024-05-08,A short survey about E-bike rentals - spare 2 minutes and get up to 2 days worth rental service for FREE! (promise it's not a scam),https://www.reddit.com/r/karnataka/comments/1cn1o9a/a_short_survey_about_ebike_rentals_spare_2/,e-wallet scam,UPI and Digital Payment Fraud,Mobile Wallet Fraud,THIRD-PARTY,NARSS-01174.txt,State: Karnataka | Author: u/cindersmellaa | Score: 1 | Reddit ID: 1cn1o9a
1dvbcpn,NARSS-01175,2026-04-10,SOUBHIK SARKAR,Reddit r/Karnataka,reddit.com,2024-07-04,"Web series 'Farzi'-inspired fake currency racket busted in Karnataka, 6 arrested",https://www.reddit.com/r/karnataka/comments/1dvbcpn/web_series_farziinspired_fake_currency_racket/,fake arrest,Digital Arrest Scam,Digital Arrest,THIRD-PARTY,NARSS-01175.txt,State: Karnataka | Author: u/Arfaz6784 | Score: 1 | Reddit ID: 1dvbcpn
wop347,NARSS-01176,2026-04-10,SOUBHIK SARKAR,Reddit r/Karnataka,reddit.com,2022-08-15,Krantiveera Sangoli Rayanna,https://www.reddit.com/r/karnataka/comments/wop347/krantiveera_sangoli_rayanna/,fraud call,"Phishing, Vishing, and Smishing",Vishing,THIRD-PARTY,NARSS-01176.txt,State: Karnataka | Author: u/LoneWolfInCyberia | Score: 29 | Reddit ID: wop347
ipvqjs,NARSS-01177,2026-04-10,SOUBHIK SARKAR,Reddit r/Karnataka,reddit.com,2020-09-10,[SERIOUS] I was about to get honey trapped today!,https://www.reddit.com/r/karnataka/comments/ipvqjs/serious_i_was_about_to_get_honey_trapped_today/,honey trap,Social Engineering and Romance/Sextortion,Romance Scam,THIRD-PARTY,NARSS-01177.txt,State: Karnataka | Author: u/[deleted] | Score: 15 | Reddit ID: ipvqjs
19ac8bm,NARSS-01178,2026-04-10,SOUBHIK SARKAR,Reddit r/Karnataka,reddit.com,2024-01-19,Random post to defame Bengaluru,https://www.reddit.com/r/karnataka/comments/19ac8bm/random_post_to_defame_bengaluru/,fake delivery,E-Commerce and Delivery Fraud,Delivery Fraud,THIRD-PARTY,NARSS-01178.txt,State: Karnataka | Author: u/Superb_Article_8298 | Score: 1 | Reddit ID: 19ac8bm
1hxjld4,NARSS-01179,2026-04-10,SOUBHIK SARKAR,Reddit r/Karnataka,reddit.com,2025-01-10,COD Parcel Scam Be Aware Bangalore!,https://www.reddit.com/r/karnataka/comments/1hxjld4/cod_parcel_scam_be_aware_bangalore/,parcel scam,E-Commerce and Delivery Fraud,Delivery Fraud,THIRD-PARTY,NARSS-01179.txt,State: Karnataka | Author: u/Past-Inflation2979 | Score: 1 | Reddit ID: 1hxjld4
zu8ovy,NARSS-01180,2026-04-10,SOUBHIK SARKAR,Reddit r/Karnataka,reddit.com,2022-12-24,Electricity bill payment scam returns in Bengaluru,https://www.reddit.com/r/karnataka/comments/zu8ovy/electricity_bill_payment_scam_returns_in_bengaluru/,electricity bill scam,Emerging and Miscellaneous Fraud Types,Utility Scam,THIRD-PARTY,NARSS-01180.txt,State: Karnataka | Author: u/Suspicious_Introvert | Score: 9 | Reddit ID: zu8ovy
1hjz4df,NARSS-01181,2026-04-10,SOUBHIK SARKAR,Reddit r/Karnataka,reddit.com,2024-12-22,CYBER STALKING- ಸಾಮಾಜಿಕ ಜಾಲ ತಾಣಗಳ- ಬಗ್ಗೆ ಪೊಲೀಸ್ ಆಯುಕ್ತರಿಂದ ಸುರಕ್ಷತಾ ಸಲಹೆಗಳು* Cyberstalking is the use of the Internet or other electronic means to stalk or harass another by misusing information uploaded on social networking sites. Cyber awareness is a continuous process of educating employe,https://www.reddit.com/r/karnataka/comments/1hjz4df/cyber_stalking_ಸಮಜಕ_ಜಲ_ತಣಗಳ_ಬಗಗ_ಪಲಸ_ಆಯಕತರದ_ಸರಕಷತ/,cyber stalking,Emerging and Miscellaneous Fraud Types,Cyber Stalking,THIRD-PARTY,NARSS-01181.txt,State: Karnataka | Author: u/RiyaNaveenya | Score: 1 | Reddit ID: 1hjz4df
1jy8d08,NARSS-01182,2026-04-10,SOUBHIK SARKAR,Reddit r/Kerala,reddit.com,2025-04-13,സോഷ്യല്‍ മീഡിയ തട്ടിപ്പില്‍ സ്ത്രീക്ക് നഷ്ടമായത് 20 ലക്ഷം,https://www.reddit.com/r/Kerala/comments/1jy8d08/സഷയല_മഡയ_തടടപപല_സതരകക_നഷടമയത_20_ലകഷ/,cyber crime,General Cybercrime / Cyber Fraud Terms,General Cybercrime,THIRD-PARTY,NARSS-01182.txt,State: Kerala | Author: u/DioTheSuperiorWaifu | Score: 1 | Reddit ID: 1jy8d08
1jxnr8g,NARSS-01183,2026-04-10,SOUBHIK SARKAR,Reddit r/Kerala,reddit.com,2025-04-12,വ്യാജ ട്രേഡിങ് ആപ്പ്: 7.8 ലക്ഷം രൂപ തട്ടിയ പ്രതിയെ ഗുജറാത്തിലെത്തി പിടികൂടി,https://www.reddit.com/r/Kerala/comments/1jxnr8g/വയജ_ടരഡങ_ആപപ_78_ലകഷ_രപ_തടടയ_പരതയ_ഗജറതതലതത_പടകട/,cyber crime,General Cybercrime / Cyber Fraud Terms,General Cybercrime,THIRD-PARTY,NARSS-01183.txt,State: Kerala | Author: u/DioTheSuperiorWaifu | Score: 1 | Reddit ID: 1jxnr8g
1jx84uj,NARSS-01184,2026-04-10,SOUBHIK SARKAR,Reddit r/Kerala,reddit.com,2025-04-12,"സൈബർ തട്ടിപ്പ്: തിരിച്ചുപിടിച്ചത് 172 കോടി, തട്ടിപ്പുതടയാൻ സൈബര്‍ വാൾ | Cyber ​​fraud: 172 crores recovered, Cyber wall to prevent fraud",https://www.reddit.com/r/Kerala/comments/1jx84uj/സബർ_തടടപപ_തരചചപടചചത_172_കട_തടടപപതടയൻ_സബര_വൾ_cyber/,cyber crime,General Cybercrime / Cyber Fraud Terms,General Cybercrime,VICTIM,NARSS-01184.txt,State: Kerala | Author: u/DioTheSuperiorWaifu | Score: 1 | Reddit ID: 1jx84uj
1jkuhlq,NARSS-01185,2026-04-10,SOUBHIK SARKAR,Reddit r/Kerala,reddit.com,2025-03-27,Digital threat: Keralites losing Rs 85 lakh every day to cyber fraudsters,https://www.reddit.com/r/Kerala/comments/1jkuhlq/digital_threat_keralites_losing_rs_85_lakh_every/,cyber crime,General Cybercrime / Cyber Fraud Terms,General Cybercrime,THIRD-PARTY,NARSS-01185.txt,State: Kerala | Author: u/DioTheSuperiorWaifu | Score: 1 | Reddit ID: 1jkuhlq
1je3erb,NARSS-01186,2026-04-10,SOUBHIK SARKAR,Reddit r/Kerala,reddit.com,2025-03-18,Beware: money laundering using students.,https://www.reddit.com/r/Kerala/comments/1je3erb/beware_money_laundering_using_students/,cyber crime,General Cybercrime / Cyber Fraud Terms,General Cybercrime,NEAR-MISS,NARSS-01186.txt,State: Kerala | Author: u/CreditSilly4113 | Score: 1 | Reddit ID: 1je3erb
1ixkhlm,NARSS-01187,2026-04-10,SOUBHIK SARKAR,Reddit r/Kerala,reddit.com,2025-02-25,India's Cyber crime Epidemic: Kerala Police Lead the Charge Against Sophisticated Online Scams,https://www.reddit.com/r/Kerala/comments/1ixkhlm/indias_cyber_crime_epidemic_kerala_police_lead/,cyber crime,General Cybercrime / Cyber Fraud Terms,General Cybercrime,THIRD-PARTY,NARSS-01187.txt,State: Kerala | Author: u/DioTheSuperiorWaifu | Score: 1 | Reddit ID: 1ixkhlm
1is57gb,NARSS-01188,2026-04-10,SOUBHIK SARKAR,Reddit r/Kerala,reddit.com,2025-02-18,﻿Professionals in “ Kerala“  Community should have little knowledge about Cyber Crime Attack methods to prevent them been a Victim of Fund Loss,https://www.reddit.com/r/Kerala/comments/1is57gb/professionals_in_kerala_community_should_have/,cyber crime,General Cybercrime / Cyber Fraud Terms,General Cybercrime,THIRD-PARTY,NARSS-01188.txt,State: Kerala | Author: u/Christinecall25 | Score: 1 | Reddit ID: 1is57gb
1i77jg5,NARSS-01189,2026-04-10,SOUBHIK SARKAR,Reddit r/Kerala,reddit.com,2025-01-22,How to get rid of the annoying ads that come up while trying to call someone using VI or JIO sims?,https://www.reddit.com/r/Kerala/comments/1i77jg5/how_to_get_rid_of_the_annoying_ads_that_come_up/,cyber crime,General Cybercrime / Cyber Fraud Terms,General Cybercrime,NEAR-MISS,NARSS-01189.txt,State: Kerala | Author: u/EntertainerOne8866 | Score: 1 | Reddit ID: 1i77jg5
1ggeo5l,NARSS-01190,2026-04-10,SOUBHIK SARKAR,Reddit r/Kerala,reddit.com,2024-10-31,ഓൺലൈൻ തട്ടിപ്പുകൾ പെരുകുന്നു; പൊതുജനങ്ങൾക്ക് ജാഗ്രതാ നിർദേശം,https://www.reddit.com/r/Kerala/comments/1ggeo5l/ഓൺലൻ_തടടപപകൾ_പരകനന_പതജനങങൾകക_ജഗരത_നർദശ/,cyber crime,General Cybercrime / Cyber Fraud Terms,General Cybercrime,THIRD-PARTY,NARSS-01190.txt,State: Kerala | Author: u/DioTheSuperiorWaifu | Score: 1 | Reddit ID: 1ggeo5l
1ev3mcb,NARSS-01191,2026-04-10,SOUBHIK SARKAR,Reddit r/Kerala,reddit.com,2024-08-18,"Miscreants create fake Instagram account of former Kerala HC Chief Justice, seek money",https://www.reddit.com/r/Kerala/comments/1ev3mcb/miscreants_create_fake_instagram_account_of/,cyber crime,General Cybercrime / Cyber Fraud Terms,General Cybercrime,THIRD-PARTY,NARSS-01191.txt,State: Kerala | Author: u/redtopian | Score: 1 | Reddit ID: 1ev3mcb
1btu8ul,NARSS-01192,2026-04-10,SOUBHIK SARKAR,Reddit r/Kerala,reddit.com,2024-04-02,I have received call from this number is this no. Genuine ,https://www.reddit.com/r/Kerala/comments/1btu8ul/i_have_received_call_from_this_number_is_this_no/,cyber crime,General Cybercrime / Cyber Fraud Terms,General Cybercrime,THIRD-PARTY,NARSS-01192.txt,State: Kerala | Author: u/Ok_Peak_4691 | Score: 1 | Reddit ID: 1btu8ul
1awe3hi,NARSS-01193,2026-04-10,SOUBHIK SARKAR,Reddit r/Kerala,reddit.com,2024-02-21,Bank Account Is Frozen,https://www.reddit.com/r/Kerala/comments/1awe3hi/bank_account_is_frozen/,cyber crime,General Cybercrime / Cyber Fraud Terms,General Cybercrime,VICTIM,NARSS-01193.txt,State: Kerala | Author: u/KaleidoscopeOk8954 | Score: 1 | Reddit ID: 1awe3hi
18d9fzz,NARSS-01194,2026-04-10,SOUBHIK SARKAR,Reddit r/Kerala,reddit.com,2023-12-08,What's Behind the High Crime Rates in Kollam District?,https://www.reddit.com/r/Kerala/comments/18d9fzz/whats_behind_the_high_crime_rates_in_kollam/,cyber crime,General Cybercrime / Cyber Fraud Terms,General Cybercrime,THIRD-PARTY,NARSS-01194.txt,State: Kerala | Author: u/kar-98 | Score: 1 | Reddit ID: 18d9fzz
17knk2i,NARSS-01195,2026-04-10,SOUBHIK SARKAR,Reddit r/Kerala,reddit.com,2023-10-31,BJP's Anil Antony charged with hate crime for peddling fake narrative over Kasaragod bus video,https://www.reddit.com/r/Kerala/comments/17knk2i/bjps_anil_antony_charged_with_hate_crime_for/,cyber crime,General Cybercrime / Cyber Fraud Terms,General Cybercrime,THIRD-PARTY,NARSS-01195.txt,State: Kerala | Author: u/bheemanreghuu | Score: 1 | Reddit ID: 17knk2i
16yjnqj,NARSS-01196,2026-04-10,SOUBHIK SARKAR,Reddit r/Kerala,reddit.com,2023-10-03,SCAMMED! Cry for help.,https://www.reddit.com/r/Kerala/comments/16yjnqj/scammed_cry_for_help/,cyber crime,General Cybercrime / Cyber Fraud Terms,General Cybercrime,VICTIM,NARSS-01196.txt,State: Kerala | Author: u/NetMassive645 | Score: 1 | Reddit ID: 16yjnqj
16vygw2,NARSS-01197,2026-04-10,SOUBHIK SARKAR,Reddit r/Kerala,reddit.com,2023-09-30,Whatsapp forward going around about good morning messages,https://www.reddit.com/r/Kerala/comments/16vygw2/whatsapp_forward_going_around_about_good_morning/,cyber crime,General Cybercrime / Cyber Fraud Terms,General Cybercrime,THIRD-PARTY,NARSS-01197.txt,State: Kerala | Author: u/mammoonji | Score: 1 | Reddit ID: 16vygw2
15h5wld,NARSS-01198,2026-04-10,SOUBHIK SARKAR,Reddit r/Kerala,reddit.com,2023-08-03,"Incase of Cyber crime, reporting time - is the key, to get your money back",https://www.reddit.com/r/Kerala/comments/15h5wld/incase_of_cyber_crime_reporting_time_is_the_key/,cyber crime,General Cybercrime / Cyber Fraud Terms,General Cybercrime,THIRD-PARTY,NARSS-01198.txt,State: Kerala | Author: u/[deleted] | Score: 21 | Reddit ID: 15h5wld
12ur9n3,NARSS-01199,2026-04-10,SOUBHIK SARKAR,Reddit r/Kerala,reddit.com,2023-04-22,Kerala Police - A Nightmare,https://www.reddit.com/r/Kerala/comments/12ur9n3/kerala_police_a_nightmare/,cyber crime,General Cybercrime / Cyber Fraud Terms,General Cybercrime,NEAR-MISS,NARSS-01199.txt,State: Kerala | Author: u/bheemanreghu | Score: 1 | Reddit ID: 12ur9n3
12lrqw5,NARSS-01200,2026-04-10,SOUBHIK SARKAR,Reddit r/Kerala,reddit.com,2023-04-14,"Freeze, you are being demonetised by police, banks - Crimes in other states being used to extort money from victims in kerala",https://www.reddit.com/r/Kerala/comments/12lrqw5/freeze_you_are_being_demonetised_by_police_banks/,cyber crime,General Cybercrime / Cyber Fraud Terms,General Cybercrime,THIRD-PARTY,NARSS-01200.txt,State: Kerala | Author: u/sekai_no_kami | Score: 43 | Reddit ID: 12lrqw5
10qwr69,NARSS-01201,2026-04-10,SOUBHIK SARKAR,Reddit r/Kerala,reddit.com,2023-02-01,"Psycho Ex Stalking AF - Online and In-person , what legal counter mechanisms do we have ?",https://www.reddit.com/r/Kerala/comments/10qwr69/psycho_ex_stalking_af_online_and_inperson_what/,cyber crime,General Cybercrime / Cyber Fraud Terms,General Cybercrime,THIRD-PARTY,NARSS-01201.txt,State: Kerala | Author: u/Early-Tie-8929 | Score: 15 | Reddit ID: 10qwr69
sc7nmv,NARSS-01202,2026-04-10,SOUBHIK SARKAR,Reddit r/Kerala,reddit.com,2022-01-25,ഓൺലൈൻ ക്ലാസിനിടെ നഗ്നതാപ്രദർശനം; അധ്യാപികയുടെ പരാതിയിൽ കേസ് | Kanhangad cyber crime,https://www.reddit.com/r/Kerala/comments/sc7nmv/ഓൺലൻ_കലസനട_നഗനതപരദർശന_അധയപകയട_പരതയൽ_കസ_kanhangad/,cyber crime,General Cybercrime / Cyber Fraud Terms,General Cybercrime,THIRD-PARTY,NARSS-01202.txt,State: Kerala | Author: u/Horny__priest | Score: 7 | Reddit ID: sc7nmv
lfx1ov,NARSS-01203,2026-04-10,SOUBHIK SARKAR,Reddit r/Kerala,reddit.com,2021-02-09,"Ministry of Home Affairs launched a scheme where you can be cyber crime reporting volunteer. You have to register, but you can't talk about it. Hmm... Where have we heard this before...",https://www.reddit.com/r/Kerala/comments/lfx1ov/ministry_of_home_affairs_launched_a_scheme_where/,cyber crime,General Cybercrime / Cyber Fraud Terms,General Cybercrime,THIRD-PARTY,NARSS-01203.txt,State: Kerala | Author: u/SharkKant | Score: 12 | Reddit ID: lfx1ov
ga94i2,NARSS-01204,2026-04-10,SOUBHIK SARKAR,Reddit r/Kerala,reddit.com,2020-04-29,Social media cyber crime investigation explained in malayalam.,https://www.reddit.com/r/Kerala/comments/ga94i2/social_media_cyber_crime_investigation_explained/,cyber crime,General Cybercrime / Cyber Fraud Terms,General Cybercrime,THIRD-PARTY,NARSS-01204.txt,State: Kerala | Author: u/thegrumpysage | Score: 1 | Reddit ID: ga94i2
foltlr,NARSS-01205,2026-04-10,SOUBHIK SARKAR,Reddit r/Kerala,reddit.com,2020-03-25,"FAKE NEWS IN TIMES OF CORONA || My close relative forwarded this fake news today. Do we have credible India specific fact-checking websites like truthorfiction.com, factcheck.org, snopes.com, fullfact.org etc ?",https://www.reddit.com/r/Kerala/comments/foltlr/fake_news_in_times_of_corona_my_close_relative/,cyber crime,General Cybercrime / Cyber Fraud Terms,General Cybercrime,THIRD-PARTY,NARSS-01205.txt,State: Kerala | Author: u/quentin_torontino | Score: 8 | Reddit ID: foltlr
1i9j956,NARSS-01206,2026-04-10,SOUBHIK SARKAR,Reddit r/Kerala,reddit.com,2025-01-25,NEW SCAM ALERT | A new phone with a pre-installed app wiped out all bank balance and investments worth 2.8cr,https://www.reddit.com/r/Kerala/comments/1i9j956/new_scam_alert_a_new_phone_with_a_preinstalled/,cybercrime,General Cybercrime / Cyber Fraud Terms,General Cybercrime,VICTIM,NARSS-01206.txt,State: Kerala | Author: u/dave8055 | Score: 1 | Reddit ID: 1i9j956
1i6hxjx,NARSS-01207,2026-04-10,SOUBHIK SARKAR,Reddit r/Kerala,reddit.com,2025-01-21,Resources and links that would be useful for Keralites(and others)?,https://www.reddit.com/r/Kerala/comments/1i6hxjx/resources_and_links_that_would_be_useful_for/,cybercrime,General Cybercrime / Cyber Fraud Terms,General Cybercrime,THIRD-PARTY,NARSS-01207.txt,State: Kerala | Author: u/DioTheSuperiorWaifu | Score: 1 | Reddit ID: 1i6hxjx
1enqefv,NARSS-01208,2026-04-10,SOUBHIK SARKAR,Reddit r/Kerala,reddit.com,2024-08-09,Do Kerala Police take up case filed in National Cybercrime Reporting Portal and how to withdraw the case from that portal,https://www.reddit.com/r/Kerala/comments/1enqefv/do_kerala_police_take_up_case_filed_in_national/,cybercrime,General Cybercrime / Cyber Fraud Terms,General Cybercrime,THIRD-PARTY,NARSS-01208.txt,State: Kerala | Author: u/Response_Main | Score: 1 | Reddit ID: 1enqefv
1dxdjut,NARSS-01209,2026-04-10,SOUBHIK SARKAR,Reddit r/Kerala,reddit.com,2024-07-07,സൂക്ഷിക്കുക ! പണം തട്ടാൻ പുതിയ വഴി; ഇ ചെല്ലാൻ തട്ടിപ്പിൽ കുടുങ്ങരുത്,https://www.reddit.com/r/Kerala/comments/1dxdjut/സകഷകകക_പണ_തടടൻ_പതയ_വഴ_ഇ_ചലലൻ_തടടപപൽ_കടങങരത/,cybercrime,General Cybercrime / Cyber Fraud Terms,General Cybercrime,THIRD-PARTY,NARSS-01209.txt,State: Kerala | Author: u/DioTheSuperiorWaifu | Score: 6 | Reddit ID: 1dxdjut
1dvorvb,NARSS-01210,2026-04-10,SOUBHIK SARKAR,Reddit r/Kerala,reddit.com,2024-07-05,"750 Keralites missing in Southeast Asia, probe on",https://www.reddit.com/r/Kerala/comments/1dvorvb/750_keralites_missing_in_southeast_asia_probe_on/,cybercrime,General Cybercrime / Cyber Fraud Terms,General Cybercrime,THIRD-PARTY,NARSS-01210.txt,State: Kerala | Author: u/bheemanreghuu | Score: 1 | Reddit ID: 1dvorvb
1cifrqp,NARSS-01211,2026-04-10,SOUBHIK SARKAR,Reddit r/Kerala,reddit.com,2024-05-02,1 week of begging the Police to unblock my crypto-account. Don't know why it got blocked in the first place!,https://www.reddit.com/r/Kerala/comments/1cifrqp/1_week_of_begging_the_police_to_unblock_my/,cybercrime,General Cybercrime / Cyber Fraud Terms,General Cybercrime,VICTIM,NARSS-01211.txt,State: Kerala | Author: u/Responsible-Ad-6580 | Score: 1 | Reddit ID: 1cifrqp
1b7u591,NARSS-01212,2026-04-10,SOUBHIK SARKAR,Reddit r/Kerala,reddit.com,2024-03-06,New type of election related scam?,https://www.reddit.com/r/Kerala/comments/1b7u591/new_type_of_election_related_scam/,cybercrime,General Cybercrime / Cyber Fraud Terms,General Cybercrime,NEAR-MISS,NARSS-01212.txt,State: Kerala | Author: u/CharacterFeeling7329 | Score: 1 | Reddit ID: 1b7u591
1602wn7,NARSS-01213,2026-04-10,SOUBHIK SARKAR,Reddit r/Kerala,reddit.com,2023-08-24,Threatening to pay money,https://www.reddit.com/r/Kerala/comments/1602wn7/threatening_to_pay_money/,cybercrime,General Cybercrime / Cyber Fraud Terms,General Cybercrime,THIRD-PARTY,NARSS-01213.txt,State: Kerala | Author: u/Due_Mission_6554 | Score: 1 | Reddit ID: 1602wn7
jm5jg3,NARSS-01214,2026-04-10,SOUBHIK SARKAR,Reddit r/Kerala,reddit.com,2020-11-01,15 new cybercrime police stations opened in Kerala,https://www.reddit.com/r/Kerala/comments/jm5jg3/15_new_cybercrime_police_stations_opened_in_kerala/,cybercrime,General Cybercrime / Cyber Fraud Terms,General Cybercrime,THIRD-PARTY,NARSS-01214.txt,State: Kerala | Author: u/mentabolism1 | Score: 9 | Reddit ID: jm5jg3
fyc98q,NARSS-01215,2026-04-10,SOUBHIK SARKAR,Reddit r/Kerala,reddit.com,2020-04-10,"""Namo TV"" kicks off mass campaign to register cybercrime cases. Statement by Chief Editor Renjith Abraham Thomas.",https://www.reddit.com/r/Kerala/comments/fyc98q/namo_tv_kicks_off_mass_campaign_to_register/,cybercrime,General Cybercrime / Cyber Fraud Terms,General Cybercrime,THIRD-PARTY,NARSS-01215.txt,State: Kerala | Author: u/[deleted] | Score: 4 | Reddit ID: fyc98q
fyc7o4,NARSS-01216,2026-04-10,SOUBHIK SARKAR,Reddit r/Kerala,reddit.com,2020-04-10,"""Namo TV"" starts mass crime for cybercrime case filing. Statement by Chief Editor Renjith Abraham Thomas.",https://www.reddit.com/r/Kerala/comments/fyc7o4/namo_tv_starts_mass_crime_for_cybercrime_case/,cybercrime,General Cybercrime / Cyber Fraud Terms,General Cybercrime,THIRD-PARTY,NARSS-01216.txt,State: Kerala | Author: u/[deleted] | Score: 1 | Reddit ID: fyc7o4
1itosm0,NARSS-01217,2026-04-10,SOUBHIK SARKAR,Reddit r/Kerala,reddit.com,2025-02-20,How to confirm if a call or message is a scam? Kerala Police reveal a key tip to detect cyber fraud,https://www.reddit.com/r/Kerala/comments/1itosm0/how_to_confirm_if_a_call_or_message_is_a_scam/,cyber fraud,General Cybercrime / Cyber Fraud Terms,General Cybercrime,THIRD-PARTY,NARSS-01217.txt,State: Kerala | Author: u/Impossible-Sun-8646 | Score: 1 | Reddit ID: 1itosm0
1hkqrya,NARSS-01218,2026-04-10,SOUBHIK SARKAR,Reddit r/Kerala,reddit.com,2024-12-23,"ഡിജിറ്റൽ തട്ടിപ്പിനിറങ്ങിയവർക്ക് തിരിച്ച് പണികൊടുത്ത് ചിന്നു, സംഭവിച്ചതെന്ത് ?| Digital Arrest|Cyber Fraud|Nurse",https://www.reddit.com/r/Kerala/comments/1hkqrya/ഡജററൽ_തടടപപനറങങയവർകക_തരചച_പണകടതത_ചനന_സഭവചചതനത/,cyber fraud,General Cybercrime / Cyber Fraud Terms,General Cybercrime,THIRD-PARTY,NARSS-01218.txt,State: Kerala | Author: u/jpm707 | Score: 1 | Reddit ID: 1hkqrya
1h34nxq,NARSS-01219,2026-04-10,SOUBHIK SARKAR,Reddit r/Kerala,reddit.com,2024-11-30,Kerala police takes down 18k cyber finance fraud websites,https://www.reddit.com/r/Kerala/comments/1h34nxq/kerala_police_takes_down_18k_cyber_finance_fraud/,cyber fraud,General Cybercrime / Cyber Fraud Terms,General Cybercrime,THIRD-PARTY,NARSS-01219.txt,State: Kerala | Author: u/DioTheSuperiorWaifu | Score: 41 | Reddit ID: 1h34nxq
1fdn1uj,NARSS-01220,2026-04-10,SOUBHIK SARKAR,Reddit r/Kerala,reddit.com,2024-09-10,Jerry Amaldev escapes cyber fraud which trapped Mar Coorilose; bank manager’s timely intervention helps,https://www.reddit.com/r/Kerala/comments/1fdn1uj/jerry_amaldev_escapes_cyber_fraud_which_trapped/,cyber fraud,General Cybercrime / Cyber Fraud Terms,General Cybercrime,THIRD-PARTY,NARSS-01220.txt,State: Kerala | Author: u/welcome-2-ooty | Score: 11 | Reddit ID: 1fdn1uj
1dcij4l,NARSS-01221,2026-04-10,SOUBHIK SARKAR,Reddit r/Kerala,reddit.com,2024-06-10,"Call from DHL customer care, SCAM? ",https://www.reddit.com/r/Kerala/comments/1dcij4l/call_from_dhl_customer_care_scam/,cyber fraud,General Cybercrime / Cyber Fraud Terms,General Cybercrime,THIRD-PARTY,NARSS-01221.txt,State: Kerala | Author: u/LunaticOnn | Score: 1 | Reddit ID: 1dcij4l
17rww3b,NARSS-01222,2026-04-10,SOUBHIK SARKAR,Reddit r/Kerala,reddit.com,2023-11-10,Freezing Bank Account,https://www.reddit.com/r/Kerala/comments/17rww3b/freezing_bank_account/,cyber fraud,General Cybercrime / Cyber Fraud Terms,General Cybercrime,THIRD-PARTY,NARSS-01222.txt,State: Kerala | Author: u/KaleidoscopeOk8954 | Score: 1 | Reddit ID: 17rww3b
16oxrvz,NARSS-01223,2026-04-10,SOUBHIK SARKAR,Reddit r/Kerala,reddit.com,2023-09-22,24-hour police assistance for loan app fraud complaints now available via WhatsApp,https://www.reddit.com/r/Kerala/comments/16oxrvz/24hour_police_assistance_for_loan_app_fraud/,cyber fraud,General Cybercrime / Cyber Fraud Terms,General Cybercrime,THIRD-PARTY,NARSS-01223.txt,State: Kerala | Author: u/bheemanreghuu | Score: 1 | Reddit ID: 16oxrvz
tgupve,NARSS-01224,2026-04-10,SOUBHIK SARKAR,Reddit r/Kerala,reddit.com,2022-03-18,"Amazon seller fraud - ASUS ROG Strix GeForce RTX 3090 OC Graphics Card - 2,00,000Rs",https://www.reddit.com/r/Kerala/comments/tgupve/amazon_seller_fraud_asus_rog_strix_geforce_rtx/,cyber fraud,General Cybercrime / Cyber Fraud Terms,General Cybercrime,THIRD-PARTY,NARSS-01224.txt,State: Kerala | Author: u/dave8055 | Score: 71 | Reddit ID: tgupve
sgxnr7,NARSS-01225,2026-04-10,SOUBHIK SARKAR,Reddit r/Kerala,reddit.com,2022-01-31,Financial Fraud on Credit Card,https://www.reddit.com/r/Kerala/comments/sgxnr7/financial_fraud_on_credit_card/,cyber fraud,General Cybercrime / Cyber Fraud Terms,General Cybercrime,THIRD-PARTY,NARSS-01225.txt,State: Kerala | Author: u/Vipin269120 | Score: 10 | Reddit ID: sgxnr7
odf5n0,NARSS-01226,2026-04-10,SOUBHIK SARKAR,Reddit r/Kerala,reddit.com,2021-07-04,Reimbursing debit card fraud,https://www.reddit.com/r/Kerala/comments/odf5n0/reimbursing_debit_card_fraud/,cyber fraud,General Cybercrime / Cyber Fraud Terms,General Cybercrime,THIRD-PARTY,NARSS-01226.txt,State: Kerala | Author: u/Striking_Tell0804 | Score: 57 | Reddit ID: odf5n0
1k5wvd3,NARSS-01227,2026-04-10,SOUBHIK SARKAR,Reddit r/Kerala,reddit.com,2025-04-23,Online Seller and Fraud,https://www.reddit.com/r/Kerala/comments/1k5wvd3/online_seller_and_fraud/,online fraud,General Cybercrime / Cyber Fraud Terms,General Cybercrime,THIRD-PARTY,NARSS-01227.txt,State: Kerala | Author: u/Inevitable-Power7909 | Score: 1 | Reddit ID: 1k5wvd3
1infx52,NARSS-01228,2026-04-10,SOUBHIK SARKAR,Reddit r/Kerala,reddit.com,2025-02-12,News Roundup - Feb 11,https://www.reddit.com/r/Kerala/comments/1infx52/news_roundup_feb_11/,online fraud,General Cybercrime / Cyber Fraud Terms,General Cybercrime,VICTIM,NARSS-01228.txt,State: Kerala | Author: u/ijaysonx | Score: 1 | Reddit ID: 1infx52
1gnubvp,NARSS-01229,2026-04-10,SOUBHIK SARKAR,Reddit r/Kerala,reddit.com,2024-11-10,How to report a fraud shop owner cheating people?,https://www.reddit.com/r/Kerala/comments/1gnubvp/how_to_report_a_fraud_shop_owner_cheating_people/,online fraud,General Cybercrime / Cyber Fraud Terms,General Cybercrime,THIRD-PARTY,NARSS-01229.txt,State: Kerala | Author: u/vijiv | Score: 1 | Reddit ID: 1gnubvp
1g7w3k4,NARSS-01230,2026-04-10,SOUBHIK SARKAR,Reddit r/Kerala,reddit.com,2024-10-20,Ranjini vijith online fraud therapist,https://www.reddit.com/r/Kerala/comments/1g7w3k4/ranjini_vijith_online_fraud_therapist/,online fraud,General Cybercrime / Cyber Fraud Terms,General Cybercrime,THIRD-PARTY,NARSS-01230.txt,State: Kerala | Author: u/kaguya9 | Score: 1 | Reddit ID: 1g7w3k4
1fdzxhz,NARSS-01231,2026-04-10,SOUBHIK SARKAR,Reddit r/Kerala,reddit.com,2024-09-11,Online clothing frauds in Kerala,https://www.reddit.com/r/Kerala/comments/1fdzxhz/online_clothing_frauds_in_kerala/,online fraud,General Cybercrime / Cyber Fraud Terms,General Cybercrime,NEAR-MISS,NARSS-01231.txt,State: Kerala | Author: u/Invertedmorah | Score: 29 | Reddit ID: 1fdzxhz
1eowsnv,NARSS-01232,2026-04-10,SOUBHIK SARKAR,Reddit r/Kerala,reddit.com,2024-08-10, Bishop recounts online fraud,https://www.reddit.com/r/Kerala/comments/1eowsnv/bishop_recounts_online_fraud/,online fraud,General Cybercrime / Cyber Fraud Terms,General Cybercrime,THIRD-PARTY,NARSS-01232.txt,State: Kerala | Author: u/mentabolism1 | Score: 1 | Reddit ID: 1eowsnv
1e95j7m,NARSS-01233,2026-04-10,SOUBHIK SARKAR,Reddit r/Kerala,reddit.com,2024-07-22,Man under ‘virtual arrest’ loses ₹1.5 cr. to conmen in online fraud - The Hindu,https://www.reddit.com/r/Kerala/comments/1e95j7m/man_under_virtual_arrest_loses_15_cr_to_conmen_in/,online fraud,General Cybercrime / Cyber Fraud Terms,General Cybercrime,THIRD-PARTY,NARSS-01233.txt,State: Kerala | Author: u/DioTheSuperiorWaifu | Score: 1 | Reddit ID: 1e95j7m
1dn3jrp,NARSS-01234,2026-04-10,SOUBHIK SARKAR,Reddit r/Kerala,reddit.com,2024-06-24,Cherthala resident loses ₹7.55 crore to online fraud,https://www.reddit.com/r/Kerala/comments/1dn3jrp/cherthala_resident_loses_755_crore_to_online_fraud/,online fraud,General Cybercrime / Cyber Fraud Terms,General Cybercrime,THIRD-PARTY,NARSS-01234.txt,State: Kerala | Author: u/sadanamKayyilundu | Score: 1 | Reddit ID: 1dn3jrp
1dllqlv,NARSS-01235,2026-04-10,SOUBHIK SARKAR,Reddit r/Kerala,reddit.com,2024-06-22,617 crores lost from Trivandrum alone in 6 months. What are the preventive steps possible.,https://www.reddit.com/r/Kerala/comments/1dllqlv/617_crores_lost_from_trivandrum_alone_in_6_months/,online fraud,General Cybercrime / Cyber Fraud Terms,General Cybercrime,NEAR-MISS,NARSS-01235.txt,State: Kerala | Author: u/sraj8419 | Score: 1 | Reddit ID: 1dllqlv
19f8hjr,NARSS-01236,2026-04-10,SOUBHIK SARKAR,Reddit r/Kerala,reddit.com,2024-01-25,"High rich online shoppe fraud, apparently 1600 crores were collected from keralites it seems. How is it possible?",https://www.reddit.com/r/Kerala/comments/19f8hjr/high_rich_online_shoppe_fraud_apparently_1600/,online fraud,General Cybercrime / Cyber Fraud Terms,General Cybercrime,THIRD-PARTY,NARSS-01236.txt,State: Kerala | Author: u/Appropriate-Sleep-35 | Score: 1 | Reddit ID: 19f8hjr
18r5v76,NARSS-01237,2026-04-10,SOUBHIK SARKAR,Reddit r/Kerala,reddit.com,2023-12-26,പൊലീസിനും പറ്റി അക്കിടി!; സൈബർ പൊലീസിന്റെ പണം തട്ടി ഓൺലൈൻ തട്ടിപ്പ് സംഘം | Online fraud,https://www.reddit.com/r/Kerala/comments/18r5v76/പലസന_പററ_അകകട_സബർ_പലസനറ_പണ_തടട_ഓൺലൻ_തടടപപ_സഘ/,online fraud,General Cybercrime / Cyber Fraud Terms,General Cybercrime,THIRD-PARTY,NARSS-01237.txt,State: Kerala | Author: u/vaasu_annan | Score: 1 | Reddit ID: 18r5v76
18doo92,NARSS-01238,2026-04-10,SOUBHIK SARKAR,Reddit r/Kerala,reddit.com,2023-12-08,Kerala lottery - online,https://www.reddit.com/r/Kerala/comments/18doo92/kerala_lottery_online/,online fraud,General Cybercrime / Cyber Fraud Terms,General Cybercrime,THIRD-PARTY,NARSS-01238.txt,State: Kerala | Author: u/murivenna | Score: 1 | Reddit ID: 18doo92
16qvio2,NARSS-01239,2026-04-10,SOUBHIK SARKAR,Reddit r/Kerala,reddit.com,2023-09-24,"Lured by work-from-home offer, high returns, Kannur youth loses Rs 47 lakh to online fraud !",https://www.reddit.com/r/Kerala/comments/16qvio2/lured_by_workfromhome_offer_high_returns_kannur/,online fraud,General Cybercrime / Cyber Fraud Terms,General Cybercrime,THIRD-PARTY,NARSS-01239.txt,State: Kerala | Author: u/spiralstix | Score: 1 | Reddit ID: 16qvio2
15puf0m,NARSS-01240,2026-04-10,SOUBHIK SARKAR,Reddit r/Kerala,reddit.com,2023-08-13,[Public Warning Announcement &amp; Detailed Analysis] Buying online from Amazon is now risky and not what it used to be. No more easy refunds/replacements.,https://www.reddit.com/r/Kerala/comments/15puf0m/public_warning_announcement_detailed_analysis/,online fraud,General Cybercrime / Cyber Fraud Terms,General Cybercrime,VICTIM,NARSS-01240.txt,State: Kerala | Author: u/Fdsn | Score: 145 | Reddit ID: 15puf0m
10uu36u,NARSS-01241,2026-04-10,SOUBHIK SARKAR,Reddit r/Kerala,reddit.com,2023-02-06,Online bumper fraud in the guise of Kerala lottery,https://www.reddit.com/r/Kerala/comments/10uu36u/online_bumper_fraud_in_the_guise_of_kerala_lottery/,online fraud,General Cybercrime / Cyber Fraud Terms,General Cybercrime,THIRD-PARTY,NARSS-01241.txt,State: Kerala | Author: u/[deleted] | Score: 20 | Reddit ID: 10uu36u
st1r9j,NARSS-01242,2026-04-10,SOUBHIK SARKAR,Reddit r/Kerala,reddit.com,2022-02-15,"ഓഎൽഎക്സ് വഴി വാഹനം വിൽക്കും, പിന്നാലെ മോഷ്ടിക്കും; സംഘം പിടിയിൽ | Online Vehicle Fraud",https://www.reddit.com/r/Kerala/comments/st1r9j/ഓഎൽഎകസ_വഴ_വഹന_വൽകക_പനനല_മഷടകക_സഘ_പടയൽ_online/,online fraud,General Cybercrime / Cyber Fraud Terms,General Cybercrime,THIRD-PARTY,NARSS-01242.txt,State: Kerala | Author: u/ReadIt_Here | Score: 16 | Reddit ID: st1r9j
rejox1,NARSS-01243,2026-04-10,SOUBHIK SARKAR,Reddit r/Kerala,reddit.com,2021-12-12,Settu saree- online,https://www.reddit.com/r/Kerala/comments/rejox1/settu_saree_online/,online fraud,General Cybercrime / Cyber Fraud Terms,General Cybercrime,VICTIM,NARSS-01243.txt,State: Kerala | Author: u/babushkahiop | Score: 9 | Reddit ID: rejox1
mzg08v,NARSS-01244,2026-04-10,SOUBHIK SARKAR,Reddit r/Kerala,reddit.com,2021-04-27,Donating hair.(Male),https://www.reddit.com/r/Kerala/comments/mzg08v/donating_hairmale/,online fraud,General Cybercrime / Cyber Fraud Terms,General Cybercrime,THIRD-PARTY,NARSS-01244.txt,State: Kerala | Author: u/Adept_Piccolo6874 | Score: 77 | Reddit ID: mzg08v
l7177f,NARSS-01245,2026-04-10,SOUBHIK SARKAR,Reddit r/Kerala,reddit.com,2021-01-28,My experience with ISPs in Kottayam,https://www.reddit.com/r/Kerala/comments/l7177f/my_experience_with_isps_in_kottayam/,online fraud,General Cybercrime / Cyber Fraud Terms,General Cybercrime,NEAR-MISS,NARSS-01245.txt,State: Kerala | Author: u/poopforthought | Score: 21 | Reddit ID: l7177f
jcsjqq,NARSS-01246,2026-04-10,SOUBHIK SARKAR,Reddit r/Kerala,reddit.com,2020-10-17,making a list of things we will regret not doing!!,https://www.reddit.com/r/Kerala/comments/jcsjqq/making_a_list_of_things_we_will_regret_not_doing/,online fraud,General Cybercrime / Cyber Fraud Terms,General Cybercrime,THIRD-PARTY,NARSS-01246.txt,State: Kerala | Author: u/[deleted] | Score: 53 | Reddit ID: jcsjqq
hzwuhv,NARSS-01247,2026-04-10,SOUBHIK SARKAR,Reddit r/Kerala,reddit.com,2020-07-29,Has anyone here had any experience with job scams? Or do you know someone who has?,https://www.reddit.com/r/Kerala/comments/hzwuhv/has_anyone_here_had_any_experience_with_job_scams/,online fraud,General Cybercrime / Cyber Fraud Terms,General Cybercrime,VICTIM,NARSS-01247.txt,State: Kerala | Author: u/paperaypaperr | Score: 8 | Reddit ID: hzwuhv
1h08abx,NARSS-01248,2026-04-10,SOUBHIK SARKAR,Reddit r/Kerala,reddit.com,2024-11-26,How Immigration Companies are looting people.,https://www.reddit.com/r/Kerala/comments/1h08abx/how_immigration_companies_are_looting_people/,internet fraud,General Cybercrime / Cyber Fraud Terms,General Cybercrime,THIRD-PARTY,NARSS-01248.txt,State: Kerala | Author: u/BandFrosty | Score: 1 | Reddit ID: 1h08abx
thr0pv,NARSS-01249,2026-04-10,SOUBHIK SARKAR,Reddit r/Kerala,reddit.com,2022-03-19,"We can make Startups successful, create jobs &amp; earn using this new method...",https://www.reddit.com/r/Kerala/comments/thr0pv/we_can_make_startups_successful_create_jobs_earn/,digital fraud,General Cybercrime / Cyber Fraud Terms,General Cybercrime,THIRD-PARTY,NARSS-01249.txt,State: Kerala | Author: u/velocityguy30 | Score: 0 | Reddit ID: thr0pv
1k18cxk,NARSS-01250,2026-04-10,SOUBHIK SARKAR,Reddit r/Kerala,reddit.com,2025-04-17,Madhya Pradesh Man Loses ₹2 Lakh in WhatsApp Image Scam: A New Cyber Threat Emerges - The Logical Indian,https://www.reddit.com/r/Kerala/comments/1k18cxk/madhya_pradesh_man_loses_2_lakh_in_whatsapp_image/,cyber scam,General Cybercrime / Cyber Fraud Terms,Cyber Scam,THIRD-PARTY,NARSS-01250.txt,State: Kerala | Author: u/DioTheSuperiorWaifu | Score: 1 | Reddit ID: 1k18cxk
1jxwofw,NARSS-01251,2026-04-10,SOUBHIK SARKAR,Reddit r/Kerala,reddit.com,2025-04-13,ലോൺ ആപ്പുകളിൽ വീഴല്ലേ... മുന്നറിയിപ്പുമായി പൊലീസ് | Please don't fall for loan apps... Alerts Police,https://www.reddit.com/r/Kerala/comments/1jxwofw/ലൺ_ആപപകളൽ_വഴലല_മനനറയപപമയ_പലസ_please_dont_fall_for/,cyber scam,General Cybercrime / Cyber Fraud Terms,Cyber Scam,NEAR-MISS,NARSS-01251.txt,State: Kerala | Author: u/DioTheSuperiorWaifu | Score: 1 | Reddit ID: 1jxwofw
1hphv2m,NARSS-01252,2026-04-10,SOUBHIK SARKAR,Reddit r/Kerala,reddit.com,2024-12-30,Wasted 40 mins of a digital arrest scammer,https://www.reddit.com/r/Kerala/comments/1hphv2m/wasted_40_mins_of_a_digital_arrest_scammer/,cyber scam,General Cybercrime / Cyber Fraud Terms,Cyber Scam,NEAR-MISS,NARSS-01252.txt,State: Kerala | Author: u/neljos | Score: 1 | Reddit ID: 1hphv2m
1hn8oll,NARSS-01253,2026-04-10,SOUBHIK SARKAR,Reddit r/Kerala,reddit.com,2024-12-27,"My mom got scammed by a fake Flipkart website, and the cyber police say they are helpess. Any advice? ",https://www.reddit.com/r/Kerala/comments/1hn8oll/my_mom_got_scammed_by_a_fake_flipkart_website_and/,cyber scam,General Cybercrime / Cyber Fraud Terms,Cyber Scam,THIRD-PARTY,NARSS-01253.txt,State: Kerala | Author: u/AaronJohn316 | Score: 1 | Reddit ID: 1hn8oll
1hemqpo,NARSS-01254,2026-04-10,SOUBHIK SARKAR,Reddit r/Kerala,reddit.com,2024-12-15,എതിരെ നിൽക്കുന്നവന്റെ ഉള്ളറിഞ്ഞ ഹാക്കർ |Cyber Scam Malayalam|Thiruvanthoran,https://www.reddit.com/r/Kerala/comments/1hemqpo/എതര_നൽകകനനവനറ_ഉളളറഞഞ_ഹകകർ_cyber_scam/,cyber scam,General Cybercrime / Cyber Fraud Terms,Cyber Scam,THIRD-PARTY,NARSS-01254.txt,State: Kerala | Author: u/Nomadicfreelife | Score: 1 | Reddit ID: 1hemqpo
1h2d9y8,NARSS-01255,2026-04-10,SOUBHIK SARKAR,Reddit r/Kerala,reddit.com,2024-11-29,Mumbai Cyber Police Arrest Trio from Kozhikode for Rs 3.5 Crore Scam | Kochi News - Times of India,https://www.reddit.com/r/Kerala/comments/1h2d9y8/mumbai_cyber_police_arrest_trio_from_kozhikode/,cyber scam,General Cybercrime / Cyber Fraud Terms,Cyber Scam,THIRD-PARTY,NARSS-01255.txt,State: Kerala | Author: u/[deleted] | Score: 6 | Reddit ID: 1h2d9y8
1grvoqu,NARSS-01256,2026-04-10,SOUBHIK SARKAR,Reddit r/Kerala,reddit.com,2024-11-15,Scam caller calls Trissur cyber wing SI to scam ,https://www.reddit.com/r/Kerala/comments/1grvoqu/scam_caller_calls_trissur_cyber_wing_si_to_scam/,cyber scam,General Cybercrime / Cyber Fraud Terms,Cyber Scam,THIRD-PARTY,NARSS-01256.txt,State: Kerala | Author: u/Splitinfynity | Score: 1 | Reddit ID: 1grvoqu
1gr1q1t,NARSS-01257,2026-04-10,SOUBHIK SARKAR,Reddit r/Kerala,reddit.com,2024-11-14,"പണി പാളി!! തട്ടിപ്പുകാരൻ വിളിച്ചത് സൈബർ സെല്ലിൽ, ഈ പണി നിർത്തിക്കോയെന്ന് പോലീസ് | Cyber Cell | Scam",https://www.reddit.com/r/Kerala/comments/1gr1q1t/പണ_പള_തടടപപകരൻ_വളചചത_സബർ_സലലൽ_ഈ_പണ_നർതതകകയനന_പലസ/,cyber scam,General Cybercrime / Cyber Fraud Terms,Cyber Scam,THIRD-PARTY,NARSS-01257.txt,State: Kerala | Author: u/FluffyNerve8126 | Score: 1 | Reddit ID: 1gr1q1t
1ggx07j,NARSS-01258,2026-04-10,SOUBHIK SARKAR,Reddit r/Kerala,reddit.com,2024-11-01,"Keralites lost Rs 635 crore to scammers, just Rs 87 crore recovered",https://www.reddit.com/r/Kerala/comments/1ggx07j/keralites_lost_rs_635_crore_to_scammers_just_rs/,cyber scam,General Cybercrime / Cyber Fraud Terms,Cyber Scam,THIRD-PARTY,NARSS-01258.txt,State: Kerala | Author: u/Error_Cardiologist46 | Score: 1 | Reddit ID: 1ggx07j
1fex8wa,NARSS-01259,2026-04-10,SOUBHIK SARKAR,Reddit r/Kerala,reddit.com,2024-09-12,My dad received a scam call claiming to be from cyber cell. He pressed the prompt button. Should I be worried?,https://www.reddit.com/r/Kerala/comments/1fex8wa/my_dad_received_a_scam_call_claiming_to_be_from/,cyber scam,General Cybercrime / Cyber Fraud Terms,Cyber Scam,THIRD-PARTY,NARSS-01259.txt,State: Kerala | Author: u/Apprehensive-Yam-148 | Score: 1 | Reddit ID: 1fex8wa
1e0hzuf,NARSS-01260,2026-04-10,SOUBHIK SARKAR,Reddit r/Kerala,reddit.com,2024-07-11,Scam call alert! Stay vigilant dear folks.,https://www.reddit.com/r/Kerala/comments/1e0hzuf/scam_call_alert_stay_vigilant_dear_folks/,cyber scam,General Cybercrime / Cyber Fraud Terms,Cyber Scam,NEAR-MISS,NARSS-01260.txt,State: Kerala | Author: u/PeaceBeWithYou5787 | Score: 226 | Reddit ID: 1e0hzuf
1cwcqn6,NARSS-01261,2026-04-10,SOUBHIK SARKAR,Reddit r/Kerala,reddit.com,2024-05-20,Keralites languish in Punjab prison for 9 months over cyber scam they have no idea about,https://www.reddit.com/r/Kerala/comments/1cwcqn6/keralites_languish_in_punjab_prison_for_9_months/,cyber scam,General Cybercrime / Cyber Fraud Terms,Cyber Scam,THIRD-PARTY,NARSS-01261.txt,State: Kerala | Author: u/isitallworthittoday | Score: 1 | Reddit ID: 1cwcqn6
180fich,NARSS-01262,2026-04-10,SOUBHIK SARKAR,Reddit r/Kerala,reddit.com,2023-11-21,Have anyone else recieved a FedeX scam call?,https://www.reddit.com/r/Kerala/comments/180fich/have_anyone_else_recieved_a_fedex_scam_call/,cyber scam,General Cybercrime / Cyber Fraud Terms,Cyber Scam,THIRD-PARTY,NARSS-01262.txt,State: Kerala | Author: u/S1S2presentsir | Score: 1 | Reddit ID: 180fich
16hwzs6,NARSS-01263,2026-04-10,SOUBHIK SARKAR,Reddit r/Kerala,reddit.com,2023-09-14,Scam in the name of SBI,https://www.reddit.com/r/Kerala/comments/16hwzs6/scam_in_the_name_of_sbi/,cyber scam,General Cybercrime / Cyber Fraud Terms,Cyber Scam,THIRD-PARTY,NARSS-01263.txt,State: Kerala | Author: u/SnooBeans2535 | Score: 1 | Reddit ID: 16hwzs6
13ouu0z,NARSS-01264,2026-04-10,SOUBHIK SARKAR,Reddit r/Kerala,reddit.com,2023-05-22,Beware of this scam.,https://www.reddit.com/r/Kerala/comments/13ouu0z/beware_of_this_scam/,cyber scam,General Cybercrime / Cyber Fraud Terms,Cyber Scam,VICTIM,NARSS-01264.txt,State: Kerala | Author: u/babayaga_98 | Score: 177 | Reddit ID: 13ouu0z
1k8gkzn,NARSS-01265,2026-04-10,SOUBHIK SARKAR,Reddit r/Kerala,reddit.com,2025-04-26,Are these so-called training institutes in Kerala really worth it?,https://www.reddit.com/r/Kerala/comments/1k8gkzn/are_these_socalled_training_institutes_in_kerala/,online scam,General Cybercrime / Cyber Fraud Terms,Cyber Scam,NEAR-MISS,NARSS-01265.txt,State: Kerala | Author: u/Direct-Ad-2199 | Score: 1 | Reddit ID: 1k8gkzn
1jn2om3,NARSS-01266,2026-04-10,SOUBHIK SARKAR,Reddit r/Kerala,reddit.com,2025-03-30,"അവധിക്കാലമാണ്, കുട്ടികൾ‌ക്ക് മൊബൈൽ ഉപയോ​ഗിക്കാൻ നൽകുമ്പോൾ രക്ഷിതാക്കൾ ഇക്കാര്യം ശ്രദ്ധിക്കുക | Holidays, Parents should remember the following when giving mobile phones to children",https://www.reddit.com/r/Kerala/comments/1jn2om3/അവധകകലമണ_കടടകൾകക_മബൽ_ഉപയഗകകൻ_നൽകമപൾ_രകഷതകകൾ_ഇകകരയ/,online scam,General Cybercrime / Cyber Fraud Terms,Cyber Scam,NEAR-MISS,NARSS-01266.txt,State: Kerala | Author: u/DioTheSuperiorWaifu | Score: 1 | Reddit ID: 1jn2om3
1jk7nrm,NARSS-01267,2026-04-10,SOUBHIK SARKAR,Reddit r/Kerala,reddit.com,2025-03-26,"എന്താണ് പൊയ്, എന്താണ് നിജം; കുട്ടികളുടെ ഓൺലൈൻ ഇടപെടലിൽ ശ്രദ്ധിക്കേണ്ട കാര്യങ്ങൾ പങ്കുവച്ച് പൊലീസ്",https://www.reddit.com/r/Kerala/comments/1jk7nrm/എനതണ_പയ_എനതണ_നജ_കടടകളട_ഓൺലൻ_ഇടപടലൽ_ശരദധകകണട/,online scam,General Cybercrime / Cyber Fraud Terms,Cyber Scam,NEAR-MISS,NARSS-01267.txt,State: Kerala | Author: u/DioTheSuperiorWaifu | Score: 1 | Reddit ID: 1jk7nrm
1j9gjuu,NARSS-01268,2026-04-10,SOUBHIK SARKAR,Reddit r/Kerala,reddit.com,2025-03-12,"Online game, gift box offers, sale of luxury items: Kerala Police explains sequence of a 'new' scam",https://www.reddit.com/r/Kerala/comments/1j9gjuu/online_game_gift_box_offers_sale_of_luxury_items/,online scam,General Cybercrime / Cyber Fraud Terms,Cyber Scam,THIRD-PARTY,NARSS-01268.txt,State: Kerala | Author: u/Impossible-Sun-8646 | Score: 1 | Reddit ID: 1j9gjuu
1imzlww,NARSS-01269,2026-04-10,SOUBHIK SARKAR,Reddit r/Kerala,reddit.com,2025-02-11,Online scams are quite common,https://www.reddit.com/r/Kerala/comments/1imzlww/online_scams_are_quite_common/,online scam,General Cybercrime / Cyber Fraud Terms,Cyber Scam,VICTIM,NARSS-01269.txt,State: Kerala | Author: u/Few_Parking57 | Score: 1 | Reddit ID: 1imzlww
1iiqx2i,NARSS-01270,2026-04-10,SOUBHIK SARKAR,Reddit r/Kerala,reddit.com,2025-02-06,digital marketing agency is a scam,https://www.reddit.com/r/Kerala/comments/1iiqx2i/digital_marketing_agency_is_a_scam/,online scam,General Cybercrime / Cyber Fraud Terms,Cyber Scam,THIRD-PARTY,NARSS-01270.txt,State: Kerala | Author: u/No_Okra_3895 | Score: 1 | Reddit ID: 1iiqx2i
1i24h0z,NARSS-01271,2026-04-10,SOUBHIK SARKAR,Reddit r/Kerala,reddit.com,2025-01-16,"Am I normal, help please",https://www.reddit.com/r/Kerala/comments/1i24h0z/am_i_normal_help_please/,online scam,General Cybercrime / Cyber Fraud Terms,Cyber Scam,THIRD-PARTY,NARSS-01271.txt,State: Kerala | Author: u/Alarmed-Note-8568 | Score: 1 | Reddit ID: 1i24h0z
1hzmaph,NARSS-01272,2026-04-10,SOUBHIK SARKAR,Reddit r/Kerala,reddit.com,2025-01-12,Do you think stock market traders actually make a blast?,https://www.reddit.com/r/Kerala/comments/1hzmaph/do_you_think_stock_market_traders_actually_make_a/,online scam,General Cybercrime / Cyber Fraud Terms,Cyber Scam,THIRD-PARTY,NARSS-01272.txt,State: Kerala | Author: u/Cosmo_man | Score: 1 | Reddit ID: 1hzmaph
1hz1op7,NARSS-01273,2026-04-10,SOUBHIK SARKAR,Reddit r/Kerala,reddit.com,2025-01-11,Selling a house in Kerala ,https://www.reddit.com/r/Kerala/comments/1hz1op7/selling_a_house_in_kerala/,online scam,General Cybercrime / Cyber Fraud Terms,Cyber Scam,THIRD-PARTY,NARSS-01273.txt,State: Kerala | Author: u/marsllow101 | Score: 1 | Reddit ID: 1hz1op7
1hcp13a,NARSS-01274,2026-04-10,SOUBHIK SARKAR,Reddit r/Kerala,reddit.com,2024-12-12,"WIth online phishing, UPI scams on the rise, what is the best thing you did in order to protect yourself? Also suggest the banks you recommend.",https://www.reddit.com/r/Kerala/comments/1hcp13a/with_online_phishing_upi_scams_on_the_rise_what/,online scam,General Cybercrime / Cyber Fraud Terms,Cyber Scam,THIRD-PARTY,NARSS-01274.txt,State: Kerala | Author: u/Icy-Team-8992 | Score: 6 | Reddit ID: 1hcp13a
1hb9v9v,NARSS-01275,2026-04-10,SOUBHIK SARKAR,Reddit r/Kerala,reddit.com,2024-12-11,Online loan scam please help,https://www.reddit.com/r/Kerala/comments/1hb9v9v/online_loan_scam_please_help/,online scam,General Cybercrime / Cyber Fraud Terms,Cyber Scam,THIRD-PARTY,NARSS-01275.txt,State: Kerala | Author: u/Tall-Researcher-9619 | Score: 13 | Reddit ID: 1hb9v9v
1g7w00w,NARSS-01276,2026-04-10,SOUBHIK SARKAR,Reddit r/Kerala,reddit.com,2024-10-20,Ranjini vijith online therapist scam,https://www.reddit.com/r/Kerala/comments/1g7w00w/ranjini_vijith_online_therapist_scam/,online scam,General Cybercrime / Cyber Fraud Terms,Cyber Scam,THIRD-PARTY,NARSS-01276.txt,State: Kerala | Author: u/kaguya9 | Score: 1 | Reddit ID: 1g7w00w
1fi4pc3,NARSS-01277,2026-04-10,SOUBHIK SARKAR,Reddit r/Kerala,reddit.com,2024-09-16,കള്ളക്കല്യാണം കഴിച്ചിട്ടാണെങ്കിൽ അങ്ങനെ... | Kerala Students in UK | Permanent Residence UK,https://www.reddit.com/r/Kerala/comments/1fi4pc3/കളളകകലയണ_കഴചചടടണങകൽ_അങങന_kerala_students_in_uk/,online scam,General Cybercrime / Cyber Fraud Terms,Cyber Scam,THIRD-PARTY,NARSS-01277.txt,State: Kerala | Author: u/Savings_County_9309 | Score: 1 | Reddit ID: 1fi4pc3
1extor1,NARSS-01278,2026-04-10,SOUBHIK SARKAR,Reddit r/Kerala,reddit.com,2024-08-21,ഓൺലൈൻ ഭാഗ്യക്കുറി തട്ടിപ്പ്: വ്യാജ ആപ്പുകൾ നീക്കാൻ ഗൂഗിളിന് കേരള പൊലീസിന്റെ നോട്ടീസ് | Online lottery scam: Kerala police issues notice to Google to remove fake apps,https://www.reddit.com/r/Kerala/comments/1extor1/ഓൺലൻ_ഭഗയകകറ_തടടപപ_വയജ_ആപപകൾ_നകകൻ_ഗഗളന_കരള_പലസനറ/,online scam,General Cybercrime / Cyber Fraud Terms,Cyber Scam,THIRD-PARTY,NARSS-01278.txt,State: Kerala | Author: u/DioTheSuperiorWaifu | Score: 1 | Reddit ID: 1extor1
1esyo5l,NARSS-01279,2026-04-10,SOUBHIK SARKAR,Reddit r/Kerala,reddit.com,2024-08-15,"(Trigger warning: SA, SH) The brutal rape and murder of a female doctor I’m sure everyone has heard about this atleast on insta. But if you want more clarity regarding the issue and the timeline of events .",https://www.reddit.com/r/Kerala/comments/1esyo5l/trigger_warning_sa_sh_the_brutal_rape_and_murder/,online scam,General Cybercrime / Cyber Fraud Terms,Cyber Scam,NEAR-MISS,NARSS-01279.txt,State: Kerala | Author: u/adrianlannister007 | Score: 1 | Reddit ID: 1esyo5l
1eohfpx,NARSS-01280,2026-04-10,SOUBHIK SARKAR,Reddit r/Kerala,reddit.com,2024-08-10,"Explaining online scam happened to Bishop: ഡിജിറ്റൽ അറസ്റ്റ്, ജഡ്ജി വന്നപ്പോള്‍ എഴുന്നേറ്റ് നിന്നു; സമ്മാനം ആവശ്യപ്പെട്ടപ്പോള്‍ മനസ്സിലായി: മാര്‍ കൂറിലോസ് ",https://www.reddit.com/r/Kerala/comments/1eohfpx/explaining_online_scam_happened_to_bishop_ഡജററൽ/,online scam,General Cybercrime / Cyber Fraud Terms,Cyber Scam,THIRD-PARTY,NARSS-01280.txt,State: Kerala | Author: u/JohanHex96 | Score: 1 | Reddit ID: 1eohfpx
1e6x0x7,NARSS-01281,2026-04-10,SOUBHIK SARKAR,Reddit r/Kerala,reddit.com,2024-07-19,Beware of scam call and educate your parents!!,https://www.reddit.com/r/Kerala/comments/1e6x0x7/beware_of_scam_call_and_educate_your_parents/,online scam,General Cybercrime / Cyber Fraud Terms,Cyber Scam,NEAR-MISS,NARSS-01281.txt,State: Kerala | Author: u/Rangannan1 | Score: 1 | Reddit ID: 1e6x0x7
1ddg4el,NARSS-01282,2026-04-10,SOUBHIK SARKAR,Reddit r/Kerala,reddit.com,2024-06-11,Can anyone recommend me some online part time jobs,https://www.reddit.com/r/Kerala/comments/1ddg4el/can_anyone_recommend_me_some_online_part_time_jobs/,online scam,General Cybercrime / Cyber Fraud Terms,Cyber Scam,THIRD-PARTY,NARSS-01282.txt,State: Kerala | Author: u/ZookeepergameFast840 | Score: 1 | Reddit ID: 1ddg4el
1d1d8jf,NARSS-01283,2026-04-10,SOUBHIK SARKAR,Reddit r/Kerala,reddit.com,2024-05-27,Paragon restaurant fraud!!,https://www.reddit.com/r/Kerala/comments/1d1d8jf/paragon_restaurant_fraud/,online scam,General Cybercrime / Cyber Fraud Terms,Cyber Scam,THIRD-PARTY,NARSS-01283.txt,State: Kerala | Author: u/Ok_Version5259 | Score: 1 | Reddit ID: 1d1d8jf
1cvdw8p,NARSS-01284,2026-04-10,SOUBHIK SARKAR,Reddit r/Kerala,reddit.com,2024-05-19,Bribe mafia sabotaging online services; vigilance investigation with shocking findings,https://www.reddit.com/r/Kerala/comments/1cvdw8p/bribe_mafia_sabotaging_online_services_vigilance/,online scam,General Cybercrime / Cyber Fraud Terms,Cyber Scam,THIRD-PARTY,NARSS-01284.txt,State: Kerala | Author: u/bheemanreghuu | Score: 1 | Reddit ID: 1cvdw8p
1cax4wr,NARSS-01285,2026-04-10,SOUBHIK SARKAR,Reddit r/Kerala,reddit.com,2024-04-23,Need loan of 5-7lakhs,https://www.reddit.com/r/Kerala/comments/1cax4wr/need_loan_of_57lakhs/,online scam,General Cybercrime / Cyber Fraud Terms,Cyber Scam,THIRD-PARTY,NARSS-01285.txt,State: Kerala | Author: u/Nyc_outfit | Score: 1 | Reddit ID: 1cax4wr
1at1b4k,NARSS-01286,2026-04-10,SOUBHIK SARKAR,Reddit r/Kerala,reddit.com,2024-02-17,Is forever living products (fe03) a scam?,https://www.reddit.com/r/Kerala/comments/1at1b4k/is_forever_living_products_fe03_a_scam/,online scam,General Cybercrime / Cyber Fraud Terms,Cyber Scam,NEAR-MISS,NARSS-01286.txt,State: Kerala | Author: u/darkavengerhere | Score: 1 | Reddit ID: 1at1b4k
18jt95v,NARSS-01287,2026-04-10,SOUBHIK SARKAR,Reddit r/Kerala,reddit.com,2023-12-16,A easy tool for your parents to detect scam links impersonating brands and companies.,https://www.reddit.com/r/Kerala/comments/18jt95v/a_easy_tool_for_your_parents_to_detect_scam_links/,online scam,General Cybercrime / Cyber Fraud Terms,Cyber Scam,THIRD-PARTY,NARSS-01287.txt,State: Kerala | Author: u/webVerts | Score: 1 | Reddit ID: 18jt95v
18ic3cg,NARSS-01288,2026-04-10,SOUBHIK SARKAR,Reddit r/Kerala,reddit.com,2023-12-14,"Karuvannur scam; ED reveals funds reached CPM account, Arvindakshan threatened bank board for loans - KERALA - CRIME | Kerala Kaumudi Online",https://www.reddit.com/r/Kerala/comments/18ic3cg/karuvannur_scam_ed_reveals_funds_reached_cpm/,online scam,General Cybercrime / Cyber Fraud Terms,Cyber Scam,THIRD-PARTY,NARSS-01288.txt,State: Kerala | Author: u/nerdy_ace_penguin | Score: 1 | Reddit ID: 18ic3cg
18ftln6,NARSS-01289,2026-04-10,SOUBHIK SARKAR,Reddit r/Kerala,reddit.com,2023-12-11,Is this website scam? And how to report them?,https://www.reddit.com/r/Kerala/comments/18ftln6/is_this_website_scam_and_how_to_report_them/,online scam,General Cybercrime / Cyber Fraud Terms,Cyber Scam,THIRD-PARTY,NARSS-01289.txt,State: Kerala | Author: u/JohanHex96 | Score: 1 | Reddit ID: 18ftln6
18cwvq4,NARSS-01290,2026-04-10,SOUBHIK SARKAR,Reddit r/Kerala,reddit.com,2023-12-07,SCAM!! by online delivery apps,https://www.reddit.com/r/Kerala/comments/18cwvq4/scam_by_online_delivery_apps/,online scam,General Cybercrime / Cyber Fraud Terms,Cyber Scam,NEAR-MISS,NARSS-01290.txt,State: Kerala | Author: u/SeveralConcentrate20 | Score: 1 | Reddit ID: 18cwvq4
17hfvf6,NARSS-01291,2026-04-10,SOUBHIK SARKAR,Reddit r/Kerala,reddit.com,2023-10-27,OTP Scam on Truecaller? Pls help,https://www.reddit.com/r/Kerala/comments/17hfvf6/otp_scam_on_truecaller_pls_help/,online scam,General Cybercrime / Cyber Fraud Terms,Cyber Scam,THIRD-PARTY,NARSS-01291.txt,State: Kerala | Author: u/ilikedrawing54 | Score: 1 | Reddit ID: 17hfvf6
16ii4kt,NARSS-01292,2026-04-10,SOUBHIK SARKAR,Reddit r/Kerala,reddit.com,2023-09-14,Should I start consuming whey protein as my trainer advised me to ? Totally confused,https://www.reddit.com/r/Kerala/comments/16ii4kt/should_i_start_consuming_whey_protein_as_my/,online scam,General Cybercrime / Cyber Fraud Terms,Cyber Scam,VICTIM,NARSS-01292.txt,State: Kerala | Author: u/Ooken_Tintu_SI | Score: 1 | Reddit ID: 16ii4kt
16ih54o,NARSS-01293,2026-04-10,SOUBHIK SARKAR,Reddit r/Kerala,reddit.com,2023-09-14,വീടു വിറ്റും പണയം വച്ചും കാശ് കൊടുത്ത് ബ്രിട്ടനിൽ യുട്യൂബർ ചതിച്ച മലയാളി നഴ്സിന് പണം (20 lakhs) തിരികെ ലഭിക്കാൻ സഹായിച്ച് ഇംഗ്ലണ്ടിലെ അച്ചായന്മാർ – Englandile Achayanmar FB Group | Job Scam | Nurse |Britain | Manorama Online,https://www.reddit.com/r/Kerala/comments/16ih54o/വട_വററ_പണയ_വചച_കശ_കടതത_ബരടടനൽ_യടയബർ_ചതചച_മലയള/,online scam,General Cybercrime / Cyber Fraud Terms,Cyber Scam,THIRD-PARTY,NARSS-01293.txt,State: Kerala | Author: u/dppallikkal | Score: 1 | Reddit ID: 16ih54o
16d0sik,NARSS-01294,2026-04-10,SOUBHIK SARKAR,Reddit r/Kerala,reddit.com,2023-09-08,Is ordering electronics from flipkart safe?,https://www.reddit.com/r/Kerala/comments/16d0sik/is_ordering_electronics_from_flipkart_safe/,online scam,General Cybercrime / Cyber Fraud Terms,Cyber Scam,THIRD-PARTY,NARSS-01294.txt,State: Kerala | Author: u/Warm_Talk1901 | Score: 1 | Reddit ID: 16d0sik
15zzjmm,NARSS-01295,2026-04-10,SOUBHIK SARKAR,Reddit r/Kerala,reddit.com,2023-08-24,Saw the HCL TECHBEE IS A SCAM post from this subreddit and though I should ask about opinion on my decison.,https://www.reddit.com/r/Kerala/comments/15zzjmm/saw_the_hcl_techbee_is_a_scam_post_from_this/,online scam,General Cybercrime / Cyber Fraud Terms,Cyber Scam,THIRD-PARTY,NARSS-01295.txt,State: Kerala | Author: u/Indominus_XD | Score: 1 | Reddit ID: 15zzjmm
12vszvp,NARSS-01296,2026-04-10,SOUBHIK SARKAR,Reddit r/Kerala,reddit.com,2023-04-23,HCL TECHBEE is a SCAM. Please do not ruin your life by joining this Program. (DETAILED PERSONAL EXPERIENCE),https://www.reddit.com/r/Kerala/comments/12vszvp/hcl_techbee_is_a_scam_please_do_not_ruin_your/,online scam,General Cybercrime / Cyber Fraud Terms,Cyber Scam,VICTIM,NARSS-01296.txt,State: Kerala | Author: u/fuckthemcorporations | Score: 434 | Reddit ID: 12vszvp
xalcfm,NARSS-01297,2026-04-10,SOUBHIK SARKAR,Reddit r/Kerala,reddit.com,2022-09-10,ONLINE SCAM through OLX n Facebook 🚫,https://www.reddit.com/r/Kerala/comments/xalcfm/online_scam_through_olx_n_facebook/,online scam,General Cybercrime / Cyber Fraud Terms,Cyber Scam,THIRD-PARTY,NARSS-01297.txt,State: Kerala | Author: u/[deleted] | Score: 35 | Reddit ID: xalcfm
vsqd4f,NARSS-01298,2026-04-10,SOUBHIK SARKAR,Reddit r/Kerala,reddit.com,2022-07-06,"I had paid ₹1010 in advance for LPG cylinder online. On its delivery they demand and extra ₹50 and has labelled it as ""NET"" in the bill. This is on top of the ₹50 delivery charge they ask us to pay every time, which we give without any problem. Is this legit or some scam by the agency?",https://www.reddit.com/r/Kerala/comments/vsqd4f/i_had_paid_1010_in_advance_for_lpg_cylinder/,online scam,General Cybercrime / Cyber Fraud Terms,Cyber Scam,THIRD-PARTY,NARSS-01298.txt,State: Kerala | Author: u/[deleted] | Score: 7 | Reddit ID: vsqd4f
1g42nl3,NARSS-01299,2026-04-10,SOUBHIK SARKAR,Reddit r/Kerala,reddit.com,2024-10-15,KeralaVision broadband is okayish. But do they have to give fake advertisements like this?,https://www.reddit.com/r/Kerala/comments/1g42nl3/keralavision_broadband_is_okayish_but_do_they/,internet scam,General Cybercrime / Cyber Fraud Terms,Cyber Scam,THIRD-PARTY,NARSS-01299.txt,State: Kerala | Author: u/madhav_s_s | Score: 42 | Reddit ID: 1g42nl3
w6b1up,NARSS-01300,2026-04-10,SOUBHIK SARKAR,Reddit r/Kerala,reddit.com,2022-07-24,E biotorium : Magnetic bed,https://www.reddit.com/r/Kerala/comments/w6b1up/e_biotorium_magnetic_bed/,internet scam,General Cybercrime / Cyber Fraud Terms,Cyber Scam,THIRD-PARTY,NARSS-01300.txt,State: Kerala | Author: u/cuddywifter | Score: 20 | Reddit ID: w6b1up
pcqemj,NARSS-01301,2026-04-10,SOUBHIK SARKAR,Reddit r/Kerala,reddit.com,2021-08-27,The great kerala ISP scam,https://www.reddit.com/r/Kerala/comments/pcqemj/the_great_kerala_isp_scam/,internet scam,General Cybercrime / Cyber Fraud Terms,Cyber Scam,THIRD-PARTY,NARSS-01301.txt,State: Kerala | Author: u/joethebear | Score: 93 | Reddit ID: pcqemj
neh90p,NARSS-01302,2026-04-10,SOUBHIK SARKAR,Reddit r/Kerala,reddit.com,2021-05-17,Stock Traders in Kerala.,https://www.reddit.com/r/Kerala/comments/neh90p/stock_traders_in_kerala/,internet scam,General Cybercrime / Cyber Fraud Terms,Cyber Scam,THIRD-PARTY,NARSS-01302.txt,State: Kerala | Author: u/Icy_Communication657 | Score: 10 | Reddit ID: neh90p
1f39j7a,NARSS-01303,2026-04-10,SOUBHIK SARKAR,Reddit r/Kerala,reddit.com,2024-08-28,"Service Of Legal Notice Through WhatsApp, Other Electronic Means Recognized Under Consumer Protection Act: Ernakulam District Commission",https://www.reddit.com/r/Kerala/comments/1f39j7a/service_of_legal_notice_through_whatsapp_other/,online cheating,General Cybercrime / Cyber Fraud Terms,Cyber Scam,THIRD-PARTY,NARSS-01303.txt,State: Kerala | Author: u/Voxyacomplaintforum | Score: 1 | Reddit ID: 1f39j7a
176jy5a,NARSS-01304,2026-04-10,SOUBHIK SARKAR,Reddit r/Kerala,reddit.com,2023-10-13,"Dropper needs some directions, Completely lost but still motivated.",https://www.reddit.com/r/Kerala/comments/176jy5a/dropper_needs_some_directions_completely_lost_but/,online cheating,General Cybercrime / Cyber Fraud Terms,Cyber Scam,NEAR-MISS,NARSS-01304.txt,State: Kerala | Author: u/bitchless4everr | Score: 1 | Reddit ID: 176jy5a
phkk4l,NARSS-01305,2026-04-10,SOUBHIK SARKAR,Reddit r/Kerala,reddit.com,2021-09-04,Is it the right time to conduct the plus one exam?,https://www.reddit.com/r/Kerala/comments/phkk4l/is_it_the_right_time_to_conduct_the_plus_one_exam/,online cheating,General Cybercrime / Cyber Fraud Terms,Cyber Scam,THIRD-PARTY,NARSS-01305.txt,State: Kerala | Author: u/srohank | Score: 77 | Reddit ID: phkk4l
gvqdpu,NARSS-01306,2026-04-10,SOUBHIK SARKAR,Reddit r/Kerala,reddit.com,2020-06-03,"I am currently in surat, and a guy in kerala cheated me by promising to sell an online game account, i sent thim ₹4000 via Paytm. And he did not give me the account. Can i file a 420 FIR for cheating against him?...and can I get back my legal expenses from him if he is found guilty...",https://www.reddit.com/r/Kerala/comments/gvqdpu/i_am_currently_in_surat_and_a_guy_in_kerala/,online cheating,General Cybercrime / Cyber Fraud Terms,Cyber Scam,THIRD-PARTY,NARSS-01306.txt,State: Kerala | Author: u/amI_a_psycho | Score: 11 | Reddit ID: gvqdpu
17xo9wm,NARSS-01307,2026-04-10,SOUBHIK SARKAR,Reddit r/Kerala,reddit.com,2023-11-18,Possible scam in billing at Peter England showroom?,https://www.reddit.com/r/Kerala/comments/17xo9wm/possible_scam_in_billing_at_peter_england_showroom/,UPI fraud,UPI and Digital Payment Fraud,UPI Fraud,THIRD-PARTY,NARSS-01307.txt,State: Kerala | Author: u/SharonAlexander | Score: 1 | Reddit ID: 17xo9wm
13ujvc1,NARSS-01308,2026-04-10,SOUBHIK SARKAR,Reddit r/Kerala,reddit.com,2023-05-29,അക്കൗണ്ട് മരവിപ്പിക്കാൻ കാരണമായത് 263 രൂപയുടെ ട്രാൻസാക്ഷൻ; യുപിഐ സേവനം വഴി കോഴിക്കോട് സ്വദേശിയ്ക്ക് പണി കിട്ടിയത് ഇങ്ങനെ,https://www.reddit.com/r/Kerala/comments/13ujvc1/അകകണട_മരവപപകകൻ_കരണമയത_263_രപയട_ടരൻസകഷൻ_യപഐ_സവന_വഴ/,UPI fraud,UPI and Digital Payment Fraud,UPI Fraud,THIRD-PARTY,NARSS-01308.txt,State: Kerala | Author: u/manukoleth | Score: 65 | Reddit ID: 13ujvc1
rwle9t,NARSS-01309,2026-04-10,SOUBHIK SARKAR,Reddit r/Kerala,reddit.com,2022-01-05,"This is How Youth are fooling Shopkeeper via UPI Transaction guys, beware of such fraud. Don't Tell Your Name when someone asks when doing UPI Payment. Issued in Public Intrest.",https://www.reddit.com/r/Kerala/comments/rwle9t/this_is_how_youth_are_fooling_shopkeeper_via_upi/,UPI fraud,UPI and Digital Payment Fraud,UPI Fraud,NEAR-MISS,NARSS-01309.txt,State: Kerala | Author: u/dave8055 | Score: 1 | Reddit ID: rwle9t
e1hr7u,NARSS-01310,2026-04-10,SOUBHIK SARKAR,Reddit r/Kerala,reddit.com,2019-11-25,Beware of OLX scam via GooglePay/PayTm etc - Tell your older relatives.,https://www.reddit.com/r/Kerala/comments/e1hr7u/beware_of_olx_scam_via_googlepaypaytm_etc_tell/,UPI fraud,UPI and Digital Payment Fraud,UPI Fraud,NEAR-MISS,NARSS-01310.txt,State: Kerala | Author: u/MinistryOfHappiness | Score: 24 | Reddit ID: e1hr7u
1f0rv8g,NARSS-01311,2026-04-10,SOUBHIK SARKAR,Reddit r/Kerala,reddit.com,2024-08-25,Frequent UPI Cash Exchange Requests at Railway Stations in Kerala – Anyone Else Notice This?,https://www.reddit.com/r/Kerala/comments/1f0rv8g/frequent_upi_cash_exchange_requests_at_railway/,UPI scam,UPI and Digital Payment Fraud,UPI Fraud,NEAR-MISS,NARSS-01311.txt,State: Kerala | Author: u/Odd_Struggle_874 | Score: 1 | Reddit ID: 1f0rv8g
10idvdf,NARSS-01312,2026-04-10,SOUBHIK SARKAR,Reddit r/Kerala,reddit.com,2023-01-22,Got scammed by an ecommerce website - what are my options?,https://www.reddit.com/r/Kerala/comments/10idvdf/got_scammed_by_an_ecommerce_website_what_are_my/,UPI scam,UPI and Digital Payment Fraud,UPI Fraud,THIRD-PARTY,NARSS-01312.txt,State: Kerala | Author: u/jishnu7 | Score: 33 | Reddit ID: 10idvdf
ck3o8u,NARSS-01313,2026-04-10,SOUBHIK SARKAR,Reddit r/Kerala,reddit.com,2019-07-31,I got scammed here in r/kerala,https://www.reddit.com/r/Kerala/comments/ck3o8u/i_got_scammed_here_in_rkerala/,UPI scam,UPI and Digital Payment Fraud,UPI Fraud,NEAR-MISS,NARSS-01313.txt,State: Kerala | Author: u/mallu_fam | Score: 132 | Reddit ID: ck3o8u
v6rvdt,NARSS-01314,2026-04-10,SOUBHIK SARKAR,Reddit r/Kerala,reddit.com,2022-06-07,Save Box Bidding App Scam,https://www.reddit.com/r/Kerala/comments/v6rvdt/save_box_bidding_app_scam/,Google Pay fraud,UPI and Digital Payment Fraud,UPI Fraud,THIRD-PARTY,NARSS-01314.txt,State: Kerala | Author: u/8DG8 | Score: 46 | Reddit ID: v6rvdt
o7i5za,NARSS-01315,2026-04-10,SOUBHIK SARKAR,Reddit r/Kerala,reddit.com,2021-06-25,Cake Hut Kochi,https://www.reddit.com/r/Kerala/comments/o7i5za/cake_hut_kochi/,Paytm fraud,UPI and Digital Payment Fraud,UPI Fraud,THIRD-PARTY,NARSS-01315.txt,State: Kerala | Author: u/arunm7893 | Score: 70 | Reddit ID: o7i5za
190xyb1,NARSS-01316,2026-04-10,SOUBHIK SARKAR,Reddit r/Kerala,reddit.com,2024-01-07,new scam alert on instagram,https://www.reddit.com/r/Kerala/comments/190xyb1/new_scam_alert_on_instagram/,QR code scam,UPI and Digital Payment Fraud,QR Code Fraud,THIRD-PARTY,NARSS-01316.txt,State: Kerala | Author: u/Remarkable_Yellow131 | Score: 1 | Reddit ID: 190xyb1
1e97g0w,NARSS-01317,2026-04-10,SOUBHIK SARKAR,Reddit r/Kerala,reddit.com,2024-07-22,Trans women collecting money from passengers inside train,https://www.reddit.com/r/Kerala/comments/1e97g0w/trans_women_collecting_money_from_passengers/,collect request scam,UPI and Digital Payment Fraud,Payment Link Fraud,NEAR-MISS,NARSS-01317.txt,State: Kerala | Author: u/pranav_ayanikkal | Score: 1 | Reddit ID: 1e97g0w
1jy9dei,NARSS-01318,2026-04-10,SOUBHIK SARKAR,Reddit r/Kerala,reddit.com,2025-04-13,Scam alert !! email asking you to click on a link to download your e-PAN Card,https://www.reddit.com/r/Kerala/comments/1jy9dei/scam_alert_email_asking_you_to_click_on_a_link_to/,e-wallet scam,UPI and Digital Payment Fraud,Mobile Wallet Fraud,THIRD-PARTY,NARSS-01318.txt,State: Kerala | Author: u/Warm_Pick1549 | Score: 1 | Reddit ID: 1jy9dei
1i2imrp,NARSS-01319,2026-04-10,SOUBHIK SARKAR,Reddit r/Kerala,reddit.com,2025-01-16,Anyone else keep getting random eTR5 recipets for payment to kerala treasury ,https://www.reddit.com/r/Kerala/comments/1i2imrp/anyone_else_keep_getting_random_etr5_recipets_for/,e-wallet scam,UPI and Digital Payment Fraud,Mobile Wallet Fraud,NEAR-MISS,NARSS-01319.txt,State: Kerala | Author: u/Haunting-Barber-3422 | Score: 1 | Reddit ID: 1i2imrp
1fimva9,NARSS-01320,2026-04-10,SOUBHIK SARKAR,Reddit r/Kerala,reddit.com,2024-09-17,Kerala Police warn mobile phone users of new e-SIM scam,https://www.reddit.com/r/Kerala/comments/1fimva9/kerala_police_warn_mobile_phone_users_of_new_esim/,e-wallet scam,UPI and Digital Payment Fraud,Mobile Wallet Fraud,THIRD-PARTY,NARSS-01320.txt,State: Kerala | Author: u/bheemanreghuu | Score: 1 | Reddit ID: 1fimva9
11zbvbn,NARSS-01321,2026-04-10,SOUBHIK SARKAR,Reddit r/Kerala,reddit.com,2023-03-23,E-Biotorium IS SCAM : Magnetic Bed,https://www.reddit.com/r/Kerala/comments/11zbvbn/ebiotorium_is_scam_magnetic_bed/,e-wallet scam,UPI and Digital Payment Fraud,Mobile Wallet Fraud,THIRD-PARTY,NARSS-01321.txt,State: Kerala | Author: u/[deleted] | Score: 8 | Reddit ID: 11zbvbn
yalfdu,NARSS-01322,2026-04-10,SOUBHIK SARKAR,Reddit r/Kerala,reddit.com,2022-10-22,E Biotorium SCAM!???,https://www.reddit.com/r/Kerala/comments/yalfdu/e_biotorium_scam/,e-wallet scam,UPI and Digital Payment Fraud,Mobile Wallet Fraud,THIRD-PARTY,NARSS-01322.txt,State: Kerala | Author: u/Either_Body_1866 | Score: 2 | Reddit ID: yalfdu
kh9vvx,NARSS-01323,2026-04-10,SOUBHIK SARKAR,Reddit r/Kerala,reddit.com,2020-12-21,"Thought TV media would be a little less obvious, but well.",https://www.reddit.com/r/Kerala/comments/kh9vvx/thought_tv_media_would_be_a_little_less_obvious/,e-wallet scam,UPI and Digital Payment Fraud,Mobile Wallet Fraud,THIRD-PARTY,NARSS-01323.txt,State: Kerala | Author: u/caesarisape | Score: 85 | Reddit ID: kh9vvx
k4i8xr,NARSS-01324,2026-04-10,SOUBHIK SARKAR,Reddit r/Kerala,reddit.com,2020-12-01,Cinema and religion: A look at 'Trance' and 'Halal Love Story',https://www.reddit.com/r/Kerala/comments/k4i8xr/cinema_and_religion_a_look_at_trance_and_halal/,e-wallet scam,UPI and Digital Payment Fraud,Mobile Wallet Fraud,THIRD-PARTY,NARSS-01324.txt,State: Kerala | Author: u/TejasNair | Score: 35 | Reddit ID: k4i8xr
1c5gap5,NARSS-01325,2026-04-10,SOUBHIK SARKAR,Reddit r/Kerala,reddit.com,2024-04-16,Nykaa delivery partner fraud ecom express kannur,https://www.reddit.com/r/Kerala/comments/1c5gap5/nykaa_delivery_partner_fraud_ecom_express_kannur/,OTP fraud,OTP and Authentication Fraud,OTP Fraud,NEAR-MISS,NARSS-01325.txt,State: Kerala | Author: u/cheapika | Score: 1 | Reddit ID: 1c5gap5
1iwgl2w,NARSS-01326,2026-04-10,SOUBHIK SARKAR,Reddit r/Kerala,reddit.com,2025-02-23,Warning: Flipkart Representative Asking for OTP,https://www.reddit.com/r/Kerala/comments/1iwgl2w/warning_flipkart_representative_asking_for_otp/,OTP scam,OTP and Authentication Fraud,OTP Fraud,NEAR-MISS,NARSS-01326.txt,State: Kerala | Author: u/than_aara_than_aara | Score: 1 | Reddit ID: 1iwgl2w
18wrk5h,NARSS-01327,2026-04-10,SOUBHIK SARKAR,Reddit r/Kerala,reddit.com,2024-01-02,ESCORT SERVICE IN KERALA,https://www.reddit.com/r/Kerala/comments/18wrk5h/escort_service_in_kerala/,OTP scam,OTP and Authentication Fraud,OTP Fraud,THIRD-PARTY,NARSS-01327.txt,State: Kerala | Author: u/unnikuttan24 | Score: 1 | Reddit ID: 18wrk5h
16sfv9r,NARSS-01328,2026-04-10,SOUBHIK SARKAR,Reddit r/Kerala,reddit.com,2023-09-26,Amazon/Myntra/Flipkart scams using OTP,https://www.reddit.com/r/Kerala/comments/16sfv9r/amazonmyntraflipkart_scams_using_otp/,OTP scam,OTP and Authentication Fraud,OTP Fraud,THIRD-PARTY,NARSS-01328.txt,State: Kerala | Author: u/wibwuK | Score: 1 | Reddit ID: 16sfv9r
1jiyz7x,NARSS-01329,2026-04-10,SOUBHIK SARKAR,Reddit r/Kerala,reddit.com,2025-03-25,Thoughts on InfinQx.ai.,https://www.reddit.com/r/Kerala/comments/1jiyz7x/thoughts_on_infinqxai/,KYC scam,OTP and Authentication Fraud,KYC Fraud,NEAR-MISS,NARSS-01329.txt,State: Kerala | Author: u/Familiar_Pizza_7070 | Score: 1 | Reddit ID: 1jiyz7x
1jwze4m,NARSS-01330,2026-04-10,SOUBHIK SARKAR,Reddit r/Kerala,reddit.com,2025-04-12,Kottayam man held in ₹93 lakh 'digital arrest' scam,https://www.reddit.com/r/Kerala/comments/1jwze4m/kottayam_man_held_in_93_lakh_digital_arrest_scam/,digital arrest,Digital Arrest Scam,Digital Arrest,THIRD-PARTY,NARSS-01330.txt,State: Kerala | Author: u/His_Highness_Abdulla | Score: 1 | Reddit ID: 1jwze4m
1jqq12t,NARSS-01331,2026-04-10,SOUBHIK SARKAR,Reddit r/Kerala,reddit.com,2025-04-03,5 Ways to Beat Digital Arrest Scams in India!,https://www.reddit.com/r/Kerala/comments/1jqq12t/5_ways_to_beat_digital_arrest_scams_in_india/,digital arrest,Digital Arrest Scam,Digital Arrest,THIRD-PARTY,NARSS-01331.txt,State: Kerala | Author: u/Warm_Pick1549 | Score: 1 | Reddit ID: 1jqq12t
1ijp8gg,NARSS-01332,2026-04-10,SOUBHIK SARKAR,Reddit r/Kerala,reddit.com,2025-02-07,"CSR fund scam to surpass Rs 1,000 crore in Kerala",https://www.reddit.com/r/Kerala/comments/1ijp8gg/csr_fund_scam_to_surpass_rs_1000_crore_in_kerala/,digital arrest,Digital Arrest Scam,Digital Arrest,THIRD-PARTY,NARSS-01332.txt,State: Kerala | Author: u/pulikkattilcharlie | Score: 1 | Reddit ID: 1ijp8gg
1h4uwzt,NARSS-01333,2026-04-10,SOUBHIK SARKAR,Reddit r/Kerala,reddit.com,2024-12-02,"ഒന്നും രണ്ടുമല്ല, ഡിജിറ്റൽ അറസ്റ്റിലൂടെ യുവാക്കൾ തട്ടിയത് 4 കോടി | Digital Arrest",https://www.reddit.com/r/Kerala/comments/1h4uwzt/ഒനന_രണടമലല_ഡജററൽ_അറസററലട_യവകകൾ_തടടയത_4_കട_digital/,digital arrest,Digital Arrest Scam,Digital Arrest,THIRD-PARTY,NARSS-01333.txt,State: Kerala | Author: u/dave8055 | Score: 1 | Reddit ID: 1h4uwzt
1guzszv,NARSS-01334,2026-04-10,SOUBHIK SARKAR,Reddit r/Kerala,reddit.com,2024-11-19,ഡിജിറ്റൽ അറസ്റ്റ് തട്ടിപ്പ് സംഘത്തെ ക്യാമറയില്‍ കുടുക്കി വിദ്യാർഥി; കയ്യടി|Digital Arrest,https://www.reddit.com/r/Kerala/comments/1guzszv/ഡജററൽ_അറസററ_തടടപപ_സഘതത_കയമറയല_കടകക_വദയർഥ/,digital arrest,Digital Arrest Scam,Digital Arrest,THIRD-PARTY,NARSS-01334.txt,State: Kerala | Author: u/dave8055 | Score: 1 | Reddit ID: 1guzszv
15ob2c4,NARSS-01335,2026-04-10,SOUBHIK SARKAR,Reddit r/Kerala,reddit.com,2023-08-11,What are your views on kerala police?,https://www.reddit.com/r/Kerala/comments/15ob2c4/what_are_your_views_on_kerala_police/,digital arrest,Digital Arrest Scam,Digital Arrest,VICTIM,NARSS-01335.txt,State: Kerala | Author: u/ArtElevatedX | Score: 155 | Reddit ID: 15ob2c4
fkrf9q,NARSS-01336,2026-04-10,SOUBHIK SARKAR,Reddit r/Kerala,reddit.com,2020-03-18,Does anyone else feel that Ayyapanum Koshiyum should have had an open ending.,https://www.reddit.com/r/Kerala/comments/fkrf9q/does_anyone_else_feel_that_ayyapanum_koshiyum/,digital arrest,Digital Arrest Scam,Digital Arrest,THIRD-PARTY,NARSS-01336.txt,State: Kerala | Author: u/Engineering_123 | Score: 13 | Reddit ID: fkrf9q
1kib2o5,NARSS-01337,2026-04-10,SOUBHIK SARKAR,Reddit r/Kerala,reddit.com,2025-05-09,The pathetic state of our media,https://www.reddit.com/r/Kerala/comments/1kib2o5/the_pathetic_state_of_our_media/,fake arrest,Digital Arrest Scam,Digital Arrest,THIRD-PARTY,NARSS-01337.txt,State: Kerala | Author: u/Rangannan1 | Score: 1 | Reddit ID: 1kib2o5
1jfjhme,NARSS-01338,2026-04-10,SOUBHIK SARKAR,Reddit r/Kerala,reddit.com,2025-03-20,2 illegal Bangladeshi migrants residing in Kerala with fake Aadhaar cards arrested,https://www.reddit.com/r/Kerala/comments/1jfjhme/2_illegal_bangladeshi_migrants_residing_in_kerala/,fake arrest,Digital Arrest Scam,Digital Arrest,THIRD-PARTY,NARSS-01338.txt,State: Kerala | Author: u/Impossible-Sun-8646 | Score: 1 | Reddit ID: 1jfjhme
1ft5yl6,NARSS-01339,2026-04-10,SOUBHIK SARKAR,Reddit r/Kerala,reddit.com,2024-10-01,Fake Doctor of TMH hospital arrested,https://www.reddit.com/r/Kerala/comments/1ft5yl6/fake_doctor_of_tmh_hospital_arrested/,fake arrest,Digital Arrest Scam,Digital Arrest,THIRD-PARTY,NARSS-01339.txt,State: Kerala | Author: u/warlock1992 | Score: 1 | Reddit ID: 1ft5yl6
1bktwsn,NARSS-01340,2026-04-10,SOUBHIK SARKAR,Reddit r/Kerala,reddit.com,2024-03-22,Arvind Kejriwal arrested. Do you think it's the game of BJP?,https://www.reddit.com/r/Kerala/comments/1bktwsn/arvind_kejriwal_arrested_do_you_think_its_the/,fake arrest,Digital Arrest Scam,Digital Arrest,THIRD-PARTY,NARSS-01340.txt,State: Kerala | Author: u/Fantastic-Style-999 | Score: 1 | Reddit ID: 1bktwsn
192x6fn,NARSS-01341,2026-04-10,SOUBHIK SARKAR,Reddit r/Kerala,reddit.com,2024-01-10,"Gopinath muthukad controversy ""Conclusion""",https://www.reddit.com/r/Kerala/comments/192x6fn/gopinath_muthukad_controversy_conclusion/,fake arrest,Digital Arrest Scam,Digital Arrest,THIRD-PARTY,NARSS-01341.txt,State: Kerala | Author: u/pewweey | Score: 1 | Reddit ID: 192x6fn
18lvpjt,NARSS-01342,2026-04-10,SOUBHIK SARKAR,Reddit r/Kerala,reddit.com,2023-12-19,"ഗവർണർക്കെതിരെ പ്രതിഷേധിച്ചത് ഗുണ്ടകളോ ക്രിമിനലുകളോ അല്ല, ഭാവി വാഗ്ദാനങ്ങൾ - മുഖ്യമന്ത്രി",https://www.reddit.com/r/Kerala/comments/18lvpjt/ഗവർണർകകതര_പരതഷധചചത_ഗണടകള_കരമനലകള_അലല_ഭവ_വഗദനങങൾ/,fake arrest,Digital Arrest Scam,Digital Arrest,THIRD-PARTY,NARSS-01342.txt,State: Kerala | Author: u/Luispsypher | Score: 1 | Reddit ID: 18lvpjt
14gavmk,NARSS-01343,2026-04-10,SOUBHIK SARKAR,Reddit r/Kerala,reddit.com,2023-06-22,Opinion: Govt jobs and Govt College admissions are now only a faraway fantasy for those without political clout and thats scary.,https://www.reddit.com/r/Kerala/comments/14gavmk/opinion_govt_jobs_and_govt_college_admissions_are/,fake arrest,Digital Arrest Scam,Digital Arrest,THIRD-PARTY,NARSS-01343.txt,State: Kerala | Author: u/Substantial_Salad262 | Score: 105 | Reddit ID: 14gavmk
131rdfk,NARSS-01344,2026-04-10,SOUBHIK SARKAR,Reddit r/Kerala,reddit.com,2023-04-28,I was already sick of people using the kerala Isis issue to defame kerala. Then came the kerala story.,https://www.reddit.com/r/Kerala/comments/131rdfk/i_was_already_sick_of_people_using_the_kerala/,fake arrest,Digital Arrest Scam,Digital Arrest,NEAR-MISS,NARSS-01344.txt,State: Kerala | Author: u/lifelessdragonslayer | Score: 1 | Reddit ID: 131rdfk
zddtha,NARSS-01345,2026-04-10,SOUBHIK SARKAR,Reddit r/Kerala,reddit.com,2022-12-05,"Two agents arrested for arranging fake Schengen Visa, duping job seekers",https://www.reddit.com/r/Kerala/comments/zddtha/two_agents_arrested_for_arranging_fake_schengen/,fake arrest,Digital Arrest Scam,Digital Arrest,THIRD-PARTY,NARSS-01345.txt,State: Kerala | Author: u/Trigyesh | Score: 32 | Reddit ID: zddtha
xouql1,NARSS-01346,2026-04-10,SOUBHIK SARKAR,Reddit r/Kerala,reddit.com,2022-09-27,Are these mere coincidences or what?,https://www.reddit.com/r/Kerala/comments/xouql1/are_these_mere_coincidences_or_what/,fake arrest,Digital Arrest Scam,Digital Arrest,THIRD-PARTY,NARSS-01346.txt,State: Kerala | Author: u/Accurate-Sir-101 | Score: 11 | Reddit ID: xouql1
q13hkq,NARSS-01347,2026-04-10,SOUBHIK SARKAR,Reddit r/Kerala,reddit.com,2021-10-04,3 Kerala women who came to meet jailed PFI members arrested for ‘fake RT PCR report’,https://www.reddit.com/r/Kerala/comments/q13hkq/3_kerala_women_who_came_to_meet_jailed_pfi/,fake arrest,Digital Arrest Scam,Digital Arrest,THIRD-PARTY,NARSS-01347.txt,State: Kerala | Author: u/gate666 | Score: 34 | Reddit ID: q13hkq
p4a9cb,NARSS-01348,2026-04-10,SOUBHIK SARKAR,Reddit r/Kerala,reddit.com,2021-08-14,Kerala couple arrested for trying to enter with fake Covid certificate,https://www.reddit.com/r/Kerala/comments/p4a9cb/kerala_couple_arrested_for_trying_to_enter_with/,fake arrest,Digital Arrest Scam,Digital Arrest,THIRD-PARTY,NARSS-01348.txt,State: Kerala | Author: u/[deleted] | Score: 32 | Reddit ID: p4a9cb
kyb8l3,NARSS-01349,2026-04-10,SOUBHIK SARKAR,Reddit r/Kerala,reddit.com,2021-01-16,Yuvamorcha leader arrested for selling fake Sabarimala passes,https://www.reddit.com/r/Kerala/comments/kyb8l3/yuvamorcha_leader_arrested_for_selling_fake/,fake arrest,Digital Arrest Scam,Digital Arrest,THIRD-PARTY,NARSS-01349.txt,State: Kerala | Author: u/nahijata | Score: 1 | Reddit ID: kyb8l3
jaw6vy,NARSS-01350,2026-04-10,SOUBHIK SARKAR,Reddit r/Kerala,reddit.com,2020-10-14,"Last month a trial court in Kerala, had passed a gag order on the media, on reporting about the Bishop Franco Mulakkal's trial in the nun rape case. | Here is a look at the on the media reports till date.",https://www.reddit.com/r/Kerala/comments/jaw6vy/last_month_a_trial_court_in_kerala_had_passed_a/,fake arrest,Digital Arrest Scam,Digital Arrest,THIRD-PARTY,NARSS-01350.txt,State: Kerala | Author: u/aiyyooooo | Score: 28 | Reddit ID: jaw6vy
iaowej,NARSS-01351,2026-04-10,SOUBHIK SARKAR,Reddit r/Kerala,reddit.com,2020-08-16,What fake news was Sreekandan Nair arrested for? : OOTL,https://www.reddit.com/r/Kerala/comments/iaowej/what_fake_news_was_sreekandan_nair_arrested_for/,fake arrest,Digital Arrest Scam,Digital Arrest,THIRD-PARTY,NARSS-01351.txt,State: Kerala | Author: u/[deleted] | Score: 8 | Reddit ID: iaowej
fs3zid,NARSS-01352,2026-04-10,SOUBHIK SARKAR,Reddit r/Kerala,reddit.com,2020-03-31,Everything about this migrant crisis seems politically motivated,https://www.reddit.com/r/Kerala/comments/fs3zid/everything_about_this_migrant_crisis_seems/,fake arrest,Digital Arrest Scam,Digital Arrest,THIRD-PARTY,NARSS-01352.txt,State: Kerala | Author: u/Kuchelan | Score: 97 | Reddit ID: fs3zid
flx2wh,NARSS-01353,2026-04-10,SOUBHIK SARKAR,Reddit r/Kerala,reddit.com,2020-03-20,Man arrested for evading home quarantine in Wayanad; another for circulation of fake news,https://www.reddit.com/r/Kerala/comments/flx2wh/man_arrested_for_evading_home_quarantine_in/,fake arrest,Digital Arrest Scam,Digital Arrest,THIRD-PARTY,NARSS-01353.txt,State: Kerala | Author: u/Shellynoire | Score: 32 | Reddit ID: flx2wh
fgc8m6,NARSS-01354,2026-04-10,SOUBHIK SARKAR,Reddit r/Kerala,reddit.com,2020-03-10,Coronavirus COVID-19 Megathread - News and Updates,https://www.reddit.com/r/Kerala/comments/fgc8m6/coronavirus_covid19_megathread_news_and_updates/,fake arrest,Digital Arrest Scam,Digital Arrest,NEAR-MISS,NARSS-01354.txt,State: Kerala | Author: u/nithinvnath | Score: 191 | Reddit ID: fgc8m6
ed4vor,NARSS-01355,2026-04-10,SOUBHIK SARKAR,Reddit r/Kerala,reddit.com,2019-12-20,#BIGNEWS: #Mangaluru cops arrest around 50 fake journalists who had come from #Kerala. Arrested men were reportedly carrying lethal weapons.,https://www.reddit.com/r/Kerala/comments/ed4vor/bignews_mangaluru_cops_arrest_around_50_fake/,fake arrest,Digital Arrest Scam,Digital Arrest,THIRD-PARTY,NARSS-01355.txt,State: Kerala | Author: u/[deleted] | Score: 0 | Reddit ID: ed4vor
d20rw8,NARSS-01356,2026-04-10,SOUBHIK SARKAR,Reddit r/Kerala,reddit.com,2019-09-10,Engineer corners Rs 118 flood aid with fake ID resembling Kerala CM's fund - Arrested,https://www.reddit.com/r/Kerala/comments/d20rw8/engineer_corners_rs_118_flood_aid_with_fake_id/,fake arrest,Digital Arrest Scam,Digital Arrest,THIRD-PARTY,NARSS-01356.txt,State: Kerala | Author: u/undampori | Score: 15 | Reddit ID: d20rw8
13hm16o,NARSS-01357,2026-04-10,SOUBHIK SARKAR,Reddit r/Kerala,reddit.com,2023-05-15,Help! Arrested for drunk and drive🙆🏾‍♂️,https://www.reddit.com/r/Kerala/comments/13hm16o/help_arrested_for_drunk_and_drive/,video call arrest,Digital Arrest Scam,Digital Arrest,THIRD-PARTY,NARSS-01357.txt,State: Kerala | Author: u/Guy_With_Cloud_Envy | Score: 0 | Reddit ID: 13hm16o
pyrs0c,NARSS-01358,2026-04-10,SOUBHIK SARKAR,Reddit r/Kerala,reddit.com,2021-10-01,Karnataka Police Scam Update 2,https://www.reddit.com/r/Kerala/comments/pyrs0c/karnataka_police_scam_update_2/,video call arrest,Digital Arrest Scam,Digital Arrest,THIRD-PARTY,NARSS-01358.txt,State: Kerala | Author: u/DrazeGamer | Score: 245 | Reddit ID: pyrs0c
1cqvar6,NARSS-01359,2026-04-10,SOUBHIK SARKAR,Reddit r/Kerala,reddit.com,2024-05-13,Scam Alert: Customs Call on Illegal Parcel Fraud,https://www.reddit.com/r/Kerala/comments/1cqvar6/scam_alert_customs_call_on_illegal_parcel_fraud/,customs fraud call,Digital Arrest Scam,Impersonation Scam,THIRD-PARTY,NARSS-01359.txt,State: Kerala | Author: u/riseabovehat3 | Score: 1 | Reddit ID: 1cqvar6
1hdx73u,NARSS-01360,2026-04-10,SOUBHIK SARKAR,Reddit r/Kerala,reddit.com,2024-12-14,Is this a new scam ?,https://www.reddit.com/r/Kerala/comments/1hdx73u/is_this_a_new_scam/,TRAI scam call,Digital Arrest Scam,Impersonation Scam,NEAR-MISS,NARSS-01360.txt,State: Kerala | Author: u/ExperienceCold34 | Score: 1 | Reddit ID: 1hdx73u
1h03ywv,NARSS-01361,2026-04-10,SOUBHIK SARKAR,Reddit r/Kerala,reddit.com,2024-11-26,Scam and spam calls- be careful everyone.,https://www.reddit.com/r/Kerala/comments/1h03ywv/scam_and_spam_calls_be_careful_everyone/,TRAI scam call,Digital Arrest Scam,Impersonation Scam,THIRD-PARTY,NARSS-01361.txt,State: Kerala | Author: u/siv_18 | Score: 1 | Reddit ID: 1h03ywv
1gbl7ht,NARSS-01362,2026-04-10,SOUBHIK SARKAR,Reddit r/Kerala,reddit.com,2024-10-25,NEW SCAM ALERT: TRAI Number disconnection scam,https://www.reddit.com/r/Kerala/comments/1gbl7ht/new_scam_alert_trai_number_disconnection_scam/,TRAI scam call,Digital Arrest Scam,Impersonation Scam,THIRD-PARTY,NARSS-01362.txt,State: Kerala | Author: u/dave8055 | Score: 1 | Reddit ID: 1gbl7ht
1il0l59,NARSS-01363,2026-04-10,SOUBHIK SARKAR,Reddit r/Kerala,reddit.com,2025-02-09,"6 and a half years ago, I prayed, ""pls no, not today.""",https://www.reddit.com/r/Kerala/comments/1il0l59/6_and_a_half_years_ago_i_prayed_pls_no_not_today/,video call scam,Digital Arrest Scam,Video Call Coercion,NEAR-MISS,NARSS-01363.txt,State: Kerala | Author: u/ButterMellow1901 | Score: 1 | Reddit ID: 1il0l59
19cwutb,NARSS-01364,2026-04-10,SOUBHIK SARKAR,Reddit r/Kerala,reddit.com,2024-01-22,PVC CURTAIN SCAMMERS,https://www.reddit.com/r/Kerala/comments/19cwutb/pvc_curtain_scammers/,video call scam,Digital Arrest Scam,Video Call Coercion,THIRD-PARTY,NARSS-01364.txt,State: Kerala | Author: u/introvert_squirrel | Score: 1 | Reddit ID: 19cwutb
18qbyxy,NARSS-01365,2026-04-10,SOUBHIK SARKAR,Reddit r/Kerala,reddit.com,2023-12-25,I think i got into a scam and need help,https://www.reddit.com/r/Kerala/comments/18qbyxy/i_think_i_got_into_a_scam_and_need_help/,video call scam,Digital Arrest Scam,Video Call Coercion,THIRD-PARTY,NARSS-01365.txt,State: Kerala | Author: u/Ic_zy | Score: 1 | Reddit ID: 18qbyxy
187cort,NARSS-01366,2026-04-10,SOUBHIK SARKAR,Reddit r/Kerala,reddit.com,2023-11-30,Experience of an unconventional kidney stone treatment done,https://www.reddit.com/r/Kerala/comments/187cort/experience_of_an_unconventional_kidney_stone/,video call scam,Digital Arrest Scam,Video Call Coercion,NEAR-MISS,NARSS-01366.txt,State: Kerala | Author: u/flyinglungi | Score: 1 | Reddit ID: 187cort
16j385t,NARSS-01367,2026-04-10,SOUBHIK SARKAR,Reddit r/Kerala,reddit.com,2023-09-15,Is this some kind of scam?,https://www.reddit.com/r/Kerala/comments/16j385t/is_this_some_kind_of_scam/,video call scam,Digital Arrest Scam,Video Call Coercion,THIRD-PARTY,NARSS-01367.txt,State: Kerala | Author: u/After-Two-808 | Score: 1 | Reddit ID: 16j385t
ulifuk,NARSS-01368,2026-04-10,SOUBHIK SARKAR,Reddit r/Kerala,reddit.com,2022-05-09,Marks video shows scam call center location in Kerala too; disgrace,https://www.reddit.com/r/Kerala/comments/ulifuk/marks_video_shows_scam_call_center_location_in/,video call scam,Digital Arrest Scam,Video Call Coercion,THIRD-PARTY,NARSS-01368.txt,State: Kerala | Author: u/Zealousideal-Ad7438 | Score: 2 | Reddit ID: ulifuk
12wdz5w,NARSS-01369,2026-04-10,SOUBHIK SARKAR,Reddit r/Kerala,reddit.com,2023-04-23,Honeytrap more common than ever.,https://www.reddit.com/r/Kerala/comments/12wdz5w/honeytrap_more_common_than_ever/,video call blackmail,Digital Arrest Scam,Video Call Coercion,THIRD-PARTY,NARSS-01369.txt,State: Kerala | Author: u/Vladimirr420 | Score: 1 | Reddit ID: 12wdz5w
1ixv2bf,NARSS-01370,2026-04-10,SOUBHIK SARKAR,Reddit r/Kerala,reddit.com,2025-02-25,Got a ‘storage full’ email for your Gmail account? Kerala Police warns of phishing scam,https://www.reddit.com/r/Kerala/comments/1ixv2bf/got_a_storage_full_email_for_your_gmail_account/,phishing,"Phishing, Vishing, and Smishing",Phishing,THIRD-PARTY,NARSS-01370.txt,State: Kerala | Author: u/Impossible-Sun-8646 | Score: 1 | Reddit ID: 1ixv2bf
1i0zsqe,NARSS-01371,2026-04-10,SOUBHIK SARKAR,Reddit r/Kerala,reddit.com,2025-01-14,Dunno why this keep popping up. Is it any kind of phishing malware. It pops up every time i turns on the phone. I got this after i gave this phone to repair its motherboard issue. Im kind of terrified because there is many sensitive informations in the phone.,https://www.reddit.com/r/Kerala/comments/1i0zsqe/dunno_why_this_keep_popping_up_is_it_any_kind_of/,phishing,"Phishing, Vishing, and Smishing",Phishing,THIRD-PARTY,NARSS-01371.txt,State: Kerala | Author: u/Kundimanushyan | Score: 1 | Reddit ID: 1i0zsqe
1gwaofu,NARSS-01372,2026-04-10,SOUBHIK SARKAR,Reddit r/Kerala,reddit.com,2024-11-21,Potential Scam involving Tamil Nadu Police,https://www.reddit.com/r/Kerala/comments/1gwaofu/potential_scam_involving_tamil_nadu_police/,phishing,"Phishing, Vishing, and Smishing",Phishing,THIRD-PARTY,NARSS-01372.txt,State: Kerala | Author: u/DelusionalDerivative | Score: 29 | Reddit ID: 1gwaofu
196f6h4,NARSS-01373,2026-04-10,SOUBHIK SARKAR,Reddit r/Kerala,reddit.com,2024-01-14,Phishing Scam Buster - Early Proof of Concept on how an public API and centralized database to detect phishing sites,https://www.reddit.com/r/Kerala/comments/196f6h4/phishing_scam_buster_early_proof_of_concept_on/,phishing,"Phishing, Vishing, and Smishing",Phishing,THIRD-PARTY,NARSS-01373.txt,State: Kerala | Author: u/webVerts | Score: 3 | Reddit ID: 196f6h4
10kt28q,NARSS-01374,2026-04-10,SOUBHIK SARKAR,Reddit r/Kerala,reddit.com,2023-01-25,"Interesting choice of Books found In Anil Antony's Beauro, Don't know whether this is Intentional, Maybe Mr. Stanford is Trying Phishing in Open Waters to Find a Good Package, screenshot credit: Asianet News",https://www.reddit.com/r/Kerala/comments/10kt28q/interesting_choice_of_books_found_in_anil_antonys/,phishing,"Phishing, Vishing, and Smishing",Phishing,THIRD-PARTY,NARSS-01374.txt,State: Kerala | Author: u/Malayali_Ron_Swanson | Score: 5 | Reddit ID: 10kt28q
y3ysph,NARSS-01375,2026-04-10,SOUBHIK SARKAR,Reddit r/Kerala,reddit.com,2022-10-14,"Phishing Scam, Beware",https://www.reddit.com/r/Kerala/comments/y3ysph/phishing_scam_beware/,phishing,"Phishing, Vishing, and Smishing",Phishing,NEAR-MISS,NARSS-01375.txt,State: Kerala | Author: u/manu_r93 | Score: 4 | Reddit ID: y3ysph
tt2y5s,NARSS-01376,2026-04-10,SOUBHIK SARKAR,Reddit r/Kerala,reddit.com,2022-03-31,ഓൺലൈൻ പൈസ തട്ടിപ്പ്.,https://www.reddit.com/r/Kerala/comments/tt2y5s/ഓൺലൻ_പസ_തടടപപ/,phishing,"Phishing, Vishing, and Smishing",Phishing,THIRD-PARTY,NARSS-01376.txt,State: Kerala | Author: u/knockpy | Score: 10 | Reddit ID: tt2y5s
16mm7mx,NARSS-01377,2026-04-10,SOUBHIK SARKAR,Reddit r/Kerala,reddit.com,2023-09-19,Ernakulam Consumer Forum Orders Compensation To Kerala Student 'Cheated' By Immigration Consultancy For Canada PR Visa - LiveLaw,https://www.reddit.com/r/Kerala/comments/16mm7mx/ernakulam_consumer_forum_orders_compensation_to/,fake website,"Phishing, Vishing, and Smishing",Phishing,THIRD-PARTY,NARSS-01377.txt,State: Kerala | Author: u/Voxyacomplaintforum | Score: 1 | Reddit ID: 16mm7mx
zoztdk,NARSS-01378,2026-04-10,SOUBHIK SARKAR,Reddit r/Kerala,reddit.com,2022-12-18,Which is the Best Courier Service For Ecommerce in Kerala?,https://www.reddit.com/r/Kerala/comments/zoztdk/which_is_the_best_courier_service_for_ecommerce/,fake website,"Phishing, Vishing, and Smishing",Phishing,VICTIM,NARSS-01378.txt,State: Kerala | Author: u/hornybasturd3197 | Score: 6 | Reddit ID: zoztdk
qfwiru,NARSS-01379,2026-04-10,SOUBHIK SARKAR,Reddit r/Kerala,reddit.com,2021-10-26,Mullaperiyar Issue. Just my thoughts.,https://www.reddit.com/r/Kerala/comments/qfwiru/mullaperiyar_issue_just_my_thoughts/,fake website,"Phishing, Vishing, and Smishing",Phishing,THIRD-PARTY,NARSS-01379.txt,State: Kerala | Author: u/[deleted] | Score: 45 | Reddit ID: qfwiru
h0uvqa,NARSS-01380,2026-04-10,SOUBHIK SARKAR,Reddit r/Kerala,reddit.com,2020-06-11,I had earlier criticized Malayalam TV channels for sensationalism....and then I saw Marunadan Malayali,https://www.reddit.com/r/Kerala/comments/h0uvqa/i_had_earlier_criticized_malayalam_tv_channels/,fake website,"Phishing, Vishing, and Smishing",Phishing,THIRD-PARTY,NARSS-01380.txt,State: Kerala | Author: u/suntanx_02-24 | Score: 74 | Reddit ID: h0uvqa
80l7ia,NARSS-01381,2026-04-10,SOUBHIK SARKAR,Reddit r/Kerala,reddit.com,2018-02-27,"Shashi Tharoor claims Kerala High Court judgement, which is available on official website, is 'fake'",https://www.reddit.com/r/Kerala/comments/80l7ia/shashi_tharoor_claims_kerala_high_court_judgement/,fake website,"Phishing, Vishing, and Smishing",Phishing,THIRD-PARTY,NARSS-01381.txt,State: Kerala | Author: u/ramukakaforever | Score: 16 | Reddit ID: 80l7ia
d2m928,NARSS-01382,2026-04-10,SOUBHIK SARKAR,Reddit r/Kerala,reddit.com,2019-09-11,Computer kidilams. Kindly help pls.,https://www.reddit.com/r/Kerala/comments/d2m928/computer_kidilams_kindly_help_pls/,spoof website,"Phishing, Vishing, and Smishing",Phishing,THIRD-PARTY,NARSS-01382.txt,State: Kerala | Author: u/y_all_need_JESUS | Score: 3 | Reddit ID: d2m928
1jyu1ub,NARSS-01383,2026-04-10,SOUBHIK SARKAR,Reddit r/Kerala,reddit.com,2025-04-14,Disclaimer about Fraud Awareness during calls,https://www.reddit.com/r/Kerala/comments/1jyu1ub/disclaimer_about_fraud_awareness_during_calls/,fraud call,"Phishing, Vishing, and Smishing",Vishing,THIRD-PARTY,NARSS-01383.txt,State: Kerala | Author: u/savourybipolar | Score: 1 | Reddit ID: 1jyu1ub
1iega8t,NARSS-01384,2026-04-10,SOUBHIK SARKAR,Reddit r/Kerala,reddit.com,2025-01-31,The Sales Girl with a Backpack: Did I Spoil Her Day or She spoiled mine :(,https://www.reddit.com/r/Kerala/comments/1iega8t/the_sales_girl_with_a_backpack_did_i_spoil_her/,fraud call,"Phishing, Vishing, and Smishing",Vishing,THIRD-PARTY,NARSS-01384.txt,State: Kerala | Author: u/Ok_Return677 | Score: 1 | Reddit ID: 1iega8t
1hyp385,NARSS-01385,2026-04-10,SOUBHIK SARKAR,Reddit r/Kerala,reddit.com,2025-01-11,Rajan Pillai: Reflecting on the Tragic End of the Biscuit King,https://www.reddit.com/r/Kerala/comments/1hyp385/rajan_pillai_reflecting_on_the_tragic_end_of_the/,fraud call,"Phishing, Vishing, and Smishing",Vishing,THIRD-PARTY,NARSS-01385.txt,State: Kerala | Author: u/Raven1104 | Score: 1 | Reddit ID: 1hyp385
1dztisf,NARSS-01386,2026-04-10,SOUBHIK SARKAR,Reddit r/Kerala,reddit.com,2024-07-10,Property issue in thiruvalla ,https://www.reddit.com/r/Kerala/comments/1dztisf/property_issue_in_thiruvalla/,fraud call,"Phishing, Vishing, and Smishing",Vishing,THIRD-PARTY,NARSS-01386.txt,State: Kerala | Author: u/SnooPickles161 | Score: 11 | Reddit ID: 1dztisf
1ct9ne2,NARSS-01387,2026-04-10,SOUBHIK SARKAR,Reddit r/Kerala,reddit.com,2024-05-16,Agencies posing as UNICEF/UNESCO Volunteers in the cities collecting money for commission. ,https://www.reddit.com/r/Kerala/comments/1ct9ne2/agencies_posing_as_unicefunesco_volunteers_in_the/,fraud call,"Phishing, Vishing, and Smishing",Vishing,NEAR-MISS,NARSS-01387.txt,State: Kerala | Author: u/Jon-Bones-Jones_ | Score: 1 | Reddit ID: 1ct9ne2
1ca69v3,NARSS-01388,2026-04-10,SOUBHIK SARKAR,Reddit r/Kerala,reddit.com,2024-04-22,"Have any of you experienced financial fraud from any so called celebrity food blogger ""chettan"" based in Kochi?",https://www.reddit.com/r/Kerala/comments/1ca69v3/have_any_of_you_experienced_financial_fraud_from/,fraud call,"Phishing, Vishing, and Smishing",Vishing,THIRD-PARTY,NARSS-01388.txt,State: Kerala | Author: u/Past-Woodpecker-7774 | Score: 1 | Reddit ID: 1ca69v3
15jncgl,NARSS-01389,2026-04-10,SOUBHIK SARKAR,Reddit r/Kerala,reddit.com,2023-08-06,"Hi guys,i got scammed by Instagram seller🤬 @alankritha_by_reshmadeepak .ordered product 6 months back ,no response my calls ,messages and turned off her comment section.i posted on my insta about her fraud and posted her pic..now, she is threating me to remove her pics. Please report her guys 🙏",https://www.reddit.com/r/Kerala/comments/15jncgl/hi_guysi_got_scammed_by_instagram_seller/,fraud call,"Phishing, Vishing, and Smishing",Vishing,THIRD-PARTY,NARSS-01389.txt,State: Kerala | Author: u/[deleted] | Score: 1 | Reddit ID: 15jncgl
14xry2y,NARSS-01390,2026-04-10,SOUBHIK SARKAR,Reddit r/Kerala,reddit.com,2023-07-12,Lot of scams happening in the name of kuri!!,https://www.reddit.com/r/Kerala/comments/14xry2y/lot_of_scams_happening_in_the_name_of_kuri/,fraud call,"Phishing, Vishing, and Smishing",Vishing,THIRD-PARTY,NARSS-01390.txt,State: Kerala | Author: u/alchemist_1729 | Score: 13 | Reddit ID: 14xry2y
14s44ih,NARSS-01391,2026-04-10,SOUBHIK SARKAR,Reddit r/Kerala,reddit.com,2023-07-06,Received a call from FedEx. Reality?,https://www.reddit.com/r/Kerala/comments/14s44ih/received_a_call_from_fedex_reality/,fraud call,"Phishing, Vishing, and Smishing",Vishing,THIRD-PARTY,NARSS-01391.txt,State: Kerala | Author: u/11Rorschach59 | Score: 107 | Reddit ID: 14s44ih
14s3tee,NARSS-01392,2026-04-10,SOUBHIK SARKAR,Reddit r/Kerala,reddit.com,2023-07-06,Received a call from FedEx. Fraud?,https://www.reddit.com/r/Kerala/comments/14s3tee/received_a_call_from_fedex_fraud/,fraud call,"Phishing, Vishing, and Smishing",Vishing,THIRD-PARTY,NARSS-01392.txt,State: Kerala | Author: u/[deleted] | Score: 1 | Reddit ID: 14s3tee
14a7nwv,NARSS-01393,2026-04-10,SOUBHIK SARKAR,Reddit r/Kerala,reddit.com,2023-06-15,Potential Scam: Need advice,https://www.reddit.com/r/Kerala/comments/14a7nwv/potential_scam_need_advice/,fraud call,"Phishing, Vishing, and Smishing",Vishing,THIRD-PARTY,NARSS-01393.txt,State: Kerala | Author: u/Pazhampori2 | Score: 70 | Reddit ID: 14a7nwv
13ivx9i,NARSS-01394,2026-04-10,SOUBHIK SARKAR,Reddit r/Kerala,reddit.com,2023-05-16,Who do you report stalking to in Kerala?,https://www.reddit.com/r/Kerala/comments/13ivx9i/who_do_you_report_stalking_to_in_kerala/,fraud call,"Phishing, Vishing, and Smishing",Vishing,THIRD-PARTY,NARSS-01394.txt,State: Kerala | Author: u/yomamma890 | Score: 260 | Reddit ID: 13ivx9i
101d0fj,NARSS-01395,2026-04-10,SOUBHIK SARKAR,Reddit r/Kerala,reddit.com,2023-01-02,Donation request for SHANTI BHAVAN PALLIATIVE HOSPITAL-Thrissur. Is this a SCAM?,https://www.reddit.com/r/Kerala/comments/101d0fj/donation_request_for_shanti_bhavan_palliative/,fraud call,"Phishing, Vishing, and Smishing",Vishing,THIRD-PARTY,NARSS-01395.txt,State: Kerala | Author: u/bountyChor | Score: 5 | Reddit ID: 101d0fj
o5uk53,NARSS-01396,2026-04-10,SOUBHIK SARKAR,Reddit r/Kerala,reddit.com,2021-06-23,We Malayalies are just Educated Primitive TRIBAL People!! Period.,https://www.reddit.com/r/Kerala/comments/o5uk53/we_malayalies_are_just_educated_primitive_tribal/,fraud call,"Phishing, Vishing, and Smishing",Vishing,THIRD-PARTY,NARSS-01396.txt,State: Kerala | Author: u/SquareQuestion6 | Score: 45 | Reddit ID: o5uk53
nm10og,NARSS-01397,2026-04-10,SOUBHIK SARKAR,Reddit r/Kerala,reddit.com,2021-05-27,Is there any way to report fraud calls?,https://www.reddit.com/r/Kerala/comments/nm10og/is_there_any_way_to_report_fraud_calls/,fraud call,"Phishing, Vishing, and Smishing",Vishing,THIRD-PARTY,NARSS-01397.txt,State: Kerala | Author: u/aneasybee | Score: 15 | Reddit ID: nm10og
151cer5,NARSS-01398,2026-04-10,SOUBHIK SARKAR,Reddit r/Kerala,reddit.com,2023-07-16,How is this AI scam possible?,https://www.reddit.com/r/Kerala/comments/151cer5/how_is_this_ai_scam_possible/,fake bank call,"Phishing, Vishing, and Smishing",Vishing,THIRD-PARTY,NARSS-01398.txt,State: Kerala | Author: u/Single_Foundation_21 | Score: 2 | Reddit ID: 151cer5
1ixsfxj,NARSS-01399,2026-04-10,SOUBHIK SARKAR,Reddit r/Kerala,reddit.com,2025-02-25,Is this scam aadhaar sms?,https://www.reddit.com/r/Kerala/comments/1ixsfxj/is_this_scam_aadhaar_sms/,SMS scam,"Phishing, Vishing, and Smishing",Smishing,THIRD-PARTY,NARSS-01399.txt,State: Kerala | Author: u/s_suri_93 | Score: 1 | Reddit ID: 1ixsfxj
1i3eskk,NARSS-01400,2026-04-10,SOUBHIK SARKAR,Reddit r/Kerala,reddit.com,2025-01-17,Got this sms from Muthoot. Should I be concerned?,https://www.reddit.com/r/Kerala/comments/1i3eskk/got_this_sms_from_muthoot_should_i_be_concerned/,SMS scam,"Phishing, Vishing, and Smishing",Smishing,THIRD-PARTY,NARSS-01400.txt,State: Kerala | Author: u/John_Titor101 | Score: 1 | Reddit ID: 1i3eskk
1h8xgwi,NARSS-01401,2026-04-10,SOUBHIK SARKAR,Reddit r/Kerala,reddit.com,2024-12-07,Got scammed with a COD delivery?,https://www.reddit.com/r/Kerala/comments/1h8xgwi/got_scammed_with_a_cod_delivery/,SMS scam,"Phishing, Vishing, and Smishing",Smishing,THIRD-PARTY,NARSS-01401.txt,State: Kerala | Author: u/SnooBooks5416 | Score: 1 | Reddit ID: 1h8xgwi
1jk52e6,NARSS-01402,2026-04-10,SOUBHIK SARKAR,Reddit r/Kerala,reddit.com,2025-03-26,Victim of fraud Loan App scam.,https://www.reddit.com/r/Kerala/comments/1jk52e6/victim_of_fraud_loan_app_scam/,loan app fraud,Online Lending and Loan App Fraud,Loan App Fraud,THIRD-PARTY,NARSS-01402.txt,State: Kerala | Author: u/aumchrome | Score: 1 | Reddit ID: 1jk52e6
vfviyh,NARSS-01403,2026-04-10,SOUBHIK SARKAR,Reddit r/Kerala,reddit.com,2022-06-19,Beware of instant loan apps. I made a video showing how fraud they are,https://www.reddit.com/r/Kerala/comments/vfviyh/beware_of_instant_loan_apps_i_made_a_video/,loan app fraud,Online Lending and Loan App Fraud,Loan App Fraud,NEAR-MISS,NARSS-01403.txt,State: Kerala | Author: u/[deleted] | Score: 1 | Reddit ID: vfviyh
17zxc1e,NARSS-01404,2026-04-10,SOUBHIK SARKAR,Reddit r/Kerala,reddit.com,2023-11-21,"How to deal with Loan app harassment and suicide, Exlcusive for r/Kerala",https://www.reddit.com/r/Kerala/comments/17zxc1e/how_to_deal_with_loan_app_harassment_and_suicide/,loan app harassment,Online Lending and Loan App Fraud,Loan App Fraud,THIRD-PARTY,NARSS-01404.txt,State: Kerala | Author: u/nakedcoach | Score: 1 | Reddit ID: 17zxc1e
16ocyog,NARSS-01405,2026-04-10,SOUBHIK SARKAR,Reddit r/Kerala,reddit.com,2023-09-21,Victim of loan scam. Please help.,https://www.reddit.com/r/Kerala/comments/16ocyog/victim_of_loan_scam_please_help/,loan app harassment,Online Lending and Loan App Fraud,Loan App Fraud,THIRD-PARTY,NARSS-01405.txt,State: Kerala | Author: u/LittleNeptunite | Score: 1 | Reddit ID: 16ocyog
1iuq2po,NARSS-01406,2026-04-10,SOUBHIK SARKAR,Reddit r/Kerala,reddit.com,2025-02-21,Can someone explain the aadu-maanchiyam-teak controversy?,https://www.reddit.com/r/Kerala/comments/1iuq2po/can_someone_explain_the_aadumaanchiyamteak/,investment scam,Investment and Trading Fraud,Investment Scam,THIRD-PARTY,NARSS-01406.txt,State: Kerala | Author: u/AsterionDark | Score: 1 | Reddit ID: 1iuq2po
1igpt2f,NARSS-01407,2026-04-10,SOUBHIK SARKAR,Reddit r/Kerala,reddit.com,2025-02-03,"Anyone has info on Farmfed Foods (Ernakulam)? Website is down, possible financial trouble?",https://www.reddit.com/r/Kerala/comments/1igpt2f/anyone_has_info_on_farmfed_foods_ernakulam/,investment scam,Investment and Trading Fraud,Investment Scam,THIRD-PARTY,NARSS-01407.txt,State: Kerala | Author: u/Western_Ad7145 | Score: 1 | Reddit ID: 1igpt2f
1h6i6z0,NARSS-01408,2026-04-10,SOUBHIK SARKAR,Reddit r/Kerala,reddit.com,2024-12-04,TATA AIA insurance policy being selled in the wrong impression of investment,https://www.reddit.com/r/Kerala/comments/1h6i6z0/tata_aia_insurance_policy_being_selled_in_the/,investment scam,Investment and Trading Fraud,Investment Scam,VICTIM,NARSS-01408.txt,State: Kerala | Author: u/Former_End_1464 | Score: 1 | Reddit ID: 1h6i6z0
1dcdd29,NARSS-01409,2026-04-10,SOUBHIK SARKAR,Reddit r/Kerala,reddit.com,2024-06-10,Do you really have to be in Banglore or Pune to raise investments for your business?,https://www.reddit.com/r/Kerala/comments/1dcdd29/do_you_really_have_to_be_in_banglore_or_pune_to/,investment scam,Investment and Trading Fraud,Investment Scam,THIRD-PARTY,NARSS-01409.txt,State: Kerala | Author: u/Tomorrow_Tight | Score: 1 | Reddit ID: 1dcdd29
1cib42m,NARSS-01410,2026-04-10,SOUBHIK SARKAR,Reddit r/Kerala,reddit.com,2024-05-02,What are the most recent scams that you had come across recently as a Malayali?,https://www.reddit.com/r/Kerala/comments/1cib42m/what_are_the_most_recent_scams_that_you_had_come/,investment scam,Investment and Trading Fraud,Investment Scam,THIRD-PARTY,NARSS-01410.txt,State: Kerala | Author: u/PseudoRandomGenrtr | Score: 260 | Reddit ID: 1cib42m
18duc91,NARSS-01411,2026-04-10,SOUBHIK SARKAR,Reddit r/Kerala,reddit.com,2023-12-09,Parents scammed by cooperative bank :looking for suggestions,https://www.reddit.com/r/Kerala/comments/18duc91/parents_scammed_by_cooperative_bank_looking_for/,investment scam,Investment and Trading Fraud,Investment Scam,THIRD-PARTY,NARSS-01411.txt,State: Kerala | Author: u/Zestyclose-Buy3518 | Score: 1 | Reddit ID: 18duc91
173qwv5,NARSS-01412,2026-04-10,SOUBHIK SARKAR,Reddit r/Kerala,reddit.com,2023-10-09,Multi-level Marketing/ money chain or whatever,https://www.reddit.com/r/Kerala/comments/173qwv5/multilevel_marketing_money_chain_or_whatever/,investment scam,Investment and Trading Fraud,Investment Scam,THIRD-PARTY,NARSS-01412.txt,State: Kerala | Author: u/Outrageous_Slice_793 | Score: 1 | Reddit ID: 173qwv5
10j2qgv,NARSS-01413,2026-04-10,SOUBHIK SARKAR,Reddit r/Kerala,reddit.com,2023-01-23,Thrissur ‘Save Box’ investment scam: Prime accused nabbed,https://www.reddit.com/r/Kerala/comments/10j2qgv/thrissur_save_box_investment_scam_prime_accused/,investment scam,Investment and Trading Fraud,Investment Scam,THIRD-PARTY,NARSS-01413.txt,State: Kerala | Author: u/tetrankula | Score: 43 | Reddit ID: 10j2qgv
10axyd0,NARSS-01414,2026-04-10,SOUBHIK SARKAR,Reddit r/Kerala,reddit.com,2023-01-13,"Total 4U Sabarinath, 19 year old boy who pulled off a 200 crore scam in kerala",https://www.reddit.com/r/Kerala/comments/10axyd0/total_4u_sabarinath_19_year_old_boy_who_pulled/,investment scam,Investment and Trading Fraud,Investment Scam,VICTIM,NARSS-01414.txt,State: Kerala | Author: u/village_aapiser | Score: 55 | Reddit ID: 10axyd0
o85sz1,NARSS-01415,2026-04-10,SOUBHIK SARKAR,Reddit r/Kerala,reddit.com,2021-06-26,What do you guys think about our upcoming vizhinjam port and the deal with adani?,https://www.reddit.com/r/Kerala/comments/o85sz1/what_do_you_guys_think_about_our_upcoming/,investment scam,Investment and Trading Fraud,Investment Scam,THIRD-PARTY,NARSS-01415.txt,State: Kerala | Author: u/LazyCabinet | Score: 29 | Reddit ID: o85sz1
o5d3io,NARSS-01416,2026-04-10,SOUBHIK SARKAR,Reddit r/Kerala,reddit.com,2021-06-22,SYW - Naatil nalla popular aaya investment app. Pakka scam.,https://www.reddit.com/r/Kerala/comments/o5d3io/syw_naatil_nalla_popular_aaya_investment_app/,investment scam,Investment and Trading Fraud,Investment Scam,THIRD-PARTY,NARSS-01416.txt,State: Kerala | Author: u/gregedout | Score: 24 | Reddit ID: o5d3io
8337rx,NARSS-01417,2026-04-10,SOUBHIK SARKAR,Reddit r/Kerala,reddit.com,2018-03-09,"[Quora Warning] If the Communist Party can make a model state like Kerala, why can't it make headway in the rest of India?",https://www.reddit.com/r/Kerala/comments/8337rx/quora_warning_if_the_communist_party_can_make_a/,investment scam,Investment and Trading Fraud,Investment Scam,NEAR-MISS,NARSS-01417.txt,State: Kerala | Author: u/SilentSaboteur | Score: 21 | Reddit ID: 8337rx
1g9lmyu,NARSS-01418,2026-04-10,SOUBHIK SARKAR,Reddit r/Kerala,reddit.com,2024-10-22,Found a new MLM scam,https://www.reddit.com/r/Kerala/comments/1g9lmyu/found_a_new_mlm_scam/,Ponzi scheme,Investment and Trading Fraud,Investment Scam,NEAR-MISS,NARSS-01418.txt,State: Kerala | Author: u/Calm_Balance_5342 | Score: 1 | Reddit ID: 1g9lmyu
1arkri3,NARSS-01419,2026-04-10,SOUBHIK SARKAR,Reddit r/Kerala,reddit.com,2024-02-15,Why is it so easy to scam keralites with ponzi schemes?,https://www.reddit.com/r/Kerala/comments/1arkri3/why_is_it_so_easy_to_scam_keralites_with_ponzi/,Ponzi scheme,Investment and Trading Fraud,Investment Scam,THIRD-PARTY,NARSS-01419.txt,State: Kerala | Author: u/dreadfullysober | Score: 1 | Reddit ID: 1arkri3
1arknen,NARSS-01420,2026-04-10,SOUBHIK SARKAR,Reddit r/Kerala,reddit.com,2024-02-15,Why is it so easy to scam keralites with ponzi schemes?,https://www.reddit.com/r/Kerala/comments/1arknen/why_is_it_so_easy_to_scam_keralites_with_ponzi/,Ponzi scheme,Investment and Trading Fraud,Investment Scam,THIRD-PARTY,NARSS-01420.txt,State: Kerala | Author: u/dreadfullysober | Score: 1 | Reddit ID: 1arknen
178a4ab,NARSS-01421,2026-04-10,SOUBHIK SARKAR,Reddit r/Kerala,reddit.com,2023-10-15,10Lacks from one lack in two weeks ? What do you guys think,https://www.reddit.com/r/Kerala/comments/178a4ab/10lacks_from_one_lack_in_two_weeks_what_do_you/,Ponzi scheme,Investment and Trading Fraud,Investment Scam,THIRD-PARTY,NARSS-01421.txt,State: Kerala | Author: u/WhyAmIhard69 | Score: 1 | Reddit ID: 178a4ab
15dbzmd,NARSS-01422,2026-04-10,SOUBHIK SARKAR,Reddit r/Kerala,reddit.com,2023-07-30,High Rich Marketting - Scam ?,https://www.reddit.com/r/Kerala/comments/15dbzmd/high_rich_marketting_scam/,Ponzi scheme,Investment and Trading Fraud,Investment Scam,THIRD-PARTY,NARSS-01422.txt,State: Kerala | Author: u/ameerali19 | Score: 20 | Reddit ID: 15dbzmd
y72fyj,NARSS-01423,2026-04-10,SOUBHIK SARKAR,Reddit r/Kerala,reddit.com,2022-10-18,"Isn't he the same guy who was accused of running a Ponzi Scheme Recently,",https://www.reddit.com/r/Kerala/comments/y72fyj/isnt_he_the_same_guy_who_was_accused_of_running_a/,Ponzi scheme,Investment and Trading Fraud,Investment Scam,THIRD-PARTY,NARSS-01423.txt,State: Kerala | Author: u/Malayali_Ron_Swanson | Score: 1 | Reddit ID: y72fyj
y72e3s,NARSS-01424,2026-04-10,SOUBHIK SARKAR,Reddit r/Kerala,reddit.com,2022-10-18,"Isn't he the same guy who was accused of running a Ponzi Scheme Recently,https://www.manoramaonline.com/music/music-news/2022/10/18/nokkalletto-song-from-the-movie-choran.html",https://www.reddit.com/r/Kerala/comments/y72e3s/isnt_he_the_same_guy_who_was_accused_of_running_a/,Ponzi scheme,Investment and Trading Fraud,Investment Scam,THIRD-PARTY,NARSS-01424.txt,State: Kerala | Author: u/[deleted] | Score: 1 | Reddit ID: y72e3s
wsjc9q,NARSS-01425,2026-04-10,SOUBHIK SARKAR,Reddit r/Kerala,reddit.com,2022-08-19,Is Feo3 entrepreneurship a big scam?,https://www.reddit.com/r/Kerala/comments/wsjc9q/is_feo3_entrepreneurship_a_big_scam/,Ponzi scheme,Investment and Trading Fraud,Investment Scam,THIRD-PARTY,NARSS-01425.txt,State: Kerala | Author: u/Accomplished_Arm6691 | Score: 11 | Reddit ID: wsjc9q
1cwby8j,NARSS-01426,2026-04-10,SOUBHIK SARKAR,Reddit r/Kerala,reddit.com,2024-05-20,Beware crypto traders and bank account loaners ,https://www.reddit.com/r/Kerala/comments/1cwby8j/beware_crypto_traders_and_bank_account_loaners/,crypto scam,Investment and Trading Fraud,Investment Scam,NEAR-MISS,NARSS-01426.txt,State: Kerala | Author: u/isitallworthittoday | Score: 1 | Reddit ID: 1cwby8j
18n1y6l,NARSS-01427,2026-04-10,SOUBHIK SARKAR,Reddit r/Kerala,reddit.com,2023-12-21,New crypto scam incoming,https://www.reddit.com/r/Kerala/comments/18n1y6l/new_crypto_scam_incoming/,crypto scam,Investment and Trading Fraud,Investment Scam,THIRD-PARTY,NARSS-01427.txt,State: Kerala | Author: u/Prestigious-Meat-807 | Score: 1 | Reddit ID: 18n1y6l
vuutud,NARSS-01428,2026-04-10,SOUBHIK SARKAR,Reddit r/Kerala,reddit.com,2022-07-09,"Crypto scams, are the getting common now?",https://www.reddit.com/r/Kerala/comments/vuutud/crypto_scams_are_the_getting_common_now/,crypto scam,Investment and Trading Fraud,Investment Scam,THIRD-PARTY,NARSS-01428.txt,State: Kerala | Author: u/Godettee | Score: 69 | Reddit ID: vuutud
ut3jsg,NARSS-01429,2026-04-10,SOUBHIK SARKAR,Reddit r/Kerala,reddit.com,2022-05-19,Bringing Alcohol to Kerala,https://www.reddit.com/r/Kerala/comments/ut3jsg/bringing_alcohol_to_kerala/,pig butchering,Investment and Trading Fraud,Investment Scam,THIRD-PARTY,NARSS-01429.txt,State: Kerala | Author: u/CaptinSIEGE787 | Score: 4 | Reddit ID: ut3jsg
1g484z6,NARSS-01430,2026-04-10,SOUBHIK SARKAR,Reddit r/Kerala,reddit.com,2024-10-15,BCom internship -scam or legit?,https://www.reddit.com/r/Kerala/comments/1g484z6/bcom_internship_scam_or_legit/,stock market scam,Investment and Trading Fraud,Stock Market Fraud,THIRD-PARTY,NARSS-01430.txt,State: Kerala | Author: u/udontmesswithakshay | Score: 5 | Reddit ID: 1g484z6
1ddm50c,NARSS-01431,2026-04-10,SOUBHIK SARKAR,Reddit r/Kerala,reddit.com,2024-06-12,Stock market and NEET scam accusations by the opposition!,https://www.reddit.com/r/Kerala/comments/1ddm50c/stock_market_and_neet_scam_accusations_by_the/,stock market scam,Investment and Trading Fraud,Stock Market Fraud,THIRD-PARTY,NARSS-01431.txt,State: Kerala | Author: u/Ok-Source4909 | Score: 1 | Reddit ID: 1ddm50c
o2skrt,NARSS-01432,2026-04-10,SOUBHIK SARKAR,Reddit r/Kerala,reddit.com,2021-06-18,can I confess something? I'd like to be pumped and dumped right now 🤭,https://www.reddit.com/r/Kerala/comments/o2skrt/can_i_confess_something_id_like_to_be_pumped_and/,pump and dump,Investment and Trading Fraud,Stock Market Fraud,THIRD-PARTY,NARSS-01432.txt,State: Kerala | Author: u/imWdwy8Z | Score: 1 | Reddit ID: o2skrt
cc9gzw,NARSS-01433,2026-04-10,SOUBHIK SARKAR,Reddit r/Kerala,reddit.com,2019-07-12,[23F] I'm moving out of Kerala. I'm done with this place.,https://www.reddit.com/r/Kerala/comments/cc9gzw/23f_im_moving_out_of_kerala_im_done_with_this/,pump and dump,Investment and Trading Fraud,Stock Market Fraud,THIRD-PARTY,NARSS-01433.txt,State: Kerala | Author: u/movingoutofkerala | Score: 42 | Reddit ID: cc9gzw
1jppe65,NARSS-01434,2026-04-10,SOUBHIK SARKAR,Reddit r/Kerala,reddit.com,2025-04-02,Unicef scam MLM/pyramid scheme company working in kochi(stay away from them),https://www.reddit.com/r/Kerala/comments/1jppe65/unicef_scam_mlmpyramid_scheme_company_working_in/,part time job scam,Investment and Trading Fraud,Task Scam,VICTIM,NARSS-01434.txt,State: Kerala | Author: u/SnooPickles161 | Score: 98 | Reddit ID: 1jppe65
1ift9zm,NARSS-01435,2026-04-10,SOUBHIK SARKAR,Reddit r/Kerala,reddit.com,2025-02-02,Does data entry jobs in india/kerala requires any upfront fee? Or its just SCAM?,https://www.reddit.com/r/Kerala/comments/1ift9zm/does_data_entry_jobs_in_indiakerala_requires_any/,part time job scam,Investment and Trading Fraud,Task Scam,THIRD-PARTY,NARSS-01435.txt,State: Kerala | Author: u/thedivine6 | Score: 1 | Reddit ID: 1ift9zm
1iba05f,NARSS-01436,2026-04-10,SOUBHIK SARKAR,Reddit r/Kerala,reddit.com,2025-01-27,continuation of previous post,https://www.reddit.com/r/Kerala/comments/1iba05f/continuation_of_previous_post/,part time job scam,Investment and Trading Fraud,Task Scam,NEAR-MISS,NARSS-01436.txt,State: Kerala | Author: u/NJ_theNJ | Score: 1 | Reddit ID: 1iba05f
1ib8652,NARSS-01437,2026-04-10,SOUBHIK SARKAR,Reddit r/Kerala,reddit.com,2025-01-27,"UNICEF, SOS, CRY Campaigns. Just the tip of the iceberg.",https://www.reddit.com/r/Kerala/comments/1ib8652/unicef_sos_cry_campaigns_just_the_tip_of_the/,part time job scam,Investment and Trading Fraud,Task Scam,NEAR-MISS,NARSS-01437.txt,State: Kerala | Author: u/NJ_theNJ | Score: 1 | Reddit ID: 1ib8652
14bnq4i,NARSS-01438,2026-04-10,SOUBHIK SARKAR,Reddit r/Kerala,reddit.com,2023-06-17,Need career advices please.,https://www.reddit.com/r/Kerala/comments/14bnq4i/need_career_advices_please/,part time job scam,Investment and Trading Fraud,Task Scam,THIRD-PARTY,NARSS-01438.txt,State: Kerala | Author: u/elio-672 | Score: 1 | Reddit ID: 14bnq4i
utlald,NARSS-01439,2026-04-10,SOUBHIK SARKAR,Reddit r/Kerala,reddit.com,2022-05-20,I guessed I've been conned by a scam. Need help,https://www.reddit.com/r/Kerala/comments/utlald/i_guessed_ive_been_conned_by_a_scam_need_help/,part time job scam,Investment and Trading Fraud,Task Scam,THIRD-PARTY,NARSS-01439.txt,State: Kerala | Author: u/diabolical_19 | Score: 28 | Reddit ID: utlald
p7x3bu,NARSS-01440,2026-04-10,SOUBHIK SARKAR,Reddit r/Kerala,reddit.com,2021-08-20,Part time jobs to sustain...,https://www.reddit.com/r/Kerala/comments/p7x3bu/part_time_jobs_to_sustain/,part time job scam,Investment and Trading Fraud,Task Scam,THIRD-PARTY,NARSS-01440.txt,State: Kerala | Author: u/CockCrotch | Score: 21 | Reddit ID: p7x3bu
17bhqv8,NARSS-01441,2026-04-10,SOUBHIK SARKAR,Reddit r/Kerala,reddit.com,2023-10-19,Fell for an auto scam - paid him 500 rupees 😭,https://www.reddit.com/r/Kerala/comments/17bhqv8/fell_for_an_auto_scam_paid_him_500_rupees/,work from home scam,Investment and Trading Fraud,Task Scam,VICTIM,NARSS-01441.txt,State: Kerala | Author: u/Then-Library-7329 | Score: 1 | Reddit ID: 17bhqv8
16swl0b,NARSS-01442,2026-04-10,SOUBHIK SARKAR,Reddit r/Kerala,reddit.com,2023-09-27,Need advice regarding younger brother's career path,https://www.reddit.com/r/Kerala/comments/16swl0b/need_advice_regarding_younger_brothers_career_path/,work from home scam,Investment and Trading Fraud,Task Scam,NEAR-MISS,NARSS-01442.txt,State: Kerala | Author: u/Outside_Aide_1958 | Score: 1 | Reddit ID: 16swl0b
16q0ybz,NARSS-01443,2026-04-10,SOUBHIK SARKAR,Reddit r/Kerala,reddit.com,2023-09-23,What's with this so called christian brothers and their zoom meetings?,https://www.reddit.com/r/Kerala/comments/16q0ybz/whats_with_this_so_called_christian_brothers_and/,work from home scam,Investment and Trading Fraud,Task Scam,THIRD-PARTY,NARSS-01443.txt,State: Kerala | Author: u/Kingslayer006 | Score: 1 | Reddit ID: 16q0ybz
16c7dns,NARSS-01444,2026-04-10,SOUBHIK SARKAR,Reddit r/Kerala,reddit.com,2023-09-07,Opinion about canada migration,https://www.reddit.com/r/Kerala/comments/16c7dns/opinion_about_canada_migration/,work from home scam,Investment and Trading Fraud,Task Scam,NEAR-MISS,NARSS-01444.txt,State: Kerala | Author: u/elecktrgen | Score: 1 | Reddit ID: 16c7dns
1ko01ae,NARSS-01445,2026-04-10,SOUBHIK SARKAR,Reddit r/Kerala,reddit.com,2025-05-16,Identity theft and fake fitness transformation,https://www.reddit.com/r/Kerala/comments/1ko01ae/identity_theft_and_fake_fitness_transformation/,identity theft,Identity Theft and Data Breach,Identity Theft,THIRD-PARTY,NARSS-01445.txt,State: Kerala | Author: u/[deleted] | Score: 2 | Reddit ID: 1ko01ae
1inuo08,NARSS-01446,2026-04-10,SOUBHIK SARKAR,Reddit r/Kerala,reddit.com,2025-02-12,Aadhaar number required for compost bin provided by corporation,https://www.reddit.com/r/Kerala/comments/1inuo08/aadhaar_number_required_for_compost_bin_provided/,identity theft,Identity Theft and Data Breach,Identity Theft,THIRD-PARTY,NARSS-01446.txt,State: Kerala | Author: u/villainous_god | Score: 5 | Reddit ID: 1inuo08
1hfgesx,NARSS-01447,2026-04-10,SOUBHIK SARKAR,Reddit r/Kerala,reddit.com,2024-12-16,Data privacy is a joke in India!,https://www.reddit.com/r/Kerala/comments/1hfgesx/data_privacy_is_a_joke_in_india/,identity theft,Identity Theft and Data Breach,Identity Theft,THIRD-PARTY,NARSS-01447.txt,State: Kerala | Author: u/bineeth923 | Score: 1 | Reddit ID: 1hfgesx
7cx4q1,NARSS-01448,2026-04-10,SOUBHIK SARKAR,Reddit r/Kerala,reddit.com,2017-11-14,Telecom Operators Misusing Aadhaar Linking,https://www.reddit.com/r/Kerala/comments/7cx4q1/telecom_operators_misusing_aadhaar_linking/,Aadhaar misuse,Identity Theft and Data Breach,Identity Theft,THIRD-PARTY,NARSS-01448.txt,State: Kerala | Author: u/[deleted] | Score: 0 | Reddit ID: 7cx4q1
z1i9ge,NARSS-01449,2026-04-10,SOUBHIK SARKAR,Reddit r/Kerala,reddit.com,2022-11-22,"30,000 students's personal information got leaked in a data breach from Kannur University's official website(data was stored unencrypted, you fcking serious mate?)",https://www.reddit.com/r/Kerala/comments/z1i9ge/30000_studentss_personal_information_got_leaked/,data breach,Identity Theft and Data Breach,Data Breach,THIRD-PARTY,NARSS-01449.txt,State: Kerala | Author: u/DudeWithaPewPewGun | Score: 126 | Reddit ID: z1i9ge
nj74e3,NARSS-01450,2026-04-10,SOUBHIK SARKAR,Reddit r/Kerala,reddit.com,2021-05-23,Domino’s data breach. Hackers have setup this website allowing you to view if you’ve been affected.,https://www.reddit.com/r/Kerala/comments/nj74e3/dominos_data_breach_hackers_have_setup_this/,data breach,Identity Theft and Data Breach,Data Breach,THIRD-PARTY,NARSS-01450.txt,State: Kerala | Author: u/themalayaliguy | Score: 2 | Reddit ID: nj74e3
g79t1s,NARSS-01451,2026-04-10,SOUBHIK SARKAR,Reddit r/Kerala,reddit.com,2020-04-24,Kerala High Court restrains Sprinklr from breaching data confidentiality. Government directed to anonymize data and take informed consent. The case will be next listed after three weeks.,https://www.reddit.com/r/Kerala/comments/g79t1s/kerala_high_court_restrains_sprinklr_from/,data breach,Identity Theft and Data Breach,Data Breach,THIRD-PARTY,NARSS-01451.txt,State: Kerala | Author: u/Ancient-Gee | Score: 8 | Reddit ID: g79t1s
g765uw,NARSS-01452,2026-04-10,SOUBHIK SARKAR,Reddit r/Kerala,reddit.com,2020-04-24,HC orders on Sprinklr Issue,https://www.reddit.com/r/Kerala/comments/g765uw/hc_orders_on_sprinklr_issue/,data breach,Identity Theft and Data Breach,Data Breach,THIRD-PARTY,NARSS-01452.txt,State: Kerala | Author: u/SuperLeftLeftist | Score: 3 | Reddit ID: g765uw
g0bk65,NARSS-01453,2026-04-10,SOUBHIK SARKAR,Reddit r/Kerala,reddit.com,2020-04-13,"Chennithala scales up data breach charge against Kerala govt, shoots 15 questions to CM. “The CM says that the data collected from the state would be stored in a server in India only. However, the company's website says all the data with it is stored in its server in America. Which is right?”",https://www.reddit.com/r/Kerala/comments/g0bk65/chennithala_scales_up_data_breach_charge_against/,data breach,Identity Theft and Data Breach,Data Breach,THIRD-PARTY,NARSS-01453.txt,State: Kerala | Author: u/Ancient-Gee | Score: 248 | Reddit ID: g0bk65
1jadjuw,NARSS-01454,2026-04-10,SOUBHIK SARKAR,Reddit r/Kerala,reddit.com,2025-03-13,How are scammers getting specific bank details and phone numbers?,https://www.reddit.com/r/Kerala/comments/1jadjuw/how_are_scammers_getting_specific_bank_details/,data leak,Identity Theft and Data Breach,Data Breach,THIRD-PARTY,NARSS-01454.txt,State: Kerala | Author: u/IntelligentAd043 | Score: 1 | Reddit ID: 1jadjuw
1i3jtb8,NARSS-01455,2026-04-10,SOUBHIK SARKAR,Reddit r/Kerala,reddit.com,2025-01-17,Facial Recognition in Kerala’s AI Surveillance: Aadhar Data Leaks Make It Risky,https://www.reddit.com/r/Kerala/comments/1i3jtb8/facial_recognition_in_keralas_ai_surveillance/,data leak,Identity Theft and Data Breach,Data Breach,THIRD-PARTY,NARSS-01455.txt,State: Kerala | Author: u/zodiaxkichu | Score: 1 | Reddit ID: 1i3jtb8
1g9ga2c,NARSS-01456,2026-04-10,SOUBHIK SARKAR,Reddit r/Kerala,reddit.com,2024-10-22,So the FedEx Courier Scam,https://www.reddit.com/r/Kerala/comments/1g9ga2c/so_the_fedex_courier_scam/,data leak,Identity Theft and Data Breach,Data Breach,THIRD-PARTY,NARSS-01456.txt,State: Kerala | Author: u/Mr_UNPOPULAR_OPlNlON | Score: 1 | Reddit ID: 1g9ga2c
1fgk5qn,NARSS-01457,2026-04-10,SOUBHIK SARKAR,Reddit r/Kerala,reddit.com,2024-09-14,Require help regarding online harassment and blackmail from ex ,https://www.reddit.com/r/Kerala/comments/1fgk5qn/require_help_regarding_online_harassment_and/,data leak,Identity Theft and Data Breach,Data Breach,THIRD-PARTY,NARSS-01457.txt,State: Kerala | Author: u/T_h_e_Assassin | Score: 1 | Reddit ID: 1fgk5qn
o6coy7,NARSS-01458,2026-04-10,SOUBHIK SARKAR,Reddit r/Kerala,reddit.com,2021-06-23,"CoWIN portal hacked, more than 150 million user data leaked?",https://www.reddit.com/r/Kerala/comments/o6coy7/cowin_portal_hacked_more_than_150_million_user/,data leak,Identity Theft and Data Breach,Data Breach,THIRD-PARTY,NARSS-01458.txt,State: Kerala | Author: u/[deleted] | Score: 1 | Reddit ID: o6coy7
mg91yg,NARSS-01459,2026-04-10,SOUBHIK SARKAR,Reddit r/Kerala,reddit.com,2021-03-30,"Sensitive Data of more than 3.5 Million Indians was leaked. (It includes Aadhar Card, Pan Cards, Bank Accounts, Cards, Hashed Passwords, Addresses, etc.)",https://www.reddit.com/r/Kerala/comments/mg91yg/sensitive_data_of_more_than_35_million_indians/,data leak,Identity Theft and Data Breach,Data Breach,THIRD-PARTY,NARSS-01459.txt,State: Kerala | Author: u/ChirpPlays | Score: 219 | Reddit ID: mg91yg
l39dvb,NARSS-01460,2026-04-10,SOUBHIK SARKAR,Reddit r/Kerala,reddit.com,2021-01-23,Interesting (I mean scary) video about data leaking in India,https://www.reddit.com/r/Kerala/comments/l39dvb/interesting_i_mean_scary_video_about_data_leaking/,data leak,Identity Theft and Data Breach,Data Breach,THIRD-PARTY,NARSS-01460.txt,State: Kerala | Author: u/AleksiB1 | Score: 1 | Reddit ID: l39dvb
7dnb7h,NARSS-01461,2026-04-10,SOUBHIK SARKAR,Reddit r/Kerala,reddit.com,2017-11-18,Fear of Aadhaar data leaks keeps HIV positive people away from treatment centres,https://www.reddit.com/r/Kerala/comments/7dnb7h/fear_of_aadhaar_data_leaks_keeps_hiv_positive/,data leak,Identity Theft and Data Breach,Data Breach,THIRD-PARTY,NARSS-01461.txt,State: Kerala | Author: u/[deleted] | Score: 1 | Reddit ID: 7dnb7h
1iqy3wb,NARSS-01462,2026-04-10,SOUBHIK SARKAR,Reddit r/Kerala,reddit.com,2025-02-16,My Uncle got Scammed,https://www.reddit.com/r/Kerala/comments/1iqy3wb/my_uncle_got_scammed/,trust scam,Social Engineering and Romance/Sextortion,Social Engineering,THIRD-PARTY,NARSS-01462.txt,State: Kerala | Author: u/Fun-Confection-4482 | Score: 1 | Reddit ID: 1iqy3wb
1gxx4w5,NARSS-01463,2026-04-10,SOUBHIK SARKAR,Reddit r/Kerala,reddit.com,2024-11-23,Potential Art Commission scam ,https://www.reddit.com/r/Kerala/comments/1gxx4w5/potential_art_commission_scam/,trust scam,Social Engineering and Romance/Sextortion,Social Engineering,VICTIM,NARSS-01463.txt,State: Kerala | Author: u/AceMajestier | Score: 1 | Reddit ID: 1gxx4w5
1gkwbyt,NARSS-01464,2026-04-10,SOUBHIK SARKAR,Reddit r/Kerala,reddit.com,2024-11-06,"If anyone knows anybody working for Chinmaya Edu Trust, do let them know multiple websites of theirs are being redirected to scam and betting sites",https://www.reddit.com/r/Kerala/comments/1gkwbyt/if_anyone_knows_anybody_working_for_chinmaya_edu/,trust scam,Social Engineering and Romance/Sextortion,Social Engineering,THIRD-PARTY,NARSS-01464.txt,State: Kerala | Author: u/[deleted] | Score: 5 | Reddit ID: 1gkwbyt
1g4qheh,NARSS-01465,2026-04-10,SOUBHIK SARKAR,Reddit r/Kerala,reddit.com,2024-10-16,Social media impersonstion ,https://www.reddit.com/r/Kerala/comments/1g4qheh/social_media_impersonstion/,trust scam,Social Engineering and Romance/Sextortion,Social Engineering,THIRD-PARTY,NARSS-01465.txt,State: Kerala | Author: u/Visual-Ad347 | Score: 1 | Reddit ID: 1g4qheh
1dfn8cq,NARSS-01466,2026-04-10,SOUBHIK SARKAR,Reddit r/Kerala,reddit.com,2024-06-14,**Warning: Scam Alert - Beware of this Kerala scammer. Read below,https://www.reddit.com/r/Kerala/comments/1dfn8cq/warning_scam_alert_beware_of_this_kerala_scammer/,trust scam,Social Engineering and Romance/Sextortion,Social Engineering,NEAR-MISS,NARSS-01466.txt,State: Kerala | Author: u/Liberated_Wisemonk | Score: 1 | Reddit ID: 1dfn8cq
vkjrpl,NARSS-01467,2026-04-10,SOUBHIK SARKAR,Reddit r/Kerala,reddit.com,2022-06-25,"Malabar gold (Kozhikode)scam, no bill, slashed weight of glue and enamel(??) from gold!",https://www.reddit.com/r/Kerala/comments/vkjrpl/malabar_gold_kozhikodescam_no_bill_slashed_weight/,trust scam,Social Engineering and Romance/Sextortion,Social Engineering,VICTIM,NARSS-01467.txt,State: Kerala | Author: u/Anxious_Prize_6095 | Score: 128 | Reddit ID: vkjrpl
mhn899,NARSS-01468,2026-04-10,SOUBHIK SARKAR,Reddit r/Kerala,reddit.com,2021-04-01,Why Foreigners Don't Trust Indians in India (Tourist Trap Scam in Kochi),https://www.reddit.com/r/Kerala/comments/mhn899/why_foreigners_dont_trust_indians_in_india/,trust scam,Social Engineering and Romance/Sextortion,Social Engineering,THIRD-PARTY,NARSS-01468.txt,State: Kerala | Author: u/HarpreetASingh | Score: 26 | Reddit ID: mhn899
134xex8,NARSS-01469,2026-04-10,SOUBHIK SARKAR,Reddit r/Kerala,reddit.com,2023-05-02,Need your help about Divorcee Matrimony,https://www.reddit.com/r/Kerala/comments/134xex8/need_your_help_about_divorcee_matrimony/,dating fraud,Social Engineering and Romance/Sextortion,Romance Scam,THIRD-PARTY,NARSS-01469.txt,State: Kerala | Author: u/ThakkidiMundan | Score: 22 | Reddit ID: 134xex8
1jgepml,NARSS-01470,2026-04-10,SOUBHIK SARKAR,Reddit r/Kerala,reddit.com,2025-03-21,"Opposition BJP Stages Dharna in Karnataka Assembly, Demands Judicial Probe into Honey-Trap Allegations",https://www.reddit.com/r/Kerala/comments/1jgepml/opposition_bjp_stages_dharna_in_karnataka/,honey trap,Social Engineering and Romance/Sextortion,Romance Scam,THIRD-PARTY,NARSS-01470.txt,State: Kerala | Author: u/Ok_Sentence1967 | Score: 1 | Reddit ID: 1jgepml
1jae5j2,NARSS-01471,2026-04-10,SOUBHIK SARKAR,Reddit r/Kerala,reddit.com,2025-03-13,Astrologer falls victim to honey trap; two arrested in Palakkad,https://www.reddit.com/r/Kerala/comments/1jae5j2/astrologer_falls_victim_to_honey_trap_two/,honey trap,Social Engineering and Romance/Sextortion,Romance Scam,THIRD-PARTY,NARSS-01471.txt,State: Kerala | Author: u/frosted_bite | Score: 1 | Reddit ID: 1jae5j2
1hzd57d,NARSS-01472,2026-04-10,SOUBHIK SARKAR,Reddit r/Kerala,reddit.com,2025-01-12,Two held for extorting money from priest through honey trap - The Hindu,https://www.reddit.com/r/Kerala/comments/1hzd57d/two_held_for_extorting_money_from_priest_through/,honey trap,Social Engineering and Romance/Sextortion,Romance Scam,THIRD-PARTY,NARSS-01472.txt,State: Kerala | Author: u/DioTheSuperiorWaifu | Score: 1 | Reddit ID: 1hzd57d
1fdcd6k,NARSS-01473,2026-04-10,SOUBHIK SARKAR,Reddit r/Kerala,reddit.com,2024-09-10,"ഭർത്താവ് വിദേശത്ത്, യുവാവിനെ ഞായറാഴ്ച വീട്ടിലേക്ക് വിളിച്ച് അൻസീന; പിന്നിൽ നിഗൂഡ പദ്ധതി, പരാതിയിൽ അറസ്റ്റ് | Honey Trap",https://www.reddit.com/r/Kerala/comments/1fdcd6k/ഭർതതവ_വദശതത_യവവന_ഞയറഴച_വടടലകക_വളചച_അൻസന_പനനൽ_നഗഡ/,honey trap,Social Engineering and Romance/Sextortion,Romance Scam,THIRD-PARTY,NARSS-01473.txt,State: Kerala | Author: u/Giwargis_Sahada | Score: 1 | Reddit ID: 1fdcd6k
15ay1qo,NARSS-01474,2026-04-10,SOUBHIK SARKAR,Reddit r/Kerala,reddit.com,2023-07-27,വയോധികനെ ഹണിട്രാപ്പില്‍ കുടുക്കിയ സീരിയല്‍ നടി പിടിയില്‍ | Honey Trap,https://www.reddit.com/r/Kerala/comments/15ay1qo/വയധകന_ഹണടരപപല_കടകകയ_സരയല_നട_പടയല_honey_trap/,honey trap,Social Engineering and Romance/Sextortion,Romance Scam,THIRD-PARTY,NARSS-01474.txt,State: Kerala | Author: u/[deleted] | Score: 1 | Reddit ID: 15ay1qo
14m4zoc,NARSS-01475,2026-04-10,SOUBHIK SARKAR,Reddit r/Kerala,reddit.com,2023-06-29,What has happened to the Public Masturbation Issue which happened in KSRTC,https://www.reddit.com/r/Kerala/comments/14m4zoc/what_has_happened_to_the_public_masturbation/,honey trap,Social Engineering and Romance/Sextortion,Romance Scam,THIRD-PARTY,NARSS-01475.txt,State: Kerala | Author: u/rampwalk4remo | Score: 148 | Reddit ID: 14m4zoc
13vt64b,NARSS-01476,2026-04-10,SOUBHIK SARKAR,Reddit r/Kerala,reddit.com,2023-05-30,Since honey trap is getting popular,https://www.reddit.com/r/Kerala/comments/13vt64b/since_honey_trap_is_getting_popular/,honey trap,Social Engineering and Romance/Sextortion,Romance Scam,THIRD-PARTY,NARSS-01476.txt,State: Kerala | Author: u/[deleted] | Score: 2 | Reddit ID: 13vt64b
xmca8d,NARSS-01477,2026-04-10,SOUBHIK SARKAR,Reddit r/Kerala,reddit.com,2022-09-24,Honey traps in Kerala,https://www.reddit.com/r/Kerala/comments/xmca8d/honey_traps_in_kerala/,honey trap,Social Engineering and Romance/Sextortion,Romance Scam,THIRD-PARTY,NARSS-01477.txt,State: Kerala | Author: u/I_am_richer_then_you | Score: 1 | Reddit ID: xmca8d
x1qrpf,NARSS-01478,2026-04-10,SOUBHIK SARKAR,Reddit r/Kerala,reddit.com,2022-08-31,വ്യവസായിയെ ഹണി ട്രാപ്പിലാക്കി; ദമ്പതികൾ അടക്കം 6 പേർ അറസ്റ്റിൽ | Honey trap| Palakkad,https://www.reddit.com/r/Kerala/comments/x1qrpf/വയവസയയ_ഹണ_ടരപപലകക_ദമപതകൾ_അടകക_6_പർ_അറസററൽ_honey/,honey trap,Social Engineering and Romance/Sextortion,Romance Scam,THIRD-PARTY,NARSS-01478.txt,State: Kerala | Author: u/mbG65 | Score: 14 | Reddit ID: x1qrpf
s1b241,NARSS-01479,2026-04-10,SOUBHIK SARKAR,Reddit r/Kerala,reddit.com,2022-01-11,Honey Trap !!! Guys Beware,https://www.reddit.com/r/Kerala/comments/s1b241/honey_trap_guys_beware/,honey trap,Social Engineering and Romance/Sextortion,Romance Scam,NEAR-MISS,NARSS-01479.txt,State: Kerala | Author: u/sacredmonster2 | Score: 0 | Reddit ID: s1b241
rtfvqo,NARSS-01480,2026-04-10,SOUBHIK SARKAR,Reddit r/Kerala,reddit.com,2022-01-01,Woman held for extorting youth after setting honey-trap,https://www.reddit.com/r/Kerala/comments/rtfvqo/woman_held_for_extorting_youth_after_setting/,honey trap,Social Engineering and Romance/Sextortion,Romance Scam,THIRD-PARTY,NARSS-01480.txt,State: Kerala | Author: u/[deleted] | Score: 31 | Reddit ID: rtfvqo
pmk114,NARSS-01481,2026-04-10,SOUBHIK SARKAR,Reddit r/Kerala,reddit.com,2021-09-12,"പൊലീസുകാരെ കുടുക്കിയ ഹണിട്രാപ്പിന്​ പിന്നിൽ ഗൂഢാലോചന?, അന്വേഷണത്തിന്​ പ്രത്യേക സംഘം | Conspiracy behind the honey trap? | Madhyamam",https://www.reddit.com/r/Kerala/comments/pmk114/പലസകര_കടകകയ_ഹണടരപപന_പനനൽ_ഗഢലചന_അനവഷണതതന_പരതയക_സഘ/,honey trap,Social Engineering and Romance/Sextortion,Romance Scam,THIRD-PARTY,NARSS-01481.txt,State: Kerala | Author: u/ottakam | Score: 6 | Reddit ID: pmk114
ktknls,NARSS-01482,2026-04-10,SOUBHIK SARKAR,Reddit r/Kerala,reddit.com,2021-01-09,ഹണി ട്രാപ്​: പൊലീസിന്​ ക്ലാസെടുക്കുന്ന യുവാവ് അടക്കം നാലുപേർ പിടിയിൽ | Honey Trap: Four arrested,https://www.reddit.com/r/Kerala/comments/ktknls/ഹണ_ടരപ_പലസന_കലസടകകനന_യവവ_അടകക_നലപർ_പടയൽ_honey/,honey trap,Social Engineering and Romance/Sextortion,Romance Scam,THIRD-PARTY,NARSS-01482.txt,State: Kerala | Author: u/ottakam | Score: 7 | Reddit ID: ktknls
1ez41cu,NARSS-01483,2026-04-10,SOUBHIK SARKAR,Reddit r/Kerala,reddit.com,2024-08-23,Sextortion &amp; Male Mafia: Reality of Malayalam Film Industry | Vantage with Palki Sharma,https://www.reddit.com/r/Kerala/comments/1ez41cu/sextortion_male_mafia_reality_of_malayalam_film/,sextortion,Social Engineering and Romance/Sextortion,Sextortion,THIRD-PARTY,NARSS-01483.txt,State: Kerala | Author: u/DinnerImpossible1680 | Score: 1 | Reddit ID: 1ez41cu
1289boy,NARSS-01484,2026-04-10,SOUBHIK SARKAR,Reddit r/Kerala,reddit.com,2023-04-01,"Children of Kerala, Men and Women of Kerala",https://www.reddit.com/r/Kerala/comments/1289boy/children_of_kerala_men_and_women_of_kerala/,nude video blackmail,Social Engineering and Romance/Sextortion,Sextortion,THIRD-PARTY,NARSS-01484.txt,State: Kerala | Author: u/Old-Conversation-943 | Score: 1 | Reddit ID: 1289boy
ucx1ij,NARSS-01485,2026-04-10,SOUBHIK SARKAR,Reddit r/Kerala,reddit.com,2022-04-27,The allegations against Vijay Babu in the complainant's own words,https://www.reddit.com/r/Kerala/comments/ucx1ij/the_allegations_against_vijay_babu_in_the/,nude video blackmail,Social Engineering and Romance/Sextortion,Sextortion,THIRD-PARTY,NARSS-01485.txt,State: Kerala | Author: u/kookysoul | Score: 100 | Reddit ID: ucx1ij
mpkjtz,NARSS-01486,2026-04-10,SOUBHIK SARKAR,Reddit r/Kerala,reddit.com,2021-04-13,Flipkart's New Fraud 😡😡😡 | Caught With Proof,https://www.reddit.com/r/Kerala/comments/mpkjtz/flipkarts_new_fraud_caught_with_proof/,Flipkart fraud,E-Commerce and Delivery Fraud,E-Commerce Fraud,THIRD-PARTY,NARSS-01486.txt,State: Kerala | Author: u/rajeevist | Score: 1 | Reddit ID: mpkjtz
18efewj,NARSS-01487,2026-04-10,SOUBHIK SARKAR,Reddit r/Kerala,reddit.com,2023-12-09,Nexgen Systems' Poojappura -Refund Promise Turns into Bounced Cheque Nightmare,https://www.reddit.com/r/Kerala/comments/18efewj/nexgen_systems_poojappura_refund_promise_turns/,refund scam,E-Commerce and Delivery Fraud,E-Commerce Fraud,NEAR-MISS,NARSS-01487.txt,State: Kerala | Author: u/akhileshhhhhh | Score: 1 | Reddit ID: 18efewj
15trxi9,NARSS-01488,2026-04-10,SOUBHIK SARKAR,Reddit r/Kerala,reddit.com,2023-08-17,Warning: Beware of Nexgen Systems PC Store Scam - No Delivery or Refund After 3-4 Months,https://www.reddit.com/r/Kerala/comments/15trxi9/warning_beware_of_nexgen_systems_pc_store_scam_no/,refund scam,E-Commerce and Delivery Fraud,E-Commerce Fraud,NEAR-MISS,NARSS-01488.txt,State: Kerala | Author: u/[deleted] | Score: 1 | Reddit ID: 15trxi9
tkm67a,NARSS-01489,2026-04-10,SOUBHIK SARKAR,Reddit r/Kerala,reddit.com,2022-03-23,Product missing from Amazon package,https://www.reddit.com/r/Kerala/comments/tkm67a/product_missing_from_amazon_package/,refund scam,E-Commerce and Delivery Fraud,E-Commerce Fraud,THIRD-PARTY,NARSS-01489.txt,State: Kerala | Author: u/amdzines | Score: 52 | Reddit ID: tkm67a
fncvdz,NARSS-01490,2026-04-10,SOUBHIK SARKAR,Reddit r/Kerala,reddit.com,2020-03-23,Calling for all members to sing Ekaantha Chandrike next Sunday IST 5pm,https://www.reddit.com/r/Kerala/comments/fncvdz/calling_for_all_members_to_sing_ekaantha/,fake delivery,E-Commerce and Delivery Fraud,Delivery Fraud,THIRD-PARTY,NARSS-01490.txt,State: Kerala | Author: u/pereiraandpavanai | Score: 181 | Reddit ID: fncvdz
asl9nc,NARSS-01491,2026-04-10,SOUBHIK SARKAR,Reddit r/Kerala,reddit.com,2019-02-20,"Kerala based hacker group ""I-crew"" hacked and encrypted 200+ Pakistani government and business websites in a Ransomware attack. All their files are locked and can be only unlocked if they donate to CRPF fund!",https://www.reddit.com/r/Kerala/comments/asl9nc/kerala_based_hacker_group_icrew_hacked_and/,ransomware attack,Ransomware and Malware,Ransomware,THIRD-PARTY,NARSS-01491.txt,State: Kerala | Author: u/Fdsn | Score: 67 | Reddit ID: asl9nc
6bhtba,NARSS-01492,2026-04-10,SOUBHIK SARKAR,Reddit r/Kerala,reddit.com,2017-05-16,Ransomware attack at Palakkad railway divisional office,https://www.reddit.com/r/Kerala/comments/6bhtba/ransomware_attack_at_palakkad_railway_divisional/,ransomware attack,Ransomware and Malware,Ransomware,THIRD-PARTY,NARSS-01492.txt,State: Kerala | Author: u/palakkadan | Score: 4 | Reddit ID: 6bhtba
1iwt3h6,NARSS-01493,2026-04-10,SOUBHIK SARKAR,Reddit r/Kerala,reddit.com,2025-02-24,"Kerala tightens Aadhaar rules: No headscarves in photos, operators to be suspended for violations",https://www.reddit.com/r/Kerala/comments/1iwt3h6/kerala_tightens_aadhaar_rules_no_headscarves_in/,Aadhaar fraud,Emerging and Miscellaneous Fraud Types,Aadhaar Fraud,THIRD-PARTY,NARSS-01493.txt,State: Kerala | Author: u/QuirkyQuokkaQuest644 | Score: 1 | Reddit ID: 1iwt3h6
1h5unzd,NARSS-01494,2026-04-10,SOUBHIK SARKAR,Reddit r/Kerala,reddit.com,2024-12-04,Anyway to prevent calls from numbers like these?,https://www.reddit.com/r/Kerala/comments/1h5unzd/anyway_to_prevent_calls_from_numbers_like_these/,Aadhaar scam,Emerging and Miscellaneous Fraud Types,Aadhaar Fraud,THIRD-PARTY,NARSS-01494.txt,State: Kerala | Author: u/iam-annonymouse | Score: 1 | Reddit ID: 1h5unzd
1hlm8ky,NARSS-01495,2026-04-10,SOUBHIK SARKAR,Reddit r/Kerala,reddit.com,2024-12-25,What are the legal aspects of bodyshaming in our country,https://www.reddit.com/r/Kerala/comments/1hlm8ky/what_are_the_legal_aspects_of_bodyshaming_in_our/,cyber bullying,Emerging and Miscellaneous Fraud Types,Cyber Stalking,THIRD-PARTY,NARSS-01495.txt,State: Kerala | Author: u/uatchaos | Score: 1 | Reddit ID: 1hlm8ky
1etk0jb,NARSS-01496,2026-04-10,SOUBHIK SARKAR,Reddit r/Kerala,reddit.com,2024-08-16,Why does she face cyber bullying? ,https://www.reddit.com/r/Kerala/comments/1etk0jb/why_does_she_face_cyber_bullying/,cyber bullying,Emerging and Miscellaneous Fraud Types,Cyber Stalking,THIRD-PARTY,NARSS-01496.txt,State: Kerala | Author: u/InspectorInside407 | Score: 1 | Reddit ID: 1etk0jb
1e998p3,NARSS-01497,2026-04-10,SOUBHIK SARKAR,Reddit r/Kerala,reddit.com,2024-07-22,Oliviya designs - what's happening?,https://www.reddit.com/r/Kerala/comments/1e998p3/oliviya_designs_whats_happening/,cyber bullying,Emerging and Miscellaneous Fraud Types,Cyber Stalking,THIRD-PARTY,NARSS-01497.txt,State: Kerala | Author: u/Ambitious_Farmer9303 | Score: 1 | Reddit ID: 1e998p3
1e1as5j,NARSS-01498,2026-04-10,SOUBHIK SARKAR,Reddit r/Kerala,reddit.com,2024-07-12,Sad.               Cyber bullying suicide attempt ,https://www.reddit.com/r/Kerala/comments/1e1as5j/sad_cyber_bullying_suicide_attempt/,cyber bullying,Emerging and Miscellaneous Fraud Types,Cyber Stalking,THIRD-PARTY,NARSS-01498.txt,State: Kerala | Author: u/ente_cassette | Score: 1 | Reddit ID: 1e1as5j
1dl4asa,NARSS-01499,2026-04-10,SOUBHIK SARKAR,Reddit r/Kerala,reddit.com,2024-06-21,My friend facing cyber bullying anyone know how to report cyber cell contact number etc pls help,https://www.reddit.com/r/Kerala/comments/1dl4asa/my_friend_facing_cyber_bullying_anyone_know_how/,cyber bullying,Emerging and Miscellaneous Fraud Types,Cyber Stalking,THIRD-PARTY,NARSS-01499.txt,State: Kerala | Author: u/ente_cassette | Score: 1 | Reddit ID: 1dl4asa
1d1nn85,NARSS-01500,2026-04-10,SOUBHIK SARKAR,Reddit r/Kerala,reddit.com,2024-05-27,Devananda filed a complaint against cyber bullying.,https://www.reddit.com/r/Kerala/comments/1d1nn85/devananda_filed_a_complaint_against_cyber_bullying/,cyber bullying,Emerging and Miscellaneous Fraud Types,Cyber Stalking,THIRD-PARTY,NARSS-01500.txt,State: Kerala | Author: u/kudimakan | Score: 1 | Reddit ID: 1d1nn85
1cia2rv,NARSS-01501,2026-04-10,SOUBHIK SARKAR,Reddit r/Kerala,reddit.com,2024-05-02,"മേയർക്കെതിരേ വലിയ സൈബർ ബുള്ളിയിങ്, സച്ചിൻദേവ് ബസിൽ കയറിയത് ടിക്കറ്റെടുത്ത് ഡിപ്പോയിലേക്കുപോകാൻ- റഹീം, aa rahim, against cyber bullying, against kk shailaja, mayor, arya rajendran",https://www.reddit.com/r/Kerala/comments/1cia2rv/മയർകകതര_വലയ_സബർ_ബളളയങ_സചചൻദവ_ബസൽ_കയറയത_ടകകററടതത/,cyber bullying,Emerging and Miscellaneous Fraud Types,Cyber Stalking,THIRD-PARTY,NARSS-01501.txt,State: Kerala | Author: u/Indra_jith123 | Score: 1 | Reddit ID: 1cia2rv
16uc7l9,NARSS-01502,2026-04-10,SOUBHIK SARKAR,Reddit r/Kerala,reddit.com,2023-09-28,"മരിച്ചു പോയ അച്ഛനെക്കുറിച്ചും മോശമായ കമന്റ് ഇട്ടു, അവളൊരു നഴ്സ്: സുപ്രിയ വെളിപ്പെടുത്തുന്നു | Supriya Menon Cyber Bullying",https://www.reddit.com/r/Kerala/comments/16uc7l9/മരചച_പയ_അചഛനകകറചച_മശമയ_കമനറ_ഇടട_അവളര_നഴസ_സപരയ/,cyber bullying,Emerging and Miscellaneous Fraud Types,Cyber Stalking,THIRD-PARTY,NARSS-01502.txt,State: Kerala | Author: u/innerpeacefinder | Score: 1 | Reddit ID: 16uc7l9
10cjmof,NARSS-01503,2026-04-10,SOUBHIK SARKAR,Reddit r/Kerala,reddit.com,2023-01-15,Malayalam Vlogger Sujith Bhakthan faces cyber bullying from radical Islam for visiting Ram mandir,https://www.reddit.com/r/Kerala/comments/10cjmof/malayalam_vlogger_sujith_bhakthan_faces_cyber/,cyber bullying,Emerging and Miscellaneous Fraud Types,Cyber Stalking,THIRD-PARTY,NARSS-01503.txt,State: Kerala | Author: u/BlooSpear | Score: 1 | Reddit ID: 10cjmof
10chtyc,NARSS-01504,2026-04-10,SOUBHIK SARKAR,Reddit r/Kerala,reddit.com,2023-01-15,Malayalam travel blogger Sujith Bhakthan receives threats and cyber bullying from radical Islam for visiting Ayodhya ram temple,https://www.reddit.com/r/Kerala/comments/10chtyc/malayalam_travel_blogger_sujith_bhakthan_receives/,cyber bullying,Emerging and Miscellaneous Fraud Types,Cyber Stalking,THIRD-PARTY,NARSS-01504.txt,State: Kerala | Author: u/BlooSpear | Score: 26 | Reddit ID: 10chtyc
v7l79q,NARSS-01505,2026-04-10,SOUBHIK SARKAR,Reddit r/Kerala,reddit.com,2022-06-08,"Malayali social media spaces increasingly becoming unsafe for women, lgbtqia+ and mentally struggling folks.",https://www.reddit.com/r/Kerala/comments/v7l79q/malayali_social_media_spaces_increasingly/,cyber bullying,Emerging and Miscellaneous Fraud Types,Cyber Stalking,THIRD-PARTY,NARSS-01505.txt,State: Kerala | Author: u/tamura___reiko | Score: 205 | Reddit ID: v7l79q
hu0shz,NARSS-01506,2026-04-10,SOUBHIK SARKAR,Reddit r/Kerala,reddit.com,2020-07-19,Cyber Bullying,https://www.reddit.com/r/Kerala/comments/hu0shz/cyber_bullying/,cyber bullying,Emerging and Miscellaneous Fraud Types,Cyber Stalking,THIRD-PARTY,NARSS-01506.txt,State: Kerala | Author: u/[deleted] | Score: 0 | Reddit ID: hu0shz
1jswnr7,NARSS-01507,2026-04-10,SOUBHIK SARKAR,Reddit r/Kerala,reddit.com,2025-04-06,"Another year, Another Pooram, Another Chance to show we actually have civic sense",https://www.reddit.com/r/Kerala/comments/1jswnr7/another_year_another_pooram_another_chance_to/,online harassment,Emerging and Miscellaneous Fraud Types,Cyber Stalking,THIRD-PARTY,NARSS-01507.txt,State: Kerala | Author: u/anjaysnair | Score: 1 | Reddit ID: 1jswnr7
1ieag1q,NARSS-01508,2026-04-10,SOUBHIK SARKAR,Reddit r/Kerala,reddit.com,2025-01-31,The Silent Architects of Violence: How Society Shapes Bullies,https://www.reddit.com/r/Kerala/comments/1ieag1q/the_silent_architects_of_violence_how_society/,online harassment,Emerging and Miscellaneous Fraud Types,Cyber Stalking,THIRD-PARTY,NARSS-01508.txt,State: Kerala | Author: u/Arjunranjith | Score: 1 | Reddit ID: 1ieag1q
1fgkdda,NARSS-01509,2026-04-10,SOUBHIK SARKAR,Reddit r/Kerala,reddit.com,2024-09-14,Online harassment and blackmail from EX ,https://www.reddit.com/r/Kerala/comments/1fgkdda/online_harassment_and_blackmail_from_ex/,online harassment,Emerging and Miscellaneous Fraud Types,Cyber Stalking,THIRD-PARTY,NARSS-01509.txt,State: Kerala | Author: u/RelativeAd7856 | Score: 1 | Reddit ID: 1fgkdda
1fgkaup,NARSS-01510,2026-04-10,SOUBHIK SARKAR,Reddit r/Kerala,reddit.com,2024-09-14,Online harassment and blackmail by EX,https://www.reddit.com/r/Kerala/comments/1fgkaup/online_harassment_and_blackmail_by_ex/,online harassment,Emerging and Miscellaneous Fraud Types,Cyber Stalking,THIRD-PARTY,NARSS-01510.txt,State: Kerala | Author: u/RelativeAd7856 | Score: 1 | Reddit ID: 1fgkaup
1csice5,NARSS-01511,2026-04-10,SOUBHIK SARKAR,Reddit r/Kerala,reddit.com,2024-05-15,"Kerala politicians stand by actor Mammootty facing online harassment, call him State’s pride - The Hindu",https://www.reddit.com/r/Kerala/comments/1csice5/kerala_politicians_stand_by_actor_mammootty/,online harassment,Emerging and Miscellaneous Fraud Types,Cyber Stalking,THIRD-PARTY,NARSS-01511.txt,State: Kerala | Author: u/DioTheSuperiorWaifu | Score: 1 | Reddit ID: 1csice5
16n8h1e,NARSS-01512,2026-04-10,SOUBHIK SARKAR,Reddit r/Kerala,reddit.com,2023-09-20,"Online harassment of women politicians, female relatives of leaders on rise in Kerala, cops to act",https://www.reddit.com/r/Kerala/comments/16n8h1e/online_harassment_of_women_politicians_female/,online harassment,Emerging and Miscellaneous Fraud Types,Cyber Stalking,THIRD-PARTY,NARSS-01512.txt,State: Kerala | Author: u/mayblum | Score: 1 | Reddit ID: 16n8h1e
o3l5fq,NARSS-01513,2026-04-10,SOUBHIK SARKAR,Reddit r/Kerala,reddit.com,2021-06-19,'Aparajitha is Online' by Kerala Police,https://www.reddit.com/r/Kerala/comments/o3l5fq/aparajitha_is_online_by_kerala_police/,online harassment,Emerging and Miscellaneous Fraud Types,Cyber Stalking,THIRD-PARTY,NARSS-01513.txt,State: Kerala | Author: u/ScaredBatman | Score: 15 | Reddit ID: o3l5fq
1idvodn,NARSS-01514,2026-04-10,SOUBHIK SARKAR,Reddit r/Kerala,reddit.com,2025-01-31,"Kerala: 15-year-old bullied over skin color, forced to lick toilet, dies by suicide; school accused of cover-up, mother vows to fight for justice",https://www.reddit.com/r/Kerala/comments/1idvodn/kerala_15yearold_bullied_over_skin_color_forced/,digital harassment,Emerging and Miscellaneous Fraud Types,Cyber Stalking,THIRD-PARTY,NARSS-01514.txt,State: Kerala | Author: u/GladAvacado | Score: 1 | Reddit ID: 1idvodn
1hkr0b6,NARSS-01515,2026-04-10,SOUBHIK SARKAR,Reddit r/MadhyaPradesh,reddit.com,2024-12-23,"This is not just about MADHYA PRADESH but the whole INDIA , please take out time and read ",https://www.reddit.com/r/MadhyaPradesh/comments/1hkr0b6/this_is_not_just_about_madhya_pradesh_but_the/,internet fraud,General Cybercrime / Cyber Fraud Terms,General Cybercrime,THIRD-PARTY,NARSS-01515.txt,State: Madhya Pradesh | Author: u/PuzzleheadedLeek7366 | Score: 1 | Reddit ID: 1hkr0b6
1keo52a,NARSS-01516,2026-04-10,SOUBHIK SARKAR,Reddit r/MadhyaPradesh,reddit.com,2025-05-04,How to book panna national park safari. And what I am booking is a scam or not.,https://www.reddit.com/r/MadhyaPradesh/comments/1keo52a/how_to_book_panna_national_park_safari_and_what_i/,online scam,General Cybercrime / Cyber Fraud Terms,Cyber Scam,THIRD-PARTY,NARSS-01516.txt,State: Madhya Pradesh | Author: u/No_Confection5452 | Score: 1 | Reddit ID: 1keo52a
1iul9ip,NARSS-01517,2026-04-10,SOUBHIK SARKAR,Reddit r/MadhyaPradesh,reddit.com,2025-02-21,Update on e scooty fraud by govt officials.,https://www.reddit.com/r/MadhyaPradesh/comments/1iul9ip/update_on_e_scooty_fraud_by_govt_officials/,e-banking fraud,General Cybercrime / Cyber Fraud Terms,Financial Cyber Fraud,THIRD-PARTY,NARSS-01517.txt,State: Madhya Pradesh | Author: u/dkchakravarti00 | Score: 1 | Reddit ID: 1iul9ip
1ew06b8,NARSS-01518,2026-04-10,SOUBHIK SARKAR,Reddit r/MadhyaPradesh,reddit.com,2024-08-19,Scam Alert: Impersonating Police Offcials,https://www.reddit.com/r/MadhyaPradesh/comments/1ew06b8/scam_alert_impersonating_police_offcials/,UPI scam,UPI and Digital Payment Fraud,UPI Fraud,THIRD-PARTY,NARSS-01518.txt,State: Madhya Pradesh | Author: u/Memersingg | Score: 1 | Reddit ID: 1ew06b8
1i093dn,NARSS-01519,2026-04-10,SOUBHIK SARKAR,Reddit r/MadhyaPradesh,reddit.com,2025-01-13,"QR code scam: Scammers swap stickers in Madhya Pradesh shops, divert payments in their accounts",https://www.reddit.com/r/MadhyaPradesh/comments/1i093dn/qr_code_scam_scammers_swap_stickers_in_madhya/,QR code scam,UPI and Digital Payment Fraud,QR Code Fraud,THIRD-PARTY,NARSS-01519.txt,State: Madhya Pradesh | Author: u/CandidInspector8530 | Score: 1 | Reddit ID: 1i093dn
1hh2hd6,NARSS-01520,2026-04-10,SOUBHIK SARKAR,Reddit r/MadhyaPradesh,reddit.com,2024-12-18,People in Madhya Pradesh lost 130 per cent more money due to digital arrest in 2024 compared to 2023,https://www.reddit.com/r/MadhyaPradesh/comments/1hh2hd6/people_in_madhya_pradesh_lost_130_per_cent_more/,digital arrest,Digital Arrest Scam,Digital Arrest,THIRD-PARTY,NARSS-01520.txt,State: Madhya Pradesh | Author: u/CandidInspector8530 | Score: 1 | Reddit ID: 1hh2hd6
1k8expd,NARSS-01521,2026-04-10,SOUBHIK SARKAR,Reddit r/MadhyaPradesh,reddit.com,2025-04-26,"Jabalpur (MP): Woman and Lover Arrested for ₹38 Lakh Fraud, Duped Husband and In Laws with Fake Govt. Job Promises and Fake Gold",https://www.reddit.com/r/MadhyaPradesh/comments/1k8expd/jabalpur_mp_woman_and_lover_arrested_for_38_lakh/,fake arrest,Digital Arrest Scam,Digital Arrest,VICTIM,NARSS-01521.txt,State: Madhya Pradesh | Author: u/SquaredAndRooted | Score: 1 | Reddit ID: 1k8expd
1jv3z0v,NARSS-01522,2026-04-10,SOUBHIK SARKAR,Reddit r/MadhyaPradesh,reddit.com,2025-04-09,MP: 5 day police custody for ‘fake’ doctor,https://www.reddit.com/r/MadhyaPradesh/comments/1jv3z0v/mp_5_day_police_custody_for_fake_doctor/,fake arrest,Digital Arrest Scam,Digital Arrest,THIRD-PARTY,NARSS-01522.txt,State: Madhya Pradesh | Author: u/intelerks | Score: 1 | Reddit ID: 1jv3z0v
1js6wki,NARSS-01523,2026-04-10,SOUBHIK SARKAR,Reddit r/MadhyaPradesh,reddit.com,2025-04-05,"Elderly Woman and Her Son Brutally Assaulted by Daughter-in-Law and Her Family in Gwalior, MP (Caught on CCTV)",https://www.reddit.com/r/MadhyaPradesh/comments/1js6wki/elderly_woman_and_her_son_brutally_assaulted_by/,video call arrest,Digital Arrest Scam,Digital Arrest,THIRD-PARTY,NARSS-01523.txt,State: Madhya Pradesh | Author: u/SquaredAndRooted | Score: 1 | Reddit ID: 1js6wki
1jf0xp6,NARSS-01524,2026-04-10,SOUBHIK SARKAR,Reddit r/MadhyaPradesh,reddit.com,2025-03-19,Girl Suicide case in Bhopal,https://www.reddit.com/r/MadhyaPradesh/comments/1jf0xp6/girl_suicide_case_in_bhopal/,video call blackmail,Digital Arrest Scam,Video Call Coercion,THIRD-PARTY,NARSS-01524.txt,State: Madhya Pradesh | Author: u/ChocolateDangerous22 | Score: 36 | Reddit ID: 1jf0xp6
1gowljm,NARSS-01525,2026-04-10,SOUBHIK SARKAR,Reddit r/MadhyaPradesh,reddit.com,2024-11-11,Please read this - Propoganda against Jabalpur ,https://www.reddit.com/r/MadhyaPradesh/comments/1gowljm/please_read_this_propoganda_against_jabalpur/,fake website,"Phishing, Vishing, and Smishing",Phishing,THIRD-PARTY,NARSS-01525.txt,State: Madhya Pradesh | Author: u/International_Cake15 | Score: 1 | Reddit ID: 1gowljm
1fvv8nv,NARSS-01526,2026-04-10,SOUBHIK SARKAR,Reddit r/MadhyaPradesh,reddit.com,2024-10-04,Saheli Fashion Point - BGC,https://www.reddit.com/r/MadhyaPradesh/comments/1fvv8nv/saheli_fashion_point_bgc/,fraud call,"Phishing, Vishing, and Smishing",Vishing,THIRD-PARTY,NARSS-01526.txt,State: Madhya Pradesh | Author: u/killerHumanoid | Score: 1 | Reddit ID: 1fvv8nv
1bqin5v,NARSS-01527,2026-04-10,SOUBHIK SARKAR,Reddit r/MadhyaPradesh,reddit.com,2024-03-29,FYI: Sextortion Gangs // Do's and Don'ts ,https://www.reddit.com/r/MadhyaPradesh/comments/1bqin5v/fyi_sextortion_gangs_dos_and_donts/,sextortion,Social Engineering and Romance/Sextortion,Sextortion,THIRD-PARTY,NARSS-01527.txt,State: Madhya Pradesh | Author: u/aaouu_2pointO | Score: 1 | Reddit ID: 1bqin5v
1kcu7fs,NARSS-01528,2026-04-10,SOUBHIK SARKAR,Reddit r/Maharashtra,reddit.com,2025-05-02,"Caught in a cyber crime trap? Uncover phishing, OTP scams &amp; more",https://www.reddit.com/r/Maharashtra/comments/1kcu7fs/caught_in_a_cyber_crime_trap_uncover_phishing_otp/,cyber crime,General Cybercrime / Cyber Fraud Terms,General Cybercrime,THIRD-PARTY,NARSS-01528.txt,State: Maharashtra | Author: u/Alarming_Exit9755 | Score: 1 | Reddit ID: 1kcu7fs
1jr4o6b,NARSS-01529,2026-04-10,SOUBHIK SARKAR,Reddit r/Maharashtra,reddit.com,2025-04-04,Sagar Karande: इन्स्टाग्राम पोस्ट लाइक करा आणि पैसे मिळवा! १५० रुपयांचा मोह आणि सागर कारंडेने गमावले ६१ लाख - Marathi News | marathi actor sagar karande lost 61 lakh in instagram cyber crime | Latest Filmy News at Lokmat.com,https://www.reddit.com/r/Maharashtra/comments/1jr4o6b/sagar_karande_इनसटगरम_पसट_लइक_कर_आण_पस_मळव_१५०/,cyber crime,General Cybercrime / Cyber Fraud Terms,General Cybercrime,THIRD-PARTY,NARSS-01529.txt,State: Maharashtra | Author: u/Weak_Lobster_6399 | Score: 1 | Reddit ID: 1jr4o6b
1cgozju,NARSS-01530,2026-04-10,SOUBHIK SARKAR,Reddit r/Maharashtra,reddit.com,2024-04-30,Credit Card Fraud which you can be victim of please beware ,https://www.reddit.com/r/Maharashtra/comments/1cgozju/credit_card_fraud_which_you_can_be_victim_of/,cyber crime,General Cybercrime / Cyber Fraud Terms,General Cybercrime,NEAR-MISS,NARSS-01530.txt,State: Maharashtra | Author: u/dog-shit-69 | Score: 1 | Reddit ID: 1cgozju
1j2h7rx,NARSS-01531,2026-04-10,SOUBHIK SARKAR,Reddit r/Maharashtra,reddit.com,2025-03-03,{URGENT} Instagram Account Based in Thane Defaming &amp; Harassing Women—Need Help Reporting 🚨,https://www.reddit.com/r/Maharashtra/comments/1j2h7rx/urgent_instagram_account_based_in_thane_defaming/,cybercrime,General Cybercrime / Cyber Fraud Terms,General Cybercrime,THIRD-PARTY,NARSS-01531.txt,State: Maharashtra | Author: u/Correct_Sleep1440 | Score: 103 | Reddit ID: 1j2h7rx
1kefhep,NARSS-01532,2026-04-10,SOUBHIK SARKAR,Reddit r/Maharashtra,reddit.com,2025-05-04,Pune Police warms on Cyber Fraud and Scams,https://www.reddit.com/r/Maharashtra/comments/1kefhep/pune_police_warms_on_cyber_fraud_and_scams/,cyber fraud,General Cybercrime / Cyber Fraud Terms,General Cybercrime,THIRD-PARTY,NARSS-01532.txt,State: Maharashtra | Author: u/Alarming_Exit9755 | Score: 1 | Reddit ID: 1kefhep
1kdnlql,NARSS-01533,2026-04-10,SOUBHIK SARKAR,Reddit r/Maharashtra,reddit.com,2025-05-03,"What’s Lurking on Matrimony Sites? Prasad Potdar (Cyber Wing, Pune) spills the tea on matrimony frauds in this wild podcast! 🕵️‍♂️ Curious how phishing scams, fake profiles, and emotional traps scam love-seekers?",https://www.reddit.com/r/Maharashtra/comments/1kdnlql/whats_lurking_on_matrimony_sites_prasad_potdar/,cyber fraud,General Cybercrime / Cyber Fraud Terms,General Cybercrime,THIRD-PARTY,NARSS-01533.txt,State: Maharashtra | Author: u/Alarming_Exit9755 | Score: 1 | Reddit ID: 1kdnlql
1bdgopc,NARSS-01534,2026-04-10,SOUBHIK SARKAR,Reddit r/Maharashtra,reddit.com,2024-03-13,"‘Epidemic’ of online share trading frauds: In 2 months, 110 people in Pune lose Rs 18 crore",https://www.reddit.com/r/Maharashtra/comments/1bdgopc/epidemic_of_online_share_trading_frauds_in_2/,online fraud,General Cybercrime / Cyber Fraud Terms,General Cybercrime,THIRD-PARTY,NARSS-01534.txt,State: Maharashtra | Author: u/Cybertronian1512 | Score: 19 | Reddit ID: 1bdgopc
1kgm00v,NARSS-01535,2026-04-10,SOUBHIK SARKAR,Reddit r/Maharashtra,reddit.com,2025-05-07,Genuinely helping: coz hardly any student is aware about this,https://www.reddit.com/r/Maharashtra/comments/1kgm00v/genuinely_helping_coz_hardly_any_student_is_aware/,online scam,General Cybercrime / Cyber Fraud Terms,Cyber Scam,THIRD-PARTY,NARSS-01535.txt,State: Maharashtra | Author: u/GuluGulu420si | Score: 1 | Reddit ID: 1kgm00v
1foznoc,NARSS-01536,2026-04-10,SOUBHIK SARKAR,Reddit r/Maharashtra,reddit.com,2024-09-25,Genuine help needed,https://www.reddit.com/r/Maharashtra/comments/1foznoc/genuine_help_needed/,online scam,General Cybercrime / Cyber Fraud Terms,Cyber Scam,THIRD-PARTY,NARSS-01536.txt,State: Maharashtra | Author: u/AnxiousHeart0405 | Score: 1 | Reddit ID: 1foznoc
1jm1s3u,NARSS-01537,2026-04-10,SOUBHIK SARKAR,Reddit r/Maharashtra,reddit.com,2025-03-28,which upi app is the safest one?,https://www.reddit.com/r/Maharashtra/comments/1jm1s3u/which_upi_app_is_the_safest_one/,UPI fraud,UPI and Digital Payment Fraud,UPI Fraud,THIRD-PARTY,NARSS-01537.txt,State: Maharashtra | Author: u/HistoricalWelder2694 | Score: 1 | Reddit ID: 1jm1s3u
1kef2x5,NARSS-01538,2026-04-10,SOUBHIK SARKAR,Reddit r/Maharashtra,reddit.com,2025-05-04,"Scared of getting scammed on NoBroker or MagicBricks? 😲 Real estate apps pe fake listings, QR code frauds, aur imposters ka jaal bada common hai.",https://www.reddit.com/r/Maharashtra/comments/1kef2x5/scared_of_getting_scammed_on_nobroker_or/,QR code fraud,UPI and Digital Payment Fraud,QR Code Fraud,THIRD-PARTY,NARSS-01538.txt,State: Maharashtra | Author: u/Alarming_Exit9755 | Score: 1 | Reddit ID: 1kef2x5
1kfags2,NARSS-01539,2026-04-10,SOUBHIK SARKAR,Reddit r/Maharashtra,reddit.com,2025-05-05,Is Digital Arrest Real ?,https://www.reddit.com/r/Maharashtra/comments/1kfags2/is_digital_arrest_real/,digital arrest,Digital Arrest Scam,Digital Arrest,THIRD-PARTY,NARSS-01539.txt,State: Maharashtra | Author: u/Alarming_Exit9755 | Score: 1 | Reddit ID: 1kfags2
1h46hx2,NARSS-01540,2026-04-10,SOUBHIK SARKAR,Reddit r/Maharashtra,reddit.com,2024-12-01,"If they keep complaining about EVMs, they will never find the real cause of their election rout",https://www.reddit.com/r/Maharashtra/comments/1h46hx2/if_they_keep_complaining_about_evms_they_will/,digital arrest,Digital Arrest Scam,Digital Arrest,THIRD-PARTY,NARSS-01540.txt,State: Maharashtra | Author: u/EffectiveMonitor4596 | Score: 1 | Reddit ID: 1h46hx2
1h1q33t,NARSS-01541,2026-04-10,SOUBHIK SARKAR,Reddit r/Maharashtra,reddit.com,2024-11-28,Digital arrest: IIT Bombay student duped by fraudsters,https://www.reddit.com/r/Maharashtra/comments/1h1q33t/digital_arrest_iit_bombay_student_duped_by/,digital arrest,Digital Arrest Scam,Digital Arrest,VICTIM,NARSS-01541.txt,State: Maharashtra | Author: u/indiaweekly | Score: 1 | Reddit ID: 1h1q33t
1foygt1,NARSS-01542,2026-04-10,SOUBHIK SARKAR,Reddit r/Maharashtra,reddit.com,2024-09-25,"GST fraud exposed: Rs 135 crores embezzled by making fake bills of Rs 925 crores, 7 including Tasleem, Azim, Junaid arrested",https://www.reddit.com/r/Maharashtra/comments/1foygt1/gst_fraud_exposed_rs_135_crores_embezzled_by/,fake arrest,Digital Arrest Scam,Digital Arrest,THIRD-PARTY,NARSS-01542.txt,State: Maharashtra | Author: u/itsakpatil | Score: 19 | Reddit ID: 1foygt1
1ajrdwc,NARSS-01543,2026-04-10,SOUBHIK SARKAR,Reddit r/Maharashtra,reddit.com,2024-02-06,Father received a scam call from ( probably ) Pakistan........,https://www.reddit.com/r/Maharashtra/comments/1ajrdwc/father_received_a_scam_call_from_probably_pakistan/,fake arrest,Digital Arrest Scam,Digital Arrest,NEAR-MISS,NARSS-01543.txt,State: Maharashtra | Author: u/Accomplished_Past97 | Score: 1 | Reddit ID: 1ajrdwc
g2id4q,NARSS-01544,2026-04-10,SOUBHIK SARKAR,Reddit r/Maharashtra,reddit.com,2020-04-16,"ABP Majha journalist Rahul Kulkarni, arrested for 'fake news', granted bail",https://www.reddit.com/r/Maharashtra/comments/g2id4q/abp_majha_journalist_rahul_kulkarni_arrested_for/,fake arrest,Digital Arrest Scam,Digital Arrest,THIRD-PARTY,NARSS-01544.txt,State: Maharashtra | Author: u/[deleted] | Score: 1 | Reddit ID: g2id4q
6msovh,NARSS-01545,2026-04-10,SOUBHIK SARKAR,Reddit r/Maharashtra,reddit.com,2017-07-12,"Watch ""Crime Patrol Actress Pooja Jadhav arrested in Fake Rape &amp; Black Mailing Case-TV9"" on YouTube",https://www.reddit.com/r/Maharashtra/comments/6msovh/watch_crime_patrol_actress_pooja_jadhav_arrested/,fake arrest,Digital Arrest Scam,Digital Arrest,THIRD-PARTY,NARSS-01545.txt,State: Maharashtra | Author: u/ChinmayT2 | Score: 1 | Reddit ID: 6msovh
1bfcif3,NARSS-01546,2026-04-10,SOUBHIK SARKAR,Reddit r/Maharashtra,reddit.com,2024-03-15,New Scam under the name of TRAI,https://www.reddit.com/r/Maharashtra/comments/1bfcif3/new_scam_under_the_name_of_trai/,TRAI scam call,Digital Arrest Scam,Impersonation Scam,THIRD-PARTY,NARSS-01546.txt,State: Maharashtra | Author: u/Shubham_Bodakee | Score: 1 | Reddit ID: 1bfcif3
1jp7lv4,NARSS-01547,2026-04-10,SOUBHIK SARKAR,Reddit r/Maharashtra,reddit.com,2025-04-02,Stop Language Policing. Live and let live.,https://www.reddit.com/r/Maharashtra/comments/1jp7lv4/stop_language_policing_live_and_let_live/,fraud call,"Phishing, Vishing, and Smishing",Vishing,THIRD-PARTY,NARSS-01547.txt,State: Maharashtra | Author: u/lifeisahighwayy | Score: 1 | Reddit ID: 1jp7lv4
1h84ag8,NARSS-01548,2026-04-10,SOUBHIK SARKAR,Reddit r/Maharashtra,reddit.com,2024-12-06,नेहा नारखेडे - Founder of Apache Kafka a company that is helping most of the tech companies out there including fortune 500 companies. A woman in STEM we all should know about ,https://www.reddit.com/r/Maharashtra/comments/1h84ag8/नह_नरखड_founder_of_apache_kafka_a_company_that_is/,fraud call,"Phishing, Vishing, and Smishing",Vishing,NEAR-MISS,NARSS-01548.txt,State: Maharashtra | Author: u/perfektenschlagggg | Score: 1 | Reddit ID: 1h84ag8
1kgqb3c,NARSS-01549,2026-04-10,SOUBHIK SARKAR,Reddit r/Maharashtra,reddit.com,2025-05-07,Be aware of this most fraudulent guy (raju mevawalla) he has looted up to 50 cr till now across mumbai,https://www.reddit.com/r/Maharashtra/comments/1kgqb3c/be_aware_of_this_most_fraudulent_guy_raju/,investment scam,Investment and Trading Fraud,Investment Scam,THIRD-PARTY,NARSS-01549.txt,State: Maharashtra | Author: u/jehrann | Score: 1 | Reddit ID: 1kgqb3c
1iu7vbj,NARSS-01550,2026-04-10,SOUBHIK SARKAR,Reddit r/Maharashtra,reddit.com,2025-02-21,#Prosanta Majumder proprietor Paras Trade aka Parasco World of Business #Satra Plaza #ponzi scheme,https://www.reddit.com/r/Maharashtra/comments/1iu7vbj/prosanta_majumder_proprietor_paras_trade_aka/,Ponzi scheme,Investment and Trading Fraud,Investment Scam,THIRD-PARTY,NARSS-01550.txt,State: Maharashtra | Author: u/Due-Syllabub-4011 | Score: 1 | Reddit ID: 1iu7vbj
1gv5b8i,NARSS-01551,2026-04-10,SOUBHIK SARKAR,Reddit r/Maharashtra,reddit.com,2024-11-20,"New Twist In Maharashtra Polls: Ex-IPS Officer Links Supriya Sule, Nana Patole To Crypto Scam",https://www.reddit.com/r/Maharashtra/comments/1gv5b8i/new_twist_in_maharashtra_polls_exips_officer/,crypto scam,Investment and Trading Fraud,Investment Scam,THIRD-PARTY,NARSS-01551.txt,State: Maharashtra | Author: u/Full-World3090 | Score: 1 | Reddit ID: 1gv5b8i
1cf23uy,NARSS-01552,2026-04-10,SOUBHIK SARKAR,Reddit r/Maharashtra,reddit.com,2024-04-28,Instagram crypto scam,https://www.reddit.com/r/Maharashtra/comments/1cf23uy/instagram_crypto_scam/,crypto scam,Investment and Trading Fraud,Investment Scam,THIRD-PARTY,NARSS-01552.txt,State: Maharashtra | Author: u/BigDaddy__18 | Score: 1 | Reddit ID: 1cf23uy
1cbol9m,NARSS-01553,2026-04-10,SOUBHIK SARKAR,Reddit r/Maharashtra,reddit.com,2024-04-24,How are you guys seeing your consitiuency??( mine is fucked up) ,https://www.reddit.com/r/Maharashtra/comments/1cbol9m/how_are_you_guys_seeing_your_consitiuency_mine_is/,trust scam,Social Engineering and Romance/Sextortion,Social Engineering,NEAR-MISS,NARSS-01553.txt,State: Maharashtra | Author: u/Even_Salamander6315 | Score: 1 | Reddit ID: 1cbol9m
1aviogm,NARSS-01554,2026-04-10,SOUBHIK SARKAR,Reddit r/Maharashtra,reddit.com,2024-02-20,Marathi celebs - Any gossip/tea/rumours?,https://www.reddit.com/r/Maharashtra/comments/1aviogm/marathi_celebs_any_gossiptearumours/,dating fraud,Social Engineering and Romance/Sextortion,Romance Scam,THIRD-PARTY,NARSS-01554.txt,State: Maharashtra | Author: u/aayeinbaingan | Score: 1 | Reddit ID: 1aviogm
1ke0tm8,NARSS-01555,2026-04-10,SOUBHIK SARKAR,Reddit r/Maharashtra,reddit.com,2025-05-04,What is Sextortion &amp; How to Stay Safe?,https://www.reddit.com/r/Maharashtra/comments/1ke0tm8/what_is_sextortion_how_to_stay_safe/,sextortion,Social Engineering and Romance/Sextortion,Sextortion,THIRD-PARTY,NARSS-01555.txt,State: Maharashtra | Author: u/Alarming_Exit9755 | Score: 1 | Reddit ID: 1ke0tm8
18bycev,NARSS-01556,2026-04-10,SOUBHIK SARKAR,Reddit r/Maharashtra,reddit.com,2023-12-06,I got a call from a scammer.,https://www.reddit.com/r/Maharashtra/comments/18bycev/i_got_a_call_from_a_scammer/,electricity bill scam,Emerging and Miscellaneous Fraud Types,Utility Scam,THIRD-PARTY,NARSS-01556.txt,State: Maharashtra | Author: u/Apprehensive_Owl_875 | Score: 1 | Reddit ID: 18bycev
15ctcik,NARSS-01557,2026-04-10,SOUBHIK SARKAR,Reddit r/Manipur,reddit.com,2023-07-29,"Manipur video: Public rally in support of accused, calls for halt of arrests in case | Free Press Kashmir",https://www.reddit.com/r/manipur/comments/15ctcik/manipur_video_public_rally_in_support_of_accused/,video call arrest,Digital Arrest Scam,Digital Arrest,THIRD-PARTY,NARSS-01557.txt,State: Manipur | Author: u/Comfortable_Boat5899 | Score: 1 | Reddit ID: 15ctcik
1fb4ahq,NARSS-01558,2026-04-10,SOUBHIK SARKAR,Reddit r/Manipur,reddit.com,2024-09-07,What concocted piece of lies,https://www.reddit.com/r/manipur/comments/1fb4ahq/what_concocted_piece_of_lies/,fake website,"Phishing, Vishing, and Smishing",Phishing,THIRD-PARTY,NARSS-01558.txt,State: Manipur | Author: u/jungaHung | Score: 1 | Reddit ID: 1fb4ahq
15jg10i,NARSS-01559,2026-04-10,SOUBHIK SARKAR,Reddit r/Manipur,reddit.com,2023-08-06,No record of Anglo-Kuki war (Ministry of Home Affairs),https://www.reddit.com/r/manipur/comments/15jg10i/no_record_of_anglokuki_war_ministry_of_home/,fake website,"Phishing, Vishing, and Smishing",Phishing,THIRD-PARTY,NARSS-01559.txt,State: Manipur | Author: u/muddydota | Score: 18 | Reddit ID: 15jg10i
1ift76x,NARSS-01560,2026-04-10,SOUBHIK SARKAR,Reddit r/Manipur,reddit.com,2025-02-02,Scammed 17k in online purchase!,https://www.reddit.com/r/manipur/comments/1ift76x/scammed_17k_in_online_purchase/,fraud call,"Phishing, Vishing, and Smishing",Vishing,THIRD-PARTY,NARSS-01560.txt,State: Manipur | Author: u/kelori79 | Score: 1 | Reddit ID: 1ift76x
18zeqmz,NARSS-01561,2026-04-10,SOUBHIK SARKAR,Reddit r/Manipur,reddit.com,2024-01-06,Direct Marketing / MLM Scam,https://www.reddit.com/r/manipur/comments/18zeqmz/direct_marketing_mlm_scam/,Ponzi scheme,Investment and Trading Fraud,Investment Scam,THIRD-PARTY,NARSS-01561.txt,State: Manipur | Author: u/Alone_Poet6148 | Score: 1 | Reddit ID: 18zeqmz
lc98w6,NARSS-01562,2026-04-10,SOUBHIK SARKAR,Reddit r/Odisha,reddit.com,2021-02-04,Cyber Crime Awareness by AAO NXT.,https://www.reddit.com/r/Odisha/comments/lc98w6/cyber_crime_awareness_by_aao_nxt/,cyber crime,General Cybercrime / Cyber Fraud Terms,General Cybercrime,THIRD-PARTY,NARSS-01562.txt,State: Odisha | Author: u/arupkp | Score: 2 | Reddit ID: lc98w6
1f64dob,NARSS-01563,2026-04-10,SOUBHIK SARKAR,Reddit r/Odisha,reddit.com,2024-09-01,Balangir Police Busts Online Trading Fraud; 4 Arrested from Rajasthan - Odisha Bhaskar English,https://www.reddit.com/r/Odisha/comments/1f64dob/balangir_police_busts_online_trading_fraud_4/,online fraud,General Cybercrime / Cyber Fraud Terms,General Cybercrime,THIRD-PARTY,NARSS-01563.txt,State: Odisha | Author: u/Itchy-Importance-940 | Score: 1 | Reddit ID: 1f64dob
17qfb6b,NARSS-01564,2026-04-10,SOUBHIK SARKAR,Reddit r/Odisha,reddit.com,2023-11-08,100 tourists in Puri fell prey to online hotel fraud: What is it and how not to fall for it,https://www.reddit.com/r/Odisha/comments/17qfb6b/100_tourists_in_puri_fell_prey_to_online_hotel/,online fraud,General Cybercrime / Cyber Fraud Terms,General Cybercrime,THIRD-PARTY,NARSS-01564.txt,State: Odisha | Author: u/Acceptable_Passion92 | Score: 1 | Reddit ID: 17qfb6b
yd6o7w,NARSS-01565,2026-04-10,SOUBHIK SARKAR,Reddit r/Odisha,reddit.com,2022-10-25,Bhubaneswar loses ₹50 lakh to online fraud during festive season,https://www.reddit.com/r/Odisha/comments/yd6o7w/bhubaneswar_loses_50_lakh_to_online_fraud_during/,online fraud,General Cybercrime / Cyber Fraud Terms,General Cybercrime,THIRD-PARTY,NARSS-01565.txt,State: Odisha | Author: u/Argus_News | Score: 2 | Reddit ID: yd6o7w
lmu6g6,NARSS-01566,2026-04-10,SOUBHIK SARKAR,Reddit r/Odisha,reddit.com,2021-02-19,Cuttack doctor loses Rs 77 lakh to online fraud over SIM card activation,https://www.reddit.com/r/Odisha/comments/lmu6g6/cuttack_doctor_loses_rs_77_lakh_to_online_fraud/,online fraud,General Cybercrime / Cyber Fraud Terms,General Cybercrime,THIRD-PARTY,NARSS-01566.txt,State: Odisha | Author: u/CloudPad | Score: 12 | Reddit ID: lmu6g6
1d0sgud,NARSS-01567,2026-04-10,SOUBHIK SARKAR,Reddit r/Odisha,reddit.com,2024-05-26,Should I be ashamed of being a Hindu? ( Why we're like this?),https://www.reddit.com/r/Odisha/comments/1d0sgud/should_i_be_ashamed_of_being_a_hindu_why_were/,internet scam,General Cybercrime / Cyber Fraud Terms,Cyber Scam,NEAR-MISS,NARSS-01567.txt,State: Odisha | Author: u/Serious-Finger4635 | Score: 1 | Reddit ID: 1d0sgud
1fr9uyg,NARSS-01568,2026-04-10,SOUBHIK SARKAR,Reddit r/Odisha,reddit.com,2024-09-28,Got scammed booking hotel in Puri. Need urgent help.,https://www.reddit.com/r/Odisha/comments/1fr9uyg/got_scammed_booking_hotel_in_puri_need_urgent_help/,Google Pay fraud,UPI and Digital Payment Fraud,UPI Fraud,THIRD-PARTY,NARSS-01568.txt,State: Odisha | Author: u/bsattam | Score: 2 | Reddit ID: 1fr9uyg
1dufpgh,NARSS-01569,2026-04-10,SOUBHIK SARKAR,Reddit r/Odisha,reddit.com,2024-07-03,Odia Student Abducted and Raped by Nihangs,https://www.reddit.com/r/Odisha/comments/1dufpgh/odia_student_abducted_and_raped_by_nihangs/,fake arrest,Digital Arrest Scam,Digital Arrest,THIRD-PARTY,NARSS-01569.txt,State: Odisha | Author: u/BhainaInOdisha | Score: 1 | Reddit ID: 1dufpgh
17ki5ph,NARSS-01570,2026-04-10,SOUBHIK SARKAR,Reddit r/Odisha,reddit.com,2023-10-31,Block your Aadhaars ASAP,https://www.reddit.com/r/Odisha/comments/17ki5ph/block_your_aadhaars_asap/,phishing,"Phishing, Vishing, and Smishing",Phishing,THIRD-PARTY,NARSS-01570.txt,State: Odisha | Author: u/DamnThatsFrust | Score: 1 | Reddit ID: 17ki5ph
191ta3g,NARSS-01571,2026-04-10,SOUBHIK SARKAR,Reddit r/Odisha,reddit.com,2024-01-09,I used to be one of the smart kids but now have become a complete shadow of my former self,https://www.reddit.com/r/Odisha/comments/191ta3g/i_used_to_be_one_of_the_smart_kids_but_now_have/,fraud call,"Phishing, Vishing, and Smishing",Vishing,NEAR-MISS,NARSS-01571.txt,State: Odisha | Author: u/sidroy81 | Score: 1 | Reddit ID: 191ta3g
18giv0c,NARSS-01572,2026-04-10,SOUBHIK SARKAR,Reddit r/Odisha,reddit.com,2023-12-12,Why is odisha civil society so weak?,https://www.reddit.com/r/Odisha/comments/18giv0c/why_is_odisha_civil_society_so_weak/,investment scam,Investment and Trading Fraud,Investment Scam,THIRD-PARTY,NARSS-01572.txt,State: Odisha | Author: u/Expensive_Phase11 | Score: 1 | Reddit ID: 18giv0c
11bdjgv,NARSS-01573,2026-04-10,SOUBHIK SARKAR,Reddit r/Odisha,reddit.com,2023-02-25,Odisha police arrest two from West Bengal in ponzi scheme scam,https://www.reddit.com/r/Odisha/comments/11bdjgv/odisha_police_arrest_two_from_west_bengal_in/,Ponzi scheme,Investment and Trading Fraud,Investment Scam,THIRD-PARTY,NARSS-01573.txt,State: Odisha | Author: u/YogiAdityanathFan | Score: 2 | Reddit ID: 11bdjgv
1hko1ij,NARSS-01574,2026-04-10,SOUBHIK SARKAR,Reddit r/Odisha,reddit.com,2024-12-23,Part time Job Scam. Please Help!,https://www.reddit.com/r/Odisha/comments/1hko1ij/part_time_job_scam_please_help/,part time job scam,Investment and Trading Fraud,Task Scam,THIRD-PARTY,NARSS-01574.txt,State: Odisha | Author: u/SeriousArticle388 | Score: 1 | Reddit ID: 1hko1ij
1c2g3sh,NARSS-01575,2026-04-10,SOUBHIK SARKAR,Reddit r/Odisha,reddit.com,2024-04-12,Dating apps and to some extent dating sucks if you're an average middle-class introverted Indian guy,https://www.reddit.com/r/Odisha/comments/1c2g3sh/dating_apps_and_to_some_extent_dating_sucks_if/,romance scam,Social Engineering and Romance/Sextortion,Romance Scam,NEAR-MISS,NARSS-01575.txt,State: Odisha | Author: u/sidroy81 | Score: 7 | Reddit ID: 1c2g3sh
zeymfc,NARSS-01576,2026-04-10,SOUBHIK SARKAR,Reddit r/Odisha,reddit.com,2022-12-07,"Honey-trap accused Archana Nag's BIG STATEMENT: 'If I Speak, entire Odisha will...' | India News",https://www.reddit.com/r/Odisha/comments/zeymfc/honeytrap_accused_archana_nags_big_statement_if_i/,honey trap,Social Engineering and Romance/Sextortion,Romance Scam,THIRD-PARTY,NARSS-01576.txt,State: Odisha | Author: u/VCardBGone | Score: 1 | Reddit ID: zeymfc
z7nc48,NARSS-01577,2026-04-10,SOUBHIK SARKAR,Reddit r/Odisha,reddit.com,2022-11-29,Odisha honey-trap case: Another film producer deposes before ED,https://www.reddit.com/r/Odisha/comments/z7nc48/odisha_honeytrap_case_another_film_producer/,honey trap,Social Engineering and Romance/Sextortion,Romance Scam,THIRD-PARTY,NARSS-01577.txt,State: Odisha | Author: u/Argus_News | Score: 2 | Reddit ID: z7nc48
yangpu,NARSS-01578,2026-04-10,SOUBHIK SARKAR,Reddit r/Odisha,reddit.com,2022-10-22,"BJP begins stir, protests inaction in honey-trap, ZP member death cases",https://www.reddit.com/r/Odisha/comments/yangpu/bjp_begins_stir_protests_inaction_in_honeytrap_zp/,honey trap,Social Engineering and Romance/Sextortion,Romance Scam,THIRD-PARTY,NARSS-01578.txt,State: Odisha | Author: u/Argus_News | Score: 2 | Reddit ID: yangpu
y1bfna,NARSS-01579,2026-04-10,SOUBHIK SARKAR,Reddit r/Odisha,reddit.com,2022-10-11,Arrest of Odisha honey trap girl may expose prominent state personalities,https://www.reddit.com/r/Odisha/comments/y1bfna/arrest_of_odisha_honey_trap_girl_may_expose/,honey trap,Social Engineering and Romance/Sextortion,Romance Scam,THIRD-PARTY,NARSS-01579.txt,State: Odisha | Author: u/Argus_News | Score: 1 | Reddit ID: y1bfna
yzw3yy,NARSS-01580,2026-04-10,SOUBHIK SARKAR,Reddit r/Odisha,reddit.com,2022-11-20,Archana Nag sextortion case: Accused’s luxurious car found!,https://www.reddit.com/r/Odisha/comments/yzw3yy/archana_nag_sextortion_case_accuseds_luxurious/,sextortion,Social Engineering and Romance/Sextortion,Sextortion,THIRD-PARTY,NARSS-01580.txt,State: Odisha | Author: u/Argus_News | Score: 1 | Reddit ID: yzw3yy
ytvf3m,NARSS-01581,2026-04-10,SOUBHIK SARKAR,Reddit r/Odisha,reddit.com,2022-11-13,Sextortion: Another woman nabbed on blackmailing charges,https://www.reddit.com/r/Odisha/comments/ytvf3m/sextortion_another_woman_nabbed_on_blackmailing/,sextortion,Social Engineering and Romance/Sextortion,Sextortion,THIRD-PARTY,NARSS-01581.txt,State: Odisha | Author: u/Argus_News | Score: 4 | Reddit ID: ytvf3m
1f1iwze,NARSS-01582,2026-04-10,SOUBHIK SARKAR,Reddit r/Punjab,reddit.com,2024-08-26,"Law-order of Punjab acc to ""CHAT GPT""",https://www.reddit.com/r/punjab/comments/1f1iwze/laworder_of_punjab_acc_to_chat_gpt/,cybercrime,General Cybercrime / Cyber Fraud Terms,General Cybercrime,THIRD-PARTY,NARSS-01582.txt,State: Punjab | Author: u/OrganicGrocery3472 | Score: 1 | Reddit ID: 1f1iwze
1h9pba5,NARSS-01583,2026-04-10,SOUBHIK SARKAR,Reddit r/Punjab,reddit.com,2024-12-09,SCAMMER family OF PUNJAB,https://www.reddit.com/r/punjab/comments/1h9pba5/scammer_family_of_punjab/,online fraud,General Cybercrime / Cyber Fraud Terms,General Cybercrime,NEAR-MISS,NARSS-01583.txt,State: Punjab | Author: u/xion144 | Score: 1 | Reddit ID: 1h9pba5
1hkqy8l,NARSS-01584,2026-04-10,SOUBHIK SARKAR,Reddit r/Punjab,reddit.com,2024-12-23,"This is not about Punjab but the whole India , Please take out time to read ",https://www.reddit.com/r/punjab/comments/1hkqy8l/this_is_not_about_punjab_but_the_whole_india/,internet fraud,General Cybercrime / Cyber Fraud Terms,General Cybercrime,THIRD-PARTY,NARSS-01584.txt,State: Punjab | Author: u/PuzzleheadedLeek7366 | Score: 1 | Reddit ID: 1hkqy8l
lth7ua,NARSS-01585,2026-04-10,SOUBHIK SARKAR,Reddit r/Punjab,reddit.com,2021-02-27,"STOP paying ""study abroad"" agents for going to Canada, or anywhere. Use digital products and common sense.",https://www.reddit.com/r/punjab/comments/lth7ua/stop_paying_study_abroad_agents_for_going_to/,internet scam,General Cybercrime / Cyber Fraud Terms,Cyber Scam,THIRD-PARTY,NARSS-01585.txt,State: Punjab | Author: u/dankinison | Score: 18 | Reddit ID: lth7ua
1dbogt5,NARSS-01586,2026-04-10,SOUBHIK SARKAR,Reddit r/Punjab,reddit.com,2024-06-09,UPI Fraud plz help,https://www.reddit.com/r/punjab/comments/1dbogt5/upi_fraud_plz_help/,UPI fraud,UPI and Digital Payment Fraud,UPI Fraud,THIRD-PARTY,NARSS-01586.txt,State: Punjab | Author: u/fuwcbo | Score: 1 | Reddit ID: 1dbogt5
1c3oxbk,NARSS-01587,2026-04-10,SOUBHIK SARKAR,Reddit r/Punjab,reddit.com,2024-04-14,Horrible experience at Mullanpur stadium yesterday,https://www.reddit.com/r/punjab/comments/1c3oxbk/horrible_experience_at_mullanpur_stadium_yesterday/,QR code scam,UPI and Digital Payment Fraud,QR Code Fraud,THIRD-PARTY,NARSS-01587.txt,State: Punjab | Author: u/kaito__kido | Score: 1 | Reddit ID: 1c3oxbk
14ifte4,NARSS-01588,2026-04-10,SOUBHIK SARKAR,Reddit r/Punjab,reddit.com,2023-06-25,"Fraud Immigration Consultant of Jalandhar, Brijesh Mishra, who put the future of around 700 students at stake by using fake offer letters for admission and allegedly leading to their deportation, has been arrested by the police in Canada.",https://www.reddit.com/r/punjab/comments/14ifte4/fraud_immigration_consultant_of_jalandhar_brijesh/,fake arrest,Digital Arrest Scam,Digital Arrest,THIRD-PARTY,NARSS-01588.txt,State: Punjab | Author: u/beacon_of_truth_ | Score: 26 | Reddit ID: 14ifte4
14ifkwi,NARSS-01589,2026-04-10,SOUBHIK SARKAR,Reddit r/Punjab,reddit.com,2023-06-25,"Fraud Immigration Consultant of Jalandhar, Brijesh Mishra, who put the future of around 700 students at stake by using fake offer letters for admission and allegedly leading to their deportation, has been arrested by the police in Canada.",https://www.reddit.com/r/punjab/comments/14ifkwi/fraud_immigration_consultant_of_jalandhar_brijesh/,fake arrest,Digital Arrest Scam,Digital Arrest,THIRD-PARTY,NARSS-01589.txt,State: Punjab | Author: u/[deleted] | Score: 1 | Reddit ID: 14ifkwi
1453p4v,NARSS-01590,2026-04-10,SOUBHIK SARKAR,Reddit r/Punjab,reddit.com,2023-06-09,"Punjab Police arrested three ""Shiv Sena"" leaders for trying to get Police security by putting fake Sikhs For Justice (SFJ) posters threatening them on walls",https://www.reddit.com/r/punjab/comments/1453p4v/punjab_police_arrested_three_shiv_sena_leaders/,fake arrest,Digital Arrest Scam,Digital Arrest,THIRD-PARTY,NARSS-01590.txt,State: Punjab | Author: u/beacon_of_truth_ | Score: 27 | Reddit ID: 1453p4v
wqdvrr,NARSS-01591,2026-04-10,SOUBHIK SARKAR,Reddit r/Punjab,reddit.com,2022-08-17,Remembering Madan Lal Dhingra on his death anniversary.,https://www.reddit.com/r/punjab/comments/wqdvrr/remembering_madan_lal_dhingra_on_his_death/,fake arrest,Digital Arrest Scam,Digital Arrest,NEAR-MISS,NARSS-01591.txt,State: Punjab | Author: u/LoneWolfInCyberia | Score: 4 | Reddit ID: wqdvrr
1gy1u9l,NARSS-01592,2026-04-10,SOUBHIK SARKAR,Reddit r/Punjab,reddit.com,2024-11-23,"SBI cautions about a new fraud; Do not trust the calls from CBI, Income Tax department without verifying their identity",https://www.reddit.com/r/punjab/comments/1gy1u9l/sbi_cautions_about_a_new_fraud_do_not_trust_the/,CBI fraud call,Digital Arrest Scam,Impersonation Scam,THIRD-PARTY,NARSS-01592.txt,State: Punjab | Author: u/Latter-Economist1 | Score: 1 | Reddit ID: 1gy1u9l
1cgll1m,NARSS-01593,2026-04-10,SOUBHIK SARKAR,Reddit r/Punjab,reddit.com,2024-04-30,Why are there so many tech support scammers and creep  in Delhi/ncr ruining the name for other desis in Wes,https://www.reddit.com/r/punjab/comments/1cgll1m/why_are_there_so_many_tech_support_scammers_and/,video call scam,Digital Arrest Scam,Video Call Coercion,THIRD-PARTY,NARSS-01593.txt,State: Punjab | Author: u/Major-Syrup-548 | Score: 1 | Reddit ID: 1cgll1m
1imfzmz,NARSS-01594,2026-04-10,SOUBHIK SARKAR,Reddit r/Punjab,reddit.com,2025-02-11,Achievements of AAP in Punjab,https://www.reddit.com/r/punjab/comments/1imfzmz/achievements_of_aap_in_punjab/,fake website,"Phishing, Vishing, and Smishing",Phishing,THIRD-PARTY,NARSS-01594.txt,State: Punjab | Author: u/Reddit_Practice | Score: 1 | Reddit ID: 1imfzmz
1egnqt5,NARSS-01595,2026-04-10,SOUBHIK SARKAR,Reddit r/Punjab,reddit.com,2024-07-31,Immigration to Canada - The greatest scam of this century,https://www.reddit.com/r/punjab/comments/1egnqt5/immigration_to_canada_the_greatest_scam_of_this/,investment scam,Investment and Trading Fraud,Investment Scam,THIRD-PARTY,NARSS-01595.txt,State: Punjab | Author: u/NaiveBlueberry6322 | Score: 1 | Reddit ID: 1egnqt5
1h47rbp,NARSS-01596,2026-04-10,SOUBHIK SARKAR,Reddit r/Punjab,reddit.com,2024-12-01,HF cow,https://www.reddit.com/r/punjab/comments/1h47rbp/hf_cow/,trust scam,Social Engineering and Romance/Sextortion,Social Engineering,THIRD-PARTY,NARSS-01596.txt,State: Punjab | Author: u/sayymyname_ | Score: 1 | Reddit ID: 1h47rbp
1ijnpnd,NARSS-01597,2026-04-10,SOUBHIK SARKAR,Reddit r/Punjab,reddit.com,2025-02-07,"Online Sextortion On Rise After Lockdown, Dehumanises &amp; Feeds On Victim's Shame: P&amp;H HC Rejects Bail To Woman Accused Of Blackmail",https://www.reddit.com/r/punjab/comments/1ijnpnd/online_sextortion_on_rise_after_lockdown/,sextortion,Social Engineering and Romance/Sextortion,Sextortion,THIRD-PARTY,NARSS-01597.txt,State: Punjab | Author: u/OrchidAltruistic8982 | Score: 1 | Reddit ID: 1ijnpnd
1ikig82,NARSS-01598,2026-04-10,SOUBHIK SARKAR,Reddit r/Punjab,reddit.com,2025-02-08,Need your support to grow our Small Business! 🙏🏼,https://www.reddit.com/r/punjab/comments/1ikig82/need_your_support_to_grow_our_small_business/,fake delivery,E-Commerce and Delivery Fraud,Delivery Fraud,THIRD-PARTY,NARSS-01598.txt,State: Punjab | Author: u/United-Half-9144 | Score: 1 | Reddit ID: 1ikig82
1jvwxf4,NARSS-01599,2026-04-10,SOUBHIK SARKAR,Reddit r/Rajasthan,reddit.com,2025-04-10,Rajasthan NGO Busted for Trafficking Girls Under Guise of Mass Marriages,https://www.reddit.com/r/Rajasthan/comments/1jvwxf4/rajasthan_ngo_busted_for_trafficking_girls_under/,fake arrest,Digital Arrest Scam,Digital Arrest,THIRD-PARTY,NARSS-01599.txt,State: Rajasthan | Author: u/SquaredAndRooted | Score: 1 | Reddit ID: 1jvwxf4
7vcgap,NARSS-01600,2026-04-10,SOUBHIK SARKAR,Reddit r/Rajasthan,reddit.com,2018-02-05,Three arrested for printing fake currency | Jaipur,https://www.reddit.com/r/Rajasthan/comments/7vcgap/three_arrested_for_printing_fake_currency_jaipur/,fake arrest,Digital Arrest Scam,Digital Arrest,THIRD-PARTY,NARSS-01600.txt,State: Rajasthan | Author: u/boardresult | Score: 1 | Reddit ID: 7vcgap
1k8yiwd,NARSS-01601,2026-04-10,SOUBHIK SARKAR,Reddit r/Rajasthan,reddit.com,2025-04-27,"After Police Arrest a Suspect for Murder, Mosque Calls on Muslims to Gather and 'Show It to the Kaffirs' in Jhalawar [Verified video]",https://www.reddit.com/r/Rajasthan/comments/1k8yiwd/after_police_arrest_a_suspect_for_murder_mosque/,video call arrest,Digital Arrest Scam,Digital Arrest,THIRD-PARTY,NARSS-01601.txt,State: Rajasthan | Author: u/SaanvliKudi | Score: 1 | Reddit ID: 1k8yiwd
1ijr4vt,NARSS-01602,2026-04-10,SOUBHIK SARKAR,Reddit r/Rajasthan,reddit.com,2025-02-07,Fraud music teacher in Jaipur has mentally harassed me.,https://www.reddit.com/r/Rajasthan/comments/1ijr4vt/fraud_music_teacher_in_jaipur_has_mentally/,fraud call,"Phishing, Vishing, and Smishing",Vishing,THIRD-PARTY,NARSS-01602.txt,State: Rajasthan | Author: u/Due_Office_6147 | Score: 1 | Reddit ID: 1ijr4vt
1i09p2l,NARSS-01603,2026-04-10,SOUBHIK SARKAR,Reddit r/Rajasthan,reddit.com,2025-01-13,Fraud music teacher in Jaipur has mentally harassed me.,https://www.reddit.com/r/Rajasthan/comments/1i09p2l/fraud_music_teacher_in_jaipur_has_mentally/,fraud call,"Phishing, Vishing, and Smishing",Vishing,THIRD-PARTY,NARSS-01603.txt,State: Rajasthan | Author: u/Due_Office_6147 | Score: 1 | Reddit ID: 1i09p2l
1f5mxhu,NARSS-01604,2026-04-10,SOUBHIK SARKAR,Reddit r/Rajasthan,reddit.com,2024-08-31,UPI Fraud,https://www.reddit.com/r/Rajasthan/comments/1f5mxhu/upi_fraud/,fraud call,"Phishing, Vishing, and Smishing",Vishing,VICTIM,NARSS-01604.txt,State: Rajasthan | Author: u/WangXian_ | Score: 1 | Reddit ID: 1f5mxhu
1jtp9px,NARSS-01605,2026-04-10,SOUBHIK SARKAR,Reddit r/Rajasthan,reddit.com,2025-04-07,"The company that is scamm!ng the customers, Jaipur Golden Transport.",https://www.reddit.com/r/Rajasthan/comments/1jtp9px/the_company_that_is_scammng_the_customers_jaipur/,data leak,Identity Theft and Data Breach,Data Breach,THIRD-PARTY,NARSS-01605.txt,State: Rajasthan | Author: u/This-Inspection-69 | Score: 1 | Reddit ID: 1jtp9px
1kery1k,NARSS-01606,2026-04-10,SOUBHIK SARKAR,Reddit r/Rajasthan,reddit.com,2025-05-05,Is religion scam in india?,https://www.reddit.com/r/Rajasthan/comments/1kery1k/is_religion_scam_in_india/,trust scam,Social Engineering and Romance/Sextortion,Social Engineering,THIRD-PARTY,NARSS-01606.txt,State: Rajasthan | Author: u/Downtown-Swimmer6956 | Score: 1 | Reddit ID: 1kery1k
1g6p4iw,NARSS-01607,2026-04-10,SOUBHIK SARKAR,Reddit r/TamilNadu,reddit.com,2024-10-18,Telegram la nadanthu varum CYBER CRIME...Yecharikai pengal gavanathirku...Watch the Tamil Explanation Video on (Channel Name - Society Slice) for detailed understanding ,https://www.reddit.com/r/TamilNadu/comments/1g6p4iw/telegram_la_nadanthu_varum_cyber_crimeyecharikai/,cyber crime,General Cybercrime / Cyber Fraud Terms,General Cybercrime,THIRD-PARTY,NARSS-01607.txt,State: Tamil Nadu | Author: u/Scary-Coast3597 | Score: 1 | Reddit ID: 1g6p4iw
1ewvpfn,NARSS-01608,2026-04-10,SOUBHIK SARKAR,Reddit r/TamilNadu,reddit.com,2024-08-20,"I got scammed, tried everything, cyber crime etc, nothing helped. Scammers telegram username - @itsaustinreal and His whatsapp no. - +91 6376095063.",https://www.reddit.com/r/TamilNadu/comments/1ewvpfn/i_got_scammed_tried_everything_cyber_crime_etc/,cyber crime,General Cybercrime / Cyber Fraud Terms,General Cybercrime,THIRD-PARTY,NARSS-01608.txt,State: Tamil Nadu | Author: u/EnvironmentalBack624 | Score: 1 | Reddit ID: 1ewvpfn
1ede52o,NARSS-01609,2026-04-10,SOUBHIK SARKAR,Reddit r/TamilNadu,reddit.com,2024-07-27,"Online loan scam, please help. ",https://www.reddit.com/r/TamilNadu/comments/1ede52o/online_loan_scam_please_help/,cyber crime,General Cybercrime / Cyber Fraud Terms,General Cybercrime,THIRD-PARTY,NARSS-01609.txt,State: Tamil Nadu | Author: u/5430SAFI | Score: 1 | Reddit ID: 1ede52o
1clai4p,NARSS-01610,2026-04-10,SOUBHIK SARKAR,Reddit r/TamilNadu,reddit.com,2024-05-06,TRAI scam regarding disconnection of number,https://www.reddit.com/r/TamilNadu/comments/1clai4p/trai_scam_regarding_disconnection_of_number/,cyber crime,General Cybercrime / Cyber Fraud Terms,General Cybercrime,NEAR-MISS,NARSS-01610.txt,State: Tamil Nadu | Author: u/porottaandbeef | Score: 1 | Reddit ID: 1clai4p
17g2xce,NARSS-01611,2026-04-10,SOUBHIK SARKAR,Reddit r/TamilNadu,reddit.com,2023-10-25,Paid job - need someone to visit the Cyber crime department in Coimbatore,https://www.reddit.com/r/TamilNadu/comments/17g2xce/paid_job_need_someone_to_visit_the_cyber_crime/,cyber crime,General Cybercrime / Cyber Fraud Terms,General Cybercrime,THIRD-PARTY,NARSS-01611.txt,State: Tamil Nadu | Author: u/Pristine-Ear9823 | Score: 1 | Reddit ID: 17g2xce
13ojr4u,NARSS-01612,2026-04-10,SOUBHIK SARKAR,Reddit r/TamilNadu,reddit.com,2023-05-22,PII including location exposed on Government site,https://www.reddit.com/r/TamilNadu/comments/13ojr4u/pii_including_location_exposed_on_government_site/,cyber crime,General Cybercrime / Cyber Fraud Terms,General Cybercrime,THIRD-PARTY,NARSS-01612.txt,State: Tamil Nadu | Author: u/NaanTamilan | Score: 77 | Reddit ID: 13ojr4u
12jam6j,NARSS-01613,2026-04-10,SOUBHIK SARKAR,Reddit r/TamilNadu,reddit.com,2023-04-12,Cyber Cell from North states Extorts money by freezing bank accounts (in Kerala) with fake complaints. Does this happens in Tamil Nadu too?,https://www.reddit.com/r/TamilNadu/comments/12jam6j/cyber_cell_from_north_states_extorts_money_by/,cyber crime,General Cybercrime / Cyber Fraud Terms,General Cybercrime,THIRD-PARTY,NARSS-01613.txt,State: Tamil Nadu | Author: u/lukogs | Score: 5 | Reddit ID: 12jam6j
10sn159,NARSS-01614,2026-04-10,SOUBHIK SARKAR,Reddit r/TamilNadu,reddit.com,2023-02-03,CYBER CRIME PORTAL HELP,https://www.reddit.com/r/TamilNadu/comments/10sn159/cyber_crime_portal_help/,cyber crime,General Cybercrime / Cyber Fraud Terms,General Cybercrime,THIRD-PARTY,NARSS-01614.txt,State: Tamil Nadu | Author: u/anxious_shmuck | Score: 7 | Reddit ID: 10sn159
v6skiz,NARSS-01615,2026-04-10,SOUBHIK SARKAR,Reddit r/TamilNadu,reddit.com,2022-06-07,Reporting a cyber crime from overseas,https://www.reddit.com/r/TamilNadu/comments/v6skiz/reporting_a_cyber_crime_from_overseas/,cyber crime,General Cybercrime / Cyber Fraud Terms,General Cybercrime,THIRD-PARTY,NARSS-01615.txt,State: Tamil Nadu | Author: u/[deleted] | Score: 1 | Reddit ID: v6skiz
mypy8y,NARSS-01616,2026-04-10,SOUBHIK SARKAR,Reddit r/TamilNadu,reddit.com,2021-04-26,So are we loosing internet freedom in the name of cyber crime clean up drive? What is he hinting ?,https://www.reddit.com/r/TamilNadu/comments/mypy8y/so_are_we_loosing_internet_freedom_in_the_name_of/,cyber crime,General Cybercrime / Cyber Fraud Terms,General Cybercrime,THIRD-PARTY,NARSS-01616.txt,State: Tamil Nadu | Author: u/tholkappiar | Score: 73 | Reddit ID: mypy8y
1cxu0rz,NARSS-01617,2026-04-10,SOUBHIK SARKAR,Reddit r/TamilNadu,reddit.com,2024-05-22,Cybercrime ,https://www.reddit.com/r/TamilNadu/comments/1cxu0rz/cybercrime/,cybercrime,General Cybercrime / Cyber Fraud Terms,General Cybercrime,THIRD-PARTY,NARSS-01617.txt,State: Tamil Nadu | Author: u/Ok-Argument-7542 | Score: 1 | Reddit ID: 1cxu0rz
1b6t7je,NARSS-01618,2026-04-10,SOUBHIK SARKAR,Reddit r/TamilNadu,reddit.com,2024-03-05,Chakshu initiative by Department of Telecommunications in Sanchar Saathi Portal to fight against Cybercrime like KYC Fraud Phish etc.,https://www.reddit.com/r/TamilNadu/comments/1b6t7je/chakshu_initiative_by_department_of/,cybercrime,General Cybercrime / Cyber Fraud Terms,General Cybercrime,THIRD-PARTY,NARSS-01618.txt,State: Tamil Nadu | Author: u/lavanyadeepak | Score: 2 | Reddit ID: 1b6t7je
14g3s64,NARSS-01619,2026-04-10,SOUBHIK SARKAR,Reddit r/TamilNadu,reddit.com,2023-06-22,UpGrad EdTech and Liquiloans Expose: Beware of Manipulative Practices and Poor Services,https://www.reddit.com/r/TamilNadu/comments/14g3s64/upgrad_edtech_and_liquiloans_expose_beware_of/,cybercrime,General Cybercrime / Cyber Fraud Terms,General Cybercrime,NEAR-MISS,NARSS-01619.txt,State: Tamil Nadu | Author: u/dope-karma | Score: 25 | Reddit ID: 14g3s64
ve63ka,NARSS-01620,2026-04-10,SOUBHIK SARKAR,Reddit r/TamilNadu,reddit.com,2022-06-17,How to make a complaint for a cybercrime as a non Indian? The cybercrime portal isn't working.,https://www.reddit.com/r/TamilNadu/comments/ve63ka/how_to_make_a_complaint_for_a_cybercrime_as_a_non/,cybercrime,General Cybercrime / Cyber Fraud Terms,General Cybercrime,THIRD-PARTY,NARSS-01620.txt,State: Tamil Nadu | Author: u/77mocha77 | Score: 1 | Reddit ID: ve63ka
pugomb,NARSS-01621,2026-04-10,SOUBHIK SARKAR,Reddit r/TamilNadu,reddit.com,2021-09-24,Should I report this to Cybercrime or Police,https://www.reddit.com/r/TamilNadu/comments/pugomb/should_i_report_this_to_cybercrime_or_police/,cybercrime,General Cybercrime / Cyber Fraud Terms,General Cybercrime,THIRD-PARTY,NARSS-01621.txt,State: Tamil Nadu | Author: u/Abhinav_937 | Score: 22 | Reddit ID: pugomb
lgxvhh,NARSS-01622,2026-04-10,SOUBHIK SARKAR,Reddit r/TamilNadu,reddit.com,2021-02-10,Engineers in uniform roped in to crack cybercrime cases,https://www.reddit.com/r/TamilNadu/comments/lgxvhh/engineers_in_uniform_roped_in_to_crack_cybercrime/,cybercrime,General Cybercrime / Cyber Fraud Terms,General Cybercrime,THIRD-PARTY,NARSS-01622.txt,State: Tamil Nadu | Author: u/perfect_susanoo | Score: 5 | Reddit ID: lgxvhh
1foc098,NARSS-01623,2026-04-10,SOUBHIK SARKAR,Reddit r/TamilNadu,reddit.com,2024-09-24,Online fraud tamil girl,https://www.reddit.com/r/TamilNadu/comments/1foc098/online_fraud_tamil_girl/,online fraud,General Cybercrime / Cyber Fraud Terms,General Cybercrime,THIRD-PARTY,NARSS-01623.txt,State: Tamil Nadu | Author: u/Glum-Finger100 | Score: 1 | Reddit ID: 1foc098
1gwhmt4,NARSS-01624,2026-04-10,SOUBHIK SARKAR,Reddit r/TamilNadu,reddit.com,2024-11-21,"Cyber slavery threat looms over TN jobseekers: After the pandemic, these operations have become more professional and many of the scam calls we receive originate from these areas.",https://www.reddit.com/r/TamilNadu/comments/1gwhmt4/cyber_slavery_threat_looms_over_tn_jobseekers/,cyber scam,General Cybercrime / Cyber Fraud Terms,Cyber Scam,THIRD-PARTY,NARSS-01624.txt,State: Tamil Nadu | Author: u/vignesh_kannan | Score: 1 | Reddit ID: 1gwhmt4
1e3r7jv,NARSS-01625,2026-04-10,SOUBHIK SARKAR,Reddit r/TamilNadu,reddit.com,2024-07-15,Scammer got me and my mom laughing hard.,https://www.reddit.com/r/TamilNadu/comments/1e3r7jv/scammer_got_me_and_my_mom_laughing_hard/,cyber scam,General Cybercrime / Cyber Fraud Terms,Cyber Scam,THIRD-PARTY,NARSS-01625.txt,State: Tamil Nadu | Author: u/divvuu_007 | Score: 1 | Reddit ID: 1e3r7jv
16ujd91,NARSS-01626,2026-04-10,SOUBHIK SARKAR,Reddit r/TamilNadu,reddit.com,2023-09-28,Beware of FedEx Scam,https://www.reddit.com/r/TamilNadu/comments/16ujd91/beware_of_fedex_scam/,cyber scam,General Cybercrime / Cyber Fraud Terms,Cyber Scam,NEAR-MISS,NARSS-01626.txt,State: Tamil Nadu | Author: u/AAssttrroo | Score: 1 | Reddit ID: 16ujd91
1jqit77,NARSS-01627,2026-04-10,SOUBHIK SARKAR,Reddit r/TamilNadu,reddit.com,2025-04-03,Airtel WiFi Installation Scam? Need Help!,https://www.reddit.com/r/TamilNadu/comments/1jqit77/airtel_wifi_installation_scam_need_help/,online scam,General Cybercrime / Cyber Fraud Terms,Cyber Scam,THIRD-PARTY,NARSS-01627.txt,State: Tamil Nadu | Author: u/Aware_Shopping_5926 | Score: 1 | Reddit ID: 1jqit77
1jji88e,NARSS-01628,2026-04-10,SOUBHIK SARKAR,Reddit r/TamilNadu,reddit.com,2025-03-25,Chennai Officials' Europe Trip: Another Taxpayer-Funded Vacation?,https://www.reddit.com/r/TamilNadu/comments/1jji88e/chennai_officials_europe_trip_another/,online scam,General Cybercrime / Cyber Fraud Terms,Cyber Scam,THIRD-PARTY,NARSS-01628.txt,State: Tamil Nadu | Author: u/Sad-Bicycle-9857 | Score: 67 | Reddit ID: 1jji88e
1hb4a7o,NARSS-01629,2026-04-10,SOUBHIK SARKAR,Reddit r/TamilNadu,reddit.com,2024-12-10,Mom cheated off 15k from online scam. Beware number +91 6294272949,https://www.reddit.com/r/TamilNadu/comments/1hb4a7o/mom_cheated_off_15k_from_online_scam_beware/,online scam,General Cybercrime / Cyber Fraud Terms,Cyber Scam,NEAR-MISS,NARSS-01629.txt,State: Tamil Nadu | Author: u/Lone_Wolf_Better | Score: 1 | Reddit ID: 1hb4a7o
1bgt4z1,NARSS-01630,2026-04-10,SOUBHIK SARKAR,Reddit r/TamilNadu,reddit.com,2024-03-17,"Do these ""Insta-Celeb Masterclasses"" actually work?",https://www.reddit.com/r/TamilNadu/comments/1bgt4z1/do_these_instaceleb_masterclasses_actually_work/,online scam,General Cybercrime / Cyber Fraud Terms,Cyber Scam,THIRD-PARTY,NARSS-01630.txt,State: Tamil Nadu | Author: u/PhoenixPrithivi | Score: 1 | Reddit ID: 1bgt4z1
1b7pxok,NARSS-01631,2026-04-10,SOUBHIK SARKAR,Reddit r/TamilNadu,reddit.com,2024-03-06,Let us help our Law Enforcement to eliminate Scammers by being vigilant against online scams!,https://www.reddit.com/r/TamilNadu/comments/1b7pxok/let_us_help_our_law_enforcement_to_eliminate/,online scam,General Cybercrime / Cyber Fraud Terms,Cyber Scam,THIRD-PARTY,NARSS-01631.txt,State: Tamil Nadu | Author: u/lavanyadeepak | Score: 1 | Reddit ID: 1b7pxok
18birv6,NARSS-01632,2026-04-10,SOUBHIK SARKAR,Reddit r/TamilNadu,reddit.com,2023-12-06,"This rain was not as bad as 2015, there was no winds like in 2018 but dmk made it worst with of their inefficiency.",https://www.reddit.com/r/TamilNadu/comments/18birv6/this_rain_was_not_as_bad_as_2015_there_was_no/,online scam,General Cybercrime / Cyber Fraud Terms,Cyber Scam,THIRD-PARTY,NARSS-01632.txt,State: Tamil Nadu | Author: u/kameswara25 | Score: 1 | Reddit ID: 18birv6
17ucx2f,NARSS-01633,2026-04-10,SOUBHIK SARKAR,Reddit r/TamilNadu,reddit.com,2023-11-13,Need suggestions.,https://www.reddit.com/r/TamilNadu/comments/17ucx2f/need_suggestions/,online scam,General Cybercrime / Cyber Fraud Terms,Cyber Scam,THIRD-PARTY,NARSS-01633.txt,State: Tamil Nadu | Author: u/Standard-Ad-7426 | Score: 1 | Reddit ID: 17ucx2f
16fzleg,NARSS-01634,2026-04-10,SOUBHIK SARKAR,Reddit r/TamilNadu,reddit.com,2023-09-11,What would happen if we seperate from sh*thole north india or have our own country?,https://www.reddit.com/r/TamilNadu/comments/16fzleg/what_would_happen_if_we_seperate_from_shthole/,online scam,General Cybercrime / Cyber Fraud Terms,Cyber Scam,THIRD-PARTY,NARSS-01634.txt,State: Tamil Nadu | Author: u/FinancialRegret8852 | Score: 1 | Reddit ID: 16fzleg
131f1ff,NARSS-01635,2026-04-10,SOUBHIK SARKAR,Reddit r/TamilNadu,reddit.com,2023-04-28,GCCHUB and Beldex Cryptocurrency: Is It Legit or a Scam?,https://www.reddit.com/r/TamilNadu/comments/131f1ff/gcchub_and_beldex_cryptocurrency_is_it_legit_or_a/,online scam,General Cybercrime / Cyber Fraud Terms,Cyber Scam,THIRD-PARTY,NARSS-01635.txt,State: Tamil Nadu | Author: u/Potential_Airport_25 | Score: 0 | Reddit ID: 131f1ff
12vsyle,NARSS-01636,2026-04-10,SOUBHIK SARKAR,Reddit r/TamilNadu,reddit.com,2023-04-23,HCL TECHBEE is a SCAM. Please do not ruin your life by joining this Program. (DETAILED PERSONAL EXPERIENCE),https://www.reddit.com/r/TamilNadu/comments/12vsyle/hcl_techbee_is_a_scam_please_do_not_ruin_your/,online scam,General Cybercrime / Cyber Fraud Terms,Cyber Scam,VICTIM,NARSS-01636.txt,State: Tamil Nadu | Author: u/fuckthemcorporations | Score: 165 | Reddit ID: 12vsyle
yiknk2,NARSS-01637,2026-04-10,SOUBHIK SARKAR,Reddit r/TamilNadu,reddit.com,2022-11-01,Who are these guys ?,https://www.reddit.com/r/TamilNadu/comments/yiknk2/who_are_these_guys/,online scam,General Cybercrime / Cyber Fraud Terms,Cyber Scam,THIRD-PARTY,NARSS-01637.txt,State: Tamil Nadu | Author: u/arunkarnan | Score: 7 | Reddit ID: yiknk2
uwfrjt,NARSS-01638,2026-04-10,SOUBHIK SARKAR,Reddit r/TamilNadu,reddit.com,2022-05-24,What are some scams you fell for? (online or offline),https://www.reddit.com/r/TamilNadu/comments/uwfrjt/what_are_some_scams_you_fell_for_online_or_offline/,online scam,General Cybercrime / Cyber Fraud Terms,Cyber Scam,VICTIM,NARSS-01638.txt,State: Tamil Nadu | Author: u/vilovema | Score: 1 | Reddit ID: uwfrjt
jvy225,NARSS-01639,2026-04-10,SOUBHIK SARKAR,Reddit r/TamilNadu,reddit.com,2020-11-17,விழித்து கொள்வது எப்படி?,https://www.reddit.com/r/TamilNadu/comments/jvy225/வழதத_களவத_எபபட/,online scam,General Cybercrime / Cyber Fraud Terms,Cyber Scam,THIRD-PARTY,NARSS-01639.txt,State: Tamil Nadu | Author: u/earning_legend | Score: 2 | Reddit ID: jvy225
1imefeh,NARSS-01640,2026-04-10,SOUBHIK SARKAR,Reddit r/TamilNadu,reddit.com,2025-02-11,Parents and internet is a bad combo,https://www.reddit.com/r/TamilNadu/comments/1imefeh/parents_and_internet_is_a_bad_combo/,internet scam,General Cybercrime / Cyber Fraud Terms,Cyber Scam,THIRD-PARTY,NARSS-01640.txt,State: Tamil Nadu | Author: u/Revbender | Score: 104 | Reddit ID: 1imefeh
1duzguy,NARSS-01641,2026-04-10,SOUBHIK SARKAR,Reddit r/TamilNadu,reddit.com,2024-07-04,What are scams that you narrowly escaped and how ?,https://www.reddit.com/r/TamilNadu/comments/1duzguy/what_are_scams_that_you_narrowly_escaped_and_how/,internet scam,General Cybercrime / Cyber Fraud Terms,Cyber Scam,NEAR-MISS,NARSS-01641.txt,State: Tamil Nadu | Author: u/itsekalavya | Score: 1 | Reddit ID: 1duzguy
1acjnlq,NARSS-01642,2026-04-10,SOUBHIK SARKAR,Reddit r/TamilNadu,reddit.com,2024-01-28,Tamilian working in Big tech in the US for 10 years – AMA.,https://www.reddit.com/r/TamilNadu/comments/1acjnlq/tamilian_working_in_big_tech_in_the_us_for_10/,internet scam,General Cybercrime / Cyber Fraud Terms,Cyber Scam,THIRD-PARTY,NARSS-01642.txt,State: Tamil Nadu | Author: u/Successful_Title6922 | Score: 73 | Reddit ID: 1acjnlq
18tfqnt,NARSS-01643,2026-04-10,SOUBHIK SARKAR,Reddit r/TamilNadu,reddit.com,2023-12-29,Security Guidelines for using Generative AI tools,https://www.reddit.com/r/TamilNadu/comments/18tfqnt/security_guidelines_for_using_generative_ai_tools/,internet scam,General Cybercrime / Cyber Fraud Terms,Cyber Scam,THIRD-PARTY,NARSS-01643.txt,State: Tamil Nadu | Author: u/Fun_Imagination_7478 | Score: 1 | Reddit ID: 18tfqnt
16bf8pw,NARSS-01644,2026-04-10,SOUBHIK SARKAR,Reddit r/TamilNadu,reddit.com,2023-09-06,"Too many narratives being set to distract 75,00,00,00,00,000.00 scam/corruption by BJP Govt allegedly reported in CAG?",https://www.reddit.com/r/TamilNadu/comments/16bf8pw/too_many_narratives_being_set_to_distract/,internet scam,General Cybercrime / Cyber Fraud Terms,Cyber Scam,NEAR-MISS,NARSS-01644.txt,State: Tamil Nadu | Author: u/gearednature | Score: 1 | Reddit ID: 16bf8pw
17rb9py,NARSS-01645,2026-04-10,SOUBHIK SARKAR,Reddit r/TamilNadu,reddit.com,2023-11-09,AI Deepfake Porn - How it affects both genders in country like India,https://www.reddit.com/r/TamilNadu/comments/17rb9py/ai_deepfake_porn_how_it_affects_both_genders_in/,online cheating,General Cybercrime / Cyber Fraud Terms,Cyber Scam,THIRD-PARTY,NARSS-01645.txt,State: Tamil Nadu | Author: u/Routine_Extension_45 | Score: 1 | Reddit ID: 17rb9py
1hgwg1u,NARSS-01646,2026-04-10,SOUBHIK SARKAR,Reddit r/TamilNadu,reddit.com,2024-12-18,Need info - What are some scams which are happening right now? I'm working in a different country and want to keep my parents informed and aware of potential scams so that they don't fall prey for the scammers,https://www.reddit.com/r/TamilNadu/comments/1hgwg1u/need_info_what_are_some_scams_which_are_happening/,UPI scam,UPI and Digital Payment Fraud,UPI Fraud,NEAR-MISS,NARSS-01646.txt,State: Tamil Nadu | Author: u/LoveAskingQuestions1 | Score: 5 | Reddit ID: 1hgwg1u
148tv0d,NARSS-01647,2026-04-10,SOUBHIK SARKAR,Reddit r/TamilNadu,reddit.com,2023-06-14,Senthil balaji arrested. What to make of this? What are the events that lead to it?,https://www.reddit.com/r/TamilNadu/comments/148tv0d/senthil_balaji_arrested_what_to_make_of_this_what/,e-wallet scam,UPI and Digital Payment Fraud,Mobile Wallet Fraud,NEAR-MISS,NARSS-01647.txt,State: Tamil Nadu | Author: u/Environmental-Let932 | Score: 160 | Reddit ID: 148tv0d
vtdby7,NARSS-01648,2026-04-10,SOUBHIK SARKAR,Reddit r/TamilNadu,reddit.com,2022-07-07,Bajaj Finserv Credit Card Scams,https://www.reddit.com/r/TamilNadu/comments/vtdby7/bajaj_finserv_credit_card_scams/,OTP scam,OTP and Authentication Fraud,OTP Fraud,VICTIM,NARSS-01648.txt,State: Tamil Nadu | Author: u/eziorobert | Score: 20 | Reddit ID: vtdby7
1jvq04n,NARSS-01649,2026-04-10,SOUBHIK SARKAR,Reddit r/TamilNadu,reddit.com,2025-04-10,Critically analysing chatgpt - what do you think of tamil politicians and police,https://www.reddit.com/r/TamilNadu/comments/1jvq04n/critically_analysing_chatgpt_what_do_you_think_of/,digital arrest,Digital Arrest Scam,Digital Arrest,NEAR-MISS,NARSS-01649.txt,State: Tamil Nadu | Author: u/lady__constellation | Score: 1 | Reddit ID: 1jvq04n
1jhzbtp,NARSS-01650,2026-04-10,SOUBHIK SARKAR,Reddit r/TamilNadu,reddit.com,2025-03-23,"Chennai police harrases Rippling co-founder Prasanna, demands Rs. 25 Lacs to release friend  arrested in fake kidnapping case.",https://www.reddit.com/r/TamilNadu/comments/1jhzbtp/chennai_police_harrases_rippling_cofounder/,fake arrest,Digital Arrest Scam,Digital Arrest,THIRD-PARTY,NARSS-01650.txt,State: Tamil Nadu | Author: u/razor_XI | Score: 1 | Reddit ID: 1jhzbtp
1hu89p1,NARSS-01651,2026-04-10,SOUBHIK SARKAR,Reddit r/TamilNadu,reddit.com,2025-01-05,"₹70,000 for a Medical Degree: 14 Fake Doctors Arrested in Gujarat Practicing Allopathy with Fake Electro Homoeopathy Degrees — A Glimpse of the ‘Gujarat Model’ Now Nationwide.",https://www.reddit.com/r/TamilNadu/comments/1hu89p1/70000_for_a_medical_degree_14_fake_doctors/,fake arrest,Digital Arrest Scam,Digital Arrest,THIRD-PARTY,NARSS-01651.txt,State: Tamil Nadu | Author: u/chnandlerbing | Score: 1 | Reddit ID: 1hu89p1
1cojksi,NARSS-01652,2026-04-10,SOUBHIK SARKAR,Reddit r/TamilNadu,reddit.com,2024-05-10,Is marriage really necessary for our life?,https://www.reddit.com/r/TamilNadu/comments/1cojksi/is_marriage_really_necessary_for_our_life/,fake arrest,Digital Arrest Scam,Digital Arrest,THIRD-PARTY,NARSS-01652.txt,State: Tamil Nadu | Author: u/immbatman69 | Score: 1 | Reddit ID: 1cojksi
1cljwbn,NARSS-01653,2026-04-10,SOUBHIK SARKAR,Reddit r/TamilNadu,reddit.com,2024-05-06,"What are your thoughts about these? In TN the searches are so strict, while in some parts there are literally different people taking tests?",https://www.reddit.com/r/TamilNadu/comments/1cljwbn/what_are_your_thoughts_about_these_in_tn_the/,fake arrest,Digital Arrest Scam,Digital Arrest,THIRD-PARTY,NARSS-01653.txt,State: Tamil Nadu | Author: u/The_Acinonyx_Jubatus | Score: 1 | Reddit ID: 1cljwbn
1ccptq9,NARSS-01654,2026-04-10,SOUBHIK SARKAR,Reddit r/TamilNadu,reddit.com,2024-04-25,YouTuber Manish Kashyap who was arrested for 'fake video' joins BJP on ‘mother’s advice',https://www.reddit.com/r/TamilNadu/comments/1ccptq9/youtuber_manish_kashyap_who_was_arrested_for_fake/,fake arrest,Digital Arrest Scam,Digital Arrest,THIRD-PARTY,NARSS-01654.txt,State: Tamil Nadu | Author: u/Outside-Contact-7400 | Score: 1 | Reddit ID: 1ccptq9
12u0wkr,NARSS-01655,2026-04-10,SOUBHIK SARKAR,Reddit r/TamilNadu,reddit.com,2023-04-21,"Fake news on TN migrants: SC grants OpIndia editor, CEO protection from arrest",https://www.reddit.com/r/TamilNadu/comments/12u0wkr/fake_news_on_tn_migrants_sc_grants_opindia_editor/,fake arrest,Digital Arrest Scam,Digital Arrest,THIRD-PARTY,NARSS-01655.txt,State: Tamil Nadu | Author: u/Iamyourfather11 | Score: 15 | Reddit ID: 12u0wkr
11kudoj,NARSS-01656,2026-04-10,SOUBHIK SARKAR,Reddit r/TamilNadu,reddit.com,2023-03-07,"BJP Bihar unit peddled fake news, says BJP Tamil Nadu vice-president Narayanan Thirupathy",https://www.reddit.com/r/TamilNadu/comments/11kudoj/bjp_bihar_unit_peddled_fake_news_says_bjp_tamil/,fake arrest,Digital Arrest Scam,Digital Arrest,THIRD-PARTY,NARSS-01656.txt,State: Tamil Nadu | Author: u/The_Acinonyx_Jubatus | Score: 42 | Reddit ID: 11kudoj
10kyvfz,NARSS-01657,2026-04-10,SOUBHIK SARKAR,Reddit r/TamilNadu,reddit.com,2023-01-25,Adani Group – How The World’s 3rd Richest Man Is Pulling The Largest Con In Corporate History,https://www.reddit.com/r/TamilNadu/comments/10kyvfz/adani_group_how_the_worlds_3rd_richest_man_is/,fake arrest,Digital Arrest Scam,Digital Arrest,THIRD-PARTY,NARSS-01657.txt,State: Tamil Nadu | Author: u/Gullible_Place2787 | Score: 46 | Reddit ID: 10kyvfz
1jfnoar,NARSS-01658,2026-04-10,SOUBHIK SARKAR,Reddit r/TamilNadu,reddit.com,2025-03-20,BJP's Annamalai Vs TVK's Vijay - let's look into the tussle between them in the recent days.,https://www.reddit.com/r/TamilNadu/comments/1jfnoar/bjps_annamalai_vs_tvks_vijay_lets_look_into_the/,video call arrest,Digital Arrest Scam,Digital Arrest,THIRD-PARTY,NARSS-01658.txt,State: Tamil Nadu | Author: u/Environmental_Act501 | Score: 1 | Reddit ID: 1jfnoar
11qt2g6,NARSS-01659,2026-04-10,SOUBHIK SARKAR,Reddit r/TamilNadu,reddit.com,2023-03-14,"If plan A doesn't work , Plan B.",https://www.reddit.com/r/TamilNadu/comments/11qt2g6/if_plan_a_doesnt_work_plan_b/,video call arrest,Digital Arrest Scam,Digital Arrest,THIRD-PARTY,NARSS-01659.txt,State: Tamil Nadu | Author: u/The_Acinonyx_Jubatus | Score: 150 | Reddit ID: 11qt2g6
1d9gxjc,NARSS-01660,2026-04-10,SOUBHIK SARKAR,Reddit r/TamilNadu,reddit.com,2024-06-06,"Annamalai, Sasikanth Senthil IAS and the power of BJP IT wing",https://www.reddit.com/r/TamilNadu/comments/1d9gxjc/annamalai_sasikanth_senthil_ias_and_the_power_of/,video call scam,Digital Arrest Scam,Video Call Coercion,THIRD-PARTY,NARSS-01660.txt,State: Tamil Nadu | Author: u/bigmanfromthepalace | Score: 1 | Reddit ID: 1d9gxjc
1bcyc7k,NARSS-01661,2026-04-10,SOUBHIK SARKAR,Reddit r/TamilNadu,reddit.com,2024-03-12,Not sure about the authenticity or wideness of this ATM Scam but better to be safe and alert!,https://www.reddit.com/r/TamilNadu/comments/1bcyc7k/not_sure_about_the_authenticity_or_wideness_of/,video call scam,Digital Arrest Scam,Video Call Coercion,THIRD-PARTY,NARSS-01661.txt,State: Tamil Nadu | Author: u/lavanyadeepak | Score: 1 | Reddit ID: 1bcyc7k
1bcfu2i,NARSS-01662,2026-04-10,SOUBHIK SARKAR,Reddit r/TamilNadu,reddit.com,2024-03-12,This guy Annamalai,https://www.reddit.com/r/TamilNadu/comments/1bcfu2i/this_guy_annamalai/,video call scam,Digital Arrest Scam,Video Call Coercion,THIRD-PARTY,NARSS-01662.txt,State: Tamil Nadu | Author: u/Msprabu88 | Score: 1 | Reddit ID: 1bcfu2i
1jwpm46,NARSS-01663,2026-04-10,SOUBHIK SARKAR,Reddit r/TamilNadu,reddit.com,2025-04-11,Why no one is talking about Kashi Rape case,https://www.reddit.com/r/TamilNadu/comments/1jwpm46/why_no_one_is_talking_about_kashi_rape_case/,video call blackmail,Digital Arrest Scam,Video Call Coercion,VICTIM,NARSS-01663.txt,State: Tamil Nadu | Author: u/Puzzled_Estimate_596 | Score: 6 | Reddit ID: 1jwpm46
11sn8pw,NARSS-01664,2026-04-10,SOUBHIK SARKAR,Reddit r/TamilNadu,reddit.com,2023-03-16,Phishing attack scam,https://www.reddit.com/r/TamilNadu/comments/11sn8pw/phishing_attack_scam/,phishing,"Phishing, Vishing, and Smishing",Phishing,THIRD-PARTY,NARSS-01664.txt,State: Tamil Nadu | Author: u/Strict_Ad_9267 | Score: 1 | Reddit ID: 11sn8pw
rv9mjn,NARSS-01665,2026-04-10,SOUBHIK SARKAR,Reddit r/TamilNadu,reddit.com,2022-01-04,Exploits of BJP - Lies,https://www.reddit.com/r/TamilNadu/comments/rv9mjn/exploits_of_bjp_lies/,fake website,"Phishing, Vishing, and Smishing",Phishing,NEAR-MISS,NARSS-01665.txt,State: Tamil Nadu | Author: u/[deleted] | Score: 13 | Reddit ID: rv9mjn
it63wg,NARSS-01666,2026-04-10,SOUBHIK SARKAR,Reddit r/TamilNadu,reddit.com,2020-09-15,Linecraft website is fake or real,https://www.reddit.com/r/TamilNadu/comments/it63wg/linecraft_website_is_fake_or_real/,fake website,"Phishing, Vishing, and Smishing",Phishing,THIRD-PARTY,NARSS-01666.txt,State: Tamil Nadu | Author: u/gowtham-sivam-467 | Score: 1 | Reddit ID: it63wg
aj2q8j,NARSS-01667,2026-04-10,SOUBHIK SARKAR,Reddit r/TamilNadu,reddit.com,2019-01-23,Thatstamil,https://www.reddit.com/r/TamilNadu/comments/aj2q8j/thatstamil/,fake website,"Phishing, Vishing, and Smishing",Phishing,THIRD-PARTY,NARSS-01667.txt,State: Tamil Nadu | Author: u/docrazy111 | Score: 0 | Reddit ID: aj2q8j
1jhvqc1,NARSS-01668,2026-04-10,SOUBHIK SARKAR,Reddit r/TamilNadu,reddit.com,2025-03-23,Thoughts??,https://www.reddit.com/r/TamilNadu/comments/1jhvqc1/thoughts/,fraud call,"Phishing, Vishing, and Smishing",Vishing,THIRD-PARTY,NARSS-01668.txt,State: Tamil Nadu | Author: u/Invincible028 | Score: 1 | Reddit ID: 1jhvqc1
1elgj6n,NARSS-01669,2026-04-10,SOUBHIK SARKAR,Reddit r/TamilNadu,reddit.com,2024-08-06,Is this a loan scam?,https://www.reddit.com/r/TamilNadu/comments/1elgj6n/is_this_a_loan_scam/,SMS scam,"Phishing, Vishing, and Smishing",Smishing,VICTIM,NARSS-01669.txt,State: Tamil Nadu | Author: u/anxiousvibez | Score: 1 | Reddit ID: 1elgj6n
1ixnylc,NARSS-01670,2026-04-10,SOUBHIK SARKAR,Reddit r/TamilNadu,reddit.com,2025-02-25,Life is stucked as an 19yo Student,https://www.reddit.com/r/TamilNadu/comments/1ixnylc/life_is_stucked_as_an_19yo_student/,loan app blackmail,Online Lending and Loan App Fraud,Loan App Extortion,VICTIM,NARSS-01670.txt,State: Tamil Nadu | Author: u/llogu-m | Score: 1 | Reddit ID: 1ixnylc
1ajgsai,NARSS-01671,2026-04-10,SOUBHIK SARKAR,Reddit r/TamilNadu,reddit.com,2024-02-05,"MyV3 Ads Scam : One of the most brainwashed comment section ever, are people scared that they'll lose their investment or are they too retarded to look tro this bullshit?",https://www.reddit.com/r/TamilNadu/comments/1ajgsai/myv3_ads_scam_one_of_the_most_brainwashed_comment/,investment scam,Investment and Trading Fraud,Investment Scam,THIRD-PARTY,NARSS-01671.txt,State: Tamil Nadu | Author: u/letvarconst_ | Score: 1 | Reddit ID: 1ajgsai
10otkrf,NARSS-01672,2026-04-10,SOUBHIK SARKAR,Reddit r/TamilNadu,reddit.com,2023-01-30,Hindenburg's reply to Advani's reply,https://www.reddit.com/r/TamilNadu/comments/10otkrf/hindenburgs_reply_to_advanis_reply/,investment scam,Investment and Trading Fraud,Investment Scam,THIRD-PARTY,NARSS-01672.txt,State: Tamil Nadu | Author: u/Gullible_Place2787 | Score: 27 | Reddit ID: 10otkrf
1h0vefs,NARSS-01673,2026-04-10,SOUBHIK SARKAR,Reddit r/TamilNadu,reddit.com,2024-11-27,Is Cryptocurrency legal in India or not?,https://www.reddit.com/r/TamilNadu/comments/1h0vefs/is_cryptocurrency_legal_in_india_or_not/,crypto scam,Investment and Trading Fraud,Investment Scam,NEAR-MISS,NARSS-01673.txt,State: Tamil Nadu | Author: u/Fun_Imagination_7478 | Score: 1 | Reddit ID: 1h0vefs
17ak6vv,NARSS-01674,2026-04-10,SOUBHIK SARKAR,Reddit r/TamilNadu,reddit.com,2023-10-18,TN BJP state-level leader arrested in a ₹100 crore crypto scam,https://www.reddit.com/r/TamilNadu/comments/17ak6vv/tn_bjp_statelevel_leader_arrested_in_a_100_crore/,crypto scam,Investment and Trading Fraud,Investment Scam,THIRD-PARTY,NARSS-01674.txt,State: Tamil Nadu | Author: u/Iamyourfather_12 | Score: 1 | Reddit ID: 17ak6vv
vo8e82,NARSS-01675,2026-04-10,SOUBHIK SARKAR,Reddit r/TamilNadu,reddit.com,2022-06-30,An entire cable channel for a crypto scam,https://www.reddit.com/r/TamilNadu/comments/vo8e82/an_entire_cable_channel_for_a_crypto_scam/,crypto scam,Investment and Trading Fraud,Investment Scam,THIRD-PARTY,NARSS-01675.txt,State: Tamil Nadu | Author: u/gayest-boii | Score: 106 | Reddit ID: vo8e82
s5bnsr,NARSS-01676,2026-04-10,SOUBHIK SARKAR,Reddit r/TamilNadu,reddit.com,2022-01-16,A.Raja the 2g scam tainted ex minister is an MP from reserved seat for Dailt - wife final rites were done in Christian way . How is a crypto Christian fighting from a Dalit seat ? 🤡 Golmaal,https://www.reddit.com/r/TamilNadu/comments/s5bnsr/araja_the_2g_scam_tainted_ex_minister_is_an_mp/,crypto scam,Investment and Trading Fraud,Investment Scam,THIRD-PARTY,NARSS-01676.txt,State: Tamil Nadu | Author: u/spades_ac | Score: 0 | Reddit ID: s5bnsr
ok396m,NARSS-01677,2026-04-10,SOUBHIK SARKAR,Reddit r/TamilNadu,reddit.com,2021-07-14,Buying bitcoin or any crypto in India,https://www.reddit.com/r/TamilNadu/comments/ok396m/buying_bitcoin_or_any_crypto_in_india/,crypto scam,Investment and Trading Fraud,Investment Scam,NEAR-MISS,NARSS-01677.txt,State: Tamil Nadu | Author: u/Santhosh_54 | Score: 3 | Reddit ID: ok396m
1kfaoda,NARSS-01678,2026-04-10,SOUBHIK SARKAR,Reddit r/TamilNadu,reddit.com,2025-05-05,Omjasvin Transferred Days After ₹2 Cr Scam Exposé — Routine Shift or Systemic Silencing?,https://www.reddit.com/r/TamilNadu/comments/1kfaoda/omjasvin_transferred_days_after_2_cr_scam_exposé/,work from home scam,Investment and Trading Fraud,Task Scam,THIRD-PARTY,NARSS-01678.txt,State: Tamil Nadu | Author: u/Sad-Bicycle-9857 | Score: 18 | Reddit ID: 1kfaoda
19cjwuy,NARSS-01679,2026-04-10,SOUBHIK SARKAR,Reddit r/TamilNadu,reddit.com,2024-01-22,Why are people so careless regarding use of Whatsapp?,https://www.reddit.com/r/TamilNadu/comments/19cjwuy/why_are_people_so_careless_regarding_use_of/,identity theft,Identity Theft and Data Breach,Identity Theft,THIRD-PARTY,NARSS-01679.txt,State: Tamil Nadu | Author: u/lavanyadeepak | Score: 1 | Reddit ID: 19cjwuy
s959vq,NARSS-01680,2026-04-10,SOUBHIK SARKAR,Reddit r/TamilNadu,reddit.com,2022-01-21,Marital Rape is Rape... Copy Pasted it from r/India since I can't cross post....a comprehensive summary of the law...,https://www.reddit.com/r/TamilNadu/comments/s959vq/marital_rape_is_rape_copy_pasted_it_from_rindia/,identity theft,Identity Theft and Data Breach,Identity Theft,NEAR-MISS,NARSS-01680.txt,State: Tamil Nadu | Author: u/[deleted] | Score: 66 | Reddit ID: s959vq
1hdx2ae,NARSS-01681,2026-04-10,SOUBHIK SARKAR,Reddit r/TamilNadu,reddit.com,2024-12-14,Tamils need better PR,https://www.reddit.com/r/TamilNadu/comments/1hdx2ae/tamils_need_better_pr/,identity fraud,Identity Theft and Data Breach,Identity Theft,THIRD-PARTY,NARSS-01681.txt,State: Tamil Nadu | Author: u/nerinaduvil | Score: 1 | Reddit ID: 1hdx2ae
mhv8fx,NARSS-01682,2026-04-10,SOUBHIK SARKAR,Reddit r/TamilNadu,reddit.com,2021-04-01,Allegation that BJP’s Puducherry Unit Misused Aadhaar Data to Boost Election Campaign Credible: Madras HC,https://www.reddit.com/r/TamilNadu/comments/mhv8fx/allegation_that_bjps_puducherry_unit_misused/,Aadhaar misuse,Identity Theft and Data Breach,Identity Theft,THIRD-PARTY,NARSS-01682.txt,State: Tamil Nadu | Author: u/think-not | Score: 7 | Reddit ID: mhv8fx
17ld18v,NARSS-01683,2026-04-10,SOUBHIK SARKAR,Reddit r/TamilNadu,reddit.com,2023-11-01,Why nobody talking about the biggest data leak ?? Did people stopped caring about it ??,https://www.reddit.com/r/TamilNadu/comments/17ld18v/why_nobody_talking_about_the_biggest_data_leak/,data breach,Identity Theft and Data Breach,Data Breach,THIRD-PARTY,NARSS-01683.txt,State: Tamil Nadu | Author: u/Specialist_Active376 | Score: 1 | Reddit ID: 17ld18v
z80r64,NARSS-01684,2026-04-10,SOUBHIK SARKAR,Reddit r/TamilNadu,reddit.com,2022-11-29,SFLC.in writes to CERT.In and Government of Tamil Nadu on Public Distribution System Data Breach,https://www.reddit.com/r/TamilNadu/comments/z80r64/sflcin_writes_to_certin_and_government_of_tamil/,data breach,Identity Theft and Data Breach,Data Breach,THIRD-PARTY,NARSS-01684.txt,State: Tamil Nadu | Author: u/gubenilekani | Score: 3 | Reddit ID: z80r64
nze3uk,NARSS-01685,2026-04-10,SOUBHIK SARKAR,Reddit r/TamilNadu,reddit.com,2021-06-14,Data breach is happen in big companies,https://www.reddit.com/r/TamilNadu/comments/nze3uk/data_breach_is_happen_in_big_companies/,data breach,Identity Theft and Data Breach,Data Breach,THIRD-PARTY,NARSS-01685.txt,State: Tamil Nadu | Author: u/Tech-unleash-freaker | Score: 1 | Reddit ID: nze3uk
nj4oo4,NARSS-01686,2026-04-10,SOUBHIK SARKAR,Reddit r/TamilNadu,reddit.com,2021-05-23,Domino's Data Breach Leaked On Dark Web,https://www.reddit.com/r/TamilNadu/comments/nj4oo4/dominos_data_breach_leaked_on_dark_web/,data breach,Identity Theft and Data Breach,Data Breach,THIRD-PARTY,NARSS-01686.txt,State: Tamil Nadu | Author: u/Electrical_Term3174 | Score: 1 | Reddit ID: nj4oo4
nj4kwa,NARSS-01687,2026-04-10,SOUBHIK SARKAR,Reddit r/TamilNadu,reddit.com,2021-05-23,Domino's Data Breach Leaked On Dark Web,https://www.reddit.com/r/TamilNadu/comments/nj4kwa/dominos_data_breach_leaked_on_dark_web/,data breach,Identity Theft and Data Breach,Data Breach,THIRD-PARTY,NARSS-01687.txt,State: Tamil Nadu | Author: u/Electrical_Term3174 | Score: 1 | Reddit ID: nj4kwa
1kebomt,NARSS-01688,2026-04-10,SOUBHIK SARKAR,Reddit r/TamilNadu,reddit.com,2025-05-04,Remember PTR? Why We Shouldn't Let Him Be Sidelined,https://www.reddit.com/r/TamilNadu/comments/1kebomt/remember_ptr_why_we_shouldnt_let_him_be_sidelined/,data leak,Identity Theft and Data Breach,Data Breach,THIRD-PARTY,NARSS-01688.txt,State: Tamil Nadu | Author: u/killgravyy | Score: 1 | Reddit ID: 1kebomt
14873qa,NARSS-01689,2026-04-10,SOUBHIK SARKAR,Reddit r/TamilNadu,reddit.com,2023-06-13,"CoWIN Data Leak On Telegram: Aadhaar, PAN Card, Birth Details Of Citizens Made Public",https://www.reddit.com/r/TamilNadu/comments/14873qa/cowin_data_leak_on_telegram_aadhaar_pan_card/,data leak,Identity Theft and Data Breach,Data Breach,THIRD-PARTY,NARSS-01689.txt,State: Tamil Nadu | Author: u/OneArasan | Score: 19 | Reddit ID: 14873qa
1ioemc6,NARSS-01690,2026-04-10,SOUBHIK SARKAR,Reddit r/TamilNadu,reddit.com,2025-02-13,Scammed by an Auto Guy in Hosur(Tamilnadu): A Hard Lesson,https://www.reddit.com/r/TamilNadu/comments/1ioemc6/scammed_by_an_auto_guy_in_hosurtamilnadu_a_hard/,trust scam,Social Engineering and Romance/Sextortion,Social Engineering,THIRD-PARTY,NARSS-01690.txt,State: Tamil Nadu | Author: u/MdSad003 | Score: 1 | Reddit ID: 1ioemc6
1hy1ksk,NARSS-01691,2026-04-10,SOUBHIK SARKAR,Reddit r/TamilNadu,reddit.com,2025-01-10,BNI SCAMS IN MADURAI &amp; OTHER CITIES,https://www.reddit.com/r/TamilNadu/comments/1hy1ksk/bni_scams_in_madurai_other_cities/,trust scam,Social Engineering and Romance/Sextortion,Social Engineering,THIRD-PARTY,NARSS-01691.txt,State: Tamil Nadu | Author: u/indianhobo89 | Score: 1 | Reddit ID: 1hy1ksk
1f5p9bq,NARSS-01692,2026-04-10,SOUBHIK SARKAR,Reddit r/TamilNadu,reddit.com,2024-08-31,I got scammed and dont know what to do with this number i got...,https://www.reddit.com/r/TamilNadu/comments/1f5p9bq/i_got_scammed_and_dont_know_what_to_do_with_this/,trust scam,Social Engineering and Romance/Sextortion,Social Engineering,THIRD-PARTY,NARSS-01692.txt,State: Tamil Nadu | Author: u/dh_ruva | Score: 1 | Reddit ID: 1f5p9bq
yjuqdh,NARSS-01693,2026-04-10,SOUBHIK SARKAR,Reddit r/TamilNadu,reddit.com,2022-11-02,OYO payment scam. Don't trust the discounts given in the app.,https://www.reddit.com/r/TamilNadu/comments/yjuqdh/oyo_payment_scam_dont_trust_the_discounts_given/,trust scam,Social Engineering and Romance/Sextortion,Social Engineering,THIRD-PARTY,NARSS-01693.txt,State: Tamil Nadu | Author: u/[deleted] | Score: 14 | Reddit ID: yjuqdh
11s50qv,NARSS-01694,2026-04-10,SOUBHIK SARKAR,Reddit r/TamilNadu,reddit.com,2023-03-16,romance scam,https://www.reddit.com/r/TamilNadu/comments/11s50qv/romance_scam/,romance scam,Social Engineering and Romance/Sextortion,Romance Scam,THIRD-PARTY,NARSS-01694.txt,State: Tamil Nadu | Author: u/Strict_Ad_9267 | Score: 1 | Reddit ID: 11s50qv
1cxqx8v,NARSS-01695,2026-04-10,SOUBHIK SARKAR,Reddit r/TamilNadu,reddit.com,2024-05-22,Adani suspected of fraud by selling low-grade coal as high-value fuel | Indian conglomerate rejects accusations of inflating prices in transactions with state utility - Financial Times,https://www.reddit.com/r/TamilNadu/comments/1cxqx8v/adani_suspected_of_fraud_by_selling_lowgrade_coal/,utility fraud,Emerging and Miscellaneous Fraud Types,Utility Scam,THIRD-PARTY,NARSS-01695.txt,State: Tamil Nadu | Author: u/bliss_tree | Score: 1 | Reddit ID: 1cxqx8v
1cvw2x5,NARSS-01696,2026-04-10,SOUBHIK SARKAR,Reddit r/TamilNadu,reddit.com,2024-05-20,Think before you write your next social media comment. Not everyone is capable of enduring cyber bullying and toxic abuses online.,https://www.reddit.com/r/TamilNadu/comments/1cvw2x5/think_before_you_write_your_next_social_media/,cyber bullying,Emerging and Miscellaneous Fraud Types,Cyber Stalking,THIRD-PARTY,NARSS-01696.txt,State: Tamil Nadu | Author: u/Kabali5784 | Score: 1 | Reddit ID: 1cvw2x5
1jclepp,NARSS-01697,2026-04-10,SOUBHIK SARKAR,Reddit r/Telangana,reddit.com,2025-03-16,https://swetchadaily.com/crime/cyber-fraud-in-hyderabad-company-recovers-%e2%82%b91-95-crore-after-swift-action-by-police Cyber Fraud: వాట్ ఏ ఫ్రాడ్.. ఒక్క మెసెజ్ తో కోట్లు నొక్కేశారు,https://www.reddit.com/r/Telangana/comments/1jclepp/httpsswetchadailycomcrimecyberfraudinhyderabadcomp/,cyber crime,General Cybercrime / Cyber Fraud Terms,General Cybercrime,THIRD-PARTY,NARSS-01697.txt,State: Telangana | Author: u/swetchadaily | Score: 1 | Reddit ID: 1jclepp
1jacmnt,NARSS-01698,2026-04-10,SOUBHIK SARKAR,Reddit r/Telangana,reddit.com,2025-03-13,https://swetchadaily.com/entertainment/police-filed-case-against-bayya-sunny-yadav-over-promoting-betting-apps Bayya Sunny Yadav: బెట్టింగ్ యాప్స్ ప్రమోట్ చేస్తున్న సోషల్ మీడియా ఇన్‌ప్లూయెన్సర్‌పై కేసు నమోదు #BettingApps #CyberCrime #BayyaSunnyYadav #SocialMediaInfluencer #Swetchadailyepaper,https://www.reddit.com/r/Telangana/comments/1jacmnt/httpsswetchadailycomentertainmentpolicefiledcaseag/,cybercrime,General Cybercrime / Cyber Fraud Terms,General Cybercrime,THIRD-PARTY,NARSS-01698.txt,State: Telangana | Author: u/swetchadaily | Score: 1 | Reddit ID: 1jacmnt
1j8lyf9,NARSS-01699,2026-04-10,SOUBHIK SARKAR,Reddit r/Telangana,reddit.com,2025-03-11,"https://swetchadaily.com/national/540-indians-rescued-from-cyber-fraud-racket-being-flown-in-from-thailand

Cyber Fraud Cafe Trapping: థాయిలాండ్ లో ఘోరం.. కరెంట్ షాకిచ్చి 540 మంది భారతీయులకు నరకం

#cybercrime #Fraud #Thailand #Swetchadailyepaper",https://www.reddit.com/r/Telangana/comments/1j8lyf9/httpsswetchadailycomnational540indiansrescuedfromc/,cybercrime,General Cybercrime / Cyber Fraud Terms,General Cybercrime,THIRD-PARTY,NARSS-01699.txt,State: Telangana | Author: u/swetchadaily | Score: 1 | Reddit ID: 1j8lyf9
1j3y6mq,NARSS-01700,2026-04-10,SOUBHIK SARKAR,Reddit r/Telangana,reddit.com,2025-03-05,https://swetchadaily.com/crime/cybercriminals-blackmail-telangana-mla-veeresham-with-nude-call-video Nude video Call to MLA: ఎమ్మెల్యేకు న్యూడ్ కాల్ చేసి బ్లాక్ మెయిల్; సైబర్ నేరగాళ్ల బరితెగింపు #Telangana #CyberCrime #BlackMail #NudeVideoCall #MLA #Veeresham #Swetchadailyepaper,https://www.reddit.com/r/Telangana/comments/1j3y6mq/httpsswetchadailycomcrimecybercriminalsblackmailte/,cybercrime,General Cybercrime / Cyber Fraud Terms,General Cybercrime,THIRD-PARTY,NARSS-01700.txt,State: Telangana | Author: u/swetchadaily | Score: 1 | Reddit ID: 1j3y6mq
1j5mnwh,NARSS-01701,2026-04-10,SOUBHIK SARKAR,Reddit r/Telangana,reddit.com,2025-03-07,Slam the Scam Day for a Reason,https://www.reddit.com/r/Telangana/comments/1j5mnwh/slam_the_scam_day_for_a_reason/,cyber fraud,General Cybercrime / Cyber Fraud Terms,General Cybercrime,NEAR-MISS,NARSS-01701.txt,State: Telangana | Author: u/Sunitha_Sundar_5980 | Score: 1 | Reddit ID: 1j5mnwh
1j8jc1n,NARSS-01702,2026-04-10,SOUBHIK SARKAR,Reddit r/Telangana,reddit.com,2025-03-11,https://swetchadaily.com/telangana/it-raids-continue-at-sri-chaitanya-colleges-national-wide-including-telugu-states-over-alleged-fee-fraud Sri Chaitanya IT Raids: శ్రీచైతన్య కాలేజీల్లో రెండో రోజు ఐటీ రైడ్స్.. ఎంత డబ్బు సీజ్ చేశారంటే! #Telangana #AndhraPradesh #ITRaids #Srichaitanya #Swetchadailye,https://www.reddit.com/r/Telangana/comments/1j8jc1n/httpsswetchadailycomtelanganaitraidscontinueatsric/,e-banking fraud,General Cybercrime / Cyber Fraud Terms,Financial Cyber Fraud,THIRD-PARTY,NARSS-01702.txt,State: Telangana | Author: u/swetchadaily | Score: 1 | Reddit ID: 1j8jc1n
1gu4jrw,NARSS-01703,2026-04-10,SOUBHIK SARKAR,Reddit r/Telangana,reddit.com,2024-11-18,Telangana Government arrested the Ex-Digital Media Director Dileep Konatham,https://www.reddit.com/r/Telangana/comments/1gu4jrw/telangana_government_arrested_the_exdigital_media/,digital arrest,Digital Arrest Scam,Digital Arrest,THIRD-PARTY,NARSS-01703.txt,State: Telangana | Author: u/theekindnessproject | Score: 9 | Reddit ID: 1gu4jrw
1ja61he,NARSS-01704,2026-04-10,SOUBHIK SARKAR,Reddit r/UttarPradesh,reddit.com,2025-03-13,"UP, Maharashtra top list of those freed from cyber crime centres",https://www.reddit.com/r/uttarpradesh/comments/1ja61he/up_maharashtra_top_list_of_those_freed_from_cyber/,cyber crime,General Cybercrime / Cyber Fraud Terms,General Cybercrime,THIRD-PARTY,NARSS-01704.txt,State: Uttar Pradesh | Author: u/shru-atom | Score: 1 | Reddit ID: 1ja61he
1ity831,NARSS-01705,2026-04-10,SOUBHIK SARKAR,Reddit r/UttarPradesh,reddit.com,2025-02-20,Anyone can help in cyber crime financial fraud how to report ??,https://www.reddit.com/r/uttarpradesh/comments/1ity831/anyone_can_help_in_cyber_crime_financial_fraud/,cyber crime,General Cybercrime / Cyber Fraud Terms,General Cybercrime,THIRD-PARTY,NARSS-01705.txt,State: Uttar Pradesh | Author: u/TypeNo1984 | Score: 1 | Reddit ID: 1ity831
1eth5ys,NARSS-01706,2026-04-10,SOUBHIK SARKAR,Reddit r/UttarPradesh,reddit.com,2024-08-16,Stay Aware on Cyber Crime,https://www.reddit.com/r/uttarpradesh/comments/1eth5ys/stay_aware_on_cyber_crime/,cyber crime,General Cybercrime / Cyber Fraud Terms,General Cybercrime,THIRD-PARTY,NARSS-01706.txt,State: Uttar Pradesh | Author: u/[deleted] | Score: 1 | Reddit ID: 1eth5ys
1g78ajd,NARSS-01707,2026-04-10,SOUBHIK SARKAR,Reddit r/UttarPradesh,reddit.com,2024-10-19,Let's discuss Cybercrime in detail..,https://www.reddit.com/r/uttarpradesh/comments/1g78ajd/lets_discuss_cybercrime_in_detail/,cybercrime,General Cybercrime / Cyber Fraud Terms,General Cybercrime,THIRD-PARTY,NARSS-01707.txt,State: Uttar Pradesh | Author: u/upcop_ak47 | Score: 1 | Reddit ID: 1g78ajd
1eth75k,NARSS-01708,2026-04-10,SOUBHIK SARKAR,Reddit r/UttarPradesh,reddit.com,2024-08-16,Stay Aware on Cybercrime,https://www.reddit.com/r/uttarpradesh/comments/1eth75k/stay_aware_on_cybercrime/,cybercrime,General Cybercrime / Cyber Fraud Terms,General Cybercrime,VICTIM,NARSS-01708.txt,State: Uttar Pradesh | Author: u/upcop_ak47 | Score: 1 | Reddit ID: 1eth75k
1eq6enb,NARSS-01709,2026-04-10,SOUBHIK SARKAR,Reddit r/UttarPradesh,reddit.com,2024-08-12,Don't get conned | Stay aware on cyber fraud ,https://www.reddit.com/r/uttarpradesh/comments/1eq6enb/dont_get_conned_stay_aware_on_cyber_fraud/,cybercrime,General Cybercrime / Cyber Fraud Terms,General Cybercrime,NEAR-MISS,NARSS-01709.txt,State: Uttar Pradesh | Author: u/upcop_ak47 | Score: 1 | Reddit ID: 1eq6enb
1ent3ng,NARSS-01710,2026-04-10,SOUBHIK SARKAR,Reddit r/UttarPradesh,reddit.com,2024-08-09,Got a call from lucknow cybercrime branch ,https://www.reddit.com/r/uttarpradesh/comments/1ent3ng/got_a_call_from_lucknow_cybercrime_branch/,cybercrime,General Cybercrime / Cyber Fraud Terms,General Cybercrime,THIRD-PARTY,NARSS-01710.txt,State: Uttar Pradesh | Author: u/AltruisticPraline576 | Score: 1 | Reddit ID: 1ent3ng
1kcxtsg,NARSS-01711,2026-04-10,SOUBHIK SARKAR,Reddit r/UttarPradesh,reddit.com,2025-05-02,"कानपुर: ‘सेना के जवान पाकिस्तान से जंग लड़ने जा रहे है, पहले पूजा-पाठ कराएँगे’.. पंडित से ठग ली बड़ी रकम",https://www.reddit.com/r/uttarpradesh/comments/1kcxtsg/कनपर_सन_क_जवन_पकसतन_स_जग_लड़न_ज_रह_ह_पहल_पजपठ_करएग/,cyber fraud,General Cybercrime / Cyber Fraud Terms,General Cybercrime,THIRD-PARTY,NARSS-01711.txt,State: Uttar Pradesh | Author: u/Kuhn__ | Score: 1 | Reddit ID: 1kcxtsg
1k5y8j3,NARSS-01712,2026-04-10,SOUBHIK SARKAR,Reddit r/UttarPradesh,reddit.com,2025-04-23,"Hate, Blood, Silence - What the Fuxx Are We Doing?",https://www.reddit.com/r/uttarpradesh/comments/1k5y8j3/hate_blood_silence_what_the_fuxx_are_we_doing/,online scam,General Cybercrime / Cyber Fraud Terms,Cyber Scam,THIRD-PARTY,NARSS-01712.txt,State: Uttar Pradesh | Author: u/Old-Upstairs-6135 | Score: 1 | Reddit ID: 1k5y8j3
1axjuop,NARSS-01713,2026-04-10,SOUBHIK SARKAR,Reddit r/UttarPradesh,reddit.com,2024-02-23,ICICI Bank Credit card scam ,https://www.reddit.com/r/uttarpradesh/comments/1axjuop/icici_bank_credit_card_scam/,OTP fraud,OTP and Authentication Fraud,OTP Fraud,THIRD-PARTY,NARSS-01713.txt,State: Uttar Pradesh | Author: u/PossibleEmu1106 | Score: 1 | Reddit ID: 1axjuop
1i2kw5y,NARSS-01714,2026-04-10,SOUBHIK SARKAR,Reddit r/UttarPradesh,reddit.com,2025-01-16,Abandoned by the Banks: Exposing India’s KYC Failures and Identity Fraud Crisis (HDFC leading the path),https://www.reddit.com/r/uttarpradesh/comments/1i2kw5y/abandoned_by_the_banks_exposing_indias_kyc/,KYC fraud,OTP and Authentication Fraud,KYC Fraud,THIRD-PARTY,NARSS-01714.txt,State: Uttar Pradesh | Author: u/checknmater | Score: 1 | Reddit ID: 1i2kw5y
1jo4eyw,NARSS-01715,2026-04-10,SOUBHIK SARKAR,Reddit r/UttarPradesh,reddit.com,2025-03-31,"This is how I scammed the scammer, but Unknowingly.",https://www.reddit.com/r/uttarpradesh/comments/1jo4eyw/this_is_how_i_scammed_the_scammer_but_unknowingly/,digital arrest,Digital Arrest Scam,Digital Arrest,VICTIM,NARSS-01715.txt,State: Uttar Pradesh | Author: u/Head_Ad_8104 | Score: 1 | Reddit ID: 1jo4eyw
1k1qqow,NARSS-01716,2026-04-10,SOUBHIK SARKAR,Reddit r/UttarPradesh,reddit.com,2025-04-18,"7 Husbands Murdered in 45 Days - A Chilling Pattern of Affairs, Brutality &amp; Betrayal by Wives Across India",https://www.reddit.com/r/uttarpradesh/comments/1k1qqow/7_husbands_murdered_in_45_days_a_chilling_pattern/,fake arrest,Digital Arrest Scam,Digital Arrest,NEAR-MISS,NARSS-01716.txt,State: Uttar Pradesh | Author: u/SquaredAndRooted | Score: 1 | Reddit ID: 1k1qqow
1jpm4og,NARSS-01717,2026-04-10,SOUBHIK SARKAR,Reddit r/UttarPradesh,reddit.com,2025-04-02,"Fake CRPF, BSF, and crime branch officer was arrested in Mathura for deceiving women with false promises of marriage and government jobs.",https://www.reddit.com/r/uttarpradesh/comments/1jpm4og/fake_crpf_bsf_and_crime_branch_officer_was/,fake arrest,Digital Arrest Scam,Digital Arrest,THIRD-PARTY,NARSS-01717.txt,State: Uttar Pradesh | Author: u/FriendlyFlag | Score: 1 | Reddit ID: 1jpm4og
1gwkmwk,NARSS-01718,2026-04-10,SOUBHIK SARKAR,Reddit r/UttarPradesh,reddit.com,2024-11-21,Nursing student arrested for faking her kidnapping Jhansi,https://www.reddit.com/r/uttarpradesh/comments/1gwkmwk/nursing_student_arrested_for_faking_her/,fake arrest,Digital Arrest Scam,Digital Arrest,THIRD-PARTY,NARSS-01718.txt,State: Uttar Pradesh | Author: u/indiaweekly | Score: 1 | Reddit ID: 1gwkmwk
10q0tf3,NARSS-01719,2026-04-10,SOUBHIK SARKAR,Reddit r/UttarPradesh,reddit.com,2023-01-31,UP Woman Arrested For Faking Marriage Contract To Break Nephew's Wedding,https://www.reddit.com/r/uttarpradesh/comments/10q0tf3/up_woman_arrested_for_faking_marriage_contract_to/,fake arrest,Digital Arrest Scam,Digital Arrest,THIRD-PARTY,NARSS-01719.txt,State: Uttar Pradesh | Author: u/VCardBGone | Score: 1 | Reddit ID: 10q0tf3
1k9bqr9,NARSS-01720,2026-04-10,SOUBHIK SARKAR,Reddit r/UttarPradesh,reddit.com,2025-04-28,"After Police Arrest a Suspect for Murder, Mosque Calls on Muslims to Gather and 'Show It to the Kaffirs' in Jhalawar [Verified video]",https://www.reddit.com/r/uttarpradesh/comments/1k9bqr9/after_police_arrest_a_suspect_for_murder_mosque/,video call arrest,Digital Arrest Scam,Digital Arrest,THIRD-PARTY,NARSS-01720.txt,State: Uttar Pradesh | Author: u/Interesting_Glove612 | Score: 1 | Reddit ID: 1k9bqr9
1jo0g7k,NARSS-01721,2026-04-10,SOUBHIK SARKAR,Reddit r/UttarPradesh,reddit.com,2025-03-31,The Lady's fluent English made him the victim of phone call scam,https://www.reddit.com/r/uttarpradesh/comments/1jo0g7k/the_ladys_fluent_english_made_him_the_victim_of/,video call scam,Digital Arrest Scam,Video Call Coercion,THIRD-PARTY,NARSS-01721.txt,State: Uttar Pradesh | Author: u/Head_Ad_8104 | Score: 1 | Reddit ID: 1jo0g7k
1jwcalj,NARSS-01722,2026-04-10,SOUBHIK SARKAR,Reddit r/UttarPradesh,reddit.com,2025-04-11,This is how horrific the recent Varanasi rape case was.,https://www.reddit.com/r/uttarpradesh/comments/1jwcalj/this_is_how_horrific_the_recent_varanasi_rape/,video call blackmail,Digital Arrest Scam,Video Call Coercion,VICTIM,NARSS-01722.txt,State: Uttar Pradesh | Author: u/Best-Project-230 | Score: 1 | Reddit ID: 1jwcalj
1h5smhm,NARSS-01723,2026-04-10,SOUBHIK SARKAR,Reddit r/UttarPradesh,reddit.com,2024-12-03,My neighbor manipulating and blackmailing me,https://www.reddit.com/r/uttarpradesh/comments/1h5smhm/my_neighbor_manipulating_and_blackmailing_me/,video call blackmail,Digital Arrest Scam,Video Call Coercion,THIRD-PARTY,NARSS-01723.txt,State: Uttar Pradesh | Author: u/PrestigiousPin7973 | Score: 1 | Reddit ID: 1h5smhm
1hsfnta,NARSS-01724,2026-04-10,SOUBHIK SARKAR,Reddit r/UttarPradesh,reddit.com,2025-01-03,Fake ghee factories exposed ,https://www.reddit.com/r/uttarpradesh/comments/1hsfnta/fake_ghee_factories_exposed/,fake website,"Phishing, Vishing, and Smishing",Phishing,THIRD-PARTY,NARSS-01724.txt,State: Uttar Pradesh | Author: u/Sufficient-Friend634 | Score: 1 | Reddit ID: 1hsfnta
1do7e49,NARSS-01725,2026-04-10,SOUBHIK SARKAR,Reddit r/UttarPradesh,reddit.com,2024-06-25,How to verify birth certificate?,https://www.reddit.com/r/uttarpradesh/comments/1do7e49/how_to_verify_birth_certificate/,fake website,"Phishing, Vishing, and Smishing",Phishing,THIRD-PARTY,NARSS-01725.txt,State: Uttar Pradesh | Author: u/Student8452 | Score: 1 | Reddit ID: 1do7e49
1k92ctl,NARSS-01726,2026-04-10,SOUBHIK SARKAR,Reddit r/UttarPradesh,reddit.com,2025-04-27,"I Lost ₹2,65,000 to Sang Infratech - Please Help Save Others",https://www.reddit.com/r/uttarpradesh/comments/1k92ctl/i_lost_265000_to_sang_infratech_please_help_save/,fraud call,"Phishing, Vishing, and Smishing",Vishing,VICTIM,NARSS-01726.txt,State: Uttar Pradesh | Author: u/Material_Choice_2117 | Score: 1 | Reddit ID: 1k92ctl
1igm47b,NARSS-01727,2026-04-10,SOUBHIK SARKAR,Reddit r/UttarPradesh,reddit.com,2025-02-03,FRAUD ALERT: Possible scam call from telecom department,https://www.reddit.com/r/uttarpradesh/comments/1igm47b/fraud_alert_possible_scam_call_from_telecom/,fraud call,"Phishing, Vishing, and Smishing",Vishing,THIRD-PARTY,NARSS-01727.txt,State: Uttar Pradesh | Author: u/Cigar_Boy | Score: 1 | Reddit ID: 1igm47b
1j4cwqm,NARSS-01728,2026-04-10,SOUBHIK SARKAR,Reddit r/UttarPradesh,reddit.com,2025-03-06,"Inside VueNow, now under ED lens: Lavish offices, MoU with UP govt &amp; Rs 3,500 crore 'ponzi scheme'",https://www.reddit.com/r/uttarpradesh/comments/1j4cwqm/inside_vuenow_now_under_ed_lens_lavish_offices/,Ponzi scheme,Investment and Trading Fraud,Investment Scam,THIRD-PARTY,NARSS-01728.txt,State: Uttar Pradesh | Author: u/Natural-Tomatillo864 | Score: 1 | Reddit ID: 1j4cwqm
1juj7da,NARSS-01729,2026-04-10,SOUBHIK SARKAR,Reddit r/UttarPradesh,reddit.com,2025-04-08,"Government Pollution waste water is dumping into Yamuna In fact,they can pump that all water into electricity. Plants farms,underground,many things,but for all that they have to spend money &amp; this government don’t want to spend money on those things that can make earth beautiful. SHAMELESS BJP GOVT",https://www.reddit.com/r/uttarpradesh/comments/1juj7da/government_pollution_waste_water_is_dumping_into/,pump and dump,Investment and Trading Fraud,Stock Market Fraud,THIRD-PARTY,NARSS-01729.txt,State: Uttar Pradesh | Author: u/Sharp-Potential7934 | Score: 78 | Reddit ID: 1juj7da
1jui9ku,NARSS-01730,2026-04-10,SOUBHIK SARKAR,Reddit r/UttarPradesh,reddit.com,2025-04-08,"Government Pollution waste water is dumping into Yamuna In fact,they can pump that all water into electricity. Plants farms,underground,many things,but for all that they have to spend money &amp; this government don’t want to spend money on those things that can make earth beautiful. SHAMELESS BJP GOVT",https://www.reddit.com/r/uttarpradesh/comments/1jui9ku/government_pollution_waste_water_is_dumping_into/,pump and dump,Investment and Trading Fraud,Stock Market Fraud,THIRD-PARTY,NARSS-01730.txt,State: Uttar Pradesh | Author: u/Sharp-Potential7934 | Score: 1 | Reddit ID: 1jui9ku
1jui6fc,NARSS-01731,2026-04-10,SOUBHIK SARKAR,Reddit r/UttarPradesh,reddit.com,2025-04-08,"Government Pollution waste water is dumping into Yamuna In fact,they can pump that all water into electricity. Plants farms,underground,many things,but for all that they have to spend money &amp; this government don’t want to spend money on those things that can make earth beautiful. SHAMELESS BJP GOVT",https://www.reddit.com/r/uttarpradesh/comments/1jui6fc/government_pollution_waste_water_is_dumping_into/,pump and dump,Investment and Trading Fraud,Stock Market Fraud,THIRD-PARTY,NARSS-01731.txt,State: Uttar Pradesh | Author: u/Sharp-Potential7934 | Score: 1 | Reddit ID: 1jui6fc
1jtl75a,NARSS-01732,2026-04-10,SOUBHIK SARKAR,Reddit r/UttarPradesh,reddit.com,2025-04-07,"Government Pollution waste water is dumping into Yamuna In fact,they can pump that all water into electricity. Plants farms,underground,many things,but for all that they have to spend money &amp; this government don’t want to spend money on those things that can make earth beautiful. SHAMELESS BJP GOVT",https://www.reddit.com/r/uttarpradesh/comments/1jtl75a/government_pollution_waste_water_is_dumping_into/,pump and dump,Investment and Trading Fraud,Stock Market Fraud,THIRD-PARTY,NARSS-01732.txt,State: Uttar Pradesh | Author: u/Sharp-Potential7934 | Score: 1 | Reddit ID: 1jtl75a
1jy36m5,NARSS-01733,2026-04-10,SOUBHIK SARKAR,Reddit r/UttarPradesh,reddit.com,2025-04-13,Feeling Cornered: Final Sem MCA Student Needs Work Urgently to Pay Fees &amp; Avoid Dropping Out,https://www.reddit.com/r/uttarpradesh/comments/1jy36m5/feeling_cornered_final_sem_mca_student_needs_work/,part time job scam,Investment and Trading Fraud,Task Scam,THIRD-PARTY,NARSS-01733.txt,State: Uttar Pradesh | Author: u/FirefighterLimp3374 | Score: 1 | Reddit ID: 1jy36m5
1drz2bf,NARSS-01734,2026-04-10,SOUBHIK SARKAR,Reddit r/UttarPradesh,reddit.com,2024-06-30,"Conditioning, Conditioning, Conditioning : born unconditioned and potential to explore vs forced and coerced into conditioning of the world view of few (??)",https://www.reddit.com/r/uttarpradesh/comments/1drz2bf/conditioning_conditioning_conditioning_born/,work from home scam,Investment and Trading Fraud,Task Scam,THIRD-PARTY,NARSS-01734.txt,State: Uttar Pradesh | Author: u/ClassicCauliflower36 | Score: 1 | Reddit ID: 1drz2bf
1jh1b22,NARSS-01735,2026-04-10,SOUBHIK SARKAR,Reddit r/UttarPradesh,reddit.com,2025-03-22,Need Help (neet),https://www.reddit.com/r/uttarpradesh/comments/1jh1b22/need_help_neet/,trust scam,Social Engineering and Romance/Sextortion,Social Engineering,THIRD-PARTY,NARSS-01735.txt,State: Uttar Pradesh | Author: u/yeadisismyusername | Score: 1 | Reddit ID: 1jh1b22
1d847y1,NARSS-01736,2026-04-10,SOUBHIK SARKAR,Reddit r/UttarPradesh,reddit.com,2024-06-04,Let's agree upon this. BJP's demolition drive mainly against Brahmins is the reason they lost Ayodhya.,https://www.reddit.com/r/uttarpradesh/comments/1d847y1/lets_agree_upon_this_bjps_demolition_drive_mainly/,trust scam,Social Engineering and Romance/Sextortion,Social Engineering,THIRD-PARTY,NARSS-01736.txt,State: Uttar Pradesh | Author: u/hair-loss-alt | Score: 1 | Reddit ID: 1d847y1
1gbqrip,NARSS-01737,2026-04-10,SOUBHIK SARKAR,Reddit r/UttarPradesh,reddit.com,2024-10-25,"Rs 16,400 Bill For A Cold Drink, Ghaziabad Dating Fraud Busted",https://www.reddit.com/r/uttarpradesh/comments/1gbqrip/rs_16400_bill_for_a_cold_drink_ghaziabad_dating/,dating fraud,Social Engineering and Romance/Sextortion,Romance Scam,THIRD-PARTY,NARSS-01737.txt,State: Uttar Pradesh | Author: u/DustOk9237 | Score: 1 | Reddit ID: 1gbqrip
173rxbc,NARSS-01738,2026-04-10,SOUBHIK SARKAR,Reddit r/UttarPradesh,reddit.com,2023-10-09,"If People Looking for Anti-Communist/Anti-Left/Anti-Librandu Books here 31 books collection, Once read you can see all Communist/Left argument,",https://www.reddit.com/r/uttarpradesh/comments/173rxbc/if_people_looking_for/,Amazon fraud,E-Commerce and Delivery Fraud,E-Commerce Fraud,THIRD-PARTY,NARSS-01738.txt,State: Uttar Pradesh | Author: u/Pale_Explanation_603 | Score: 1 | Reddit ID: 173rxbc
1bl6j9q,NARSS-01739,2026-04-10,SOUBHIK SARKAR,Reddit r/UttarPradesh,reddit.com,2024-03-23,"Extreme online stalking, harassment against woman, Police not filling FIR, stating different states, victim -NCR, harasser -Maharashtra, Pune , my wife is from UP if it helps
",https://www.reddit.com/r/uttarpradesh/comments/1bl6j9q/extreme_online_stalking_harassment_against_woman/,online harassment,Emerging and Miscellaneous Fraud Types,Cyber Stalking,THIRD-PARTY,NARSS-01739.txt,State: Uttar Pradesh | Author: u/selenator_inf | Score: 1 | Reddit ID: 1bl6j9q
15jnc48,NARSS-01740,2026-04-10,SOUBHIK SARKAR,Reddit r/Uttarakhand,reddit.com,2023-08-06,Beware of ANYDESK app.,https://www.reddit.com/r/Uttarakhand/comments/15jnc48/beware_of_anydesk_app/,cyber crime,General Cybercrime / Cyber Fraud Terms,General Cybercrime,NEAR-MISS,NARSS-01740.txt,State: Uttarakhand | Author: u/Mediocre-Nose-2822 | Score: 1 | Reddit ID: 15jnc48
137ncdf,NARSS-01741,2026-04-10,SOUBHIK SARKAR,Reddit r/Uttarakhand,reddit.com,2023-05-04,What to do if photo morphing scam occurs to you in India?,https://www.reddit.com/r/Uttarakhand/comments/137ncdf/what_to_do_if_photo_morphing_scam_occurs_to_you/,cyber crime,General Cybercrime / Cyber Fraud Terms,General Cybercrime,THIRD-PARTY,NARSS-01741.txt,State: Uttarakhand | Author: u/mahajan_bhandari | Score: 5 | Reddit ID: 137ncdf
9cny74,NARSS-01742,2026-04-10,SOUBHIK SARKAR,Reddit r/Uttarakhand,reddit.com,2018-09-04,Uttarakhand sees a rise in cyber crime,https://www.reddit.com/r/Uttarakhand/comments/9cny74/uttarakhand_sees_a_rise_in_cyber_crime/,cyber crime,General Cybercrime / Cyber Fraud Terms,General Cybercrime,THIRD-PARTY,NARSS-01742.txt,State: Uttarakhand | Author: u/dhrjbhtt0 | Score: 1 | Reddit ID: 9cny74
1aytnu0,NARSS-01743,2026-04-10,SOUBHIK SARKAR,Reddit r/Uttarakhand,reddit.com,2024-02-24,HP petrol pump near IMA scam ,https://www.reddit.com/r/Uttarakhand/comments/1aytnu0/hp_petrol_pump_near_ima_scam/,internet scam,General Cybercrime / Cyber Fraud Terms,Cyber Scam,NEAR-MISS,NARSS-01743.txt,State: Uttarakhand | Author: u/Suspicious_Ant_2041 | Score: 1 | Reddit ID: 1aytnu0
1efxub3,NARSS-01744,2026-04-10,SOUBHIK SARKAR,Reddit r/Uttarakhand,reddit.com,2024-07-30,Scam,https://www.reddit.com/r/Uttarakhand/comments/1efxub3/scam/,online cheating,General Cybercrime / Cyber Fraud Terms,Cyber Scam,THIRD-PARTY,NARSS-01744.txt,State: Uttarakhand | Author: u/Ok_Confection8164 | Score: 1 | Reddit ID: 1efxub3
1dyawe5,NARSS-01745,2026-04-10,SOUBHIK SARKAR,Reddit r/Uttarakhand,reddit.com,2024-07-08,Avoid Uttarakhand Yoga Colleges ( Jago Grahak Post ),https://www.reddit.com/r/Uttarakhand/comments/1dyawe5/avoid_uttarakhand_yoga_colleges_jago_grahak_post/,online cheating,General Cybercrime / Cyber Fraud Terms,Cyber Scam,NEAR-MISS,NARSS-01745.txt,State: Uttarakhand | Author: u/Old_Scientist007 | Score: 53 | Reddit ID: 1dyawe5
1iaehxd,NARSS-01746,2026-04-10,SOUBHIK SARKAR,Reddit r/Uttarakhand,reddit.com,2025-01-26,Wrong doings with dev bhoomi,https://www.reddit.com/r/Uttarakhand/comments/1iaehxd/wrong_doings_with_dev_bhoomi/,e-banking fraud,General Cybercrime / Cyber Fraud Terms,Financial Cyber Fraud,NEAR-MISS,NARSS-01746.txt,State: Uttarakhand | Author: u/Majestic_Ad5477 | Score: 1 | Reddit ID: 1iaehxd
1eys7vb,NARSS-01747,2026-04-10,SOUBHIK SARKAR,Reddit r/Uttarakhand,reddit.com,2024-08-23,"Got Scammed at dehradun airport - ""The Brew Marca""",https://www.reddit.com/r/Uttarakhand/comments/1eys7vb/got_scammed_at_dehradun_airport_the_brew_marca/,UPI scam,UPI and Digital Payment Fraud,UPI Fraud,VICTIM,NARSS-01747.txt,State: Uttarakhand | Author: u/Material-Sky9088 | Score: 1 | Reddit ID: 1eys7vb
15lb1n0,NARSS-01748,2026-04-10,SOUBHIK SARKAR,Reddit r/Uttarakhand,reddit.com,2023-08-08,Countering claims against bhu kanoon,https://www.reddit.com/r/Uttarakhand/comments/15lb1n0/countering_claims_against_bhu_kanoon/,video call arrest,Digital Arrest Scam,Digital Arrest,NEAR-MISS,NARSS-01748.txt,State: Uttarakhand | Author: u/EastOwl1882 | Score: 54 | Reddit ID: 15lb1n0
1eqh3ae,NARSS-01749,2026-04-10,SOUBHIK SARKAR,Reddit r/Uttarakhand,reddit.com,2024-08-12,Visiting Jim Corbett NP with group of Foreigners,https://www.reddit.com/r/Uttarakhand/comments/1eqh3ae/visiting_jim_corbett_np_with_group_of_foreigners/,fake website,"Phishing, Vishing, and Smishing",Phishing,THIRD-PARTY,NARSS-01749.txt,State: Uttarakhand | Author: u/jerkno1 | Score: 1 | Reddit ID: 1eqh3ae
1e5ehjx,NARSS-01750,2026-04-10,SOUBHIK SARKAR,Reddit r/Uttarakhand,reddit.com,2024-07-17,Uttarakhand people!,https://www.reddit.com/r/Uttarakhand/comments/1e5ehjx/uttarakhand_people/,fake website,"Phishing, Vishing, and Smishing",Phishing,THIRD-PARTY,NARSS-01750.txt,State: Uttarakhand | Author: u/ActiveRepair4769 | Score: 1 | Reddit ID: 1e5ehjx
1e5cpc7,NARSS-01751,2026-04-10,SOUBHIK SARKAR,Reddit r/Uttarakhand,reddit.com,2024-07-17,"‘Love jihad’ drove out Muslims from an Uttarakhand town. In court, it turned out to be a hoax",https://www.reddit.com/r/Uttarakhand/comments/1e5cpc7/love_jihad_drove_out_muslims_from_an_uttarakhand/,fake website,"Phishing, Vishing, and Smishing",Phishing,NEAR-MISS,NARSS-01751.txt,State: Uttarakhand | Author: u/No_Ferret2216 | Score: 1 | Reddit ID: 1e5cpc7
1k9371n,NARSS-01752,2026-04-10,SOUBHIK SARKAR,Reddit r/Uttarakhand,reddit.com,2025-04-27,"I Lost ₹3,00,000 to a Fraud  - Please Help Save Others",https://www.reddit.com/r/Uttarakhand/comments/1k9371n/i_lost_300000_to_a_fraud_please_help_save_others/,fraud call,"Phishing, Vishing, and Smishing",Vishing,VICTIM,NARSS-01752.txt,State: Uttarakhand | Author: u/Material_Choice_2117 | Score: 1 | Reddit ID: 1k9371n
1e1881h,NARSS-01753,2026-04-10,SOUBHIK SARKAR,Reddit r/Uttarakhand,reddit.com,2024-07-12,Help! Need Advice!!! Scam,https://www.reddit.com/r/Uttarakhand/comments/1e1881h/help_need_advice_scam/,SMS scam,"Phishing, Vishing, and Smishing",Smishing,THIRD-PARTY,NARSS-01753.txt,State: Uttarakhand | Author: u/ResortNo813 | Score: 2 | Reddit ID: 1e1881h
1gg7o8a,NARSS-01754,2026-04-10,SOUBHIK SARKAR,Reddit r/Uttarakhand,reddit.com,2024-10-31,Uttarakhand Police Arrest 5 For Defrauding Rs 190 Crore In Multi-State Investment Scam,https://www.reddit.com/r/Uttarakhand/comments/1gg7o8a/uttarakhand_police_arrest_5_for_defrauding_rs_190/,investment scam,Investment and Trading Fraud,Investment Scam,THIRD-PARTY,NARSS-01754.txt,State: Uttarakhand | Author: u/PeterHandscomb | Score: 1 | Reddit ID: 1gg7o8a
1byw581,NARSS-01755,2026-04-10,SOUBHIK SARKAR,Reddit r/Uttarakhand,reddit.com,2024-04-08,"There’s a Ponzi scheme going on in UK where people are being convinced that they are investing their money in a Dubai based Quant fund, be careful and protect your parents/elders.",https://www.reddit.com/r/Uttarakhand/comments/1byw581/theres_a_ponzi_scheme_going_on_in_uk_where_people/,Ponzi scheme,Investment and Trading Fraud,Investment Scam,THIRD-PARTY,NARSS-01755.txt,State: Uttarakhand | Author: u/purbadeo | Score: 1 | Reddit ID: 1byw581
15hsl1s,NARSS-01756,2026-04-10,SOUBHIK SARKAR,Reddit r/Uttarakhand,reddit.com,2023-08-04,Desis involved in 80-90% crimes reported in uttarakhand...,https://www.reddit.com/r/Uttarakhand/comments/15hsl1s/desis_involved_in_8090_crimes_reported_in/,data theft,Identity Theft and Data Breach,Data Breach,THIRD-PARTY,NARSS-01756.txt,State: Uttarakhand | Author: u/Living-Discount0170 | Score: 1 | Reddit ID: 15hsl1s
1eft8w8,NARSS-01757,2026-04-10,SOUBHIK SARKAR,Reddit r/Uttarakhand,reddit.com,2024-07-30,Can I Stay in Kainchi Dham? Your Guide to Accommodation Options,https://www.reddit.com/r/Uttarakhand/comments/1eft8w8/can_i_stay_in_kainchi_dham_your_guide_to/,trust scam,Social Engineering and Romance/Sextortion,Social Engineering,THIRD-PARTY,NARSS-01757.txt,State: Uttarakhand | Author: u/uttarakhandtaxiservi | Score: 1 | Reddit ID: 1eft8w8
1ipxnis,NARSS-01758,2026-04-10,SOUBHIK SARKAR,Reddit r/Uttarakhand,reddit.com,2025-02-15,Decoding UPCL month wise Additional Security Deposit Scam in Electricity bills in a legalised Manner,https://www.reddit.com/r/Uttarakhand/comments/1ipxnis/decoding_upcl_month_wise_additional_security/,electricity bill scam,Emerging and Miscellaneous Fraud Types,Utility Scam,THIRD-PARTY,NARSS-01758.txt,State: Uttarakhand | Author: u/[deleted] | Score: 1 | Reddit ID: 1ipxnis
10w3c6q,NARSS-01759,2026-04-10,SOUBHIK SARKAR,Reddit r/Uttarakhand,reddit.com,2023-02-07,"Two Aadhaar Cards, A Muslim And A Hindu Wife — How Haridwar Resident Azhar Ahmad&amp;#x27;s Fraud Was Busted",https://www.reddit.com/r/Uttarakhand/comments/10w3c6q/two_aadhaar_cards_a_muslim_and_a_hindu_wife_how/,Aadhaar fraud,Emerging and Miscellaneous Fraud Types,Aadhaar Fraud,THIRD-PARTY,NARSS-01759.txt,State: Uttarakhand | Author: u/VCardBGone | Score: 10 | Reddit ID: 10w3c6q
1ehmje1,NARSS-01760,2026-04-10,SOUBHIK SARKAR,Reddit r/Uttarakhand,reddit.com,2024-08-01,Is Uttaranchal Really Safe for Women? (Some Pahadis Might Not Like My Post),https://www.reddit.com/r/Uttarakhand/comments/1ehmje1/is_uttaranchal_really_safe_for_women_some_pahadis/,online harassment,Emerging and Miscellaneous Fraud Types,Cyber Stalking,THIRD-PARTY,NARSS-01760.txt,State: Uttarakhand | Author: u/Old_Scientist007 | Score: 1 | Reddit ID: 1ehmje1
1fjuoi1,NARSS-01761,2026-04-10,SOUBHIK SARKAR,Reddit r/WestBengal,reddit.com,2024-09-18,"Sourav Ganguly files Cybercrime complaint with state Police against Youtuber Mrinmoy Das aka Cinebap for bully and abuse .Src - Media
",https://www.reddit.com/r/westbengal/comments/1fjuoi1/sourav_ganguly_files_cybercrime_complaint_with/,cybercrime,General Cybercrime / Cyber Fraud Terms,General Cybercrime,THIRD-PARTY,NARSS-01761.txt,State: West Bengal | Author: u/subbusss | Score: 8 | Reddit ID: 1fjuoi1
1j4pad6,NARSS-01762,2026-04-10,SOUBHIK SARKAR,Reddit r/WestBengal,reddit.com,2025-03-06,Chirag Kapoor and Yogesh Dua(CA) said to be mastermind &amp; kingpins of digital arrest scam arrested by Kolkata Police (Cyber cell ) from Bengaluru and Delhi respectively - Various Media,https://www.reddit.com/r/westbengal/comments/1j4pad6/chirag_kapoor_and_yogesh_duaca_said_to_be/,cyber scam,General Cybercrime / Cyber Fraud Terms,Cyber Scam,THIRD-PARTY,NARSS-01762.txt,State: West Bengal | Author: u/snehasish_mukhherjee | Score: 1 | Reddit ID: 1j4pad6
o16gfh,NARSS-01763,2026-04-10,SOUBHIK SARKAR,Reddit r/WestBengal,reddit.com,2021-06-16,Internet scams you need to know about?,https://www.reddit.com/r/westbengal/comments/o16gfh/internet_scams_you_need_to_know_about/,internet scam,General Cybercrime / Cyber Fraud Terms,Cyber Scam,THIRD-PARTY,NARSS-01763.txt,State: West Bengal | Author: u/Desperate-Ad-9164 | Score: 0 | Reddit ID: o16gfh
1jo4ivm,NARSS-01764,2026-04-10,SOUBHIK SARKAR,Reddit r/WestBengal,reddit.com,2025-03-31,"This is how I scammed the scammer, but Unknowingly.",https://www.reddit.com/r/westbengal/comments/1jo4ivm/this_is_how_i_scammed_the_scammer_but_unknowingly/,digital arrest,Digital Arrest Scam,Digital Arrest,VICTIM,NARSS-01764.txt,State: West Bengal | Author: u/Head_Ad_8104 | Score: 1 | Reddit ID: 1jo4ivm
1iwuaox,NARSS-01765,2026-04-10,SOUBHIK SARKAR,Reddit r/WestBengal,reddit.com,2025-02-24,"CBI informs court wrt nexus of foreign Pak Bangladeshi apart frm UP Bihar ppl in fake Bengal domicile certificates for recruitment in CAPF SSC GD in Bengal state quota.Already army officer kingpin Mahesh Choudhary arrested.Due to PIL in Cal HC , this case transferred to CBI",https://www.reddit.com/r/westbengal/comments/1iwuaox/cbi_informs_court_wrt_nexus_of_foreign_pak/,fake arrest,Digital Arrest Scam,Digital Arrest,THIRD-PARTY,NARSS-01765.txt,State: West Bengal | Author: u/snehasish_mukhherjee | Score: 1 | Reddit ID: 1iwuaox
1igj3h4,NARSS-01766,2026-04-10,SOUBHIK SARKAR,Reddit r/WestBengal,reddit.com,2025-02-03,"CBI arrests army jawan Mahesh Kumar Chowdhary from Kakinara(N24 Parganas)wrt fake forged Bengal domicile certificates to illegal foreign Pakistan Bangladeshis for recruitment in para military CAPF SSC GD recruitment in Bengal state quota. Pursuant to PILs, Cal HC had transferred this case to CBI",https://www.reddit.com/r/westbengal/comments/1igj3h4/cbi_arrests_army_jawan_mahesh_kumar_chowdhary/,fake arrest,Digital Arrest Scam,Digital Arrest,THIRD-PARTY,NARSS-01766.txt,State: West Bengal | Author: u/snehasish_mukhherjee | Score: 1 | Reddit ID: 1igj3h4
1gwyqjl,NARSS-01767,2026-04-10,SOUBHIK SARKAR,Reddit r/WestBengal,reddit.com,2024-11-22,Counterfeit Currency Gang Busted in UP: Two Arrested with ₹1.97 Lakhs in Fake Notes | Lucknow News - Times of India,https://www.reddit.com/r/westbengal/comments/1gwyqjl/counterfeit_currency_gang_busted_in_up_two/,fake arrest,Digital Arrest Scam,Digital Arrest,THIRD-PARTY,NARSS-01767.txt,State: West Bengal | Author: u/NoTelephone2287 | Score: 1 | Reddit ID: 1gwyqjl
